129 23 21 1842 1709 6965 4167 7170 5722 1407 3317 6161 5721 6011 6323 9229 1743 
148 23 5485 3654 9462 4989 8461 7999 10251 11183 1549 4357 11153 11148 4479 11422 4427 11839 7724 11485 8518 10981 
1782 96 1345 1842 3347 2129 632 995 5467 7181 7752 8990 9038 9816 10550 9129 5375 83 4339 
154 22 7095 6423 1776 11303 11840 12027 2393 8009 8334 
858 60 992 1520 1523 4541 1003 5092 2746 4274 5850 3210 3961 4907 
153 22 4321 6744 7142 2086 2515 2933 3368 3737 10434 1277 10456 
7442 3972 4494 5545 6459 8244 3748 6672 1298 2498 4546 
5798 1938 3295 4442 2026 6135 2876 6777 2609 3554 5577 8518 1836 4392 804 4398 10430 2485 9417 5768 2167 6724 5891 2470 6309 10626 2065 
5921 1360 5740 1646 8322 7364 739 6180 7067 4882 5065 
1330 2166 441 923 5357 5740 5909 4416 3013 4245 2005 7069 77 10523 6645 
134 1842 2706 21 2126 10327 1860 4138 4966 1997 1105 
7976 1842 2746 2799 3953 3347 10628 10027 4785 5498 10134 2084 
4775 533 5644 7600 7873 8134 5435 4468 12086 362 4019 5894 829 4488 
2793 2767 3101 2319 4592 5095 5092 1523 4541 5792 2467 4313 4519 7825 1193 9506 9507 5962 7810 1954 7812 4398 11303 2138 5961 2903 8375 7159 11592 6575 5740 4911 8321 6777 9179 10203 813 6247 7426 2126 4387 10327 7166 9728 10877 
3216 305 1196 1216 173 1842 153 1695 6113 1938 2109 1345 440 3514 2767 3101 3379 
7262 1647 2256 7365 4493 5120 5151 3018 5353 8891 9281 2688 
4436 2233 2237 2241 2235 1505 8153 2234 2243 1549 6924 1773 804 3684 4758 1280 4381 5072 262 6829 11549 
7644 1933 2944 1477 4776 8348 6325 4544 8504 4432 4481 
578 305 3451 2727 43 6681 3238 9866 541 6950 1086 
114 685 1345 2157 11539 4491 2921 3554 8134 18 28 
6472 2767 3885 5644 6645 3888 3404 3684 3348 11173 11838 6822 7123 1212 8433 9276 
518 1842 730 2469 3290 11828 4556 9581 42 2911 8009 4129 
313 1727 6934 805 29 4986 9293 1461 8955 2889 1742 6186 6983 
158 1196 1216 5740 2271 26 2354 2852 2812 1821 3427 4491 5224 3989 4942 1502 
152 22 8125 7873 2470 2230 10786 7422 3383 804 1860 8615 
2426 56 150 4505 725 7046 4702 4432 4481 4957 761 6205 4649 10364 
2592 2472 2504 5198 5200 2791 7975 8682 533 6423 6591 
3302 1345 1310 2501 175 233 764 2567 3471 6785 166 
151 22 1345 1700 440 2118 7131 9192 8030 1836 4266 4267 5705 5443 12044 
5296 1821 482 1073 2217 4136 916 1482 3354 5319 1361 8563 4047 533 1485 3980 3539 2213 948 6203 873 1376 5373 6455 5756 6323 541 1695 8130 8131 8389 8125 9476 11352 
462 440 1345 1938 731 5089 5399 2742 81 1009 1057 1689 41 533 39 
7470 1333 8523 1478 1721 6720 7929 3397 3877 4356 6637 2315 
1908 1842 2876 4357 10705 3249 8018 1627 10607 80 2120 
1546 465 7975 10626 4989 9350 8937 3441 73 3795 5056 
2345 2568 2126 10327 56 2587 4907 1212 3389 3975 10981 4311 3368 8957 7816 10833 2746 7992 7712 2470 1488 11276 2933 1860 8787 1274 683 7324 918 894 9424 
2783 114 4805 5032 6519 6024 9163 9562 4621 1482 7973 5915 2889 1549 11910 
6778 1407 1431 6121 5960 964 4363 1649 4335 9332 3413 7701 1130 1361 8563 
4 1 2975 813 4413 6254 8749 5736 6673 7060 3427 
5322 494 1788 1800 2878 7274 7994 3397 5909 6401 1934 8466 7623 5570 8502 1001 
1387 944 1636 4432 4481 4957 8466 3749 8521 5405 11173 11486 63 5461 7867 11918 4028 6309 76 
4977 2545 366 3516 1521 9751 3683 1460 2169 11509 725 4255 6424 7702 4516 
8228 2587 6627 5171 6760 7132 6224 3291 3336 4443 3545 
529 44 6201 1291 1253 739 431 5174 9431 399 1179 7543 5048 
2425 6928 6929 56 436 992 3434 1680 3816 
5653 1065 3554 629 9552 2210 3879 9282 1646 2934 1273 
136 26 22 3454 610 5237 9222 199 9443 2047 
20 3 8858 3404 10026 9305 114 10473 2949 4989 2210 10078 11352 2214 1482 727 
159 26 96 3231 4591 2653 1054 3241 3242 2212 2599 1479 3812 
1549 2390 1896 1842 2685 5457 5458 829 2837 8200 6138 10952 
7962 1987 9476 10760 9678 12118 11261 11719 1801 3391 10532 7167 
6133 2515 2468 4512 6085 6632 4785 4783 9291 4826 4717 2135 4028 
5223 473 1089 1742 1165 5164 8604 3126 6509 1299 7400 9210 
3078 149 152 2789 3844 798 257 330 6944 178 246 1154 8871 
3941 257 330 281 180 4638 264 951 1663 9070 7921 
1228 1594 2157 712 62 1777 3246 4403 4657 5142 8324 10280 
7496 2126 10327 1345 2482 9508 10428 7838 1502 6683 10777 12118 3210 9541 2446 11563 
5378 3101 3223 4491 494 3541 4874 4266 4267 9540 8134 1615 1746 11504 
1924 4612 5472 1948 3956 1165 1505 4517 7760 4195 6934 6988 1281 7252 68 2420 5515 6027 2360 
150 22 4321 2403 4307 8175 2201 7923 1860 4907 7006 2002 6057 3541 4284 4875 6164 12084 1719 7745 7717 11358 2515 6853 727 2904 3267 3950 4593 3951 3753 2751 9951 11018 4592 12002 4266 4267 3494 4006 2784 8518 8499 8358 3540 2383 3249 
2960 133 1065 3598 5170 6475 6509 7612 999 1499 2867 3430 4996 2956 3212 3692 3693 5944 6332 
5682 908 4728 8511 7955 3248 11542 1236 1754 3129 6524 
7081 2562 1076 6025 6205 6926 1499 4945 2578 2322 2217 1516 4361 4926 10371 9228 8862 1801 3551 
470 2261 166 3530 3347 1405 5297 1695 39 3479 5631 5790 6752 
6729 2767 5405 2126 10327 4940 11558 1212 2739 3368 4417 4313 6778 6777 1024 5351 944 5584 5865 3840 5387 
2276 700 1146 3708 9551 56 5038 6933 1491 2545 11818 5437 
1822 2166 4364 2652 3320 3587 3277 3584 4124 68 569 
96 6814 3689 9507 1776 9275 7998 4986 7999 9274 9350 11153 11157 11148 11161 11495 2002 4479 10630 
1959 2114 94 5679 7582 4657 1377 6138 6184 5527 173 
3431 167 1555 10497 3242 3988 999 8709 2344 5742 3604 1056 1266 8616 
8316 6065 7164 7493 5570 6522 5596 10626 8461 11227 11303 
2967 1407 2217 4653 5339 199 325 2624 5418 4028 333 683 359 4726 3141 4006 2379 7571 3126 3182 4033 4786 
7711 2644 3239 2475 8978 9545 9527 7623 10917 2144 3247 5319 5497 9448 2660 
2236 5740 233 5493 6897 2126 5038 5366 10327 5055 2734 
3040 2358 2373 3133 2064 3247 1491 2025 2945 2427 1361 8563 1132 1605 143 6623 
4229 2698 393 1209 1987 2335 5222 6782 554 652 1096 1150 1195 7532 7857 199 2042 
872 6475 7607 8326 729 3776 2279 6378 2621 3336 5323 4986 7998 7568 8157 11352 2169 11911 2001 5350 8035 404 8175 533 11642 4964 4940 4516 7526 3396 11563 1165 5056 1499 2898 10269 54 1954 606 6799 10069 7445 7611 10884 6853 4154 8457 3264 4812 6805 11465 1678 11443 11466 4649 11467 6384 2878 6755 12078 2222 9060 9270 10214 10478 10532 7560 3226 822 10583 8045 
397 2774 148 1496 1497 30 3022 2839 3624 33 873 1298 2217 2615 834 8058 4047 3271 1624 2147 2890 5668 1361 1921 8563 1573 1615 729 2978 4010 3534 8052 3008 3614 5806 2962 97 2449 5570 2427 5860 6155 7509 10026 7252 1468 4028 2272 
883 652 269 6412 2515 6402 8428 7022 7949 9129 7994 57 4086 
1710 2951 1938 4942 5444 4907 1502 3293 6291 6932 7815 
5089 2189 1646 1656 5791 2739 4417 4398 1996 4657 8030 404 6696 3517 5385 1587 7193 1523 4541 9712 1923 4137 10430 9462 8985 
3037 2691 2688 3359 3021 3018 143 6623 2853 9227 8661 3249 9687 
1864 2461 4856 5095 1625 5740 10430 63 5461 8134 4441 4645 8669 11423 
2003 2515 150 2426 3988 4006 5448 5744 80 2120 4349 2504 7651 6637 
3195 730 3856 3457 4460 3590 5265 4443 4993 2870 4129 3231 10121 9417 7301 6777 
4589 1344 3469 1130 3413 2866 6102 1361 8563 7641 2772 
346 455 2449 2753 1135 9076 8010 7237 9049 6072 3211 30 11898 10532 9345 6826 8842 11702 11485 
6962 8523 2202 4315 2349 5535 1496 9476 8461 11718 6637 8020 11495 11157 995 9332 5915 2515 8902 1831 5964 4470 9298 9345 6526 
4078 537 1212 4649 3684 5882 6024 9163 9343 9562 1477 3426 
458 1003 2333 2369 9021 1954 531 2089 4687 2661 4418 9049 11799 39 4357 4021 9157 5687 10571 11333 8970 10203 73 5973 4419 
418 837 807 33 5822 1106 7508 6113 10964 1062 7485 
6676 2564 4335 788 987 1018 7740 7742 1545 3832 7541 8237 8391 9965 
3157 2564 150 1996 2147 2567 3913 4357 4536 5974 9070 1646 2640 2852 
6713 2126 10327 4274 5754 3029 8015 4911 5352 4138 9572 
807 51 1502 2129 3246 3541 7922 8358 10410 2137 7859 6147 
1941 3374 673 1520 1594 1605 1911 1842 1722 4217 1790 303 166 4859 5432 5323 838 1818 5786 5792 5826 4359 7810 5789 9070 3484 4130 
419 482 2187 1361 8563 33 4824 4154 3628 2310 873 4702 5763 1477 1514 4776 788 1376 8079 1024 11358 4631 
5145 1345 4364 4687 7076 8307 452 3477 7706 482 4649 
7658 3044 3784 1498 5760 6708 3393 3070 2853 7151 6709 2621 2931 6048 5367 
7685 2460 5978 1981 1491 2973 2581 7611 1734 3814 2820 
4344 2668 1056 3600 7582 264 951 1073 6893 1016 6326 1559 2295 764 
6358 1165 4167 5045 6102 7170 7751 8619 5992 1499 1706 1749 2729 5009 819 4316 
5477 2933 2376 3667 4565 5875 6905 4742 533 1056 2453 4154 4649 5329 5333 6109 6452 8627 8709 9249 10364 
6996 1059 4143 3440 1052 1055 1842 2157 5421 3554 3439 
6643 836 3238 4746 4994 7998 4014 11173 11098 9279 1041 5429 4559 1801 3795 11158 9298 6526 1474 11071 7169 7724 7167 3861 11485 
2734 2621 4491 7535 6371 6253 9012 1011 6351 6678 7073 109 5193 6272 3418 6284 9333 3276 1946 
7991 3242 5427 9448 2969 10838 8988 8157 5799 11572 9541 11157 2853 1851 
2946 1475 124 1806 1823 9192 7501 11439 11016 1156 2105 10684 3483 6138 7679 11712 
2671 2727 836 6206 2377 1981 5319 2655 5023 4401 4903 5567 5573 5594 8888 764 8890 9847 281 607 258 7199 9920 9070 4863 5591 9503 524 180 293 511 520 5179 9218 
6995 1345 1049 1061 5603 4575 2614 7448 3985 4366 
6876 3347 5092 2565 2602 1003 1902 8875 7941 10024 4357 8321 
7811 5713 8064 3732 6666 2178 9826 4364 9291 11092 2230 
1064 2983 5564 2065 6928 8983 2665 4137 3347 4035 10259 56 2602 1842 11539 3257 8020 2597 2807 3961 5624 6057 6933 7720 443 8665 9390 9713 1870 1949 2739 
5008 430 4308 2470 4387 10231 6364 7441 11338 2739 4417 10086 5961 
149 22 2722 1199 2383 96 648 4308 4942 10024 6933 1656 711 2217 2746 4575 4657 5884 
1605 1935 1165 4387 4795 158 5901 4357 8324 2807 5055 7733 63 4634 5461 7115 4308 7734 4871 
7800 2256 1947 1948 2962 1572 2358 3344 2453 4019 7535 4091 5876 
750 2664 150 6906 8531 44 6201 5577 166 222 380 652 5222 1945 1995 2295 5646 359 1097 893 333 891 900 8787 6000 
759 44 6201 5608 5233 56 8020 7148 11432 829 7403 2797 3835 4118 341 
6789 3299 2799 3294 1827 2609 5326 2802 2717 3840 3953 5624 2746 1695 
6790 3290 2157 8954 4146 7939 1184 6575 2515 8055 8322 7301 7002 
5772 1345 6637 5405 6683 9408 9506 9192 692 1335 6459 717 3727 2425 6872 11670 11308 
2647 2774 105 148 1147 3530 5735 3907 9777 3129 10243 6831 6990 948 1485 2823 2315 
1595 3945 80 2120 10712 2174 9793 755 809 2386 3439 2142 2545 9187 9818 4491 5846 1376 4783 9994 11584 
8130 2893 2274 2157 2885 2454 3511 3347 8954 8338 5308 3495 7881 6100 8421 
3156 1625 5349 4001 2896 150 6492 5482 995 11092 9564 9802 5796 
6344 2480 2774 7056 8300 8303 8304 8317 9435 10196 10777 11209 8299 
3116 2559 841 1382 2192 3591 3344 2344 871 2155 2727 5763 6899 264 951 1977 6227 1614 
1463 5405 79 5098 3665 2388 7818 4423 1606 4074 8950 143 6623 10428 1765 2852 5962 9192 8518 
416 32 44 46 84 93 264 390 951 1397 1474 1800 1981 2427 2503 2542 
784 3359 4399 4939 7541 2217 4028 6797 4535 4409 6497 8434 9111 9212 9891 10206 46 84 109 3458 4006 5107 5193 
147 2515 22 2765 7095 1652 1989 3290 7094 7713 10069 11828 1903 
2402 2738 3347 56 1212 7815 7675 5754 1838 8688 8696 1802 9536 9021 
1783 1345 5507 10428 10430 6637 1499 8286 12115 2002 6092 124 3417 80 2120 5960 6206 11363 
7745 3242 2115 5860 5164 6989 7401 5238 5439 3277 3485 8460 1499 6023 10203 5736 2354 9793 4556 11358 12115 12116 4874 
1350 1196 1216 2765 480 78 2248 158 257 330 1414 8302 8010 2347 
1497 1490 1489 3667 9374 5333 205 2751 3413 1945 4388 533 10788 12036 68 1879 2353 6174 8699 3271 3857 5015 3684 3541 7536 6324 8457 
1003 3834 533 4866 2322 2323 4163 4445 2373 3133 495 57 4086 7694 8972 11504 366 6065 84 4565 5107 8990 
420 708 1135 1496 2373 3133 2349 33 841 1382 1499 
6775 968 3721 3727 3718 7858 1695 7187 3722 
5287 1889 3436 2533 3043 3118 486 4136 2362 7341 
1416 2273 9799 8967 8517 8574 3748 9556 10280 2890 2568 3315 7760 9757 10315 4986 6322 8299 2183 5915 1106 8307 9802 632 5480 
128 2949 2585 1076 1477 2012 2948 3524 4776 3804 2656 1491 1615 5218 5905 5216 6048 4746 4920 5024 3943 8450 4785 20 6808 10026 3681 2221 3485 8883 7973 1734 2544 6257 8935 3338 2892 9806 5229 9279 10293 2702 2373 3133 11734 1000 7132 7135 1499 2856 619 601 10630 9655 9962 5014 11496 3378 2410 1801 4028 4783 2379 8577 6174 9659 9853 3925 
841 1477 4776 2759 1464 2642 1663 7193 6401 8618 7998 2787 4319 9034 10332 1554 341 5528 53 5884 7493 10869 3416 5547 
143 23 3451 5571 5582 1695 692 725 1069 1132 2148 2607 2905 3685 3845 5420 10052 10051 3344 7503 1499 2144 102 
70 2486 3016 4335 1727 3798 4146 16 4015 3619 5411 9634 4824 7193 729 1474 1546 4831 3164 
7489 1165 2005 1678 2126 2746 2885 10327 1860 
395 1053 1056 2978 804 30 2025 2943 3715 1468 533 113 2373 3133 2393 2495 4915 3644 1640 1474 7383 4821 3389 
2634 1633 4496 4499 3021 8075 708 727 1069 1344 2325 3469 3845 4777 4940 5049 6673 7401 8656 9145 10022 
4333 435 7431 9604 1775 5169 6457 1069 6602 7964 9602 6451 2452 11575 
1738 1521 2560 4570 81 217 2453 2557 3404 6678 1678 5252 5205 7185 1499 
4803 2461 2585 1165 3709 9640 6933 1713 2404 4592 1873 1648 7774 8317 
3177 3440 1827 3957 3958 4035 1639 3439 1173 2426 6683 482 5679 11998 
3152 1345 150 6531 4565 8671 8953 9237 2795 2147 6452 
81 27 1407 836 723 2621 873 5349 5353 8632 10893 8862 6627 4363 18 28 
2414 3656 2609 3101 56 286 1182 2126 10327 2157 1663 3337 4125 2766 1746 5385 5394 10952 961 8152 11313 992 1212 1646 8688 8696 8279 829 9632 3249 4358 8567 2829 692 10316 8472 10315 5437 5507 3684 7400 4019 
6506 5735 4939 854 863 2217 2485 2652 3320 4607 
7211 1065 5631 11511 8307 4911 5351 6777 2305 2614 8698 
1873 3789 2319 425 4245 87 4112 2126 10327 4074 8950 11504 10843 
5207 3347 2469 1896 3835 1212 4053 4122 5608 3309 5889 2111 1817 3913 3101 2333 4654 1879 7720 7470 8751 
2364 2204 2727 453 1689 56 2126 2924 2921 2932 3368 7462 10327 841 1003 1382 6506 5645 8954 11508 4335 8322 1024 
1697 96 430 4018 902 1436 2522 1945 1529 2681 8464 463 3571 4147 4540 5161 5356 6657 6933 7513 8341 9857 3633 2450 3978 5445 6314 6914 10152 10903 11358 3485 6833 10280 134 725 1825 2320 4870 9793 606 1798 3428 3573 4028 4387 6627 6913 9037 9305 10231 
475 39 166 311 281 6197 279 181 292 419 643 2035 2866 10088 
560 1407 5464 2025 43 44 6201 3632 11604 5747 5998 235 127 9952 5457 
6463 2685 5224 9192 2147 2121 5496 4870 5038 8810 4581 1073 1545 4702 7153 2888 2217 3554 2421 
8268 3347 9192 3648 6685 11145 5163 6948 8134 6735 3290 4575 3976 6580 6310 3856 3405 3594 4118 
7220 1146 4321 2333 3961 3660 2265 2885 5437 10280 2485 
2288 2823 7535 8129 8131 2279 2385 5231 4994 6378 9542 11157 10483 10460 4180 11422 11904 3664 10630 6694 4427 3442 84 3441 4006 10783 11256 
5222 3716 2166 1947 6508 8186 8624 472 3871 10069 3093 3947 3396 
1719 1499 62 6645 2064 4649 5885 5886 6424 3082 3404 5644 3201 12084 2453 3035 8787 
609 2585 2215 4452 1813 6199 6421 7509 3286 6993 4676 3277 4112 5445 5736 6933 9075 7265 9189 2444 2653 1947 7090 9648 10626 10993 11098 11016 93 1818 4628 7633 62 1322 2310 5546 2393 8873 11564 3790 8391 9749 3753 2675 8262 995 2538 1292 4611 1348 8516 3727 5363 6206 3684 3310 10295 3931 8976 64 2470 2921 1556 3794 7415 4080 63 1118 5461 6633 6900 11132 
6988 1361 8563 995 10495 1056 1333 5989 5367 4389 7814 11969 
5092 3497 2654 5237 4163 4445 6296 404 6696 452 2217 
4776 366 3277 3291 5354 8201 2924 2932 8823 2153 9262 5721 7038 7602 
2802 2564 5432 2948 3956 5740 1050 6637 7951 11098 2470 9235 
2747 1499 1736 6102 2940 3279 721 2368 3428 9419 111 1211 1073 8352 1455 1990 5214 6474 6476 8059 
6300 3530 1112 1827 1860 4287 8693 3242 9749 9192 1333 
7632 2423 2468 2857 1496 6148 8021 1486 2137 3664 5459 
5460 3225 1989 3049 3223 6817 4050 4053 533 3238 3988 4512 5985 6221 
2936 2609 3711 4357 4358 4988 11173 124 1491 3229 5264 5605 
6153 1009 2005 2065 4909 5495 11246 1263 1777 5422 6138 6778 5357 7973 11907 10105 2371 4357 10578 11876 4592 4710 5264 
7566 3022 1428 6980 10214 8447 11214 11792 12074 10630 10826 
2281 3778 2158 4117 2350 4027 2660 3286 3664 7458 7026 9977 4639 4662 8684 11604 5587 4565 
4087 3834 4368 238 3899 5806 7156 6086 5985 1080 4623 1277 1230 2028 2352 11559 11927 5581 
1669 2578 1614 2154 2158 3863 6059 4772 4164 4443 10846 3153 2144 2835 4823 6186 9374 68 820 837 5587 6061 7317 7503 9574 10230 2850 1478 4046 6024 
4062 734 4387 8365 8831 435 199 6468 10232 10000 7050 
5551 1218 1015 7283 5648 10710 564 1233 1736 1916 6017 7941 10172 10321 10498 
4536 767 351 303 469 6574 3176 6728 8511 653 8501 5706 
2109 3347 3425 3079 1212 4040 4237 4425 1105 8998 4311 6982 7759 10231 11951 11126 2739 4410 4417 7829 
2289 96 2298 1776 5295 11056 4358 2739 4417 7998 4994 4986 2026 10898 7633 382 5900 2379 10845 9542 10483 11563 5602 10950 6027 5107 11256 4562 10189 9239 6395 8070 
7579 1461 6102 2376 9720 10119 4251 8850 1492 9371 
4185 1615 5398 5399 2112 1165 3926 264 951 1948 10026 8988 9448 373 
2325 1821 2110 6931 6949 7464 7998 10689 6257 4581 56 3478 2774 10438 1820 1968 1974 2010 5771 1360 8061 10411 3633 12089 11422 3900 5323 7978 8749 9448 4483 4143 7968 1474 2778 9853 4559 
2798 2118 2717 8061 5632 3475 10141 566 11162 1797 1831 5964 11353 7724 6883 1802 
4921 4612 2850 4966 1890 366 1824 6914 10232 11536 1989 11124 704 815 2219 2853 9929 10280 10705 680 10726 2229 6777 7722 2305 4308 
3292 1009 2894 2978 165 4103 8724 747 813 6852 3578 8969 11805 11694 
423 1647 2948 1670 34 2978 6142 7973 4363 4618 7369 10667 453 1018 2449 2878 6092 9427 44 5058 6201 
474 39 1152 2393 3526 8997 2933 8433 2809 1389 7712 11803 1121 1560 9519 
3422 435 318 728 2261 166 1277 9070 5577 11310 10604 7223 5163 7700 2676 2755 4765 4746 3376 6637 1776 1013 7759 
1021 1052 57 1695 4086 7470 7720 2909 95 2728 6406 2313 6309 2129 2185 10776 3221 9949 7124 2865 5271 1212 5038 5906 6142 1579 6318 6917 3896 6625 3222 
4223 1360 2354 182 452 1468 2452 3881 4516 5058 5164 
6999 1831 5964 3021 1827 2573 1665 2354 2411 2251 1835 3022 3864 5744 8183 3541 4874 9139 3863 8549 8964 3336 3956 3395 2062 7065 8810 
142 24 5432 5791 8129 8450 9506 9476 7193 10628 10626 2739 4417 11224 11300 8157 1885 2365 9908 11062 11840 5797 5584 10783 
3395 1422 1419 873 1072 6199 8619 9252 166 652 7792 1150 3324 9995 7202 9160 11537 1415 5776 5335 515 9945 348 10676 180 275 321 7199 7200 7245 374 203 11986 311 12114 1234 1962 240 
8021 3343 4493 3956 5786 8326 7400 8628 1906 9755 5761 12114 9541 3352 4559 10502 7724 1885 
4863 2914 4164 1239 2573 2954 2158 6456 390 3517 1946 
2404 3344 98 4028 6482 10165 8070 10726 6387 10168 2005 2217 4708 5038 10869 11918 
146 22 3622 1651 7154 3620 8013 6424 3398 3632 10780 9346 
5061 2157 436 5495 5595 5597 5973 6698 4027 5320 2951 4619 9192 967 10205 4592 1695 3449 7159 4358 8045 1502 
4150 873 1879 2344 2395 727 1816 2256 3155 1863 10562 8504 
6738 1646 952 1780 1879 2348 2353 2994 5796 8070 8550 8702 9801 2658 2660 9671 
2644 2410 100 836 3315 404 6643 2419 5846 3446 
2542 1016 3767 1779 2452 6018 102 2545 7434 8835 2949 
7792 2118 5432 5792 2739 4417 9527 3753 1549 5107 3391 3795 11158 10484 7167 
1991 1695 3978 5095 3554 3618 4308 63 5461 2739 4417 6056 7448 
6907 4012 4432 4481 4957 9759 6976 4028 8535 8194 10683 2322 2636 4416 2855 11650 2805 2660 4649 7968 1640 9060 8276 7158 10478 3022 7039 8066 6319 9542 
1954 1147 2373 3133 1525 6540 6637 959 3277 7360 7119 2315 1501 9803 491 2848 9239 
1539 56 6423 4398 1482 10460 5915 4559 5800 73 10532 8070 10069 11221 6323 8518 1946 3315 
7635 2426 9338 9794 9576 3368 2386 6914 1477 2545 4335 4776 4972 
6850 3530 2137 4135 7401 1005 2373 2676 2958 3133 3247 3792 4581 6976 8081 2855 9547 1396 2064 2333 7287 10280 3003 1814 2961 4700 7120 4745 3101 
1721 246 431 6830 9305 8134 63 2114 5461 1576 7281 3368 1935 3615 8943 3554 
771 2468 3409 2322 3238 45 7745 4911 6138 6760 2545 3000 5894 6777 
2067 3294 8200 9820 725 3088 4302 6138 1836 3878 9213 4634 6778 9952 
6085 1054 729 1482 2166 995 4363 6933 1649 1499 4432 
8251 2721 5133 9523 7432 4517 2837 6401 8883 5204 3937 
4676 1009 326 3648 6025 6462 6109 6730 7185 1011 8504 995 1165 4335 
6832 2468 8466 996 3174 2386 995 6115 1784 8796 9034 6465 6511 1528 
71 2568 4366 6777 7517 1212 4577 5351 7918 3389 9878 8009 10316 5826 6982 3337 2637 5705 9021 2739 4417 8142 4419 5963 7284 1590 7451 7802 4313 4833 
7689 8322 2609 2190 3989 1652 3961 8149 11338 4405 6960 1502 7214 11666 
5416 512 700 1843 643 1320 1327 3768 5158 5714 5821 1529 4593 8024 
6644 1720 2762 3926 725 1518 2404 1679 3724 7135 4006 7132 
523 1407 3398 1572 2615 1100 2431 2429 3413 3743 6332 4130 3343 6280 1350 2578 1818 6961 7487 7912 7813 9801 7742 2246 3321 2727 4783 11509 7232 2645 3155 5746 10364 805 7142 11054 1335 5169 6678 7536 9312 2393 
992 2413 362 3249 57 1496 4086 2123 8146 10645 
7973 9530 4421 4495 4088 6268 5481 6943 4538 7628 1801 1885 
1392 172 3722 4308 55 1408 218 4708 6778 4783 3290 
145 22 1605 2885 3789 311 1096 10664 7531 3920 5194 
2575 1753 5537 8400 1652 7473 10824 100 2903 3404 3829 6027 9742 
5394 2410 2971 5802 9896 4871 9346 2673 1721 1749 2545 10892 503 5021 6239 5677 
758 1065 4699 44 6201 804 1528 5300 8709 8010 2453 
520 120 4062 5947 1885 2365 8956 2379 2018 2820 1488 8450 3862 4225 4222 11539 2007 2862 42 7193 6146 3149 4074 5961 8950 10118 1506 3347 2703 7480 4358 2739 3249 4417 4989 7999 9462 4994 8988 9908 2001 10251 
1819 3789 1146 1207 730 6522 7252 257 330 431 6197 180 407 3347 8341 2156 7777 8391 7543 8504 3484 9273 10280 
93 4378 1118 1695 2790 3396 10535 11356 6977 8066 11183 10251 6931 11710 12115 3416 6678 1812 9749 18 28 
3291 164 1268 2269 3290 3789 8561 4358 3485 10812 7583 
3293 165 5570 3850 2231 5721 4661 6140 3406 7400 2144 
413 3522 673 1924 2773 4762 1147 34 105 1132 2672 2724 2753 2830 31 6947 7886 6737 1165 5555 4821 9809 1713 
1494 4014 70 1520 5596 9012 764 4438 3862 4669 5739 311 
516 4419 4492 4491 5224 4402 1345 3088 3013 42 9507 153 2952 11303 
1302 4491 4468 3979 7809 1836 12043 55 2205 3721 4831 6252 6250 6184 
803 3979 1614 2350 128 50 2650 1361 8563 1670 3396 5215 1094 2590 8326 9076 8125 5507 11422 
1833 4029 6323 2429 9038 8869 80 2120 5881 4165 11691 8935 7929 1477 4776 3398 1333 2749 4015 5058 6206 
7877 3736 7427 1867 6630 1915 10565 1664 5319 4192 6901 
7653 1955 2859 1492 4432 4481 4957 8134 8717 5495 10388 2230 2129 8555 3383 3392 
2662 3898 5477 9388 6786 7753 9049 10254 2590 10844 
2241 1185 138 1860 2675 2727 9356 3776 2739 4417 1212 
8300 3343 3344 3354 3521 5410 5535 4152 3622 5842 3831 
8166 6638 2255 6593 4907 3347 7973 6138 3949 3238 4074 
4664 3957 2410 1477 3843 4776 5201 5982 6827 336 353 788 948 2386 2554 3937 5881 7048 7253 9060 9212 453 5058 3075 2380 
5723 1695 1376 836 755 809 1477 4471 4776 5829 1358 
2243 3956 96 5631 2380 10477 9506 9192 10703 8954 7815 3812 
3253 159 5090 10169 11006 10165 1197 8070 4106 7929 3988 
1885 1932 471 1646 1579 6593 2553 359 4427 7801 2345 9506 4786 2340 8461 63 5461 704 8518 
6066 3732 2331 933 4512 1647 8556 7859 9630 10152 4352 
620 2691 4352 3406 3427 5226 8131 8628 114 10815 2971 10630 7268 8039 11367 3664 9345 44 2727 6201 5050 6892 9556 
1999 1529 3416 4900 7153 6109 7036 3097 9638 1086 4109 7702 1912 10844 2356 7662 84 
1700 5325 1011 2878 4627 4631 11621 8232 6203 9457 6202 2123 10073 9335 2727 6206 6146 6492 6903 4033 10788 
7146 5975 4189 8693 6374 7173 7817 10364 9332 2820 1752 1094 6647 7004 
4252 760 472 3609 7007 9868 2529 4003 5622 5685 6691 1307 1345 2876 5630 235 5556 
5676 1923 9199 5899 5330 5845 802 8593 6545 4092 11967 
5424 3432 8134 2839 2850 5070 11549 848 1367 4987 5648 8785 
7179 2676 7208 9427 11336 4028 11091 3276 1234 1962 4771 10812 10896 1747 
473 3101 39 4799 2876 4592 5012 7945 1627 632 4634 
8205 3704 2485 5495 2437 4284 5122 5894 7507 2520 
7206 1128 3565 3578 6725 5977 7038 6116 2361 3035 1733 
7494 1345 2278 1788 4146 3977 2265 4835 6282 2210 5378 4421 6614 6253 
7950 1821 2333 5792 8389 9134 7535 11563 11963 11964 7193 10390 10280 7268 
1668 96 4129 4911 8461 11300 73 6264 4405 1747 1946 6260 6777 1549 1212 
7602 2914 6983 3711 9393 3892 3893 11797 1960 6076 10759 4124 7494 1570 
5666 1065 5556 632 3925 5513 6149 8066 1657 1716 1165 1728 
835 1922 6387 1474 2246 3321 4931 11530 6236 4316 1516 541 10788 836 1016 1135 4432 4481 4957 9079 9078 8359 2420 3485 4146 4335 2296 
2509 2323 1016 3587 1968 1974 2010 3584 5860 788 101 7471 
7143 1525 2943 2822 10283 4986 5323 6378 11563 10313 8321 10783 6027 
517 1345 573 5524 2114 2767 42 4870 2210 2734 7712 5894 6395 
1624 3088 2482 1860 2147 4284 4515 5909 153 2952 11305 3748 5388 4516 63 3147 5461 5740 7623 2984 6138 10842 1651 8941 
6807 4491 983 4887 2393 5096 5097 5093 2829 3674 6150 1776 5102 4865 3888 4081 8536 9507 9896 
3714 1111 2978 6027 4496 4499 5151 1574 1873 1165 2590 2110 5413 6540 5271 5237 7175 773 
2516 6983 646 2410 1280 366 5909 497 1445 5695 8488 100 7724 
6465 1121 1560 7621 7851 857 6822 4870 2005 4146 2269 2147 1776 2567 9270 5954 
411 2192 3409 1180 3584 5881 2774 5214 4505 4948 2653 1948 1899 2018 6769 2544 6418 3393 3738 31 901 9896 2813 3954 4994 7998 7145 3247 3289 2373 3133 9279 10293 2652 3320 10395 
144 22 167 3310 4387 1003 10316 5631 7941 3229 10086 
396 2217 2427 5432 30 1947 4432 4481 4957 841 1382 4805 5032 1688 5154 495 6627 5255 10026 1478 3270 9508 2386 3262 9555 10760 10157 1495 4298 4661 11564 2308 7468 11048 2931 2554 
7457 4491 5792 8326 9076 4507 9506 8091 10626 2739 4417 6378 11224 1165 11718 7347 4590 11766 1782 
5242 4516 3174 5909 8061 5989 1170 2921 2545 476 
1994 4483 4363 63 5461 495 2437 4028 264 951 8318 7142 7623 5556 
7355 2745 3711 2804 5213 5655 1234 1962 3270 3557 5319 8131 9075 
2956 130 5786 2660 8070 3227 6164 6323 1885 2365 4799 11560 2652 
3269 3271 3166 4835 161 2791 4472 9888 3748 7079 8302 4191 5604 9845 
7354 2545 1635 2764 1234 1962 2738 3509 5221 5217 5218 7470 7708 1850 1878 1886 
3462 7623 4427 7569 1801 3862 5197 5277 5463 6087 6190 4124 176 11773 180 9445 5741 6869 7048 530 818 8611 227 647 3048 
4389 1118 3245 2129 11224 2313 5853 5493 829 10147 5352 3368 5894 267 
3805 1516 1842 6170 311 435 728 7221 520 2043 1104 269 429 528 6192 6468 7016 10457 4363 9995 180 
1430 3541 4875 2691 1396 4432 4481 4957 5323 5448 3094 2503 5659 8035 2264 3441 6322 
2411 5095 1654 5269 4455 6279 3023 3458 3539 5483 6666 1840 4390 1727 2378 3798 7136 7132 5803 98 7171 6254 9540 6257 11222 9527 9279 3699 
1368 3315 67 7252 1563 2904 3267 2191 3878 6160 7275 
6970 1635 2138 4850 5628 6717 9148 8360 11092 8862 995 5094 
3224 4755 7275 1939 157 5229 1849 1860 1212 3449 9188 
3290 2413 2269 164 1521 1529 1534 1525 1528 995 1128 6637 5908 8222 
840 2479 2621 5882 4986 11225 3551 10438 4926 53 4028 6065 6164 4290 
7420 2676 2980 5874 5958 7820 1165 8466 3396 6406 1713 3273 4124 
7784 3860 8810 6924 4074 8950 5224 5405 3931 8954 3842 
6899 1024 2934 4491 2383 2272 2207 4027 10898 6276 4146 1874 11313 
1716 62 472 1496 2117 1303 1477 4776 5237 2878 
7537 1361 1496 8563 2660 2855 2349 2350 2490 2791 6057 4903 4901 4902 4908 2609 
6511 7865 1477 4776 7345 3845 1860 5495 6933 9332 11947 2758 6150 854 863 5347 9312 
165 1727 3798 3981 3986 113 1591 1719 2217 3533 3534 3584 8052 1606 10544 102 366 1871 3595 3632 5019 7985 9803 8025 10950 698 6123 7038 
1462 3312 6808 5220 4465 79 9911 1505 6522 9239 463 
7044 2676 3737 1821 3706 2767 1238 6501 1062 2373 3133 
349 3347 2738 2764 3514 39 1520 4321 3789 7666 9172 9192 1955 3827 4394 6560 
4312 4130 2369 5498 7409 7204 10856 262 795 4092 4675 
926 6724 1842 9476 4138 5950 7810 6777 11423 1827 5915 4146 118 6522 11796 8307 4411 
5845 9017 8935 1977 6742 3170 4666 4649 6273 3399 9188 2827 7430 10648 7468 4911 2818 
125 4866 495 8326 7667 1056 9896 4994 10497 10760 4986 
943 60 5792 3776 10626 1919 2739 4417 8461 153 2952 10280 9179 5915 3554 
6761 1555 1003 1488 6240 3648 8244 2392 6074 7724 10377 11589 
1743 366 1649 3717 1525 2321 81 1512 381 533 1053 
4571 2838 6926 3907 8164 304 2554 7973 410 1140 1355 8451 411 782 9011 9827 10953 12037 328 8359 1613 4698 2343 
1711 2437 995 1069 11866 3256 3354 9797 2918 12043 3684 880 3152 8088 2929 2379 80 2120 2272 3343 
7248 1147 1171 1727 1637 2273 4834 3881 6405 4109 3441 
7585 1468 6575 7618 12101 11281 2951 3761 4310 5445 4627 
2397 1693 1695 3684 56 4517 1468 5365 4588 725 804 6227 10917 11818 1062 6029 6678 
1529 2545 5791 11227 11910 3895 8958 11572 8010 73 9347 
117 2154 2427 5311 987 727 10650 4116 10365 9448 10364 18 28 2425 9788 9781 6678 5474 6406 9103 2751 2138 7175 
7609 1632 3915 5519 4570 2203 2349 1478 4564 7535 9075 8682 9896 9275 11132 8157 11718 10483 3753 9853 3352 5800 1831 5964 5056 
7500 2767 6138 2609 6056 6638 3727 7939 4293 5865 8960 1364 3215 
121 2687 4496 4499 5660 7141 1094 4785 5152 3359 6332 6786 1558 6143 7925 6073 8697 8454 5274 5311 4769 4495 500 7265 18 28 10018 10117 2969 3838 3954 5908 6280 8749 4848 8043 10017 1923 
4175 3400 5457 5458 3587 9250 9248 4478 10823 3584 10836 10875 205 
4882 4887 5432 2118 5564 5897 1499 1860 4138 4575 1047 3783 8311 3290 11828 6398 9956 734 5353 4427 6289 
7949 2651 2753 4006 6127 7535 9797 8358 3249 4416 7468 1812 
7265 3211 1182 3294 8134 9778 2746 2477 11338 2437 7829 
5419 2202 1727 4154 3970 4192 5235 4331 1277 1647 3993 5686 4708 6777 515 
99 1123 2331 3271 1496 2602 1236 5577 199 1482 6233 5058 4986 788 2169 829 6318 2739 4417 7150 1782 6026 4427 1801 18 28 10018 11158 10386 9345 
7848 1625 4797 2123 3743 5219 5754 5770 7413 11805 1689 2722 6464 
7810 5432 9507 7193 10626 10628 10428 4398 11224 2808 6309 6395 
7247 5045 5120 1147 2423 2857 3736 4610 5563 1727 3290 
7914 5427 4465 8628 9134 8657 8278 6257 10042 11263 9274 
2423 56 3684 804 8613 2890 4959 5237 2878 12043 6282 1836 6571 501 4124 10812 4432 4481 4957 3679 
3459 172 2658 8749 7507 1602 9962 6338 7526 7527 5799 10780 10481 
2790 1879 2533 3355 5517 3584 2475 5786 172 8988 1474 6384 8404 10532 11071 
8178 5092 2426 4787 4460 7470 11539 7815 4108 5507 3584 10430 9462 7999 8461 11173 
7740 4139 5029 6841 3990 7764 7706 4535 6398 1512 1525 
8242 5092 9507 7623 8157 3485 8968 4028 3441 7291 5800 3791 6755 
6321 5092 5482 10689 6257 2808 4900 805 9541 1075 7471 7151 
7824 5092 2199 1646 8322 4536 7633 1587 8134 4143 4989 7307 7310 12002 11071 7156 
2654 608 4432 4481 4957 637 5736 5987 2216 4360 10365 680 3403 4986 103 6420 10497 8988 2032 7098 9771 11221 8066 12119 1554 11563 
2331 440 2202 494 2302 2306 2317 3418 7760 7414 11732 4870 7818 6901 56 1212 1977 4028 9213 
2422 56 4159 2810 3368 2333 3953 4540 171 3840 4146 4027 9408 1647 1935 5142 1838 7193 4989 
6361 3485 5852 4431 10530 3487 4482 4724 7458 9339 4517 8863 1713 3692 9287 10509 10612 11676 10993 3395 10608 10614 4276 
6854 3611 2545 6109 3043 3143 2293 1010 3416 1173 9148 
2845 1602 1516 121 127 2144 3692 4516 2117 1694 4859 4695 7110 1385 7217 3092 
3458 4800 4163 4445 172 1614 2350 3354 5311 7095 1496 
751 5427 44 2349 4848 6201 9076 8682 8450 8157 11062 11572 5135 5960 6309 11158 
2413 2655 3854 1053 1988 3418 98 2505 2320 4208 2356 1818 6976 9353 9349 1814 9515 934 2658 5164 9018 9589 9448 2641 5888 2003 1994 5107 10822 11606 1056 10364 10206 2000 6102 3391 4562 3111 10648 10268 109 5193 6273 5018 1482 12005 6250 866 2218 5800 4559 7479 6252 10502 8070 1831 5964 4588 6323 11221 8842 9748 9952 10726 4783 119 4297 8205 7724 9346 7169 6883 2219 7257 9436 2364 7099 
3 2460 1 2350 2349 5226 1496 2217 4638 3860 747 2971 7632 10227 7089 4885 5050 5904 2218 4010 4169 3336 9806 6553 7935 
472 39 4425 6253 5148 4709 3207 3975 7505 992 4581 6247 1165 10113 4048 6119 9878 3389 5480 
1925 3372 6859 7039 4709 6151 4645 2878 8041 264 951 1016 708 1147 8079 2344 68 1468 496 1622 5873 6111 7046 
5849 3722 2255 3088 996 933 5421 6291 705 4040 4237 1722 3772 4245 10920 4870 
2399 805 2752 2151 7658 7662 2144 6252 98 5481 11584 6725 11189 11190 10752 
1131 1956 2890 5137 62 205 804 1075 1331 1335 1944 2027 3247 3845 4432 4482 
5011 430 1009 1798 3227 6905 7274 10196 10287 10917 1013 
422 1836 199 2772 55 34 6364 6913 1329 4412 6519 7039 6922 3845 2027 4805 
6612 2217 7323 2502 1491 4847 4545 5198 5200 3541 3344 3336 1361 5535 8563 871 4523 1573 2797 2062 3524 7011 
5553 1633 1949 7340 8575 3554 9054 6932 9144 4028 573 11314 6846 10869 4432 4481 4957 5884 2876 2570 4389 10313 6318 10857 
2421 2005 56 2403 1860 1171 4138 2466 5631 4151 2885 4158 2766 6395 6932 2147 2157 3840 2602 
6400 3347 2665 6638 11825 7193 8461 11227 3231 12027 10950 6694 8009 3554 1553 5012 9239 1577 2114 
5153 5224 1053 4657 5043 5405 1678 2609 2166 2545 4983 8064 3722 5756 10783 3310 8281 1536 7946 4362 9124 4553 6242 5449 2453 7233 10006 9506 452 11856 9572 10323 2113 6532 11043 
7776 3376 6597 1523 1528 4541 5880 5961 6218 11127 11732 4616 3595 8313 2819 3315 3631 4028 
4544 2388 2379 5014 1490 1489 205 2256 4028 3554 5324 4465 8131 1018 
5105 2499 5507 3721 2695 4098 4537 10785 9093 454 3539 
3036 4783 494 2388 350 4513 1827 143 6623 9948 8428 
2424 3637 5849 3099 1482 3299 5920 7720 6470 6024 9163 
2625 727 1496 7845 871 6889 7185 1234 1841 1962 2545 100 
2750 1184 5854 5503 9100 9607 3684 673 11366 11290 2089 4986 3359 112 2652 
442 3584 4386 171 3088 2753 6416 8479 5164 8105 8624 3259 36 2217 
5355 2947 499 1747 4335 7175 985 3519 4580 
314 4496 4499 5786 6627 2945 8326 29 805 9508 2279 8091 11222 10122 5515 12114 9542 3664 6694 1094 4562 5429 
7597 4491 4418 2819 4986 2924 2932 9495 6377 5276 10616 11148 4479 3416 10460 8957 4559 11839 1474 
1620 143 6623 3250 1408 2501 8322 1680 8810 10393 11932 9659 11433 6812 2305 679 
5591 4538 4496 4499 1835 3401 6206 3022 4494 5275 605 7494 7496 7135 7141 8506 10816 4010 
7415 4311 2469 1938 4683 4581 1364 9878 1940 9020 8970 9021 4420 
4669 2148 2427 986 1525 2064 3247 3715 2423 2857 3846 804 6637 5672 333 1024 4090 4726 5689 
512 2139 493 9508 42 4398 4989 11173 4357 5894 10981 
3439 5413 4120 3913 4652 4575 1656 2217 4357 1501 4986 8591 7470 7960 
28 6065 4 1516 4587 5535 6121 6549 4309 3711 4140 1683 5560 411 865 5556 484 6164 11054 813 4006 5441 5544 11172 8860 404 5998 6696 8066 8802 
3457 3554 3985 2388 170 7859 8618 5548 1723 6290 11145 6699 3895 
48 3811 7124 6121 9952 11048 1499 6338 92 2217 2545 2853 10013 10358 
2815 4612 2999 4313 8316 1627 8010 6777 4491 7470 849 10078 2393 8428 5915 2210 11105 2890 6384 11719 8404 11221 
2593 1534 4638 1776 4274 7016 425 10497 5502 9222 3462 10483 106 5881 3753 10739 6063 8517 1851 6384 
5746 7473 673 9888 7582 3611 8326 6674 9508 8010 1298 1751 761 5164 8441 2159 4673 11622 
5556 573 3225 4129 4775 5838 6139 7129 6138 8126 2126 2485 4122 10327 9778 1925 3246 4855 
3912 5735 1643 2750 8064 4493 5883 1713 8066 9697 4926 5909 2611 3396 5126 8477 7611 5605 7117 1860 3451 7129 
5211 4288 467 841 1382 6206 699 1477 4776 8829 2774 787 
5947 1496 2158 4389 6061 2373 3133 743 6037 5741 1512 1146 2746 
2992 1839 1051 136 8523 2598 1512 1905 2320 6506 6905 1056 
8099 3343 3649 2545 4968 8010 4318 4810 6173 7240 5648 
7258 4578 3168 4556 6616 2247 7006 2515 1184 9434 3913 
2803 1711 1800 4815 10555 10551 10556 9075 9070 995 2739 
141 22 4787 3662 3901 6625 9462 2609 2118 7275 1182 2126 3276 5038 
4166 3290 3981 3986 1065 5580 5589 7121 3227 4769 246 388 
2639 4578 4507 4031 1477 1625 4776 1371 3565 4291 7782 3738 5163 10895 2085 6742 3339 3739 2520 5578 7884 105 9593 3414 4468 1953 1955 4169 
5619 1688 987 3625 2513 3915 1515 2673 3344 4743 5319 4006 4035 2922 3767 1845 4028 3400 7960 8481 7964 9196 3753 6792 
5820 2589 1693 1695 4491 6762 6933 4358 8320 11299 6931 9542 1165 1346 4634 4392 3554 8998 705 6754 6056 10437 1590 10484 7923 
5257 2739 2278 4423 2602 4387 4418 2609 6138 5962 7818 3665 3961 2746 4321 4114 5378 7838 4392 2157 5713 4087 5464 4052 1695 5593 1364 7815 7451 5161 6247 4825 477 4814 6210 3985 11338 7448 4417 7166 7164 9023 3789 8970 4108 9192 8844 5480 9357 1981 2999 4402 
5708 664 2976 3598 5353 1728 5938 3198 1459 2281 2652 3320 
1073 2310 2793 3832 1089 6471 5238 5439 4043 4156 341 2602 1170 6914 3029 4187 10769 10561 62 1510 2217 3684 5210 6922 10092 8391 1477 
4320 1752 5577 281 8028 8657 9567 9880 9906 10923 614 2820 235 4022 8449 764 5716 9467 
7943 2373 2458 2562 3133 6378 9507 9389 7005 9385 10689 9527 1814 1820 1818 2164 
5113 3347 3223 2934 1695 1621 6661 7564 6462 4989 1646 11136 1939 5798 10397 455 
8294 3926 4364 4603 10787 5466 6164 6079 10788 9117 5163 8358 11018 5347 9974 9236 
469 8053 3082 2867 894 333 2521 2609 3593 2525 7899 3571 171 1695 3720 1105 2515 1860 3961 56 730 2685 2319 1693 1946 5024 3962 39 7205 6342 5954 6626 150 5148 345 6057 396 635 674 449 114 6827 4358 4398 10760 10355 4786 1016 6257 6729 11224 4138 1477 4776 4421 1573 7978 9809 1001 6269 10030 4432 4481 4957 2394 1357 6378 6809 2313 1969 173 6637 5354 10812 12044 10870 2279 1218 4645 10841 4225 1984 1394 2342 6502 7785 1056 1249 11503 11157 2174 2142 9882 7973 8990 9749 3862 486 
4465 944 7101 4115 1036 5325 7291 1490 1489 4028 2162 1911 9728 205 
6331 3717 6457 7432 1396 5007 1879 2219 3413 5002 5004 6612 1512 6910 
7418 3999 4379 5071 5073 5621 5117 7570 4717 2437 4051 
2050 4423 3615 2739 4417 2005 1499 9507 961 9541 11423 11422 1738 5107 11256 11290 
2418 56 2515 2147 5789 4114 4507 4927 7721 2602 5785 7287 10917 2005 3835 4907 2437 11676 5891 5038 10313 5674 8998 730 2470 3514 7405 12102 4491 6780 
6966 2767 8244 8616 9581 10408 1047 1197 1606 1723 2597 3290 3368 3392 4989 
2237 5679 4418 56 96 6683 2739 3389 4417 10428 9878 7633 8998 8441 1549 4357 
4933 1491 3877 1056 5199 5788 5882 7783 6453 9840 11494 12069 6462 2727 404 
4451 4493 4494 1514 1065 1350 6581 5237 10917 10620 494 
3059 5830 1526 8149 145 6184 2515 8307 2829 4037 2470 5325 5894 5961 2114 2985 2987 4907 6362 
3164 150 3684 4658 1884 2728 5997 205 1018 4169 4340 
2500 2191 3371 8441 2644 1165 7401 4544 8465 92 5453 5483 
4771 846 755 809 2772 6568 11812 1072 358 591 1189 7016 7822 10172 
2430 4378 8750 2566 396 3811 11291 2637 5480 6119 2388 813 9189 
4987 366 9275 7967 6332 9951 9909 1477 4077 4776 1460 10340 
1736 1218 1817 3514 5735 116 2850 3354 5758 6288 6915 7576 2422 5835 7470 8917 68 3443 7664 8534 2862 9037 11787 10855 3485 10890 4764 9441 4077 5573 1034 8167 9619 8934 185 6426 228 603 1164 1846 6360 7966 10792 5126 166 266 564 1027 2881 3242 3692 4331 4516 4802 5274 5728 6541 6925 6944 8386 1166 222 374 5636 9919 9970 1180 5188 6165 6785 173 1065 3584 6789 190 419 583 6447 6581 6782 7200 7202 7244 7245 10268 5930 4328 244 3276 10141 1512 8213 4894 5578 7121 2966 6647 8951 9270 235 413 813 1165 
3298 570 3396 3754 10948 182 2180 8028 11346 8695 10220 4963 8577 9071 1188 9550 
1257 4136 5103 4154 4275 2791 7961 8827 10276 3344 4234 7012 3401 7460 6150 9820 8138 1661 67 6100 1165 5736 11217 724 7976 5735 8015 8577 124 9018 1659 8360 1798 4658 836 3227 9295 
4731 1823 4902 5495 6138 346 4229 1006 1860 3276 6102 7838 8307 10821 11612 12043 11990 11799 5074 992 4592 
4140 2765 2273 10107 2044 270 2035 8370 887 2038 3248 
788 4571 5159 4232 46 5427 3715 159 5978 4800 805 
2980 1062 1361 3344 8563 7729 12044 134 1069 1272 1732 
5668 2255 1727 6803 10387 11249 11290 4871 606 6833 7992 2783 
7952 3413 2674 2344 2410 2944 4432 4481 4957 10026 7468 12115 2544 1812 
2561 1529 1013 6857 366 6755 12024 103 533 8550 11509 1361 8563 10234 
774 2545 2674 2136 7931 2727 2410 1630 3516 4006 9050 
798 729 5277 6456 6531 1012 84 2358 2958 5211 723 6465 8458 1678 8351 4462 7175 3043 5058 8236 50 7024 2727 
2383 4308 2739 4417 4418 56 999 7470 7193 8033 11229 2230 1946 3207 7815 153 2952 6247 9274 8200 10981 5148 6184 961 7838 2960 8321 226 
2707 3990 5736 4493 4028 6450 6456 6465 484 109 2217 
5168 1787 2881 4978 1545 453 4169 4855 2258 3701 7127 
2153 4491 5383 3347 3913 8192 436 1549 2147 2999 3856 4085 4427 95 4311 10936 5650 7939 7187 
1805 4340 3587 4295 10358 1923 9199 5237 10780 725 2410 3584 12124 2878 5143 10468 1830 4947 
2206 96 636 2449 6402 6417 2460 10777 3290 2388 2379 7827 4432 4481 4957 84 
415 31 673 1573 1615 2645 3827 6903 3752 9962 7998 1489 1490 
1841 2484 2228 8716 2420 4947 11368 5909 68 1788 1840 1831 5964 8466 144 2968 3376 3748 8934 9888 2885 1516 499 
89 3147 4308 2005 8302 69 8326 813 4828 7092 3926 3631 8125 9507 10026 4989 4986 4994 7998 9462 10760 
757 2791 453 495 44 5058 5960 6202 6203 6201 6206 2727 8389 2453 4695 2217 4063 6378 5902 3427 10302 10068 9189 1372 7458 
1773 494 3587 4929 68 7702 7274 8700 1529 453 10780 
5954 2466 6459 4575 4517 2878 7760 5027 4114 8134 5703 7166 9046 2393 2807 4841 3368 7582 10164 3961 2609 11576 8548 2607 11305 9814 4818 9885 6522 7939 
389 4529 30 960 3030 7873 9710 9934 11358 4432 4481 4957 9821 2105 3753 10168 2188 9935 3196 9816 10330 7684 8966 755 809 2171 4986 6026 7782 11214 1274 3483 8053 644 1194 
1686 2426 1723 2545 4073 2557 7745 11539 5596 62 4035 4797 1773 3675 4341 6786 
4741 5967 4062 9640 2214 328 2595 7111 1776 9037 
1973 1605 2791 2349 63 2162 2900 5461 2173 3789 6057 7167 2920 4313 
957 2767 3101 2609 3706 4151 5679 1646 6138 8257 8282 8287 8323 8289 8294 8292 8284 8285 7164 7172 8283 11173 6247 
800 3306 804 134 4421 5214 5665 4028 1147 3456 2249 729 2393 4413 3400 4011 6709 7351 50 460 533 
2201 4657 961 2876 1946 6271 2773 56 2195 6056 5405 4310 6138 715 1118 2114 346 8134 4785 2467 2741 4308 6637 95 1860 10627 3790 5195 
95 6057 3242 10026 995 8091 7978 11173 6075 10898 8061 11153 2002 12114 10460 11904 2544 3664 10950 1812 18 28 10018 10783 6027 4562 1094 11003 9239 10576 3795 11156 10069 4726 6826 4563 10452 4154 1923 359 3364 3026 3494 7923 
6697 2269 4638 6509 2404 928 5877 4517 5556 10498 11674 3132 
5195 2767 8388 2340 6116 10188 11489 1605 5523 1380 7567 
7966 5090 5093 1835 3980 4443 5662 2420 3985 11555 7408 
2262 96 5891 10936 5119 9902 7128 3856 3862 5302 7068 6923 2210 4455 9866 1275 
514 314 1042 5865 9476 42 1028 3901 4989 1360 9866 
2096 729 6757 9070 9074 10166 3324 10783 4994 10088 11459 10483 10460 3416 1333 7202 1474 
5277 725 2373 3133 3473 6024 9562 3753 8491 1485 5237 5721 9819 
97 5518 3877 2727 6092 5159 5483 6378 8862 3792 6938 18 28 10018 
792 48 2721 3747 730 2251 7958 7015 6057 
5447 1836 3875 11680 1281 10168 7444 1165 8457 8578 10897 2423 2857 7369 1086 7086 541 1044 11487 
8033 4618 6148 3403 2545 5433 2948 2949 3871 1896 4787 5419 1860 6024 
7293 3865 4912 2654 3863 1218 4772 4028 6061 8549 5521 2202 2217 6233 10726 3864 5237 3277 3926 
5592 2458 1648 6057 4745 4388 6092 3400 1499 2144 2273 
2367 1572 5171 7569 6599 306 7128 5154 5160 9930 
3261 3776 8954 5529 160 5141 10205 836 2284 944 2410 6522 7584 
7615 4124 5325 4109 4661 4994 1482 3883 9104 3988 8303 
1464 3981 3986 3954 4491 4507 8852 4014 814 9814 9815 1695 692 9462 70 
5647 1234 1962 533 7342 7039 4245 4407 4035 9507 9275 9462 10838 4631 9878 2628 1468 2878 4994 7434 9625 3926 2536 4873 1798 8066 10081 964 9349 804 
5387 2815 3053 500 6840 7286 4994 10478 10047 9908 12118 1812 7710 3753 6027 3352 
791 6057 7432 778 90 3347 7412 7861 9180 7507 6928 7949 366 4006 4167 7147 7170 8041 9820 11613 1601 3335 48 1736 
4165 4053 960 4870 1473 2392 1627 8111 704 4907 1186 3368 545 556 2183 2908 7142 10050 6056 1180 8327 199 1741 
6359 1215 1619 5447 7830 3755 3765 6170 6633 2531 4599 5846 11009 4154 6762 4278 5771 995 1165 4070 788 
2566 3926 7781 1547 7465 632 698 815 4800 1575 1578 727 3536 6678 4432 4481 4957 5361 1954 2791 7092 6988 1396 1165 8535 2032 7039 7104 9075 5860 2501 1614 1491 5420 6914 3317 680 3632 7604 9257 5747 6009 3403 1512 9459 1465 3427 1338 2421 124 7185 4658 4130 
8044 1860 3210 7517 6570 5145 4122 5413 9215 3340 4903 11992 
667 4570 9748 4006 7104 2727 8796 5721 10230 11696 4268 11208 44 6201 6704 11911 6627 
4323 2805 2813 4889 6798 1218 1303 1955 5043 5735 5736 304 320 5158 6300 
6448 5224 1875 1923 4649 5084 8316 9199 2313 3541 851 9171 2305 4531 
753 2458 4649 2904 3267 691 3560 5204 2453 2752 5361 44 6111 6201 5736 1593 2101 8520 5050 8199 973 7876 
2254 1009 96 430 3607 4358 2739 4417 6257 2808 8157 11148 
2095 5198 5200 3683 3680 404 9734 6378 1525 7810 2104 8357 8484 10026 
7935 5791 6378 11183 11153 11148 2446 10630 2544 4562 1851 11839 1801 3391 11158 7156 
5302 2174 2173 2653 2485 2737 8027 1658 2184 2984 3246 3249 3840 4358 4907 4940 5214 5261 5909 6065 6621 6791 7178 8307 8616 9147 10952 2609 5100 10842 2934 488 1429 1502 
2470 2765 5411 2615 3485 2288 814 8534 805 5044 2878 3426 6840 5366 
4547 1156 5975 8630 873 1215 2086 6901 7185 8619 366 
6699 5791 6850 2410 4014 10027 2808 10203 2653 5429 2635 1671 4470 
1534 5786 3573 6637 6635 1776 1473 2638 7364 9462 7400 8696 7159 6924 8200 1549 8461 4709 1171 4019 6810 622 
3935 1218 6535 3223 2767 3225 1821 4004 2466 6208 2192 2609 1946 6271 7075 6351 2751 9921 1186 6869 7492 180 4989 3582 11408 7669 904 3240 1499 3153 8624 9731 3352 7291 
3254 2721 1519 10748 8686 1472 1250 499 4512 7476 4637 1454 3404 2178 2181 4528 9454 2774 9555 487 542 
4538 3242 3023 5151 205 2943 2453 5736 8276 6404 4266 4267 9914 
3343 3988 2398 454 2157 2333 2454 2865 5754 4672 7937 173 10075 8247 10724 235 2342 5136 7068 7745 10891 186 1027 3324 3556 5636 5728 6785 
3020 2934 1605 3271 5349 1491 8536 3344 1516 5740 7886 5794 10260 3830 5058 2485 1056 140 
1881 5432 9192 118 1942 5363 86 2303 5607 9897 5448 11842 2985 2987 
5337 3514 1827 996 2765 3242 7665 3926 7553 9802 6140 494 11794 7662 
1544 4901 4908 5495 1845 6309 5359 7193 5915 3389 7156 11837 
5469 5320 7753 7585 1333 1516 3223 6748 8112 1695 4974 4015 7259 788 4349 9262 2421 2133 6708 
1887 88 6395 8234 1042 9777 5505 8747 3985 4138 9728 5683 10332 3290 
3756 1786 5139 199 7731 8540 4810 757 1187 2910 6788 4362 4598 6718 337 1260 5648 
4985 3224 2338 5283 422 2321 2626 2829 1459 10628 
2374 2564 3347 2746 2798 2799 2885 3953 2802 981 5720 2147 5441 4870 6051 56 
2324 2057 5955 11234 56 506 4797 6691 11097 1105 3451 4308 8548 12009 2278 2984 4419 10377 12040 
2415 5360 1105 56 2383 10786 3080 4902 8341 5351 2865 4909 2390 
4914 1619 3458 5237 5883 9793 7094 2488 5225 9176 
285 3406 1938 3206 3875 5558 4432 4481 4957 63 5461 6786 6587 5523 3667 89 9093 
1932 2545 3617 453 2489 3619 3630 1072 4747 6100 6339 1335 100 747 7353 1024 5604 4028 4939 5319 4494 
7328 4112 7361 7156 9867 2986 3246 7810 10037 11303 11224 3690 3731 4154 11713 7864 11796 10971 4357 7193 6770 11313 4911 11548 3554 4592 2739 4417 7470 
8256 2746 5849 5466 5754 2865 2799 3840 7448 3660 3368 5703 3246 4366 4592 6699 
2595 1260 2524 2373 3133 9476 2290 5953 10251 11563 10460 3416 
6879 3715 5849 3368 2515 1003 6948 8027 8616 4362 9417 2746 4357 4927 6040 6138 7239 7873 8810 10395 10578 1024 1165 1713 2485 4284 4468 4550 
2379 2283 5536 7071 56 3641 2746 5135 4358 10283 4989 9462 10760 5323 5324 7978 11161 8937 11153 11495 9542 
135 2903 22 2677 2676 2851 2850 3355 5226 5521 6274 
7764 2467 7945 1520 3152 4302 7142 7812 8009 11022 11105 6746 1923 3975 4308 4907 5480 8960 
4186 3736 3699 246 7986 11575 3988 4028 9291 4287 10375 
5585 1499 3300 596 1754 7358 802 1084 9653 4691 9335 
266 295 451 62 1649 4124 404 3322 5587 6696 3018 29 83 
7846 5596 3782 7193 10274 3210 9205 11838 11840 3554 5880 2210 5853 
7562 2949 5789 9210 2393 1695 2410 6227 3211 7399 1428 9106 9845 10814 11159 7460 
4414 4540 11782 385 3928 11986 269 5502 11392 5510 
133 21 4229 9121 3756 8954 3163 11511 7712 1263 10408 2078 
4885 9640 2214 3658 6645 10341 9225 1399 4491 1860 7838 7407 6683 6960 8480 
2260 96 3931 3901 6932 559 4364 503 6274 11862 4822 11943 
586 3347 5358 8243 10455 4649 5645 2393 3276 4854 7274 6221 9820 10332 
1429 851 2685 4035 1827 829 5861 1017 76 6174 7584 94 4972 
2506 1817 1827 1842 3427 1618 1249 4225 666 8138 3804 11847 11221 10539 1871 9952 8275 10203 101 
32 6085 1053 1009 6183 7793 1212 5 1827 5644 2910 4234 5566 8073 
7663 6141 5560 8993 5848 11575 5846 1490 1489 4006 11943 
780 1727 3798 2645 6988 103 533 6121 2935 1086 4565 6914 5799 6755 
3883 3810 738 796 2372 8312 234 2085 2342 4263 4764 8672 2506 
1365 135 3812 2354 923 7363 2911 4503 55 1913 6144 9878 11840 3389 
8264 3347 5668 5495 3514 6786 3249 8461 9527 2808 7392 
602 172 5804 6460 6452 1660 11006 5231 10706 9802 2364 7099 11368 11818 
5184 1361 4039 8563 3866 1333 1499 6318 464 
7809 2741 3455 5000 6219 6309 6395 2364 7099 3795 11156 7156 7167 8518 
6624 3881 1698 5198 5200 6457 9379 2813 2753 725 2062 2545 7103 3738 3739 1955 1954 7038 
2590 4570 6147 3290 6184 573 2467 8401 11173 2900 10437 11303 11299 8017 4308 632 9356 5584 7939 1612 
4907 7603 5449 546 8741 2182 5654 9945 5824 3689 
2255 96 3440 2645 5754 7720 2523 3956 2391 5570 6057 8758 
4064 3374 5222 8793 244 4222 419 7957 3376 311 6776 4795 8327 529 7726 9540 10838 2452 524 6944 
425 4565 3509 4006 5800 3550 5771 5796 2437 5347 9974 6111 35 6065 1477 
4009 3985 2602 4105 10437 2226 2583 4358 5674 9305 6313 7164 2549 11593 3075 229 
7387 2012 2475 2579 7859 9210 2933 1212 3211 1165 7712 6066 10129 
6796 2644 979 1772 9113 10814 3664 3870 9846 10979 6931 10318 10648 
4668 2746 2885 5674 9728 3152 6633 7923 8020 4137 8903 1535 4532 5363 328 518 922 2068 2523 3082 3399 5944 
478 1721 698 3292 4695 8534 8981 9735 7089 1499 6810 40 82 1796 
5764 3387 680 2181 1620 2566 8739 9607 2135 9460 11061 
1915 5849 6057 2147 2126 10327 788 6138 755 809 8134 63 5461 5884 
7104 1499 6557 1072 5842 1366 1363 5989 3693 2792 4094 
515 1947 2256 4859 7059 42 9527 2577 9034 8347 12027 
1483 2557 1165 1879 1955 3247 4627 5948 6678 1825 10380 4702 1075 2763 62 3277 3926 4649 6655 8915 10559 124 2416 2889 2994 4540 4734 2064 6338 11509 3391 11736 6513 2850 6952 1062 2645 4571 9929 5159 7613 9685 2833 6119 2855 4482 4569 5033 6102 9891 10774 807 1477 2152 4776 
2352 1624 712 1345 2772 1632 1075 2353 7461 5277 1062 1879 3568 4661 8954 8399 1181 84 4786 4167 7170 
5857 1632 1602 7341 1165 9084 6268 10648 3978 6531 7347 
8003 4167 12107 9019 10936 2418 4366 9704 1870 6897 2305 
310 2157 6057 6156 1860 490 4037 6151 452 5420 6742 5736 7725 10562 495 8932 1727 3798 2475 956 
4887 2765 983 8634 10901 392 452 4568 5325 6233 2410 3436 2920 3113 3550 6547 
3182 3223 2147 2746 3725 2114 2885 8009 9581 12020 3290 
2311 4498 4500 2702 6627 5885 2621 7291 3242 4390 3513 
3837 2373 3133 357 637 1713 3715 2851 3988 215 7271 
196 1840 9507 1765 8978 10689 9425 84 9853 10502 5056 
2903 5897 3231 5349 7738 1741 6283 1946 6284 5163 482 4087 6777 6822 8308 9147 125 3780 7536 8051 
2503 3593 2317 6109 1624 5915 2264 9037 3246 4482 
2321 3427 1121 1560 5264 4592 1954 7939 56 3310 4787 1935 2210 3368 4911 7288 5129 829 992 1860 2587 2602 2885 10779 5038 5644 11234 1721 953 979 3953 7405 7452 9849 
7511 5077 3999 7745 8432 5113 5116 9493 1377 2042 
4769 10895 1115 786 3232 2061 2147 3412 5441 2340 2682 4788 5891 6472 6633 281 5161 1226 3957 
1582 3554 4311 7684 8966 2410 3505 68 5140 6471 6777 7187 1165 4028 
7559 4491 5406 4787 8555 5320 2746 1423 6138 4367 2602 8898 6802 
2273 3344 2136 3305 1474 3426 4463 4785 8302 3207 9372 10168 7507 3485 7360 2475 9476 8629 2487 4432 4481 
1992 982 63 727 788 5237 5461 6309 1573 1615 4939 
29 4540 4 1361 8563 2344 3097 6232 6634 6930 7108 5417 6627 8072 1573 84 134 1333 8277 4516 7939 
8059 3979 4603 3400 5818 7341 5885 2962 5559 5659 2254 6637 1947 2323 
1625 813 8292 3985 2602 3989 8433 12068 7518 5891 3554 63 5461 
5392 1883 2273 7732 9265 502 2820 3890 7906 1298 2437 
6971 4570 3398 1979 8671 1234 1962 2655 6859 2878 2881 10137 11678 7274 2410 4649 
59 2814 6452 7024 3684 8384 10178 2727 5058 5345 5960 10252 1882 1096 380 11242 
6591 3922 1801 3397 5876 3396 10280 11131 8465 1049 1061 2727 5603 804 2388 2423 2857 2191 7520 3240 
7742 5262 8131 2368 4797 12119 12115 8441 1514 4098 6694 3227 4256 10648 5120 9239 7505 3012 
3039 143 6623 3152 5486 1490 1489 5909 7124 1695 6982 
7085 4110 3425 1078 9906 5272 6138 10772 3677 1176 3862 4598 5260 3082 
6730 4390 1827 4467 2222 9012 4403 6370 1842 6645 10019 10258 4841 1212 
2949 4592 4308 5740 6269 9802 5735 5736 4517 4588 10519 5445 5480 11368 
387 5260 656 2726 2794 7253 814 3954 5159 9293 9159 9196 9497 9498 10013 
2375 5524 8709 6192 7267 2342 638 3347 56 2865 829 1012 3223 8970 8504 4035 1933 5549 233 
5579 1407 2753 8270 6619 1689 4154 7041 11091 4829 4873 5549 4451 7662 8719 9607 533 
5867 1709 1152 723 2173 5555 7073 7096 4142 
6734 3544 11314 2153 2373 3133 3622 5517 7602 950 1322 2545 
4592 477 3375 7142 4907 9574 7274 1086 281 753 7016 9443 366 452 
4801 2286 723 788 1135 374 2051 4839 9073 
3825 602 2036 590 199 6165 6170 685 6814 6135 
7822 5387 3210 2921 9012 6209 6210 6359 4411 4577 4581 3404 1587 
1538 5645 7761 6625 8137 6744 5379 1849 7708 2597 4035 6924 6875 
4990 1007 2128 8499 2500 6288 3785 421 4810 5179 11794 
7266 2371 4313 1946 6283 3659 1182 5683 2126 2369 10327 7517 1239 8983 1817 6778 
3436 4360 4431 4484 1933 4170 5266 440 5472 11547 3602 4455 8740 6931 2425 4780 9226 168 9404 5474 7584 
7461 5645 2742 2182 4535 1727 3798 1333 3715 3461 11111 10726 3242 3752 4124 7027 7332 5989 7153 
7151 6075 10551 10219 1496 6840 6495 3620 7795 9591 10499 5497 
4028 182 515 520 5591 5213 3076 231 11394 2028 5240 
6685 8687 3416 2386 1081 6221 7164 3278 3015 1647 804 2217 1110 
6355 3988 3903 1165 6298 6678 2903 1906 5311 5511 6451 6730 8133 8504 
1342 4110 96 1896 2331 10605 3225 1954 3424 6210 8709 
2280 5262 1226 2851 1065 124 2654 2850 2410 1777 1942 10726 12030 56 829 2515 6057 9321 
2184 5849 3494 4321 4902 5596 5597 2157 2602 2807 9784 95 1905 6916 
8196 4421 4390 6378 7632 2425 5472 3242 5860 9089 9962 4947 11750 
2412 3990 3616 2575 2151 98 6276 5457 3227 3249 9279 10293 10251 11572 
4460 4570 2373 3133 5078 5271 8762 4380 2596 1436 1773 
371 4575 1812 3598 5354 6979 10055 4592 1477 4776 6849 3416 5610 2748 2024 6739 3247 11083 5140 3418 10062 30 981 
6135 5668 2554 3932 2247 2639 804 7311 764 9253 6878 3276 
2737 6273 6564 6319 778 4566 4631 7377 3497 2660 2931 8159 3718 4363 3717 109 
1838 436 2875 5756 2333 712 3047 1680 3467 6771 3310 63 5461 
2346 2164 4335 495 804 5736 4234 1615 5319 1012 7252 4966 
7560 2453 3871 2362 3428 9040 9845 6913 6914 6915 6922 
7643 1516 1477 4776 4317 4542 8458 4164 8990 11159 4782 8641 
1157 3926 4163 4445 4835 6344 9188 2878 8957 5480 8958 9018 9349 55 3227 5963 10013 5537 8499 1940 
505 2905 124 807 113 2217 3336 3865 3926 6233 4345 40 5262 68 3458 1831 5964 7185 57 4086 1499 
4374 3344 6086 11549 262 2769 3755 1381 5623 5894 7684 8966 
7506 2746 6057 1858 3295 4442 1364 1502 4634 3615 8518 
7732 4967 3168 2712 1678 3584 3956 6616 7730 8466 9554 9771 7648 
8134 2349 6399 3396 4432 4481 4957 3811 9533 5353 7416 
5324 6564 1727 495 1325 4431 4484 6092 6678 3587 6164 
2763 113 2639 4900 2160 5325 4968 4592 9391 1867 1736 7542 7904 916 3540 3541 5360 3925 2393 
4986 366 871 4112 7464 6637 5058 7536 5411 5842 7291 4512 7515 
4726 3344 804 9530 1647 6065 5873 2885 3840 705 7458 341 11608 
7896 4460 2765 4524 3991 1721 2515 4638 11356 2881 3514 
5911 3344 10495 10227 2064 11248 1831 5964 7252 708 1850 1878 1886 5420 2410 903 995 
7446 4309 10168 11317 6027 6317 6901 7143 10066 6058 11583 3352 5702 5703 7164 7166 7172 8846 9305 4006 12100 2100 5059 
7980 4152 5904 3711 2505 3290 3584 5953 6233 1827 9192 1994 10786 
271 2379 3315 11056 1678 5361 6917 2373 3133 4649 5876 4496 4499 7124 3277 4986 5736 3632 4103 2144 6725 29 3247 4804 5393 
7608 5250 3402 2354 2652 3320 10042 2808 10777 2753 3926 3347 7975 3485 7151 4519 7122 5800 1474 1525 11048 7291 11719 
8263 2791 2805 2835 4032 5659 10817 7171 10796 4002 4986 8884 
3289 164 2269 5928 7361 2383 8709 4028 1165 1051 6221 4313 4634 8362 8754 8311 4911 7448 7889 
7190 5173 1065 3303 7720 3956 5220 2545 5218 8862 4031 11219 
4535 871 1496 4571 6165 1499 1522 6951 205 455 5613 
5712 643 1860 4138 5171 5631 5885 8975 6291 9747 6292 965 1133 5790 11803 2198 
2586 3667 7323 8043 1272 6734 4449 10815 4800 1728 1664 103 8399 8424 
2483 5458 8810 7347 4517 1121 1560 1860 4783 5876 6812 10849 205 5446 9612 10385 
2904 1954 1492 1952 6919 3427 1953 1474 5741 8832 7418 5366 6840 8671 1079 1094 11940 3286 8317 8862 4649 6029 6577 
752 5291 1812 6694 8079 6024 9163 9562 1724 495 264 
1039 5736 6362 6742 6267 5420 1600 2453 5881 5961 57 4086 10564 2379 4011 7159 1804 3863 4401 8050 6272 1852 205 7702 4028 5140 2590 3545 11468 692 7065 7365 2008 3692 9192 10364 
5679 5849 779 4129 2580 1842 1895 693 643 8725 8394 8672 2343 
7289 2741 6635 2781 3404 6928 9862 7079 1213 5647 2386 
2605 2743 7090 8458 8110 7185 1106 7030 9259 8516 100 1734 
2410 56 3661 5849 3088 2126 10327 5496 4358 4398 3660 11224 8320 829 1212 4902 11840 
4487 1062 5928 4835 450 8547 7016 10418 295 451 653 
5182 1361 8563 2949 1496 9608 12124 7458 8273 5771 11245 464 8507 2751 2230 2129 8614 5345 
6106 2064 3231 727 3697 778 872 1075 1713 10658 2496 2971 4914 6537 9028 6109 8504 
904 2274 1118 2551 54 3721 7410 2313 706 3776 3670 86 2303 7802 7184 2382 10979 9771 1969 
6923 5198 5200 4459 11764 3342 2230 11597 11746 11748 1933 
3428 4603 6528 5517 9332 167 5023 4006 3352 10113 5632 5163 6150 
460 4781 2390 829 4902 4783 39 10388 8020 7409 56 6338 7932 3931 76 8032 923 153 2952 8747 4907 985 1021 1039 9777 1146 
821 9222 4659 4653 4838 5339 3996 440 2261 2356 9070 4221 7959 2342 6944 804 3416 5577 10026 6810 1468 10025 2545 5231 9540 10760 3337 5722 8958 11461 737 2993 
4438 292 440 428 3576 6087 380 3809 3577 2353 7959 9070 7755 7807 1273 
1778 2164 4802 4209 7264 6814 2888 9816 727 952 1165 1499 5420 6114 9312 9574 
787 3595 5909 2580 490 9527 381 46 1910 2896 7476 5736 1861 11551 
2895 4902 5386 5441 6783 2129 2734 4457 4911 5148 1505 
130 5432 3234 11982 21 2118 6233 8317 10402 264 951 8096 
1586 743 4455 3936 614 2252 7509 10228 2349 68 1831 
6799 1574 1491 7378 8381 2896 9570 2878 2544 1713 4940 2315 3427 
4972 2393 3694 3812 7476 2872 2878 366 1706 1717 1721 3322 8043 10979 5535 4638 3606 9442 3075 3845 4554 
5067 3631 4080 2356 4435 2388 9133 4575 1361 1496 2149 2427 4658 5493 8563 10147 5038 3991 5019 2904 3267 1075 1165 1464 
6059 788 1499 3344 725 1335 1521 2355 3416 11006 4658 8078 2273 729 
5114 2743 6678 4169 2025 2397 9359 1499 6618 4540 6633 3988 3413 3398 
5307 2767 3727 7190 5789 1831 5964 7022 9259 2393 10439 3484 2210 11416 5038 10232 
1000 829 1193 1212 1646 10280 1502 4387 11807 1870 5038 4087 9020 9021 2717 8555 2079 5214 10232 4907 6777 3585 3416 2305 5705 4406 4392 4402 10126 2210 
745 5169 4480 44 4432 4481 4957 6201 810 6042 6338 7020 9866 3783 1634 2856 5909 9793 
2818 6635 5415 3249 7999 4989 9462 10497 6405 11225 5881 1850 1878 1886 269 9239 1553 10576 1801 10069 119 10484 9347 7536 8358 
6176 2426 3231 727 2465 2217 5909 855 9343 7290 7692 
3870 3527 3256 1753 4638 11537 9070 728 2248 4549 292 325 
163 1128 1499 3924 27 4869 6233 1573 1812 84 4929 2217 10278 1106 1615 7065 
2406 5326 56 711 2974 829 6897 2147 5441 6777 7002 8432 2369 1656 3716 
1707 62 788 6203 1516 2169 2554 1512 4805 5032 2230 4028 4452 1915 
3621 254 2036 5568 4221 311 257 330 4240 274 8212 
1921 2181 86 1236 1444 2303 3175 4080 7361 3759 6294 11348 1321 5158 11191 7400 
5100 3105 7729 6616 8021 452 3743 5640 8556 4702 9414 
7320 6522 3101 7441 6923 12020 2809 10037 3347 10257 3428 1212 5891 6122 
4239 246 9008 6164 5448 5052 7978 3277 3753 1574 3728 4130 10480 7008 11053 
8026 1890 5533 2639 7006 7389 8475 6138 3290 11828 2739 4417 
2407 56 731 725 788 1345 2174 2461 3817 4591 5758 2885 829 2150 
5205 4494 1601 1687 2014 7504 3858 5721 465 1658 4932 10060 
6494 1749 2424 860 991 3381 6450 3701 1867 6463 1869 9270 
7099 1073 6161 3788 6247 1408 4432 4481 4957 2685 3835 7647 
1995 63 5461 6614 8288 8292 1212 4405 4311 8285 8614 829 5378 
132 3101 5961 2609 6638 1811 21 3790 9498 500 6339 7058 7439 1020 5044 7485 2320 2668 11159 2410 2904 3267 6073 7483 9964 10365 105 8082 973 5424 2516 
7747 6635 1499 7631 10026 7527 9545 5150 10497 11222 9275 9034 10777 11225 2545 1782 
2469 477 2094 6281 436 6274 3441 4268 2249 7460 8082 8298 5159 1813 92 6144 4571 2545 5847 9951 
7827 4415 2147 9902 4402 4419 4406 3856 10126 8970 1590 
7759 2487 2490 2948 3866 3962 7838 1516 2488 1611 3303 4777 
5065 3355 7065 2839 404 2219 6760 10680 9977 2474 4913 4912 2818 1546 
2302 6635 4398 10208 1838 11299 4035 10086 6144 5038 3347 56 8567 1801 1549 11963 118 1885 2365 
6679 1128 1298 7278 3833 1341 5236 1736 2545 2888 3174 7611 8066 11863 11083 3684 5556 
3830 2229 1658 6700 7792 7016 495 533 2978 353 281 197 1713 2329 3718 4801 4363 
3057 3984 1805 2618 3275 3386 3889 4357 6056 2126 10327 5596 9321 8516 145 10280 10232 
137 23 4890 7347 4350 7860 8018 2751 9605 5882 7753 2230 2942 9521 11834 2669 4452 8138 9939 2796 11307 11888 2962 3508 
2166 1653 2617 5458 4168 4786 8714 4035 8963 11623 4329 95 3514 
6727 1719 5546 1663 1647 4762 1516 2410 8990 4638 6207 
8019 5471 8404 7185 7193 6257 11173 2808 11840 12118 8061 6395 1885 2365 
7725 8954 4868 3210 1713 2393 8041 7047 4988 6651 1512 
1986 7470 3347 1627 3600 3842 6780 9217 2739 4417 150 2791 4702 7401 
850 2147 5788 4908 4901 4788 6615 58 9640 2388 5265 4418 559 2485 3257 5119 2819 5495 3159 3412 3756 5901 8321 5074 4146 4989 8998 2999 5962 8781 2876 3665 8696 4308 5702 6374 4429 5362 7904 7587 4311 7287 
815 55 6208 4411 5387 6356 6377 1946 6209 6283 9357 6382 7819 6374 
6842 3231 6138 2485 2470 3655 8027 6953 992 1946 3931 5422 6283 3277 2876 3727 4206 
3163 3247 150 7408 7910 6319 6100 303 2144 3262 7686 9317 2660 2688 
1808 6277 804 7489 83 97 1016 1073 1072 1075 4339 9545 8355 8359 9507 9067 7998 788 6257 1888 9644 
1795 1302 4794 1591 7073 8671 68 3817 4041 4232 6577 8556 9679 10228 10299 1089 7328 2489 11358 1466 3878 10257 
269 1823 7721 1474 1946 6271 1977 7046 725 3834 2147 4288 6403 
3665 5793 3913 3329 9054 1665 190 2515 1182 9699 11511 
1928 2767 2672 541 4386 4592 4989 3427 3901 1165 9210 2908 5038 3348 7264 7517 2147 5456 3299 4118 9215 3859 56 3405 
3719 3294 4321 6057 829 3119 7572 407 1186 3246 4736 5570 7938 173 618 2342 7573 10053 10724 233 257 330 470 5157 188 963 1418 5387 7671 199 281 716 887 6437 2261 2772 5493 8614 7002 2804 5573 6880 276 4331 441 477 1874 
2487 5646 2925 3113 5198 5200 8078 2011 5794 1165 11818 5411 5626 92 
5336 3578 1806 533 5876 7514 11019 3226 7666 1783 494 3712 
127 2005 2065 5788 2023 3427 5350 39 6184 4147 8066 5720 20 1935 3310 5624 6932 9411 2799 
5209 2804 465 7873 4412 1955 2025 2958 11736 1069 9255 9125 4841 11076 
318 7604 2321 1499 7135 2645 6605 29 8450 10026 4986 7978 7834 7633 10251 
7521 6448 4911 1360 1556 2142 2515 3918 2410 3276 6590 6932 
101 4432 4481 4957 6683 7156 7720 434 967 2217 8150 6484 3335 18 
5354 7691 2153 4745 1632 6901 7077 7079 9874 494 3862 
5808 1600 1118 5522 11539 9962 4482 5571 5582 6683 6778 11358 4403 4538 6247 3368 9518 7871 1624 6395 2567 6111 1670 8078 9845 2230 5448 8518 7765 8004 736 
6118 5736 2862 1461 4091 7402 7836 2217 3277 7458 1594 1464 1516 8812 
5942 6674 1637 6729 3620 6786 7154 3458 5483 744 6829 1001 11356 787 2727 4019 9964 1006 4746 5058 1960 11939 
8266 5656 2823 3867 5721 6800 10727 4150 6174 9616 4124 
2817 5915 5231 10607 4994 10283 4989 10689 1298 7978 11303 11299 11016 11098 7621 6405 7633 9279 10293 3249 2437 9541 11563 10460 10483 6026 5881 3664 9239 
1098 1526 4852 4712 6627 6361 3980 4802 2379 6356 3099 3856 7400 3242 3262 4815 5014 6023 4947 5981 6142 381 1474 6531 5882 2320 7520 4409 7160 9111 8754 3890 8110 813 10970 10926 4517 11124 9374 
1810 1704 5736 9551 9556 4205 9129 9741 7613 7252 80 452 727 2120 
3877 2192 3591 4939 1573 264 951 6338 8671 4363 4848 
7193 2567 1861 4554 2813 4432 4481 4957 6751 11512 10587 6045 
2030 2639 1776 1741 5058 4997 7229 4951 9792 1242 5283 2827 5765 7624 1260 9419 2449 84 1381 2358 11960 5163 9854 6807 
5568 4806 727 1396 4835 6758 1536 11356 9509 1468 2437 4516 3831 8066 533 2243 1516 6302 9199 2386 3748 1436 1773 2545 3413 
7479 6385 2410 4474 1165 1670 5319 1490 1489 9094 9093 
4443 400 4795 2739 4417 6272 7441 7810 396 11836 4420 6638 2131 8957 9210 3389 257 330 
7749 4432 4481 4957 2862 5559 8758 10750 1518 2794 5058 7767 
4429 5031 2815 3935 11383 8390 847 971 1355 4785 1448 1450 1358 1436 3570 4067 1120 1320 1304 1758 5895 2473 5764 3997 9983 5899 1306 1330 8487 1080 687 3129 3185 262 320 1324 12127 3175 8554 1114 3074 10314 
7144 1830 5415 7535 1955 2533 6140 3023 4360 4432 4481 4957 5151 4040 4237 7838 5848 7636 1779 1512 3664 9559 7873 4468 4011 2453 5169 2208 10838 10689 8066 11358 11352 9448 9783 1185 5348 9542 
5323 495 5319 1499 2217 6039 2700 2321 3416 5333 2322 2080 8133 8635 788 1516 
5685 3376 693 3728 3936 643 2173 3422 11085 3913 3856 
104 326 5570 5741 1215 8070 5736 7661 3638 1056 1166 7295 9806 10581 3277 729 5735 2544 2323 2356 4263 8293 8555 11081 11095 11818 9443 18 
3580 3347 4222 2765 6982 6063 269 216 324 579 173 233 292 281 374 2042 4764 5345 199 260 235 528 6440 
4923 2893 3214 2792 4482 1494 410 1183 3188 5448 3301 4377 
6294 821 2746 6778 1212 3776 2005 3246 2685 7400 8810 4654 
8048 1923 9199 3345 2681 6401 10203 5515 5881 11518 1920 7698 
4376 3241 2753 3988 5255 5365 8504 6113 1396 5876 2453 8079 3398 3322 5459 495 2837 9212 6233 7729 1981 5827 7153 11639 11646 6141 2503 
3131 3957 2142 3931 6026 6138 6330 7939 3032 3430 4787 7446 
3822 2863 5151 3022 3458 3007 5157 11621 11492 576 3119 1426 1034 1091 197 696 3151 
1761 2671 6755 1212 5507 6313 6657 706 63 5351 5461 905 5736 1860 871 8103 
6131 786 4040 4237 6933 8134 8106 6976 4143 5161 
5569 2187 9601 8358 2144 2474 2290 533 1135 2129 2498 9768 10832 
6569 6523 3394 4210 7341 813 995 7384 11092 1831 5964 
1984 1765 11539 63 4901 5445 5461 6309 142 606 4657 4833 
507 6920 41 2947 6146 1563 5888 9850 8243 1993 9964 1235 1376 1618 5420 5770 7238 3200 3743 1374 6167 8241 1754 
5470 1646 1298 3347 5448 10259 6401 1512 3988 533 6725 2971 8466 
3425 166 3432 4221 7478 5658 5974 10026 4686 265 2718 6944 887 10664 
2002 110 6356 4406 6357 6374 87 546 6382 488 4410 7812 7600 8870 4392 
1009 3080 1991 4907 6352 8957 1556 55 2463 3075 3337 
6997 1050 1376 7217 3396 9771 2920 8546 5163 7337 4432 4481 4957 11700 
2076 3400 4661 4485 4884 4839 925 1802 2144 7438 10437 11401 11200 1615 3280 4297 
6705 5878 4352 7158 2432 3560 3863 4616 3865 8549 7488 934 1165 1069 1885 2365 2545 5052 2446 11563 
1040 1835 57 4086 4498 4500 802 4006 1474 2850 5226 6186 
1685 3434 5891 2876 6242 3386 3931 11178 12039 5514 1212 8810 139 6066 9572 11323 5194 7159 11169 4458 11803 2870 2167 4455 7951 5754 56 2369 
1189 3983 3985 2819 9581 9536 5100 3290 11828 9537 8860 64 4311 
6111 7470 730 2466 4911 5206 9999 4778 11862 7135 11338 11766 8134 
4659 4222 311 6033 6627 6784 8954 10206 5776 2219 7937 7973 4993 
7869 6615 7819 7405 8970 1860 2278 7166 9021 1646 2604 
8057 5597 8503 8504 6932 4074 8950 8134 9632 9404 2065 2597 2602 9210 9697 
1960 1065 133 3598 68 4815 9687 2379 4024 4897 1218 5507 11358 
5112 4360 4480 7039 4484 1954 10171 9230 4432 4481 4957 1573 2217 1105 3503 5038 4870 
6690 1065 3956 2832 4432 4481 4957 9448 1727 3798 5736 11072 10055 11851 
3244 1776 2950 6423 9134 8470 10026 4669 7202 364 10430 3277 7978 4516 7790 3862 11062 399 11572 158 281 4863 349 963 930 199 7543 8764 
4144 5912 3834 733 9322 5577 5177 5179 6728 6832 7048 4222 5581 3755 2074 
855 1062 2310 7010 7960 841 1382 7350 7650 54 991 9665 6691 
6888 6102 1171 1490 1489 1879 2791 5735 2652 3320 1477 
2930 712 2212 8695 4695 5049 7183 1499 5545 404 4349 6696 2396 6029 8014 9416 124 2453 
3423 4053 4395 166 303 380 1695 533 3347 5265 4575 5397 9070 5714 5939 199 2208 653 2600 
6114 1836 1842 3554 4657 5445 6111 730 1827 3712 6113 4129 1199 3813 
4768 3415 4935 1983 5181 281 5182 6182 3422 8612 1287 6118 3242 3631 1707 3167 6515 2393 2568 488 4939 6669 1075 8355 9253 
6786 960 8030 3385 5884 6813 10315 4392 4947 11840 4540 
1784 2949 1490 1489 10168 2162 3458 1053 68 2545 3931 4632 
6560 5220 2954 6743 1689 2723 2156 1499 2646 4288 5938 6322 7358 8393 3664 8778 2204 7742 8789 11338 725 1185 2349 4034 4335 
1022 802 262 57 4086 4437 7498 4947 4691 84 7994 
8052 2605 4020 1925 9121 9370 2024 8814 3931 11353 2566 6928 
2963 133 2354 2393 2381 3722 5365 1572 4893 1678 3427 8317 
5504 5563 8326 7692 9896 11220 9279 1573 10630 6694 533 5736 4986 6027 1474 1094 9540 11719 1831 5964 
307 6385 29 2956 10138 3242 4827 6452 1329 6546 3207 2217 1499 484 
3471 3400 4225 6397 7048 5136 7686 9223 3007 5710 4669 8295 302 487 3151 7080 7128 7015 2579 9946 5080 6182 175 
4770 281 1156 3456 1502 1506 5790 7717 2579 2804 9418 
1725 1053 1477 4776 7536 7974 9037 4284 1010 1086 4112 6627 4534 81 
5003 5646 1056 4691 683 1529 3584 1854 4843 805 3568 6914 6922 1031 5009 6457 6918 7039 8701 
2070 2598 1573 6627 2230 5683 91 366 1169 1490 1489 2024 5376 
1159 6334 11539 4374 8613 6735 540 1035 4398 11016 118 2797 7801 1646 10232 2772 4308 10821 2739 4417 8322 
7005 5891 3648 7873 2460 10764 2780 6638 1923 6934 9977 1165 6026 6254 4749 
1651 2430 4358 705 4146 1802 6051 1849 3554 4129 7810 2949 3335 11155 73 4124 4870 10232 1803 3322 10280 
7205 6349 9527 8471 3045 10228 9115 2993 9512 1130 1798 
8006 3812 5849 5037 8020 2181 5445 2109 3840 3593 7873 3147 4468 4284 4903 10316 7071 10037 2602 
8009 4419 2277 4402 4392 8998 1870 1946 4387 6271 6283 7712 
1592 11539 5645 8461 4870 8320 6932 4387 7720 4040 4237 5644 10017 12027 2210 4036 3974 8343 12034 122 10172 3416 8657 4311 5314 5323 9658 5220 68 1199 1647 3367 9951 4501 560 2723 8876 8070 2797 5556 6121 9270 1590 2696 
2587 4493 4308 5766 494 5768 2306 2727 1130 7400 2409 9377 7753 9896 4575 5231 3249 11222 11224 4989 7998 7999 5514 8107 9279 7633 10939 4900 6674 7363 11840 3684 4466 2114 4479 9697 2002 10483 7812 5012 106 3231 10950 4884 6943 10628 5448 4839 6542 7553 11708 5527 8509 11736 2545 1553 11225 9749 9853 8903 1399 5487 6061 925 7519 4772 7505 6777 3930 3352 7291 5381 9977 11719 3863 7632 6730 11490 4773 11535 3795 1801 10226 11839 10991 9591 11158 8404 9758 2993 9512 4491 3359 9962 7057 2690 8070 9767 1831 5964 1124 1796 9189 1146 8705 7817 7385 6142 8576 10230 119 11424 
5656 3347 6274 7061 533 4586 5853 4531 3815 10232 11098 
5383 494 7094 8208 10154 6452 5615 6621 8193 8186 9497 
1298 2592 77 4787 6224 10313 1902 2079 9462 3294 3101 944 1502 3740 7530 2609 3290 3541 4874 5192 7039 7213 8111 10037 813 2876 6066 7448 10877 1838 11433 11591 8651 11173 12093 7470 2515 3794 3723 
1902 257 330 3347 4035 9305 5884 858 2210 7684 8966 
6659 4794 8183 5576 5579 10751 887 3270 10380 2749 8713 10891 6901 4864 
3857 1361 1977 8563 7351 3418 5535 7468 8724 8655 6024 9163 9562 11143 
2139 1147 1073 727 4519 3354 5311 2410 5736 93 1011 4276 2322 1605 2395 2362 
1693 4591 6040 1018 1016 4335 62 264 747 725 951 
471 39 2158 3168 6629 6928 5988 1053 2200 729 11662 84 1776 5405 6684 7978 9735 9372 2545 5771 8562 
5050 440 4496 4499 453 1165 4006 10302 9540 9591 680 10483 10630 834 5800 7291 3352 11890 3335 
7290 3232 1222 1180 3066 4595 3766 4608 5438 3116 5712 
16 6056 4510 5441 10280 3 63 1207 5461 2675 2935 3322 5274 7951 3790 4028 4911 118 1499 5947 1831 
7483 1165 6454 6463 4631 7526 7527 1499 4482 4432 4481 4957 9227 
5409 1124 4563 3303 2379 2660 2975 4943 1521 3226 836 
6265 6768 6092 7347 8462 8078 4651 1064 7601 5169 6227 805 820 
3927 440 1008 10252 209 287 295 292 451 4671 11382 321 
3058 5679 6984 1282 2597 2602 4909 5441 6888 145 
1702 264 951 1016 2160 2763 1624 3210 62 981 2452 2682 3727 
8105 2114 4592 6570 6577 7156 4266 4267 9305 3495 8521 9778 8095 2739 2885 3631 4374 4417 4803 5754 11143 
2323 1466 3303 7641 4007 8160 11753 884 2420 5090 84 4530 4531 6040 
1180 1527 4905 3290 11384 64 1521 1520 1523 4541 2515 
6137 2345 3038 2827 10856 2340 784 4992 5765 2583 7520 7890 
6747 4035 6878 4019 4517 6492 8458 9238 10926 2214 4432 4481 
6882 1003 4102 6057 6777 2485 7513 2667 7448 10208 
162 3912 1128 1945 2545 6113 2944 3416 788 9075 62 500 4340 6678 27 3693 1366 1363 804 3584 6116 1334 1781 2456 10358 7545 9908 12119 12115 1554 10856 9542 11563 
1961 3939 3722 2791 1713 5740 2036 68 4437 6197 4517 4876 5829 7731 
4898 3236 3834 10211 7325 9346 9525 6798 8934 6293 381 4555 4685 6786 9143 7254 6323 6488 9120 9573 541 6556 11411 503 7153 11001 2671 3764 4545 4907 5261 8591 10630 11025 10454 5264 11301 6710 10535 2774 3584 8398 2727 3541 11298 1948 2217 12083 7724 1165 3277 
1868 3403 97 3054 4019 4412 6029 6174 6932 1168 404 1574 6351 1065 4169 1171 1954 1512 1998 6625 7039 559 1664 3211 4204 6247 675 2657 4340 2602 671 11209 2636 3584 4786 10249 813 8082 10051 7458 2893 3843 5201 8341 9497 10267 10781 3615 806 1299 4338 10043 411 
6206 2261 6944 6230 2813 802 6930 10726 2456 11579 2811 1736 9498 3427 
6926 1065 3956 3598 6905 1361 8563 3078 1296 3620 2373 3133 6085 3035 8969 11051 5503 
7623 1482 4661 3584 4874 10607 3438 3277 8628 9015 3540 
1914 2833 6102 68 103 533 820 1147 1482 2393 2702 2850 3783 
4719 2602 1118 3857 3246 6057 705 829 4357 4902 7633 6246 4517 3931 1713 2875 341 477 5351 5478 6777 
5724 6905 4517 3511 10917 925 4130 3883 7960 2420 2931 
1905 2609 3375 8823 85 1594 2317 3250 1521 7380 3347 4074 8950 4035 
5293 2894 2652 3320 1503 8204 6480 1516 2475 4223 7402 485 9210 
1946 4359 63 5461 8329 2455 5800 9213 2621 7167 4538 
5292 4983 2786 2863 482 1476 5390 804 7079 11994 11993 3149 
4086 1534 2331 493 999 238 2609 2728 2731 10556 2501 6369 1520 1727 3290 3798 
4253 1706 1717 1008 7016 8455 3284 2022 199 9718 293 257 330 7068 2081 
3009 139 3615 845 3445 1902 2121 5740 3309 
164 2621 1831 5964 27 1491 2157 1496 5528 8846 7164 3981 3986 6313 6474 788 2210 5527 1160 4820 1954 1879 698 4687 4800 5535 5873 7356 2383 3790 8034 8844 9215 6941 3484 946 1934 3307 3683 7193 7804 95 5768 4387 9023 9021 3485 2977 6824 3147 5279 404 6696 1645 727 7166 3685 5631 7535 6323 9957 8845 10939 7172 8287 8914 
2807 6309 3141 3031 11718 4800 11352 7633 11062 5357 8061 8785 1292 11153 2313 2544 4427 8341 6395 359 
3890 1156 3329 678 1917 3667 7252 844 5983 688 3238 3385 8655 8426 1658 481 483 4962 485 
7 3347 10259 9192 4746 10936 11112 6954 2406 9866 6471 168 
5442 1054 2936 4870 1118 5754 8693 3368 3584 7563 8686 
2964 134 1614 3013 1218 4335 4800 1947 1482 3413 2344 2904 3267 4023 1090 3403 3286 1477 3271 4776 500 2158 8130 8131 3664 495 4471 7113 4026 5736 575 
5835 1345 788 1512 4569 6778 7917 4994 717 4358 5763 
3638 4259 11375 2862 7880 1062 524 4516 5556 7458 7986 3013 7039 1488 2732 4690 9270 2784 
2792 3347 8461 974 981 8696 8688 4420 1549 5645 4870 
8229 6540 6024 9163 9562 5794 2590 10780 4354 8133 7185 8619 
973 257 330 1812 280 7215 8212 1520 1006 233 260 2321 173 4755 3389 4929 8291 6627 4833 
2084 1860 2129 2451 2639 3658 3660 4138 5788 341 2602 56 351 469 1491 
3038 143 6623 11233 1477 4776 5163 10726 2217 6233 8671 5904 7386 9585 6273 4411 790 799 
6086 3578 7528 2379 3857 4098 9302 9509 7400 5904 8014 1396 3155 
770 5740 5669 49 63 5347 5422 5461 10573 45 1879 
1545 6378 8130 2739 4308 4311 4397 4387 4392 4398 4410 4423 4417 4425 5378 8998 9462 7998 3461 2863 10483 6645 5705 1668 5433 6651 6934 9749 1391 2755 3210 
6847 5793 1656 5631 4523 4460 3723 3721 8618 11313 7838 8651 11992 1860 11966 5012 4363 5456 1003 
4558 292 457 663 935 6586 7167 1039 6138 6683 8709 5320 
6542 7820 813 1689 1732 3772 7153 7468 9794 2348 5634 10353 8155 
5603 3524 8470 9051 3106 4774 5174 1262 4870 887 612 2088 2452 7405 3426 10112 10113 4308 
4237 6057 412 2036 1794 6134 4645 4795 246 281 3329 9920 
2198 4465 4868 4989 9274 8956 7980 96 3210 6933 1802 
7252 3539 7335 2835 1835 4495 2219 4968 1800 4165 7871 1181 2437 3458 
1568 1065 2545 3322 167 2269 3437 4797 6039 2664 2949 5735 1633 9742 10062 5333 
561 8050 5397 4222 3564 204 2356 529 2154 2155 6462 7093 5768 4432 4481 4957 1482 4835 124 1499 3624 1734 102 1486 6142 1354 6255 6810 3583 43 841 873 1382 2793 5766 5989 6452 8079 2794 
4599 1345 2844 3556 6944 593 2827 322 606 3146 3631 7966 11635 4223 8701 9183 
7440 1776 6625 6732 4638 9471 11536 1165 6528 
8180 3290 4146 11905 7815 12039 2417 7159 4397 7187 6571 2305 
1344 4592 829 286 3427 3633 5100 2746 3368 6309 1842 7945 6471 9613 3514 5038 1860 3840 2388 1212 2538 2126 10327 8939 1182 7470 8954 6781 8358 5586 8580 2799 1935 2885 3484 9706 9027 1468 8066 811 933 1165 606 2305 1399 7641 8971 10334 4225 5525 3862 5468 9417 8386 457 199 235 6944 364 562 939 8650 6477 228 2342 
3404 2173 6633 4940 8709 166 1756 9920 1212 10024 2933 5584 10184 5192 
5259 477 8134 9556 7448 5389 8200 1510 5161 5104 5985 9755 9321 10768 7287 11769 
5618 1510 2862 1718 8983 1075 4141 3378 4795 1954 619 1134 
1176 2274 3530 11785 588 611 5237 56 9793 1212 452 992 4087 5666 6746 6897 8998 9706 10986 5754 64 
4929 2813 5735 980 1103 6560 366 1093 3632 3718 3926 5736 5909 6047 
813 5919 4006 7291 2996 4939 53 10453 10309 1523 4541 6212 
1293 3295 4442 3793 5901 4253 8027 2985 2987 4294 1628 1124 4313 10280 3809 180 4087 3386 2797 7374 
6296 4785 2452 5456 7364 10979 816 8990 12083 1075 8196 
8177 4105 4532 6687 8134 9020 4414 4634 5894 7281 8723 3309 10570 4266 4267 11612 
5771 7052 1001 5969 8613 6272 3392 6038 8616 2911 692 3427 5237 2746 
6844 2453 2557 981 6729 1661 2153 3370 3522 4045 4552 5535 6607 6927 11384 7232 
7669 5423 2082 6742 1496 1499 4742 7751 6564 7341 8623 4432 4481 4957 6416 
2761 1570 5266 2822 2115 3240 4443 2949 6985 6901 8789 6662 112 975 
1393 6210 55 6209 1811 1853 3517 2126 10327 3783 6144 6353 10078 10124 1182 9012 
6920 1345 2583 7193 10428 10315 6657 11162 11890 2157 2477 11803 11965 11963 3615 10386 1032 4077 11878 3684 6901 9262 9755 1614 2158 
2918 3397 464 4010 7341 9157 2231 2976 3247 2652 3320 6320 124 
2955 3541 4875 820 128 7752 3877 6564 6625 8138 8934 9738 1491 8502 7038 1601 916 2231 8066 7185 1721 
7087 11539 7408 6757 1491 4313 4529 3694 7760 3303 10013 1465 1105 4028 9518 
2703 3049 1899 4154 3270 7132 6513 9338 4797 9801 2424 2545 6691 9698 109 3073 3084 4276 4994 
5718 4870 668 805 2944 4924 6024 9163 9562 1521 11326 
7481 1165 4959 6332 1747 7252 8961 6730 11511 11356 7914 8504 
519 1664 1520 3669 6204 4907 497 3835 2587 8616 42 4027 5371 1502 10430 995 1765 3249 3684 10838 8433 11221 269 1525 11422 3276 6109 5915 3753 
4515 4031 3162 205 7695 8064 5546 9373 1473 2356 4034 
216 5903 5863 3915 10581 1728 2217 4398 5766 6061 2996 2765 905 1516 2393 3112 1234 1962 755 809 8196 62 725 1514 5029 6206 
2072 7401 91 1805 5796 9888 4813 2222 6378 4443 6859 8869 5481 8959 9350 
3304 1756 11559 2949 11736 166 244 4729 5157 11869 10450 201 388 603 652 930 3180 4863 5930 
6136 2273 4006 4739 7274 7847 780 908 2827 11661 783 1565 
2641 3427 1108 1125 1245 2397 6696 4340 8534 9180 404 105 3238 
5715 3811 2356 656 7973 1989 9653 10239 2354 4516 3931 2191 1529 5445 
2533 2067 5646 9017 5694 4487 356 3085 104 6116 
8174 2379 5660 2320 2404 2302 4500 4994 7998 9462 4986 11153 11563 2544 7151 
7794 4467 10025 11261 1553 10502 9345 7310 7169 1589 1885 
253 2644 6029 1018 2545 10066 3343 109 5193 29 124 
3218 6742 155 1573 1665 1890 2350 2654 2855 4527 
522 2137 1698 4432 4481 4957 6742 6582 7316 4482 7994 2545 1272 2217 4929 11048 6905 
2695 7263 3488 11006 109 1736 2995 3485 3622 4028 4535 5193 
2513 4093 727 500 6378 1804 3200 4389 3413 4388 10180 101 
5508 4533 3365 2797 4118 8914 8651 11877 6822 2602 
3694 2837 4491 4506 4507 4821 7596 7818 440 659 742 5625 173 764 4301 5068 5573 6740 8343 8790 6165 1030 431 5067 257 330 412 3119 6789 192 233 4281 3964 626 1145 1247 8957 1209 5237 9735 3664 5414 7344 9448 7417 8664 6351 8441 9507 11423 9256 
7647 7039 1684 7623 1503 4441 5831 9632 1695 10316 11250 
8032 4419 1895 2885 6931 1896 8045 7633 5231 1919 4112 5413 
7318 3246 2609 4911 5037 6976 8567 11172 4907 6522 10952 
7726 5741 5314 3338 9889 5507 8041 1499 9977 
513 995 6540 3541 6029 729 6818 804 4234 2753 9545 
4621 838 387 3232 303 6397 429 7958 2086 1118 3913 4240 8504 10232 
421 34 1131 8840 4432 4481 4957 7752 1652 2805 2213 6024 9163 9293 9562 4800 9103 5366 4853 2117 8665 496 4885 6750 7673 11653 1075 1499 11259 11818 
1802 992 2369 1719 7838 1212 8433 792 3368 3840 7890 4293 5013 63 5461 1942 11173 
3417 2531 1756 6197 166 1011 1016 4222 5776 6944 7235 7957 3141 3539 9209 1096 
2744 109 1713 2971 5193 1597 4345 915 3510 810 1482 5412 7364 
3398 995 7252 166 222 199 281 652 5222 9443 11277 3862 
6981 8027 7070 2875 3554 3174 6575 2675 3651 6948 7761 995 1723 4592 10024 4019 10958 9054 3347 11320 8747 
7766 5513 7730 3277 1525 2636 4124 3599 4455 8663 6859 
1720 1496 1499 1165 1361 3322 5736 8563 6024 9163 9562 3541 3926 4028 
5750 5076 4695 8512 4517 1492 7513 1954 3096 5131 6750 
2377 326 3248 6970 2976 3664 5429 1199 6109 3352 3391 5876 11274 4296 98 
5994 5849 1105 3670 3238 8009 9559 10280 11799 2865 9133 
5210 465 10628 5379 8754 4398 11300 10898 11062 11840 11964 11842 6309 3494 7923 7156 
225 1842 8651 5954 9597 3631 1860 3215 11143 1217 1615 1663 7341 7845 9811 29 11363 
1749 3554 171 10341 63 5461 1494 205 2856 3271 4049 
989 2051 3458 4268 5101 7255 3865 304 2636 7256 2428 6142 57 4086 7713 7753 5511 153 2952 11407 2225 7416 1754 2507 2988 5552 4234 6913 6922 5330 297 1436 1516 7793 9622 238 3137 4320 8554 1608 5646 9419 9626 9625 
4242 5646 2980 2022 3285 1546 9027 9977 4783 328 683 2468 9017 6414 1756 6176 3214 4608 737 4263 5174 533 4625 9074 
8232 6815 5915 6313 6960 4989 4081 3461 5324 5441 6138 4357 4532 7633 3502 
7953 4940 9568 6138 3427 5514 12102 3961 10754 11609 3835 
6984 2164 2486 2753 995 8237 3542 1165 5410 3697 1016 
572 3347 10259 6056 2746 9045 4112 7079 43 44 743 1376 1721 2147 4035 4091 4109 4746 5220 5224 5948 
1351 1748 440 5625 554 67 6000 2862 5699 10664 2042 10604 166 10890 
1590 3620 62 1056 4565 2379 1613 9962 5366 804 1649 2949 8546 8972 
1927 86 2303 2304 7167 7536 11338 3835 5371 8244 1860 6138 6777 11173 
3424 166 5438 195 5340 4263 5051 8403 1180 1861 3329 5518 
320 560 533 29 1086 1787 1325 1602 10230 106 
3162 1184 1182 2129 2157 2602 5952 6057 7187 1896 10960 150 7364 3276 10060 
8204 2602 2933 3727 4788 6057 8134 6777 9918 2734 7287 8954 8721 4927 9866 10037 
2819 3684 8302 8628 5577 9476 7470 8461 5515 4900 6492 11225 12115 11572 6850 3416 10502 11221 10386 
5634 9128 7364 2762 3315 6687 2334 627 2217 6804 8655 
2656 452 5760 3923 6054 8829 5367 103 9093 10168 9192 9866 660 10037 2354 977 2488 5836 6637 
888 1068 4017 5224 54 6586 6953 569 4432 4481 4957 6185 7903 10397 7363 
5872 1361 8563 3697 5989 1185 1979 3285 4116 3417 708 
2116 1007 1482 2157 5274 4618 7945 4911 6778 11071 10184 829 1935 2126 10168 10327 3368 93 109 533 570 2515 2587 4335 5193 5255 6387 6777 8204 11819 11820 7791 
742 2381 1353 1498 1815 3697 4288 6158 6682 7237 2218 7232 7640 44 366 541 729 819 1010 1717 2264 2684 2792 2926 3271 3599 3667 3696 3940 5918 5960 6155 6201 6244 6721 6899 6980 7198 7601 7602 8533 8814 9332 9899 494 708 841 725 836 873 788 1335 1361 1382 1396 1428 1482 1516 
183 3379 7507 3780 7816 109 5193 4419 8998 5480 29 
6460 3796 2602 1836 3294 5512 2807 851 1890 4581 5119 1165 5608 2084 2388 9501 2477 9133 5493 12043 1824 
126 20 109 2217 5193 1989 10074 6233 7169 10726 2420 
4011 4553 2409 9377 411 7883 3551 4871 6312 1661 229 
7652 4932 5009 6625 1492 8070 1651 5735 6914 5277 6404 3541 1499 
4746 1123 5549 7851 341 5472 6687 6831 8790 2306 8341 8292 2304 3725 6291 8290 3985 4073 5371 11143 2676 
5252 7038 7123 7175 2862 2465 4566 9685 478 1398 2925 1499 9653 8317 
1821 1960 1577 4466 4266 4267 6560 10607 3249 6762 68 366 1499 3598 499 9482 2696 5981 9347 
6931 1777 5397 8810 4313 1036 2746 4308 3514 6683 7374 
4400 3088 730 10628 1374 2597 4419 5493 6283 285 3665 
5479 3840 2675 6290 9885 544 9878 1860 9616 2184 1587 
3893 4967 4966 819 10196 3013 1869 6233 9448 1960 4649 2727 6203 6778 182 940 565 
4961 712 396 2602 2381 4114 5495 5038 7470 4040 4237 
7999 1858 2753 2437 9210 10408 2470 4577 9506 5865 3315 7303 
2 1 6725 2087 6216 1818 2219 5259 5342 8579 3396 6762 3397 2248 4028 6221 3336 9788 8219 
2073 477 2587 5608 9275 8461 11224 9034 11062 2545 11157 9350 4234 11963 
8277 3271 5019 2898 4315 3150 6060 5370 8194 6577 4835 
814 6209 6349 55 1146 1860 4459 1207 9706 6368 5038 12112 6057 125 72 5470 5875 9975 11402 1152 2159 3723 
5584 6376 5379 3347 4940 6737 6964 7913 3790 5559 9418 
1543 6274 3290 3585 2934 114 10037 6459 8244 11299 106 11963 73 11156 
3396 326 636 693 8778 303 7048 7089 337 3021 431 6830 4238 233 
6837 4035 3975 3977 2772 1827 3985 4392 1842 1860 3840 4284 992 2173 
7528 2774 2195 5405 3174 1646 1540 1385 6498 9712 9644 
5468 5173 2302 2923 1090 11957 1072 7065 7141 8098 7509 3349 542 788 8981 1325 873 4462 
3565 3508 4487 6045 10041 784 800 941 1299 2666 4323 4629 4992 5403 6996 11603 4240 10322 11738 
5624 5445 1499 6024 9163 9562 729 3409 623 9192 6070 636 6356 
8160 6522 2470 6021 3776 8194 3352 3835 6919 2734 4482 
219 1100 2978 2437 4940 6233 7811 5093 8628 6857 7847 8064 1652 7651 8160 6462 8438 4416 6627 3925 381 7536 1063 8215 1825 11881 3344 3595 9781 9037 8990 9650 452 8465 2148 1573 10022 84 476 1381 1648 7614 
1450 4491 76 118 465 6382 1946 6283 1589 1934 2703 6897 8324 2597 3207 606 
1979 6388 4874 6498 2805 1525 1678 5736 1835 4847 4867 4875 5611 1147 6114 89 1105 2168 4267 4266 8308 8337 10037 10152 10232 9396 10098 3540 6323 8428 9380 
876 1165 4288 7341 9079 2978 2545 5219 6674 1153 9605 3271 3541 59 3278 4550 5419 6456 8466 10387 2100 9656 1647 6566 7460 9040 3442 9702 3413 
5107 6109 1615 10630 11467 12083 1491 8564 2559 5358 6885 12078 8619 
414 31 32 62 93 871 1100 1475 1496 1499 1522 1573 1670 1684 1977 2108 2217 2423 2472 
3715 1860 7617 4483 640 9628 351 636 1136 1866 2328 2347 3936 5187 6441 6472 
1920 4441 5347 1747 6802 2173 6600 7721 5130 11305 63 312 5461 9704 1502 3711 3347 2142 11313 2797 4386 1875 1713 465 10672 
1339 3519 4580 5933 11876 8157 9270 1165 8687 7153 4535 
4747 2157 1212 341 7144 10674 7287 7721 2126 2597 10327 4313 7745 923 
1755 3410 3242 4805 5032 6102 82 5257 761 8528 8470 7742 1165 8010 5075 7432 7978 4939 
6282 4586 1024 1960 4335 5148 1268 7695 11383 5556 7524 10286 1652 816 2373 
4505 1065 1477 4776 1924 3598 4832 1273 2342 295 451 
6797 3210 9075 8682 8450 10626 11221 11062 11225 5797 12027 975 7291 3391 
6791 5659 3347 9337 1540 3022 2894 4028 2971 5273 6511 4903 3441 
3140 6208 10605 1954 2551 3152 3088 4868 1624 5472 6683 11130 1634 9020 8688 8696 5528 1860 8422 4441 
5549 7341 570 1516 4432 4481 4957 6913 6914 2791 6109 8934 
4671 1473 3078 3027 544 8220 10768 10769 3085 4673 333 
3077 149 311 6727 5237 1512 1933 3862 4234 5467 8934 7345 4225 11315 2213 9754 
1646 1016 1011 6387 7400 93 9491 10846 1889 1165 3210 7264 73 5490 2675 56 5163 7662 8472 2378 3240 11332 1801 1885 2365 11800 264 951 10437 1018 
3158 1491 2752 5319 150 1659 5876 7091 1024 2557 7078 
6706 6342 1756 3862 6182 3638 6814 933 6897 10232 10981 1940 7802 2126 2333 
6223 802 11383 5630 6185 1479 1340 9518 9922 6113 1073 8550 8839 11367 6905 5497 10235 1496 3632 10303 
7694 11539 5445 1919 4146 4820 3389 4080 10889 4870 4833 
5212 468 948 5448 1234 1962 6918 5760 2148 11368 7876 
3319 2912 2216 7103 1031 5185 9443 11166 180 222 199 233 266 278 311 
5735 3400 7962 4835 673 4805 5032 4411 9321 5333 7184 854 863 6746 5258 3322 4648 6329 
319 29 9381 4849 4603 5909 3485 9213 2423 2857 4207 6456 6462 5448 8286 102 8070 3753 1573 3547 6321 9929 
6083 1505 1477 2128 4776 3315 729 725 2753 3772 3926 
6647 2767 5849 788 6027 6901 4638 7478 2381 8996 11154 
7639 2340 8960 9499 3881 7951 1477 2152 2482 2670 3776 4776 7694 8470 10851 4963 5218 10202 
2398 56 6057 9321 2485 2597 10129 11178 2079 11143 1860 3514 
6948 1647 2164 2554 3354 4805 5032 1325 1024 4638 4161 5276 
7129 6678 7278 6351 4567 1092 3175 8047 7337 2379 4653 5339 
6769 3392 2026 2263 6057 10952 4357 4540 10936 2241 2669 3271 4560 10239 
637 4261 819 1332 1969 5058 6528 6958 10798 208 10044 44 
7488 1350 1728 3927 4192 8066 3396 4234 8499 9141 3322 3931 5875 11628 
6218 7185 3684 4800 995 4124 3322 11696 808 4649 2437 1869 
6042 1130 2373 2554 3133 2753 3926 4786 8136 4360 2452 727 1889 1381 
5206 3379 2739 2985 2987 4417 7819 7812 4392 2277 992 465 3776 9540 10170 9636 3574 3827 9613 820 
748 7135 2971 1381 6040 44 6201 6590 4649 3619 4268 5150 
4568 1035 2621 2202 1754 5353 10822 1036 11217 2217 6322 
2534 1496 2358 2410 9888 104 105 1911 3277 7632 128 3336 6737 2825 4109 5675 10564 533 3260 11635 725 813 6461 7035 
8013 1879 11539 4540 1896 2388 9506 3249 8461 6138 8134 8354 
689 5787 5570 3406 5914 7095 1111 5633 2104 8357 8484 2797 6838 9194 994 1234 1962 2189 9189 1606 44 6201 1165 7650 2701 2766 6206 1460 
3438 2676 6394 168 4507 5224 5679 1802 4411 10889 
7351 2752 6314 5385 3383 4885 5495 1234 1962 5379 10280 
4813 3846 2385 8044 3664 3404 3628 3394 4210 4364 4432 4481 4957 7153 
1943 4493 68 124 725 1464 2956 103 3487 8581 10917 
315 4887 7503 2322 2573 29 44 747 1407 1496 1491 1499 2353 2453 4695 6201 6206 2323 9332 4557 3018 5960 7376 10509 4719 
6649 1602 2904 3267 6555 4834 5663 6048 9766 804 5814 6221 6625 7931 2162 
2925 4309 5226 4483 5997 7643 7459 124 813 1272 2264 5176 7046 
124 18 28 836 1516 453 1491 2313 3727 1499 4512 4635 7468 7939 8671 1646 
3110 533 4128 3322 8570 6635 8234 8504 3347 4094 1842 9952 3684 1165 3937 11818 495 2727 6901 205 
1080 5218 2649 4297 81 3764 1024 6452 9416 9486 2321 752 2727 5050 2101 62 813 9452 3584 769 310 802 788 3413 8015 2427 2904 3267 
2969 2111 2217 134 2213 3016 4593 4649 5497 5842 5876 
504 3487 7665 40 9487 6568 1860 8332 4885 1126 5882 
468 39 199 3326 3324 3527 6132 3931 3525 173 3638 3674 267 10510 
2711 829 4940 109 5193 7951 725 1011 1589 1802 6027 6028 6344 8200 
7312 3413 6678 4785 5367 5578 5782 6810 2269 9742 2101 9590 1165 1968 
5844 6926 6603 720 7603 1343 3954 4390 3398 3107 1366 1363 873 1073 1075 6109 1477 1977 
6477 1381 5405 5865 1842 7712 3684 4903 4523 829 7939 8976 3727 3222 9270 1613 
2272 1490 1489 2302 3242 4535 7129 8709 6471 404 6138 6696 
747 995 2544 7132 1056 2976 440 3344 5724 1756 6683 2261 524 281 44 6201 1666 325 240 515 5001 8324 3119 5306 231 8386 
4530 2219 3914 5140 7455 4739 7681 5807 6577 302 2379 
5996 2580 1218 5028 1120 6000 4436 729 9252 6356 8488 9980 4308 5378 
7515 6754 1499 6795 8671 6338 3951 5497 6028 1361 8563 
4010 7338 2300 4042 6155 8829 7964 4335 6590 3711 6326 1777 229 
2079 8611 8377 4358 3249 8954 10838 7978 11016 11098 11299 1860 2005 10438 7310 119 6123 84 
4103 2410 4435 4437 5577 1103 322 10760 1325 3347 3664 4035 6944 
1414 2490 4743 7341 7601 75 1577 2225 5541 5127 3491 1499 7576 2373 3133 5257 747 
5891 4675 6718 1340 979 1083 1487 2827 3512 2733 5648 5971 7844 5898 896 7588 11358 804 
5255 4267 4266 6663 477 8174 8505 8506 8533 10969 7864 1860 11888 4122 8020 
3307 11539 9866 2878 10489 6331 6431 5038 1180 1713 380 415 4669 10322 6182 6778 166 4040 4237 9946 11857 
3015 7400 9080 9082 533 727 1076 3845 4432 4481 4957 7046 10671 140 1331 1335 1340 2682 3155 3270 3398 
756 44 6201 5367 5445 2765 9711 7600 8200 2392 11769 
723 5721 5237 44 2727 6201 6206 4329 1863 3404 3684 5948 
6709 5450 5740 9902 4108 4640 7623 4695 4184 937 6063 5099 1695 8709 4223 2903 5730 11117 5219 
5632 6528 2027 5164 5361 5928 9902 2025 4649 1165 3404 725 6564 4695 7350 4459 4995 3351 619 4432 4481 4957 
4958 6625 5481 1171 6810 7039 366 2640 4167 7170 8010 7038 2948 7752 8862 6859 
4467 1646 7002 4427 264 951 1111 1165 2410 2452 2753 3409 6332 6460 
6198 2217 3344 1376 2424 3534 4617 4649 7274 11356 2814 5459 
5980 1325 5735 2378 6092 7134 2322 4695 3622 5535 8936 3802 5847 9054 708 2153 
7885 1747 3853 6165 5679 1695 4151 4209 6977 4365 1693 2142 9860 
2376 2426 4578 5894 9902 6449 2598 6296 3277 1482 56 7720 9133 8852 10026 8612 3225 2515 
2539 3008 4920 3845 10424 478 8628 102 5176 11358 3174 5325 1361 7770 8563 10184 9793 
3380 5974 3747 9070 265 8837 7857 8310 8412 5525 8795 8871 8794 728 8452 10361 183 399 419 5658 9465 9920 7595 7748 203 10514 439 279 429 7749 3525 10359 375 406 1096 9161 409 10360 4677 
2577 6837 2935 4636 5342 5735 9898 5741 6713 8583 103 
5119 11432 5989 7093 2962 6674 7536 3398 757 1187 5960 5876 725 3054 2453 6158 3413 3940 7142 
8035 4852 2302 4824 3277 6273 6564 1900 3926 4846 8061 8998 11405 
2218 6057 3451 96 10077 7557 1212 6183 1723 6814 10886 
5797 5909 4648 5121 9219 5958 9747 813 5740 700 2878 6325 
7447 5989 6065 7742 3619 10130 5367 9066 2349 2503 
3318 4098 3347 1664 2342 2545 9467 1172 7267 7646 3638 9270 3829 4222 4801 6716 7822 9443 166 216 348 
939 4206 11539 2865 730 2602 2876 3380 5378 6625 8027 6147 7715 3737 5597 6057 2597 3830 3901 961 2746 3029 3392 6897 8000 2639 7470 60 3514 8954 6183 8362 7721 968 8690 8617 3505 5549 7838 4940 
6252 1221 5164 5981 8277 4432 4481 4957 5163 5420 10051 
1035 2353 1954 57 1075 1490 1489 1522 4086 6655 2452 5214 11368 2322 
6525 1512 4800 3344 2652 3320 1490 1489 7161 2607 2288 10588 3475 2170 
1956 1637 68 5237 7137 9487 11006 7871 4028 2948 6931 5749 10917 2567 
2357 6632 84 995 1075 1165 1468 1719 1953 3238 3496 4033 4028 4544 5333 8193 
302 3436 4152 29 5793 6028 6750 6326 2323 2322 10813 7602 62 1018 5010 10984 5794 1499 2313 
7524 5660 6739 7707 6913 10845 2364 6915 7099 9172 9576 6914 7104 2217 
2395 56 804 2602 4146 2739 3931 4417 2772 4112 4903 4911 7633 2333 3776 4906 1005 2287 
7748 1499 7553 3717 2934 3344 9093 3347 10446 4603 7848 9192 1935 5017 11249 3748 
7665 2149 2373 3133 5319 6678 1496 7022 6742 2890 8200 3926 4437 2437 2652 3320 
6985 6092 1298 1361 8563 3344 995 6137 2273 3923 10276 10497 3049 5319 3315 12116 11368 8342 3441 1474 9853 8404 5999 8070 4551 5056 11071 9347 9346 7724 
6908 3231 1028 1146 2354 2466 2609 4308 5405 8016 7470 2885 
5496 1797 4482 7278 4432 4481 4957 6026 7576 10141 549 
1764 2806 7868 6311 119 2420 4970 7366 4190 4218 84 1322 1772 1857 1954 2449 2645 2905 9280 10380 83 
1181 4788 4907 6577 1196 1216 1520 6138 5493 2142 661 
7096 6108 3633 1073 1611 4006 7932 8175 8359 8475 10351 4849 1347 7831 8546 9716 
5353 3382 4994 7700 8591 1124 494 7475 5220 10384 813 5933 3242 7432 
885 6838 5387 4108 6209 6210 6683 7156 8754 9012 3764 6353 6356 6369 6370 4634 4363 8043 4870 
7947 2126 10327 11338 4575 2746 3290 5012 6138 8200 9192 10313 
246 2488 7142 6874 7152 10546 7038 11825 4940 3551 2623 11536 
6003 6052 1268 7753 3635 7742 7870 755 809 4392 7917 10118 1695 11838 
2245 3304 2470 3222 1523 3347 4541 6778 3368 679 10477 2210 56 8279 705 2597 4035 2214 6598 1746 2991 3026 5667 422 1301 4043 
1607 3392 4575 2369 3723 6778 3969 5387 4868 2919 2928 4019 3505 6281 
2354 5973 1860 5697 5371 6183 56 1695 3231 1548 1842 
1634 3131 62 541 1431 3692 2956 3925 725 3845 5883 12078 4273 
1209 4517 1662 3252 4929 6121 2545 4932 7152 4432 4481 4957 7343 10168 
4275 4638 2147 6928 8134 4688 205 3684 2158 2471 9546 1614 10130 
3199 4896 9559 10024 6057 7156 153 2952 999 5163 5884 10391 11338 10628 
7561 5271 9793 2921 5300 1491 7153 3003 2542 4649 6401 11064 3743 9525 3779 3881 4977 10922 
4243 5388 2475 3614 8380 2353 2669 4077 4349 2683 205 7252 8891 10276 5503 
1948 5413 725 1165 3587 3584 68 1840 5237 109 2217 5193 9802 10227 4444 6338 8591 1812 2904 3247 3267 7364 9137 10196 11240 6174 7162 
5221 6195 10012 6462 7528 10203 7524 7132 1571 472 3625 6227 5735 7665 7661 3322 1039 1021 1018 1430 
7148 1492 1875 6522 7075 5983 8288 1391 7553 9816 
982 4925 5645 8503 961 8214 7364 8520 10212 11062 504 7163 8916 8324 11224 10879 10753 
6712 7820 940 6740 7470 2609 3290 9581 11828 2388 5074 
2202 1860 1933 6806 2313 95 813 729 5435 1065 1165 3598 10295 4911 167 2746 12053 
8223 4995 7137 7135 2667 4028 7000 8037 11084 2545 3305 3485 4471 9556 4870 4814 
2121 873 1016 2373 3133 5277 6206 7468 2262 2727 6450 2192 2410 2450 3834 6002 6338 8180 8529 1344 3469 8079 6603 1072 3164 6887 
1312 2808 3492 281 175 382 470 1176 1180 3471 5068 6165 7267 173 233 515 1499 4228 4843 7692 8256 813 4313 5352 5357 12043 6657 6777 888 184 399 940 1034 1199 3180 4863 267 5188 6469 7424 9532 5144 6687 10093 375 380 9994 5038 293 6329 7474 
2394 56 6024 9562 4848 3046 3053 10507 2515 8134 
7584 1496 2229 6627 5735 4335 5876 1464 6024 9163 9562 2348 2353 2533 3247 
293 3542 29 787 1499 2545 4335 4800 6124 8619 11818 11991 533 1281 7966 541 729 822 1018 1130 1710 1727 2948 5411 5735 5876 6611 7073 7347 8391 8671 
3416 4522 244 4243 7857 7928 182 166 738 796 1198 7267 281 647 6468 369 524 8871 6541 282 1066 5297 8028 394 425 417 564 
5253 2122 1858 11539 4855 2201 3147 477 11471 4313 7156 8751 2772 1074 
8250 3347 4035 3514 6638 3222 6977 2739 4417 4420 4387 4398 9356 12107 
3223 4887 4508 4592 10037 2467 3246 2005 2122 1212 3652 9210 2874 7144 5793 8200 2852 705 157 
5300 9640 7470 2746 1212 4072 1429 4068 9506 8073 4097 
5315 4695 2856 6029 3413 1727 1879 8070 4432 4481 4957 5019 8332 4482 4496 4499 1607 7194 5483 7065 4202 490 4077 4494 4205 
6593 6855 3913 9771 5736 804 3368 9192 10257 9396 4028 9210 9259 
7303 2923 4421 6114 6983 7709 3584 4019 4028 5556 6261 6288 6401 7024 7838 7951 9122 10632 2927 8004 1224 5876 6248 
4191 3066 4221 2739 4417 6728 351 4865 7048 246 1156 2485 6182 6468 8616 9156 9418 583 1176 1180 2673 315 704 
837 4318 6857 3425 2302 1890 3569 6021 2456 2816 3678 10124 1380 1781 5893 359 3141 5330 8555 108 3082 6210 8032 5646 6367 
372 5815 4028 2727 4172 1922 4138 8322 44 1118 6201 7257 9332 2144 4853 7736 9952 6651 1841 7400 30 5960 10647 
6668 7154 3749 1545 1981 3715 8079 1072 788 2344 1491 6537 7509 7073 9605 7237 2342 2191 10322 
7815 1842 2393 3514 3203 6746 10049 11591 1587 4308 4311 10935 11570 11143 11145 5325 6645 
1681 6322 4805 5032 2545 134 815 1339 1351 2906 2949 3092 4540 6234 8477 755 809 3615 3814 5163 5960 6452 6462 9125 788 3211 9321 81 1135 1910 2515 
2799 1727 6150 1719 10497 5802 1477 4776 1860 2002 2446 3791 1801 11818 
7890 2754 7341 9146 8822 3145 3404 1997 8446 1867 7252 3784 6558 11634 1709 2231 2949 4478 5058 6206 7604 11356 8829 6392 6674 
2983 2173 8180 2633 813 1212 2142 4903 6791 11358 1835 1499 3053 10155 1494 9024 11064 134 1073 2230 7536 2217 2753 3271 3664 6233 8789 9793 
5245 2555 1731 4308 5889 2602 4122 6313 2126 4907 10327 11416 2870 8309 6253 10232 2852 2960 4357 6251 10570 992 11155 10315 4927 8998 7818 477 
7606 2774 2410 10026 4618 7998 10203 2763 10777 9549 12115 12114 10630 1474 11719 1801 10502 
8062 3913 8616 8316 4909 6932 10037 10981 11228 10280 2126 10327 1946 6074 
1174 8810 6069 7671 6024 9562 2682 5218 2667 3778 5163 4640 3671 6008 7351 8520 6637 2805 5015 5220 6993 7308 7707 7753 7846 9268 9576 10006 10632 11006 7623 10740 8204 3644 3940 5903 6065 4978 7073 3428 2576 3918 11874 3396 8237 533 2210 
1108 4828 1425 69 7485 7810 4657 9329 73 2539 2194 6777 7142 10377 
1062 5139 5350 548 3931 199 7818 8998 11032 12081 3013 95 2865 2658 11429 257 330 4225 11986 6122 10855 9849 6440 11365 10443 10515 6944 3975 11158 64 905 
6065 2653 729 7526 7527 7563 4028 9952 894 3998 3999 5944 6761 7727 
7504 2944 5433 6036 3253 9781 6186 11317 4036 2153 9542 
1817 2575 4639 4662 8064 5804 4490 1861 1332 1491 2110 2156 3356 5256 3925 68 6625 
5304 3035 7364 7369 2228 5102 8380 488 1436 1826 5552 5622 7838 7881 9462 3096 5131 9308 2364 
2183 5495 5445 1499 5928 5596 3080 5479 341 4313 7144 4321 12107 95 
7670 3344 8090 6057 5611 5721 7440 7576 9752 4847 4875 3541 4874 4432 4481 4957 
2129 4443 4831 1860 381 6750 10869 2437 2547 5080 9210 1836 11313 2167 2470 
4340 5102 4657 6198 264 951 4649 6101 8070 11818 2153 
3936 2094 281 764 7755 180 548 5177 5658 4222 2037 9443 4681 7989 
6977 1075 1165 6027 3322 8359 2344 1614 9576 2468 9574 1016 1573 
4922 3985 1520 381 2568 5527 5456 2907 4294 1502 3584 4358 774 6614 10573 10152 4989 
3456 4513 170 2156 4077 1753 3684 10114 5448 9448 3271 
245 6376 3229 4493 7169 2587 5831 7039 8307 8555 8632 10313 1325 2820 3475 7760 1056 29 1212 
1286 5894 3368 4427 7400 1824 2602 3290 9321 1860 55 2470 4138 8324 8527 3505 3725 5010 9225 
1091 1838 5915 3790 7621 3931 2746 1212 10280 4074 8950 3623 
1050 4786 6321 2344 205 1614 2121 2155 2158 4083 6340 2578 2796 4399 5236 5420 6450 2373 3133 
40 7470 1602 6899 7697 6768 755 809 3276 6637 9374 11071 2349 2453 
3862 5819 10545 1165 2653 5365 5509 3582 4178 4199 9180 1075 8577 10917 11309 4565 5482 7536 9157 6513 9802 378 10691 
3035 143 6623 3396 6678 6852 6891 7886 1344 3469 7046 3271 6408 8596 9036 9026 467 4977 
6606 871 5238 5439 5883 7537 10197 3892 3894 6076 8204 
4529 1038 1252 262 1320 1355 1358 8225 1596 2236 2239 629 1080 751 304 7207 5330 3686 5156 859 3997 4644 1183 1194 8416 1629 2551 7284 1121 1560 
5521 1802 2870 2369 2797 6474 11400 1746 4225 5350 2583 562 5139 7019 11729 
2432 6733 7352 4540 8244 3630 9293 3845 2853 4868 
7887 6933 4169 4540 4627 4649 7777 8078 5163 3403 1858 3684 10952 11108 7468 1695 7838 10141 
1324 4423 6355 4410 6356 6347 5962 6376 4108 6348 6349 5382 5324 98 6210 10280 
755 3839 1799 1914 7604 44 48 1345 2554 6201 5237 10917 4638 5219 
698 4903 8391 6901 6913 7297 8342 7232 8351 11356 10062 
5776 691 3863 3864 6165 1573 5891 2217 3099 8915 9337 7090 10408 6915 5835 11020 9300 6417 6864 10187 10146 9121 1658 7104 
6453 1938 3035 1300 1314 1299 1605 2733 5733 1520 2740 6291 7889 7838 
6352 3856 5012 8433 9704 5753 4466 3299 3392 3780 4903 2501 2766 2383 4909 
8175 6092 2904 3267 8216 3354 5311 2410 2427 2310 6024 9163 
8040 6928 8941 1842 7873 8954 6138 10775 10393 3335 8134 2739 4417 10495 11112 7864 3368 2410 4959 3684 2660 
3421 259 166 9072 2042 5240 7272 9231 281 11559 180 307 
3310 7356 2376 1575 1578 2696 2976 7888 5522 2879 3784 7016 9291 7684 8477 
6805 1146 1587 3931 4313 2739 4417 5495 5536 7812 1805 6471 
810 4460 7000 6296 500 2850 4432 4481 4957 5578 53 1614 1792 1859 2154 2344 3299 3372 4113 4239 6039 6279 6550 6554 7466 
3987 1946 6271 5490 4512 7332 8148 764 6541 223 298 9550 8459 10360 
839 304 5415 8302 755 809 3743 9291 3249 7999 10760 10203 11173 8157 11016 11098 2002 10293 9279 7633 2001 11225 8470 53 2446 4479 11563 205 106 7151 1758 5107 5487 4562 4559 10576 1801 
761 3347 2005 3368 2885 8307 5129 1860 4902 7712 9133 6791 8134 
1892 3584 11016 1636 6676 11840 10053 5441 11588 5891 3368 85 6826 1474 4290 
3461 5848 4813 7819 11062 529 176 6179 647 631 2678 204 437 11165 
4576 1277 1359 6190 402 7644 7569 257 330 524 1027 5728 316 326 6693 
8161 3396 2410 2948 5217 3287 5862 11314 7115 2727 
7870 1646 2121 6812 2734 4122 2467 2485 5194 9728 5214 3246 6982 
5547 1678 5361 570 1971 4482 6092 7853 7854 8520 11650 
2764 4554 1989 3096 5131 6710 6805 2193 1711 2819 6725 2545 1516 11098 2979 7702 6405 6027 7998 2543 3584 3630 4015 1428 2003 3619 3961 3310 1712 1165 3404 3684 6901 11247 871 2349 533 4358 6213 9367 10302 113 7536 6874 7153 7621 
5181 1521 7623 1049 1061 5603 805 952 995 4547 8470 5220 11356 11790 2453 6206 
4934 1873 3732 4273 6577 381 482 6528 836 3446 4818 5819 5325 4132 1211 4028 2545 
467 39 4510 8747 9726 5030 5033 5050 1353 3777 995 
5449 2217 5043 5602 7790 9300 3753 10293 4606 8110 1036 4685 
7202 3544 3860 10026 5577 1373 11574 5012 1121 1560 11368 
2551 1062 3247 1572 1303 7827 1499 9930 6939 11215 1011 5033 10979 5360 6248 6273 6609 11653 10648 2064 8148 11839 7430 
1983 1147 1165 1478 1499 1632 6024 9163 9230 9562 5736 7094 5058 5393 2025 2108 6673 4432 4481 4957 880 2013 4661 4794 6645 7752 6019 9448 9723 8990 6492 5998 3270 7458 5311 205 4182 6292 4287 9584 80 2120 8884 2814 11091 5787 9105 8932 11092 3354 4649 11448 2660 6849 10269 5223 9802 3392 1713 4601 10051 3545 2474 854 863 11676 7820 
6033 5535 9129 2118 4471 755 809 8829 3829 7396 8108 
499 133 3053 2839 8598 1499 40 2387 2922 4746 475 2835 2850 4751 
6992 5578 6061 5448 1713 2652 3320 1049 1061 1490 1489 
8111 6057 2129 2853 8929 5736 3397 5456 5735 10181 10636 
6776 7252 2118 2921 4960 5549 7039 1910 967 4870 11770 
789 47 1001 1338 3242 4746 8591 8070 9250 452 7684 
123 18 28 1345 6295 9952 4827 9601 6666 7262 8924 9579 10726 3260 
1691 2504 3290 11828 68 10950 1499 2217 6905 7503 2453 2645 3247 2144 2373 3133 6678 8472 10206 10726 4661 8378 6302 
2740 2219 6627 7909 109 5193 5587 6914 6913 6922 5736 6915 2580 6398 2889 3584 4986 6403 134 1379 
1675 2664 62 873 1361 4512 8563 10495 10750 1056 4098 7507 
6467 3781 1689 9680 813 7365 10758 6448 6452 6460 7024 4028 
5515 3991 4820 2304 3790 559 9046 11876 8134 5443 3288 8709 3367 10869 804 
3951 7762 1734 2948 11314 6575 8535 2055 3529 4524 9119 11242 199 
5402 1713 5736 3397 5919 4515 7643 5215 504 4363 4986 660 10286 2356 6874 981 805 6242 6875 10316 11576 
7189 1860 5788 2147 1212 2746 8717 11506 4360 4432 4481 4957 10545 10550 11358 
7243 4028 4621 4800 4960 5448 6915 8424 1499 2256 2805 3238 5741 6742 9754 2402 4329 6540 9875 1637 1883 4555 8120 9294 1147 3864 4834 6061 1812 2219 
8286 5415 8302 8450 7193 10626 4358 10430 10428 7999 4989 
5494 5679 3956 1631 6024 9163 9562 2727 6292 725 995 1499 1784 2217 2366 2791 2921 4432 4481 4957 5314 8990 9210 4638 2065 2745 4130 3277 545 
2378 5785 11539 2809 3347 4387 56 829 1212 10430 10428 8555 3931 
2722 2777 3878 9627 7090 1165 109 5193 7509 4617 9951 8070 4911 5763 
5436 3539 3863 4006 5140 10168 2155 6662 8470 10169 7536 540 1614 2154 2158 2949 7942 
3707 6933 1695 4211 725 4513 6928 8741 180 1302 2910 3141 4675 4987 
6110 7038 6056 5359 730 3231 1842 6714 3895 2393 5961 7159 
6102 7252 1919 3808 1686 5604 2739 4308 4417 5578 730 1364 2379 
1036 1365 57 4086 8883 6678 1491 1649 6233 6400 68 820 3271 5227 807 805 
783 3863 2536 7977 46 1804 3226 4011 6258 6662 468 6452 7132 3477 
1122 725 1955 1655 2862 4786 103 788 8534 9518 804 1211 6918 9210 3684 3925 8840 10481 9803 67 10889 
6416 6452 4542 1170 4275 5164 6460 8465 2130 2293 8081 1344 1981 3469 
8000 1896 4346 4785 6918 3374 6528 1899 8120 8988 2727 8535 9067 
174 2323 2573 2344 4083 4846 1724 4824 4852 4493 5230 7604 4081 4831 3366 8204 4010 4821 
73 2210 1502 4993 7167 3223 2597 8324 5534 5891 3140 10280 10952 2602 8516 8694 6329 16 1842 
4610 4128 7124 3834 1180 315 326 1234 1962 706 4277 10228 6270 8106 4994 3174 
8043 5849 1860 5853 8503 4158 2111 4790 8854 10753 10755 4903 5831 11234 2722 2697 11416 6156 7047 
7969 3615 3632 8709 9545 4050 2739 4417 9540 9279 11153 11157 10630 4798 3854 5800 3352 6395 
6391 5161 3070 5549 7129 7815 4402 835 2739 4417 4392 
1443 3557 788 1728 3845 4649 8138 5058 8735 9482 70 
6772 966 6996 8140 1314 1300 2666 6045 8524 7452 11348 
4740 2157 5468 3310 4909 9299 3380 1282 3840 11609 8134 8722 341 5756 6057 9725 
2805 2383 2147 5441 3731 5430 2313 5161 6257 
5754 2658 7535 3096 5131 8326 4517 2322 3779 7433 1072 6338 4298 9034 680 3551 1477 4776 4926 
2204 5532 6974 6577 5219 96 9902 10915 2453 8934 453 
2225 2320 3397 788 6495 2153 5735 5876 2453 3595 7534 3881 3937 5453 124 743 2427 
7911 4364 4939 7611 2126 2310 2602 2746 7331 7459 7460 7729 7864 9451 
4455 1407 2204 7217 264 951 8213 4482 5009 6618 11642 
1955 68 1165 3247 3777 102 7485 11424 3812 4028 3783 3792 8883 11550 6454 10976 
3442 1860 3347 2176 7470 9902 3514 7975 6051 5865 6671 8950 8709 2167 2313 5529 8516 6147 4989 6354 6367 171 829 4392 7616 4074 7582 8970 7939 7851 5826 5000 4419 9192 4358 8998 10605 10628 1954 
5929 6810 5399 2453 7503 2559 5535 2712 2373 3133 4231 5578 2949 5882 871 2976 4019 2273 6899 7696 804 2147 2590 8342 8391 8934 9574 1468 5319 8792 1839 
4309 1805 6247 6361 2739 4417 8998 1802 7812 4308 1587 4253 276 8754 
1867 1860 7156 4592 533 3931 1502 63 5461 3961 5596 6138 1875 5359 11716 2746 9866 10037 2485 4907 7275 1058 1646 2467 
5854 712 995 5760 2230 810 2315 4460 5360 6905 8555 10164 2217 3987 
5064 2304 2302 2347 2739 4417 8400 778 4515 4074 8950 
7338 6635 2147 2717 3257 3392 4903 4907 8308 3347 3514 6057 
6865 7075 1013 1001 5348 6988 7623 1053 3196 7039 7121 4628 3664 7065 4768 8460 
1388 2876 6272 3368 2665 1935 533 3953 4911 2147 7002 813 4077 5527 5161 9462 1282 8287 4989 7873 1824 1836 9952 
2460 1777 2609 3737 4200 5237 2452 9679 819 7450 2217 5800 6309 7038 3276 1064 7449 9100 2453 2602 7341 
2686 5295 7280 7281 3277 7299 286 979 4717 8024 10623 8930 109 1292 1605 1669 2580 5193 7567 7571 8350 8772 1069 
8245 5735 5736 3229 4416 7148 7968 2658 7484 7811 8749 5223 6513 7430 5120 
7622 2217 7503 1482 4116 1496 9545 6405 9124 1713 5398 12115 9877 12114 10950 
877 2373 3133 2637 10086 153 1849 2277 2700 2739 2952 4311 4417 6142 8957 8998 9188 10315 10628 5954 5963 6683 7977 
6180 3687 7029 4315 5872 1024 841 1382 8083 1016 873 2344 2430 9332 787 7684 
5987 5914 7600 1860 2129 3842 7859 9192 9866 6057 7864 2746 5405 5038 6109 3368 3494 4293 2210 
7216 1924 6922 2636 3748 4421 7104 7192 8465 5604 6913 5100 8043 6914 1135 1687 2014 3511 2499 
746 4397 44 4539 5163 6201 6462 7093 4798 9104 7114 
3843 728 180 1101 2342 3211 4331 4872 6477 7016 10246 7590 1533 6432 11986 201 
898 1805 4870 857 8998 2597 11838 1935 2126 10327 3368 4143 60 6285 
536 2985 2987 3276 1949 5876 286 688 697 2388 4270 4540 4839 6644 7918 8696 9390 9504 10232 4639 4662 5587 9977 10152 187 43 44 84 2249 2373 3133 3622 6121 6201 1146 1798 2453 5595 5839 6683 8070 
5538 1050 2753 7350 2752 8229 6040 1462 3343 6159 3096 5131 570 2850 
2782 114 559 851 829 2350 2798 3368 3840 6109 6232 2155 2344 2515 4035 4661 6092 8270 2154 10259 
2244 11539 2739 4417 4554 5954 10428 9462 4657 11299 11016 
4317 1010 1972 1064 3375 549 8428 995 1491 5578 2452 
4953 4588 3409 4824 1477 4776 1522 2453 3271 4181 5319 6581 7024 4028 9261 495 
3441 9902 5496 3615 849 1055 4240 4260 171 1212 2147 3737 
1618 3159 1281 2658 5735 9802 10196 4028 8749 9448 6704 2217 11446 68 6627 8504 10950 
5367 4234 5996 1645 1649 3268 3568 501 1615 3539 2607 6666 11110 2153 
3101 4222 5001 149 204 1756 6214 444 11394 524 11339 3418 5106 10358 10355 5976 201 
8028 2593 11539 6777 11348 4410 1935 2369 3270 4881 2960 
6183 6594 4064 782 6442 8369 10710 6085 10769 10768 1089 1664 3112 7571 
2768 113 3635 3732 10551 533 2213 6065 10537 10555 6577 11071 6819 6041 
394 1499 4786 6321 7180 30 3398 134 2310 2453 6891 4835 1090 5787 6140 4986 7175 2503 5411 1075 7873 4124 2913 4136 1491 7347 1632 5325 6338 
4971 404 6696 2580 5277 1158 1615 4352 366 2416 7065 7658 9914 9749 
4883 5094 6060 8448 2621 1018 4340 4362 4524 7535 3684 1234 1962 7911 381 
754 44 6201 1805 1491 1550 1573 1615 2204 4870 4907 4939 5904 7114 6057 3632 829 4366 11313 
7734 3931 3017 3322 3539 7552 1499 5736 11494 2976 6560 10719 7252 9607 11298 
3041 6412 6407 2381 6897 144 1226 3632 995 
4728 7509 7989 7249 758 3684 3729 4432 4481 4957 2055 4240 281 557 603 787 
8020 2739 4417 6742 11221 10293 3276 11148 8937 4427 9866 11839 3795 10069 3779 11353 
2466 2948 4219 4519 5987 7465 11678 1707 6577 9048 1332 1343 
4980 3872 3708 366 4603 5903 6232 1302 2158 9863 3511 4164 2126 2746 3727 5875 
6435 1753 788 1381 1482 10880 6040 1361 8563 1477 4776 10777 1521 
4470 5841 286 5009 5038 11338 2126 3840 8134 10327 2602 7039 1156 2005 7838 
7191 6720 7847 6029 1499 3632 2535 6094 1075 1396 
3169 9146 5445 8810 3953 1263 10053 5478 5808 9484 1946 9833 4907 168 153 
5191 1842 2176 3931 705 6770 8134 11591 11548 10641 2934 11305 7400 10280 4708 11133 11307 
3818 4472 7093 7384 4015 2246 3321 5989 6814 2223 2542 193 1056 3804 836 9104 8253 5889 10400 1024 
6320 6398 8073 2652 3320 6577 4535 823 9058 9802 2379 
5667 640 2595 6045 6718 5465 9037 1064 2437 3684 4675 
1158 2595 2522 6718 7452 387 398 2827 2910 3035 4608 304 320 3404 4675 7015 7073 9442 4028 4521 
4614 1477 4776 3231 347 2352 5244 10107 11559 385 5252 6565 11914 311 
856 4432 4481 4957 5846 10760 3988 4538 9751 1609 2264 2898 9113 5419 3621 8103 10535 12017 59 
6801 3764 1016 4904 8675 975 3413 4340 4688 6501 7073 8079 9733 10650 11048 
7971 4628 7611 1839 5926 3697 5982 3266 9798 
7035 3286 6248 7666 1062 4124 7135 2652 3320 6627 6254 6273 
4180 5485 6645 4954 269 3210 5914 7470 7720 5224 3404 3767 246 686 5179 5180 9556 3096 5131 3238 5662 
5564 2005 4575 8459 9968 10841 564 4262 8768 3614 9685 2080 9909 5948 2305 
66 2976 3598 8430 6118 13 2768 11764 5393 7627 9464 
3107 2739 4417 4476 4726 992 4260 8454 9192 7470 6451 1587 6324 6027 
2937 6932 1074 7361 3238 3314 2129 1573 366 857 2772 10069 3526 124 9437 10548 10809 2921 7332 1835 4165 7412 2495 4455 4915 4746 7953 1615 
108 3766 1201 1897 2205 18 28 10766 1980 3933 8981 626 3071 3936 1822 3965 4231 5846 6182 7685 11623 3422 5691 
4784 1176 6436 651 429 7456 7857 372 10653 7768 407 
1980 3368 1212 2485 104 3835 4717 8933 9581 10766 434 5437 6992 12084 477 7324 5038 10280 11433 2313 10786 12017 4592 
5975 4433 5445 1502 5606 8810 2005 7395 4002 730 3368 
119 7517 18 28 7047 7052 8516 1741 2129 2819 7939 8152 11909 
1752 2587 1505 4321 5849 2602 4123 6824 4870 6570 7144 3789 2885 4143 3426 
6700 6906 7766 2101 2970 5721 7344 1647 3956 2668 2832 8749 925 5613 6934 2320 
2491 1647 6678 9107 10812 4977 92 8079 6553 7185 10364 1165 1834 
8117 3863 5794 8157 2126 10327 11563 3416 4479 7978 6395 3779 7923 7156 11485 3861 6050 6713 
4456 5051 1080 8451 4341 7422 8767 320 3997 262 1436 5628 3103 9410 
8042 5631 1860 6777 8632 8134 9192 9104 4409 9110 9111 
2390 56 11071 11846 4572 9928 3417 5695 9762 2993 9512 
393 30 3004 7104 6029 4154 1522 1891 2344 44 6201 8181 2727 
52 2206 8200 4496 4499 9042 4494 5744 7065 3690 2573 5347 7364 5894 4959 5865 11511 465 8567 10969 10932 
4707 1319 2990 333 8729 10768 1274 3126 3035 3050 2340 
380 6337 4139 114 2410 1496 8464 1713 30 4070 5128 8431 3541 1132 5735 5736 
224 1836 4779 10315 4392 10148 10313 10316 4419 5736 12043 851 3541 4545 1810 1871 
8092 2453 6018 6203 7026 4431 2507 5963 7364 3789 2829 2025 2027 2092 2353 2982 
7591 2863 2667 2805 1896 1879 2251 4432 4481 4957 4631 
6774 3988 2431 6590 8634 1224 2387 3764 5421 966 1832 8504 3087 6805 
3091 1222 1277 10653 1136 1403 3757 5334 6693 9628 10652 764 3809 149 8384 
5935 2248 3639 9846 1456 1479 1969 2545 3396 11968 744 2235 2238 2241 3684 10590 
4935 1923 9199 381 4091 7079 5469 3238 8010 9676 5716 
4926 1963 2433 7796 4225 8810 2410 788 981 995 5674 6982 404 6645 
5606 6626 612 4161 1172 1842 3975 8107 2343 3757 3964 
4427 715 4234 205 452 500 1954 1955 5736 11358 1525 1615 2126 2652 3320 5420 8689 10327 6820 12083 533 698 1575 1578 2312 2753 
7208 7038 1624 2763 7340 1462 2219 3394 4210 1602 2253 1477 4776 7124 1134 2926 8038 
3732 7432 1118 1808 961 3524 3788 5631 1745 1954 3048 11348 1024 1818 3578 6780 1860 6109 2115 188 173 659 742 9174 9192 1794 7550 8514 653 686 
488 533 7137 7341 995 3398 7347 4739 2427 4919 8237 455 5198 5200 2793 2918 9877 6323 11296 3131 11054 11897 729 
6701 1804 2969 3981 3986 4785 7332 4501 10278 3322 3391 925 1885 2365 11883 10086 7329 10780 
7353 1541 1551 1234 1962 4907 2478 10228 10227 10230 4443 2217 2739 4417 
4473 1018 4335 264 951 1165 6954 7185 7341 5237 5333 
7330 4334 4324 4320 1959 3902 11398 1289 1246 
6582 5096 3334 1506 6056 11666 8027 3790 4035 4634 804 4592 11799 4911 8152 6138 
2093 5222 9559 1488 6778 6171 4114 5691 193 643 1200 4161 7048 7364 7400 7850 1282 2005 4911 469 2457 8307 4308 1949 150 3727 2313 2393 477 3033 387 2515 6861 4357 2545 10323 359 6314 4972 10877 1162 8107 9003 9133 2797 3936 56 8520 10705 2392 6670 
2987 5570 387 788 177 8400 195 2805 3758 5340 7001 
1389 4805 5032 7258 1477 4776 2452 5746 3807 9066 11249 75 788 4835 5742 
2053 1202 1668 988 91 675 359 9172 2345 2456 2603 4259 1599 
7255 3931 10705 1647 2126 6138 10327 7345 8359 2515 1713 
940 4419 1345 4321 60 8433 6593 2602 8421 4313 9897 
913 5736 6914 5729 7385 3985 592 7291 8969 8812 63 5461 1494 11094 7193 4062 11842 1949 2277 4783 6210 7701 533 4849 4865 7448 7471 9956 11308 2986 4302 57 4086 2878 8518 89 4411 4907 10280 1079 4798 64 6309 8499 3338 5878 5800 9872 8498 
6292 3713 6730 7073 7366 7529 4046 7475 9977 11721 5904 6491 6662 2855 9802 10677 
5700 3933 6045 739 2933 4263 4281 1405 654 643 2844 6210 8033 1326 1201 726 3448 4657 1075 
2897 6742 7540 551 1021 1039 2510 3853 1477 4776 4899 11749 4588 10798 
2990 1482 5163 5996 1396 4800 135 895 1062 2925 5198 5200 6459 6519 6742 8990 2063 2279 2431 5237 6453 
6883 6986 4234 4432 4481 4957 5375 7039 7417 2410 6548 5333 10156 11650 
2889 2515 3383 3842 3931 4911 5891 1940 3684 6209 7400 8754 10280 
5208 3485 465 4031 3491 5102 3985 4799 7371 10583 11539 
2730 4154 7724 9529 6725 1935 109 5193 8316 
7955 5435 4321 5320 11907 6056 1823 3246 2960 9706 6625 2734 5645 
6482 7092 2761 4978 841 1382 2217 8460 9192 9604 8872 
5047 5890 3427 7254 3684 5754 7573 8516 2005 5360 6470 6897 7572 10053 11609 
5013 680 4815 4940 11350 7506 2815 10654 1327 12051 
2344 2273 84 5090 5091 10625 11753 9623 4432 4481 4957 5570 8133 1387 6244 8160 
5740 11539 4293 10253 9902 679 12044 3389 8521 9681 2746 3310 3368 10495 12102 5950 8307 5161 7992 9210 3202 1346 4988 9706 8337 4468 11803 8504 6637 
7855 4097 2217 5989 4839 1683 3413 4638 7073 7185 7669 
6986 5094 1868 2474 6913 1335 4800 1512 1016 4939 3979 9157 2813 11596 
1029 5237 57 3352 4086 5800 7960 8749 9102 9459 10550 
2234 5237 1896 2320 3241 3624 6205 828 4649 8775 97 404 780 3554 
412 1860 31 4197 4329 8814 788 1335 1475 6852 7185 7604 8730 10495 
2369 6928 56 3961 8020 5624 7282 9771 1361 2207 3247 3368 8563 100 1648 
7909 2985 2987 2042 3404 5556 4249 4250 1882 4592 6303 
332 5631 8555 5790 11911 3684 8078 30 1933 3247 4800 6840 11705 
3460 235 295 451 2342 246 281 764 6197 11629 11869 180 2261 2335 
6063 2114 2369 2707 2727 4308 4906 8281 961 2388 2379 5108 6210 6778 1550 1269 8460 729 1056 
8313 5873 7351 5181 5220 4718 5823 9281 5906 9930 7062 
2333 6183 4424 6056 2829 56 1996 3505 6633 4993 2470 
735 1344 3469 1521 1075 3431 44 6201 7766 3398 8601 
925 1523 4541 173 62 57 952 3180 4086 6576 7142 404 9734 1831 5964 8382 3252 4006 9462 4308 7849 4911 85 6777 2281 5107 3585 1514 3441 10774 4661 12095 
497 2949 6943 2153 454 7753 9525 8460 11358 6328 7960 
7382 8534 5556 5883 6702 6780 8699 9239 1281 1165 1718 3715 6109 3396 2862 
2355 440 3439 252 406 5909 1054 5740 3862 4786 7018 199 4515 4154 4795 2747 56 260 6492 7838 378 788 6179 407 424 203 233 524 548 2042 2426 4574 5789 292 9070 4870 
2391 4482 1776 3277 2978 7619 7651 5513 84 1664 1728 1727 3798 
900 2602 8616 5378 8613 7230 5644 10129 2620 3283 4019 2597 5351 10777 
4917 2388 6635 6637 961 2637 942 1540 2364 4560 3389 1477 4776 11663 2410 6329 3324 4581 10648 1249 4574 
182 3257 7114 7833 3743 6019 816 1589 5904 7412 9537 9599 1588 4805 5032 4411 11091 1165 1949 4657 8965 3391 4253 4519 1819 2383 8021 7485 2995 9802 1550 4814 3623 4825 8317 5390 6028 2217 2660 2997 4940 4986 3322 10017 4308 10723 8818 3227 9349 5056 5387 11818 500 6491 3351 9346 1646 7006 6568 6356 11764 7812 6350 29 
3420 281 292 322 552 652 764 4301 7986 199 166 4222 3284 10064 3368 5356 
5306 1345 701 3913 3429 940 2330 2921 7826 10330 4806 
5375 5088 4852 1798 9349 500 4028 7813 11737 2230 2658 9018 10944 2727 
7799 6292 9210 4981 7866 10839 1570 9531 2317 4028 4820 
732 7208 6933 8577 44 1678 6201 4746 5810 3801 3542 
2075 2468 1360 2597 6777 6915 9227 5445 9192 4422 8555 56 1212 11397 
392 30 701 6029 2545 1944 1960 7597 5519 7831 1190 982 963 8469 3426 8546 93 1049 1061 
76 1478 4805 5032 1132 9678 11222 16 4800 11564 366 
4964 895 2616 2623 2627 4234 6873 1011 2873 6092 6100 6321 7730 10474 3664 366 
5809 8829 7470 10952 1918 2157 6057 6783 3368 3538 704 2807 
6428 6985 1018 6075 8671 8164 5846 10677 7079 1534 9580 3113 2349 5273 
5816 700 4028 804 4154 5507 7870 11812 1416 7153 3605 10178 7050 3230 
3419 2342 7808 7857 4795 2335 2047 166 7202 180 634 659 
4984 422 782 2746 3384 6027 11539 2740 3013 3368 2799 3908 6167 2602 3376 3386 4907 8520 1556 
2816 836 2944 8628 3303 8836 9910 7161 7978 2808 10785 8175 10460 1842 3664 
4517 5483 262 751 5646 10037 9866 1146 11585 3550 7712 11702 11017 1496 9805 2410 2449 
4034 5037 411 1923 4452 9199 9678 608 10604 
6621 1075 2823 1507 3506 8619 9416 1428 6025 7750 3622 2362 3143 3939 3174 8926 3153 2153 836 
5199 2182 5500 6661 4239 7931 10346 6559 7952 4553 5251 4638 2196 
1970 2583 63 1594 5461 7364 8810 10408 56 4911 2602 708 5038 2746 3368 2485 2875 1713 6791 
5677 5320 6183 5371 5952 2383 2126 5430 10327 6130 922 5301 8813 1860 4138 6619 8910 606 11539 7068 8335 
3252 1227 428 7808 292 652 6937 6304 8382 5573 158 5222 7532 4222 257 
2058 4116 2344 4033 4117 3831 7154 10614 9047 91 4006 4152 3389 4311 
5644 5021 533 5271 9046 3378 4808 7701 7153 7662 1396 7669 
5698 661 4321 1212 2005 1506 8973 11803 6056 11413 11553 
5919 1860 7746 731 1184 3379 8134 1827 2738 2764 3514 4035 6183 4468 6057 
7256 3383 5962 6356 5351 4308 4903 6253 6271 6272 5038 
778 3684 9462 4231 3157 10725 2784 1734 1587 1473 5578 10141 3142 3911 2714 3090 10268 6471 64 1346 1777 2129 11353 46 1749 2597 
5312 6378 7820 1661 2265 4813 7333 5324 9892 4482 490 4540 8352 4700 5448 7475 2172 4028 1861 
2738 1719 4795 1499 8362 8393 2791 378 2273 4963 3418 1516 109 2217 5193 2861 5604 
5474 2577 5237 7337 6110 8955 6457 6452 1624 6451 4687 3260 
1435 3737 2393 3250 3456 2111 2333 3147 3246 3347 3514 4035 5445 5756 6897 2398 7810 8527 7542 2719 76 7448 7812 7801 3989 4311 2999 4387 9192 8688 4398 1369 11145 11178 
5574 8420 7651 761 533 1727 3110 3587 3798 3897 4512 8270 1512 2213 2312 
7492 6932 2746 2147 1272 1741 2230 2684 3368 3931 1499 4441 5556 7039 7252 
7227 1152 6236 9826 6253 3827 4363 8365 5528 1713 10726 4847 2217 4867 8944 4006 3541 6914 2219 2971 3753 
8051 2813 3234 3236 7327 5840 5841 1923 4363 4685 
4366 1943 7202 940 957 879 11409 9070 282 716 
7990 2755 2765 4151 6932 3706 1827 10024 4509 6635 6637 5683 8111 8520 
4117 5163 9434 233 199 281 374 562 957 4690 6445 7016 8310 8485 
161 820 6926 3344 3632 1478 124 4658 7813 805 4800 807 1464 3458 27 2217 29 1396 3648 5815 1482 3921 9349 6111 2258 6092 6795 
5986 2761 4805 5032 2811 6321 2791 2700 3560 5353 5349 725 1545 2712 2727 8070 1396 6206 8181 708 6976 7132 7664 8391 2948 
7902 4285 5635 3684 8850 9745 2850 1736 5003 5006 5007 5008 5009 7563 8883 11494 1917 
4254 4459 2101 5885 1844 1171 2948 5611 4867 6625 3541 4875 6704 
2650 5274 3979 10168 9279 10293 484 3427 103 6164 11443 4006 11943 
1447 9637 2210 2214 3335 485 6147 9135 7507 72 3942 7084 2072 3348 2453 4927 4924 2734 3812 10506 3365 2609 4284 
1090 4432 4481 4957 995 1165 1347 5578 3833 7994 9060 9448 1325 
2388 5814 3743 84 3925 7652 9533 2894 3413 3539 8466 
3959 4124 3241 6241 10648 2635 3391 6181 215 199 233 205 281 755 809 957 1819 1801 2217 3127 
5316 8883 1832 490 1165 7759 782 6212 3783 3065 9951 12043 7240 1802 
3351 5570 309 8871 8386 11769 6541 5345 166 1277 4690 1860 
3413 2261 1310 445 2967 9070 3862 7857 6827 2263 1275 166 
2612 6231 5409 1896 5741 100 1658 2217 2933 3347 4468 8041 2931 3748 4488 5237 5736 10150 6026 
1811 1065 1675 1948 3716 965 1133 106 3754 2236 2051 9216 80 2120 2853 5809 6562 8430 9557 9868 11440 
7514 6805 3667 10035 7341 10136 9816 8446 5996 2955 8520 10173 11912 2921 
7803 7323 2217 4834 3317 2027 3247 6898 7073 6026 1572 
3774 6742 287 336 1222 2261 427 1180 2342 3755 6831 7543 173 2372 11730 3116 
6785 960 2410 2730 3277 3394 4210 4432 4481 4657 4957 5310 
4147 2865 4040 4237 6455 1027 5728 12035 7505 11368 10561 4432 
4761 6761 2838 2761 281 402 950 3026 5648 5646 7755 8538 
4565 6891 1056 946 257 330 11464 4154 1170 4058 
1584 182 1624 8391 1893 613 62 704 5736 10268 11246 3461 3693 5497 6056 
6444 849 1845 8200 3615 1074 2772 4253 9054 8754 11766 9192 3210 4175 
1540 8326 8389 10037 8709 9462 10898 11062 4911 2746 4491 6822 3961 
844 4687 10121 6369 5378 9807 53 1549 6982 8151 2544 5915 6471 3554 7973 7187 2785 11221 5479 3861 
5246 476 7946 1499 1989 1036 2179 541 1491 2878 3807 540 2389 4900 5762 5813 807 3632 2837 
6677 2813 3393 4482 7103 2379 8368 4627 4432 4481 4957 7386 1546 2753 2066 8180 
3524 6135 2967 3638 1186 8385 4221 173 1178 3862 4225 8386 175 199 
1274 5237 4363 4293 4419 4410 6263 95 2798 3727 5740 7939 4311 2609 6362 9210 11668 4814 7415 
7917 5405 7093 7627 3427 11630 3416 2320 9557 1752 5324 
8320 7073 7340 6096 6466 10109 11023 11024 9923 
4543 1625 4225 257 330 1062 4156 6135 4028 2837 2261 5591 6867 6857 8619 2457 
1989 3723 89 4868 8020 8480 10037 8651 4146 5167 5405 
8078 6922 6915 7462 5214 3979 4543 10183 9553 3753 10726 2648 8391 3519 3748 4580 6627 9037 1958 3408 10783 7175 11996 
1281 3517 123 482 7716 7427 967 4387 1513 9021 10141 9210 6352 6361 5378 4311 9356 2783 4755 
299 4494 6733 6755 29 3541 4422 4545 4994 6038 7102 8915 134 1713 
6581 7339 7873 1923 8360 9199 4146 5362 5608 2602 8307 5889 8433 2597 5556 9364 836 3711 7536 4588 7150 6850 
1547 494 533 68 865 995 1165 2217 2453 3664 3795 5319 6905 7022 10814 4006 10141 10536 
8008 8083 5645 11471 1870 10523 10315 10936 4293 12107 7400 8985 9401 
4925 710 4107 396 2572 2575 4231 6506 7877 673 8758 4708 7321 1058 2501 6110 
6935 4313 4783 4786 1860 8470 2819 8468 1621 6465 4940 6587 5162 4911 9332 1993 1018 8990 2545 7317 
2751 4805 5032 8481 8388 1003 3368 4907 9866 1212 4284 4911 6195 2452 2157 5351 5556 118 6110 10503 
847 6938 5904 6339 53 3864 8924 3359 2971 3360 6662 6061 6092 9914 3442 68 
5826 7144 11539 2485 5608 12043 4146 4284 5440 10572 8884 704 
4472 1171 2903 6764 264 729 951 1499 4132 7719 2823 4517 2375 2895 
1742 8682 3863 4493 5154 5160 2790 5483 9368 7274 9930 3354 3516 82 2792 11497 11498 
1585 4222 3329 527 519 521 804 1477 4776 2949 1085 180 7018 557 68 416 3743 452 1056 
3403 9146 7557 1818 9240 520 4243 7857 166 6772 696 10457 10361 
2567 102 2379 1751 8077 6631 9125 6547 7365 7460 5214 1474 5665 5766 10168 2406 
7875 1661 1948 4441 9518 7564 6722 7257 4028 5535 9818 
4260 7838 787 727 1298 3684 2217 2971 10206 270 
3443 8302 6683 3290 1727 3798 171 7135 804 11718 1776 11062 4900 11734 11572 5556 11423 1870 2219 5800 3352 6826 3779 9347 9346 
1895 6453 1335 1331 3398 68 109 729 909 1016 1204 1818 4335 5193 6460 6901 7401 8577 9078 9079 9930 10260 10278 10812 84 2154 3845 4113 4130 
7960 8326 8125 8628 9075 2279 9896 10027 10760 7978 8157 11734 12119 11461 12114 9542 6026 3664 4006 5429 
7372 8709 1389 7620 10566 1212 4035 4911 5894 3389 4574 1526 3347 4048 4388 6119 
5925 744 5925 7022 8990 11287 804 1869 4245 6160 980 1031 1519 
2069 981 3907 4132 7973 381 2085 3908 6448 3174 6874 56 1212 5038 7939 944 3386 9866 9762 
6987 1016 3352 3336 1496 3396 3487 9198 9766 7931 5214 11653 5325 2387 4443 
1489 70 2288 1281 8810 3860 177 474 3821 8934 7121 3167 
1213 1335 1333 7669 3630 6158 74 3401 6338 6603 8359 10528 10069 871 
744 7401 5571 5582 44 6201 8891 1170 2573 2488 6451 8920 4565 5634 3376 7211 144 
4437 281 403 7731 3577 1646 292 289 9301 6805 7520 6851 
3160 1695 2157 2609 4657 4901 5754 6018 6220 2515 3630 4162 5757 7363 8239 4638 1003 488 11507 2126 9888 10327 2461 2602 7038 8134 477 3047 4284 4357 1964 4730 1663 8613 8616 6948 4309 6323 
3034 2230 143 6623 6907 7114 7604 8079 8243 8796 1165 3400 4516 5300 171 495 804 1573 1575 1578 2404 6810 7092 7253 
8136 2485 2602 4358 5265 5360 5445 5788 7403 7720 2197 
1929 2904 3267 3287 4709 4939 5084 4163 4445 4885 8078 68 1072 5735 6915 2915 4124 6913 1147 
2829 5644 1520 3737 4313 4903 4321 5740 3368 145 7838 3840 7039 8027 10280 118 9356 
3002 1858 4321 138 1217 1895 2478 4137 4260 4798 
3834 2261 2342 197 259 333 511 650 1142 2372 3098 3122 
8094 3925 3491 2314 9753 3487 9752 4786 10671 2056 9914 
6121 6262 6263 1319 5646 1274 4783 9625 6831 2104 8357 8484 6715 11422 8504 11614 
5516 7252 5374 2653 9525 2485 3442 5279 1939 4410 4002 7992 2636 10166 8959 2993 6255 9512 5736 2652 3320 533 
4537 8392 205 6511 5815 10843 4485 2279 4443 8504 8876 
1391 4423 3834 3931 4397 7070 55 56 1212 4308 6210 6343 6348 6777 9133 2126 3383 3776 7405 8810 10327 436 6364 6367 6369 1282 3080 3780 6781 4004 8933 8957 1165 3615 4901 8858 4366 1923 819 3961 1973 4312 8134 79 813 7400 3975 
176 4777 5121 9219 7252 3258 4889 6401 6780 11368 10814 9403 8942 1863 3867 2661 8301 698 3396 8917 486 10726 5353 2217 1011 4649 1031 8066 84 4340 11552 807 805 916 5448 8884 
4941 3587 1727 3798 381 2819 2208 1111 1502 1836 7368 3595 4870 2985 2987 
2657 5033 570 103 3458 10806 3259 4964 3427 6395 11494 5754 1523 4541 6121 
5414 5879 2081 3906 5064 6561 3960 8459 6322 1396 2910 3284 6758 4278 4985 
406 5891 11975 6206 1010 1353 2427 5319 8391 10022 11707 9442 43 453 1615 2421 2545 8738 9506 10066 31 
2572 1437 106 11054 3551 4113 144 2616 4880 5663 8459 8951 1595 
18 4722 6249 8450 8628 1968 1974 2010 5577 85 2434 5323 2851 1490 1489 10626 4358 9896 10628 2739 4417 4986 10026 11222 6513 3 1749 6142 53 545 556 2002 7478 11157 11161 9542 11495 9541 2446 7142 11423 3664 6694 4143 2668 5107 1094 
7823 8628 8450 6405 9908 8937 9350 3416 11422 10630 7151 
2384 5466 56 1860 4911 3658 3660 1212 3368 6838 11609 4321 153 2952 
2850 4414 4412 4418 4021 122 4507 3080 6933 4311 8134 4940 11714 4074 5224 8950 8960 4308 10232 
7607 5842 4152 10026 2279 5681 5797 11461 9350 11148 8937 1474 9346 9347 
8005 7441 7517 2798 2799 2802 7671 8617 3586 7529 2734 5973 7117 9299 7239 3842 
4527 262 1355 4341 6963 969 2596 2775 5072 1060 1309 1375 
3213 1212 6051 2773 3101 4146 4903 8845 3554 153 2952 3961 10315 8031 4074 8950 7810 9897 2746 5351 10203 11932 2620 
2827 1639 173 4645 11173 392 4357 5161 7448 8660 118 9418 
7545 2525 4959 7380 1360 3419 2476 3015 3347 3514 7553 11078 5793 3684 3152 3290 
6451 6394 6932 2983 6253 8535 10410 6633 7812 5483 7811 1525 
4372 6768 257 330 764 940 957 1456 4067 4241 5381 7986 8909 10841 
5952 1095 708 8534 9518 1499 6673 9488 7876 10987 9335 9525 7206 3981 
2210 2388 2597 1870 1118 1860 2470 9192 2865 3365 1212 3347 56 2005 2746 2084 8308 5445 4907 2602 1364 5894 6514 2126 10327 1168 5624 3242 3246 3147 4414 96 
4234 2552 246 971 1178 5764 6474 1167 1447 5628 8313 199 348 841 1080 1382 1436 1763 5306 5411 6445 7202 7237 7250 
2604 4482 8185 1103 9814 844 4432 4481 4957 7994 5747 1075 1954 2358 6009 807 1165 
6245 4687 2917 3153 2822 2850 3277 2956 10509 2217 2763 4124 4616 5274 9930 805 2889 3692 807 
5600 1151 1062 1879 1960 1987 2076 6810 7349 7604 8631 1575 1578 2032 2878 4033 4768 7337 
4315 2437 3347 2304 1326 7890 11399 782 1212 4902 5445 6459 8460 3674 1300 6045 3050 276 2005 8858 2381 8307 4114 8244 2733 1299 10041 6498 
7222 3078 4323 3033 1199 1145 1156 4263 3116 3066 6401 
8159 2217 3053 6418 6721 6763 6555 6840 3831 4173 4601 
7121 3457 1499 5208 5842 7090 7154 7684 8792 8966 1090 2421 7808 2315 
5670 7180 1165 3664 5143 5561 4267 4266 4268 4805 5032 7420 995 6323 1519 11904 606 
3464 174 6712 8658 1678 5219 8036 887 173 1016 2041 
7166 1765 3847 1111 1502 6242 8309 1946 6260 4358 4294 
1182 829 56 5405 8651 2439 4448 3347 3956 2183 2852 
2267 3407 3514 5644 5645 114 2467 4907 56 5908 6346 7400 
3148 4031 6637 4169 1512 2213 9602 7073 727 4020 4050 6678 4028 1018 1165 1879 2373 3133 8836 2407 2554 150 3043 
3868 6851 7055 764 6197 4221 9921 7128 6715 6830 7646 8264 1198 204 2329 287 431 1756 3329 295 451 5047 2342 8791 2259 8449 1096 2789 2261 
5285 3344 484 7498 10780 3671 1463 5511 8428 
5541 5237 1486 570 3956 7103 7632 5713 6915 2137 9556 5990 5909 7060 8662 2818 7132 725 1499 2554 2217 2393 
6443 1520 1896 1933 849 3304 3625 7083 1910 4405 4386 
653 1632 7461 10122 71 2587 3978 1946 4302 6248 6254 6260 6382 8754 8998 860 2636 4907 3931 7973 44 4835 6201 
3914 2042 3122 6772 653 3176 3209 5974 6850 180 281 5501 6187 2652 3320 8263 8463 10062 743 5408 5729 1075 2366 2890 5056 1050 2413 2218 
5164 2065 3257 4657 6310 7165 6683 4491 3246 3614 4777 5353 
5396 8157 3178 6411 11572 503 1525 2629 3541 4874 1193 
306 3404 4600 9902 2727 4083 4824 62 8391 29 92 2410 3400 7185 8972 
227 4785 1952 1954 1518 3715 3846 3632 10996 29 1704 
4931 4966 2921 3362 381 8479 5541 1056 2191 7499 10812 4234 4033 6769 6768 1361 3344 6905 8563 
7581 7695 3614 7729 3753 10165 2321 6977 10168 6506 1462 
5258 477 7517 3304 4112 2147 2555 2911 3257 3782 5445 
7659 1648 2323 2155 3081 4113 7507 1614 9310 11977 6100 7040 2373 3133 
6682 8129 8091 6378 5799 3416 10950 11256 6027 5107 1851 3795 6826 4290 
8248 2661 5512 5368 8959 2679 8488 8957 10870 5895 
6322 7727 3602 7089 8740 4255 11945 6718 1274 5882 4517 9422 1242 3035 4356 2216 
1117 9381 134 2833 2850 952 8359 6236 7386 62 804 1512 
6550 1188 6065 10059 7626 10736 7886 725 2727 6199 5220 2386 4805 4835 5032 
5101 2653 8796 7509 2354 2920 813 1170 10913 6645 8499 10671 4019 7774 8357 8484 691 2387 1376 
6608 7846 8393 8391 8396 1328 1332 2293 3622 7237 7740 873 6656 7742 
317 2217 3984 3295 4442 1499 3807 5198 5200 6928 29 1366 1363 
2537 6113 8520 5736 5231 1954 9896 4986 4994 7999 3249 1036 10283 1944 8988 6649 9279 7633 8159 1634 5865 10251 11183 7939 6111 11572 3572 1933 4479 2002 9542 2446 10460 11563 2144 2544 106 2889 9749 3753 3541 102 569 9814 11256 1499 1553 12083 3352 11719 4559 
3910 7469 7586 326 1156 2044 3176 11559 1176 2710 6099 5294 209 6191 227 1317 2530 8807 3964 4837 10768 
1431 780 4476 1954 6992 6221 476 5025 4043 4994 8787 2971 2653 1165 1831 5964 7148 3221 4911 7513 7071 7405 2317 2005 10898 6056 7939 72 12124 4137 2388 2114 2369 6522 56 
1519 3017 1831 5964 5766 1911 6119 7823 1547 4268 6250 11995 
1836 7815 4308 4989 4993 6263 4392 6142 2739 4398 4419 4417 6351 6361 10430 
1077 3034 3946 1923 9199 11016 1646 5258 1011 1056 3416 62 105 4335 11818 10242 8555 6811 1526 
1976 4220 80 2120 4748 3752 6637 11288 2085 5566 9419 
4619 5442 1774 2188 303 4280 4764 3755 7782 2180 3347 614 654 387 2347 
5920 731 3721 1949 5220 8072 2984 2985 2987 4293 8822 4754 
4657 782 9952 2863 3408 5171 8024 333 1827 1849 4419 4717 
828 2126 10327 2345 3026 4693 7677 10321 1380 1940 3389 6745 8032 2340 7324 2383 153 606 2952 54 
5137 2545 2323 5237 6745 3259 1165 5330 646 6597 4307 9618 1503 6102 656 1363 1366 7458 10859 703 8042 4540 1298 
2804 8389 9134 9686 10026 9508 9507 10760 1782 8937 11422 
4089 1727 3798 1658 6244 6276 8079 5219 11911 8504 4232 205 
5091 4436 9275 404 3543 4360 4432 4481 4957 6696 486 1512 2607 3541 
7968 7535 9134 8988 5149 4432 4481 4957 5163 5812 9037 9623 10979 3684 1879 2064 2217 4223 6529 10364 4360 
6652 2712 8079 3802 1477 2319 4776 5794 5058 6174 4638 3208 3290 11828 
1508 3587 2490 5366 729 1478 2487 6024 8464 9163 9562 7753 3584 725 6627 6820 
5629 6447 2544 533 8611 1429 1632 3174 814 3247 11296 725 1147 2027 4186 4649 
6983 2138 4002 1212 3404 4540 2485 995 1165 3790 5608 3210 4963 5163 1860 3514 3961 4972 
4483 3846 6729 804 1298 9573 7458 11054 8477 4012 3491 8741 1835 6323 8505 9557 205 9951 
6508 6098 2390 829 2168 8337 813 943 5514 4374 4900 5515 8810 2388 
834 2818 1491 2845 7069 3975 4311 6273 7810 7430 8960 9188 9449 9448 2219 4412 53 3723 10232 1827 4516 
1657 2862 4695 851 9687 5161 730 3307 4632 62 995 1075 4340 8671 5366 1063 725 9408 6155 8237 836 1018 7931 7604 2545 7279 3400 93 1939 813 8437 11918 1376 4617 1879 4588 7079 9262 1338 453 8741 11818 8624 2410 
3562 3141 2756 6448 231 7684 8966 9210 4661 6450 4649 6718 2427 6511 10062 8621 4115 788 1176 1180 1882 2342 1756 
7617 1632 3394 4210 4332 7795 1778 3632 9197 3017 2144 9042 1482 1491 1752 6948 
7881 2410 2894 9576 10066 5882 2751 1683 8193 7050 9074 7986 4582 11251 
6870 2651 7400 7553 3231 6928 3656 1003 1935 6291 9133 
7291 1635 1954 8512 1218 1351 9225 10284 2125 7879 8409 2995 
6307 1737 3413 7740 2379 7073 4986 8391 2386 8393 10037 10026 7838 11064 961 816 7623 3290 2388 1934 
5635 7769 533 1376 6024 9163 9562 627 5542 8122 8391 8393 
2191 180 4418 4424 95 2439 7363 9012 5934 12039 10280 
7507 1730 6138 4575 3961 10024 1272 2393 3857 2746 5012 5495 3840 4966 3368 1703 2354 10073 3856 6616 9594 
6933 3060 2975 1499 2148 5319 9252 1968 1974 2010 1013 
826 1378 1165 3089 3633 2425 1520 3013 10962 5164 10705 4040 
8281 2921 7845 8814 6027 3396 6015 9728 8096 9210 10260 
7477 3893 10127 1946 2766 8998 5667 6982 10113 11494 6119 
8163 2246 3321 8269 9448 9477 8078 5232 9332 4028 3541 
2642 4850 5063 6739 9704 2904 3147 3267 8990 11173 3441 6451 6455 6457 
2796 8389 8450 2279 8157 7536 11224 5947 11433 6309 4911 6281 
1789 2349 3632 6953 3344 3403 2850 3354 570 8749 2217 5311 6024 9163 9562 1499 619 2791 495 1496 1512 1614 2213 3343 5058 7968 
5166 871 1496 4074 8950 7470 4020 4903 4977 5237 453 4979 
4169 4096 817 9248 3862 7986 9251 235 561 2342 2379 
5671 1594 4523 4021 7838 606 5584 4323 7074 784 2740 4992 792 1298 
1613 6933 1014 1634 7939 9777 3985 2515 2885 3989 784 782 1299 3310 3763 4992 5733 6045 6309 8093 8140 918 4805 4993 5032 6918 9951 11504 11453 3050 3554 4323 6889 7452 6948 792 3032 
466 3984 1935 1212 39 1860 7513 3367 8045 865 3731 
3465 1651 7822 1096 178 2342 2661 783 1242 894 4997 6761 1156 
1891 3210 3404 2685 2920 3029 4175 4460 4511 1165 5089 
4552 4152 5808 1968 1974 2010 6413 4890 292 9418 5063 
4754 8709 352 4623 2353 3259 4517 4940 5038 8433 10934 6206 10643 2410 6339 
907 56 1935 2126 2602 10327 923 1502 7784 3210 2921 2876 6295 2681 3931 970 341 542 2467 3290 3368 3615 5556 7039 7427 7904 10705 992 1869 1923 2142 2380 2746 3088 3222 3310 3660 4940 8134 956 55 829 902 
4090 267 257 330 1943 4795 6940 6944 182 8291 2372 
4748 1222 3066 3116 7822 351 1156 3232 3862 1369 4933 
5110 3404 6075 7946 8536 1689 4588 6635 6637 453 
749 2727 495 5960 6590 3343 44 1539 6201 788 1332 1376 2349 2489 3354 
7654 5023 1495 2474 2765 7153 7366 5876 2590 1747 1834 
1922 533 4950 6577 3679 86 366 805 2303 5237 1429 3878 8393 10133 1658 63 5461 7541 
3437 1053 7027 1521 1056 4455 168 3568 533 2453 6233 
3985 1346 4903 10408 4902 1096 216 804 278 5765 7587 3170 8308 3389 380 1945 10691 8695 8307 7825 9357 
2781 8389 114 1396 6319 10022 6026 10950 7628 729 2453 10648 4702 6714 4649 4966 9122 725 10364 4559 
6031 2595 9210 6718 2467 5523 7973 7582 6122 8307 2425 5040 729 
5894 2654 6426 4738 6925 7796 3675 2679 5552 701 2599 1669 3162 
7698 4524 4550 8609 10337 10780 4635 3584 10358 2570 3322 1928 5515 
3295 9452 3837 1529 4154 7175 4181 6564 10006 180 4734 7684 8393 8966 311 2866 3242 8612 7507 7900 9928 10315 7929 8709 2786 3415 6027 7202 11094 11584 1360 9519 10316 11807 7200 6901 8015 3427 3684 7405 2420 4911 2567 10395 8151 10980 9308 2541 4618 
3362 867 4645 4098 175 173 1156 3471 8711 166 1096 6035 
1347 2166 546 1272 8796 239 70 12126 8148 3391 7867 8520 11371 11376 
5216 2286 1482 7121 4420 1978 3190 5387 11046 8862 10508 4311 8998 4308 
920 5358 1831 5964 315 366 7153 11004 57 4086 5800 
17 6151 7629 3 2487 2490 7347 7341 8648 1234 1713 1962 5460 5736 7907 9388 2356 7020 545 
672 3416 7089 5842 2153 3845 44 788 1477 2152 4776 6201 6977 
7931 3743 4007 8183 4028 1840 2490 1800 2211 8925 2545 
7430 7470 4284 5445 1860 1212 2639 4032 7838 2147 2717 3310 5492 7873 
2700 1594 5271 6387 2544 4353 109 1514 2219 4006 5193 5483 
1403 5909 484 3403 4164 6901 7177 2027 12033 2219 2264 8070 1062 68 
7310 7799 3429 1287 1761 7526 1923 5220 7044 7939 12107 4154 1842 9462 12017 1165 11240 6905 5163 
6194 3231 804 1361 2410 2948 4517 6901 7754 8425 8563 8862 10006 1602 
2882 533 6556 9144 2948 1056 2153 2895 8078 9571 7185 
7701 1573 2895 3669 5507 1652 10780 9054 1506 4993 5880 
55 3347 6597 11393 4274 5628 11753 802 5163 8810 6462 7431 
4648 2545 3046 7632 7827 8868 3684 2774 3441 4434 4695 6971 7039 7764 
5583 5333 8146 2310 1831 5964 592 1587 4865 5058 6056 7982 6196 2948 2949 
2001 6273 87 6250 10069 264 546 951 2575 3018 8275 2423 2704 2857 8613 
4116 253 2844 6586 1326 1767 3758 1299 7890 5261 8057 784 4992 
5502 1475 1522 2487 11020 5677 4802 533 725 2652 3320 4028 11054 7927 
54 6633 4222 6197 4296 417 6940 12 9443 963 9150 
8023 2304 4081 4831 6344 2306 7483 1885 2365 
2371 2876 56 4787 6292 721 829 1520 1587 1851 3656 6291 6924 8520 3503 4993 
15 3684 708 533 3 819 1165 2005 6874 3845 4540 
911 4412 61 7671 2797 436 1282 4321 7735 2911 5445 6568 3615 8031 8192 7838 1827 11145 7812 10129 7470 4387 4037 7734 153 
2698 6416 4848 175 3471 7751 6647 7402 6027 8632 109 5193 7561 10726 
3056 9902 7199 7200 7245 1178 145 3737 4795 7938 7470 
4763 1592 7186 356 502 504 3088 3368 4488 5445 5683 6023 6057 6898 6897 8134 8306 
4205 6174 199 1314 2876 7517 7945 10222 10852 1056 1069 
5722 728 646 7142 4296 4362 11346 778 1101 5750 1176 3322 
1449 4157 1834 4836 6374 8010 4027 7288 10239 819 5221 1997 
8312 4517 7104 7093 8391 7039 9427 4770 5957 6206 6860 7232 10057 11705 6059 7834 4977 
3001 1595 145 6948 10573 2872 3666 10316 632 606 1646 5549 11018 8651 11323 11932 3769 7267 5264 11408 4677 11165 2984 
6687 5645 924 1170 1316 2210 2522 3284 5109 5648 7712 
3161 150 7401 1925 4384 5348 8366 4796 2042 7016 555 11615 
5672 1118 1842 3964 1477 4776 757 1187 1520 4614 5310 2516 3942 9148 4597 6928 2727 7185 636 
7712 6498 1696 5134 4804 9816 4982 6941 3858 6991 1523 4541 6588 1499 11777 
2857 8302 7973 2739 4417 10428 125 9908 11062 11840 6116 8090 11256 
4718 4675 2441 10559 9952 1863 1889 3217 3292 5578 7148 10531 2081 870 1242 1274 1380 2300 3085 3141 3177 3584 5165 6093 6831 7324 7423 7571 8387 
157 5794 1860 3417 9879 1363 1366 841 1382 1491 2453 6138 7514 8798 11717 
122 18 28 10018 1949 3722 8754 10315 10979 692 4311 8480 5613 2173 4907 
8225 2545 5323 3551 6024 9163 9562 10510 11975 7536 
5149 5333 452 2763 1072 2652 2856 3320 9549 1575 1578 5820 4028 10917 804 2217 
6965 6138 2921 3210 4592 7387 995 6451 11173 9600 10952 1827 5891 6122 2194 
7361 7254 7252 7874 1267 3248 5943 7235 3438 4517 4631 4432 4481 
5761 680 1547 3382 1234 1962 5082 6388 8263 1072 3664 
4272 5865 6027 5649 2726 5794 2258 7699 4345 697 8138 2217 2971 4494 6026 6465 10880 10412 7181 9553 3252 5695 9928 3144 1512 596 6485 11318 628 769 2235 
8007 6564 9129 4028 2486 3630 5101 8832 5176 10382 1863 2774 
2594 8628 3834 9462 4989 4986 11173 11299 11098 11016 9188 9279 7633 1658 2467 106 4907 1940 7939 7895 3386 
7924 2545 8251 8657 2340 3126 1776 3050 6838 4181 4297 
7478 5857 6990 8458 2246 3321 9205 5736 9802 4929 5224 6109 9210 3347 3584 6150 6637 
2826 704 6138 5310 3427 118 6924 10889 8106 1802 9950 
8129 2157 9462 7553 10812 8134 11356 11473 3368 11338 7923 
933 2410 8070 11898 7553 11358 2621 8183 2437 3227 5570 10313 11111 4006 9623 1325 2453 4588 5319 6318 7135 10019 57 4070 4086 5800 2765 4035 6901 9908 3354 1234 
1687 3229 4493 109 2286 5193 6913 5735 2878 3419 1234 1962 2155 5260 7104 5857 5741 1069 6319 
1906 4575 4137 1656 711 10235 6309 8688 8520 7712 4357 86 
4963 10886 6999 8358 5237 6239 6928 10424 3553 412 1689 5047 9335 9443 10099 4432 4481 4957 
7897 3416 4516 10495 7604 11945 2410 8504 2394 10759 1779 
5509 4324 6683 3457 4193 3290 11828 1185 4907 7002 4491 4661 8263 11358 1165 2147 6781 1229 1381 2005 3276 3541 
7913 2652 3320 7175 1713 3588 4715 2453 3918 8840 8624 11754 
5859 4854 7781 3336 4010 4428 5126 8023 701 2491 
88 8223 11225 5620 5748 725 7838 7906 11401 2446 4479 1521 2342 3803 315 6212 1130 9816 10587 6694 1345 11874 1484 1719 1853 3156 3422 4006 11256 5429 18 28 4562 10018 
3470 379 2453 3322 5736 6625 804 5721 179 233 676 901 1186 4225 6468 6759 
4314 1062 3043 1325 1347 276 3722 7376 7873 5360 10616 3382 4017 9335 916 3684 3277 6478 4341 4432 4481 4957 7363 
5683 1165 9124 2264 11613 636 643 1376 5366 1618 5264 8151 8534 8535 2117 9685 
2784 782 1135 727 1062 1165 2025 2249 2292 2453 3845 4649 4709 4719 5049 5763 6328 6821 6905 7274 7551 
6547 2718 862 1257 1867 1702 2090 5373 8024 8787 9678 
4830 4517 1528 3322 4432 4481 4957 4555 10611 5736 4455 10613 948 2823 4077 8520 2904 3267 4070 9738 11611 9447 678 3511 4124 4234 
3264 5366 3684 11217 2753 725 2423 2598 2857 3271 6114 8496 9518 3630 5763 162 
2451 719 7992 1801 2144 5366 7601 1482 1499 9583 6322 482 8354 1871 3391 829 
4441 1753 1975 1981 4935 1502 3735 4093 10664 311 562 7453 10855 524 1096 11391 2352 3462 5253 10951 7272 435 3809 8607 2028 
6680 4805 5032 6633 9506 2746 804 10455 10232 10280 5891 1550 3161 
4943 5996 6453 8860 8963 6221 2217 7965 10019 993 2420 4687 6901 7599 10726 6109 7960 10901 3743 6720 7964 3886 6149 9715 
19 3 93 1018 7073 62 1016 2169 2545 2727 3304 4154 4451 7216 
2962 133 1065 1165 3684 10959 3026 3050 4717 333 10768 906 10710 
8310 4455 6914 4432 4481 4957 9794 6941 6944 
2231 4805 5032 9352 97 3227 7073 1016 1338 9351 3427 
5109 730 5445 4129 6028 1158 1204 10545 619 2427 2993 4688 6256 7458 8148 9512 10022 452 727 2354 2420 2658 4588 
965 2602 2195 6138 2129 4169 8613 9188 2277 10981 5826 61 3389 5954 
7130 2554 1949 3304 1090 6510 5740 4885 4688 6928 8234 1377 
7908 6932 8322 1860 2147 1747 2393 3413 4978 5497 5535 
7743 7889 2485 1499 4800 4907 7029 6024 9163 9562 11854 
316 29 359 1120 1373 1407 1436 1451 1458 1459 2108 2156 2204 2515 2883 3407 3430 4756 4885 5552 5617 5826 6233 7180 8024 9928 9925 3050 3902 9970 10993 4051 297 4907 5923 9952 10321 5136 333 1380 2920 10972 2949 3026 733 1390 
571 8064 205 3431 7038 2904 3267 11251 1818 5163 2492 43 
3401 4221 5736 1573 6944 180 5579 166 2372 191 654 643 1278 5136 5174 10321 3728 1837 4156 10653 3936 6119 
3262 6967 2254 4826 2386 3917 1869 3636 9826 
7937 8125 11904 3664 5107 10532 1831 5964 6526 4470 4551 1802 1885 2365 
5338 2302 6729 495 729 4567 1165 4568 3322 7978 
447 36 3271 9601 1464 1863 6518 5531 7558 9197 5094 6109 6780 10178 
8212 5468 7239 3487 6109 10429 9060 12044 12083 12084 9939 3426 8193 5842 8435 4798 11818 10130 7119 4006 6647 11111 
3581 6288 353 177 474 2046 4659 4838 5867 1514 
7411 4146 6057 2126 10327 11539 7470 7973 8810 1212 7621 
2640 5220 100 804 2379 6452 2919 2928 2164 7820 1734 3777 6024 9163 9562 4006 4800 4797 10101 5411 7460 134 4747 11441 2115 9788 10451 1016 7973 9291 5763 7987 8619 1190 9583 729 3684 2545 11818 5163 10667 9801 6835 7967 
2431 193 6172 3066 10235 5848 5570 8925 11221 8079 8989 
5536 834 1885 2156 2365 3664 8197 4028 3780 2942 2325 9501 569 995 5164 10648 
1878 2727 6460 3416 9821 11122 2066 1840 3246 9052 933 3815 4634 5038 5090 5237 3295 4442 1390 1945 5161 
3904 4795 427 2159 4022 1001 420 209 546 1024 293 373 6229 8453 9919 2372 5291 281 
2942 6974 8880 7949 3416 6990 2451 2639 1499 2079 2602 4321 5445 5495 7408 124 
7465 1647 1396 2290 2676 3606 5354 3684 5679 3344 1466 11368 1340 
6702 2602 6057 4485 7038 1867 2217 3280 3322 8066 7419 3376 7691 8934 3416 2693 7079 9883 3049 
4093 4536 244 233 378 603 1646 3809 7959 9503 11836 7540 
4133 269 259 1172 248 2335 3639 257 330 3862 4225 3148 6774 267 6773 6944 
5147 3568 3418 9197 9557 7095 2895 4451 7973 452 533 
549 964 8798 8391 2554 3401 6852 9332 11048 5366 6840 11897 9722 942 10509 
5884 4211 1663 7767 6873 9167 7760 12103 4462 7684 8966 
6087 4284 2602 730 4972 968 8027 5891 11112 9179 1346 
2032 4868 4406 4392 1000 3424 4129 679 8970 10280 9020 9021 11499 9210 123 1494 56 4911 6777 8568 5351 
3143 5405 2388 2734 2147 5674 7006 8032 9192 1345 4321 813 3554 
7505 6024 9163 9562 1689 1482 2065 3347 4035 9576 10037 
1412 1949 56 2865 1105 303 387 425 829 2106 68 725 1130 2217 2437 3684 4252 5876 7016 7274 8107 180 217 254 269 
92 8682 4014 4994 1165 9034 4028 725 12119 12027 12018 3664 18 28 10018 5429 5800 7291 
4736 4491 5527 3985 2021 281 3684 5085 11787 1647 8350 
4514 4912 6151 3534 8526 205 2878 6866 3539 7238 6853 7964 904 8623 
7757 1688 2410 7432 7695 7696 7065 1534 3242 3361 7274 7311 1516 9469 10112 6874 8253 
5875 6144 4989 6113 1523 1526 2437 3391 4541 4593 4715 5736 6746 7475 
7563 5550 6603 4649 6024 9163 9562 6750 10476 1428 2210 4911 4371 11533 5358 9210 
6619 8070 2594 2601 2061 8382 7339 2817 836 5863 9818 
6674 8358 2319 4525 5224 6394 3789 1693 1695 4788 4245 4557 5009 
3418 166 7857 407 2521 6565 7900 281 6772 7532 
6462 3632 4039 11539 4033 11002 1143 1495 4474 4878 10066 
1364 6144 3790 2900 7847 55 6353 6361 6362 5379 6210 6352 6374 5386 6209 6347 5378 2739 4391 4397 4387 4392 4398 4402 4406 4410 4417 7815 4311 5380 4308 3978 3975 3974 4108 4423 4419 4401 3931 
7349 4423 9192 2388 1234 1962 2639 3427 3530 3593 3737 4094 5038 7412 
5341 2572 2575 4403 4077 495 3242 4639 4662 995 5049 1879 4164 9349 10474 6338 9555 10814 10845 7578 
1202 3398 3684 10168 1024 1075 74 134 1534 1016 7180 62 1640 4839 5199 3315 7132 8070 1056 
833 8450 11734 11183 10251 11225 11572 53 11157 11495 10630 10950 
3938 180 558 1418 4221 7726 258 365 2326 3327 3862 6834 7048 11846 326 6727 
4013 2895 407 2380 2372 6772 3094 182 1922 246 367 393 1384 2417 
2777 8153 1842 4158 5740 436 2182 10534 5500 7720 11905 10755 2380 8875 5038 6138 
802 50 995 727 2958 1143 5058 4319 6206 5433 205 3684 5736 2296 5916 10059 
1 6432 0 1095 440 3277 780 1319 3284 7902 4476 10768 3613 9060 333 7076 683 7324 4608 836 1376 8196 6590 11995 2545 3413 3684 4977 1170 8487 
5752 6756 1334 3448 5893 6509 10462 5923 675 5715 1089 2307 
1541 9076 2279 11718 11016 11352 6694 1801 73 11202 84 
1882 128 2323 9530 2676 2755 68 4028 4869 1854 2322 2636 2652 3277 3320 3813 4010 5469 7701 3584 9084 
577 708 725 1132 43 2516 2726 2727 3684 1332 8391 
8214 5661 2489 11421 2995 4639 4662 5140 6982 8504 6319 
3047 1180 1176 2949 1946 6283 178 5826 8709 2261 1249 8587 3913 
2380 6731 286 6027 5927 4940 1431 84 11613 4363 7444 
503 788 8213 11057 8079 1130 1922 5411 533 6772 311 201 591 2035 3743 2437 281 2153 409 3620 342 439 5739 40 80 1428 2120 2373 3133 6092 174 5184 287 336 873 3831 8671 4335 5989 680 8393 1376 7532 627 2542 7777 3049 199 3343 1024 4516 6339 8471 5306 6536 9070 8822 3176 7755 8219 1521 9788 4795 8871 7018 4682 3527 1422 1562 3209 7601 182 1188 93 209 1062 1072 2040 1505 2489 9583 3354 6541 10348 10681 417 4739 4478 379 6940 7808 9240 3064 1468 1116 1682 2034 2042 2434 396 
1753 1573 7729 4939 10554 1075 2025 4432 4481 4695 4957 6898 7516 5542 10550 2728 6655 9816 1169 1165 4808 4800 5580 5589 2674 5163 6459 82 1825 7130 2535 2653 3003 3560 9145 97 678 1090 1861 2805 8244 1906 7659 8391 9129 2540 1347 4517 8070 4631 7104 8587 2621 3207 8503 8504 2409 4519 5364 2002 7124 10814 183 1069 1011 
2342 2985 2987 3793 4867 1949 3541 4875 4461 8558 154 4260 6968 
4851 4288 7113 5606 2971 7391 1833 4169 7430 8070 9733 
6248 8373 7753 727 1887 6861 2785 7400 6612 8735 6982 1563 1487 4649 7318 4028 2420 6506 11133 1677 2757 
3075 805 5445 6666 810 1430 1571 2956 3540 3692 3693 4284 148 
110 1165 4455 3569 3684 9102 10560 9793 9525 7347 18 28 10018 9501 
5328 497 2819 4432 4481 4957 6319 2379 1173 1165 2018 7137 7135 619 2101 
1380 1869 2083 7442 9117 1901 5904 6024 9163 9562 3315 
172 4687 1368 3277 404 9734 11089 1875 4146 6780 2378 5448 7136 1954 7529 1016 
7486 1602 2293 2727 5058 7089 5882 10269 11259 1272 9704 1381 7232 4269 2016 
7693 3776 8027 8285 4387 8282 8177 4053 4870 7166 7172 8284 8287 8289 8294 8292 4911 8751 8283 2876 
6228 6778 4112 8709 5954 5056 10637 2230 727 7127 9129 3173 
3782 2573 2653 2664 4012 5943 182 1277 6182 8743 197 
6631 3368 3428 8134 7960 8810 7077 836 6158 5411 6768 
7621 6024 9163 9562 6225 1482 10428 11300 7787 3416 10630 
5573 6482 5735 1713 1954 6571 6762 7661 533 2230 6302 
8047 8844 2609 7006 8690 7721 8616 1919 4507 5909 7193 4849 3368 2602 3147 4902 
1014 6057 3088 1512 2008 5650 5865 4873 2114 3505 3504 7288 6777 11990 9402 6833 2772 3911 9711 8134 3147 3751 6781 9417 8148 9952 6834 9887 3451 1165 3566 2538 4634 11918 10414 63 5461 
1367 7284 1946 9210 4805 5032 4432 4481 4957 5033 67 3839 6952 8709 4517 5456 4357 5570 10027 8032 9803 7978 6138 11016 8111 9994 11422 6027 
391 1065 6564 30 2064 1491 2293 3344 2217 7718 2333 1538 948 819 4911 2126 9482 10327 5362 7746 4638 341 2646 
6812 1741 3796 4870 6285 8306 9813 2317 8020 7470 9210 9756 5355 979 
4276 1841 2011 9418 4028 9902 10280 1477 4776 1689 2219 3329 7016 10869 4634 
4138 582 8658 3347 6034 3098 10688 4035 311 1460 8293 10652 10653 
8119 7600 2392 2126 9581 10327 3290 11828 4575 12102 3855 
8012 8348 9517 11803 3449 8257 2597 4468 8555 5492 2109 8234 3684 7187 
2743 205 4516 2369 3988 2944 6638 3344 109 5193 6236 509 202 213 571 609 2819 526 6836 199 506 7857 166 
3134 5891 5359 7616 5214 150 1003 1212 2126 5038 5595 
2762 1663 112 5033 5570 3956 3684 9896 3249 5231 10283 4986 7999 10760 7978 11173 11016 3436 8976 11183 11225 127 10483 2864 6982 8810 4562 
7920 6569 2349 9071 7753 3010 7532 11181 7888 9418 1759 6383 4221 11374 
7650 6742 5237 6918 8192 6765 8858 3635 6255 8583 1492 5946 6146 9188 
7816 7810 2985 2987 2765 3789 5891 3307 5456 2114 3931 6638 
3375 222 174 266 761 2544 7222 6740 232 265 418 
5159 452 2217 6233 2791 6627 7770 2971 995 1427 2472 3282 10380 
3215 3231 2260 7252 153 2952 2368 1858 2676 1345 3931 11062 9350 11153 11495 11157 5915 3213 3554 
2746 4432 4481 4957 8026 157 5368 8064 1989 2568 4112 5705 6902 8628 1795 6141 2279 110 3390 3389 4418 6349 6355 6359 9041 
5141 8697 2636 5120 7834 452 2171 2452 7391 5455 8730 2144 1648 6420 9347 3543 5374 3541 4875 2379 3260 3540 3966 
6610 2723 2978 788 1490 1489 2032 2969 3772 4307 5507 5664 7601 
5675 2876 606 8242 6109 1089 5874 8234 10498 4577 12102 
1844 4616 3454 2815 1080 1327 1309 1375 2024 5274 68 2599 1271 1320 669 1873 2621 3752 
3136 2728 7006 9648 803 5188 5875 11132 2342 389 1176 3470 10292 6098 667 
8155 3584 3587 9482 2545 3101 7611 3961 7126 3833 7445 
8309 6374 3615 7802 4419 8870 8289 4089 6142 10628 8688 
1028 5882 1514 2410 2487 2490 2904 3267 3404 7529 10426 62 
4865 7525 10760 10211 7602 9820 1477 4776 7604 3753 1651 1583 2765 3514 7252 
4008 7881 1123 2485 1594 7838 2320 2668 7127 2121 2474 5238 5439 8783 5846 2590 1520 2493 
3869 317 6932 5319 203 216 180 199 6901 871 4951 6790 957 1496 2427 5573 5576 8342 8529 9017 2344 6232 5497 
5087 2823 1955 1490 1489 7039 698 2374 404 6696 2217 4385 5127 3443 8783 2721 
3196 3761 4713 4907 8709 8032 488 3615 153 2952 6355 11323 5377 6346 
7773 3931 3593 10232 2381 2609 3347 1527 1605 5768 7167 11173 11891 4077 
4447 8466 9172 4444 8411 205 533 1272 8133 6244 11543 7695 9845 11358 
3937 292 180 199 519 4701 1531 2047 6087 
7568 1637 6637 2904 3267 1738 1433 3174 6672 6100 9643 
1598 6638 8555 9215 10779 7691 62 1486 2921 3460 6332 
4661 7781 8066 1954 5038 8475 4634 1242 3760 4306 780 4997 5174 5865 4985 11918 359 3684 5164 11631 2317 10280 11906 2437 4907 1257 4693 8387 11636 918 337 6718 2910 
2015 1324 829 8059 4044 11383 3931 11441 3716 2865 498 1436 10705 687 1002 2602 3495 56 380 425 1003 1194 1199 1764 2300 2728 3222 3284 5158 11400 6057 
3201 1383 440 5323 560 2401 7480 9026 3777 6327 10548 9355 3108 925 2904 3267 480 4835 6024 9163 9562 6644 4700 6135 6262 8823 9845 4657 8754 8408 153 2952 3050 
6081 1539 2217 1130 1615 2373 2791 3133 3271 4389 4421 4846 5857 5876 8965 7091 2110 873 788 2219 729 7265 3625 2410 6730 5794 3632 10762 1540 2453 5411 2452 
7849 8709 7288 6635 6637 11173 2380 2609 4141 10725 2210 
5244 829 5645 9147 10480 6309 477 1056 4313 5648 6777 1210 2910 6718 3674 5566 
7874 1661 7611 2191 4191 1840 7632 2926 8465 11005 4830 7702 9591 11325 
3344 4324 4380 262 1567 4623 9433 193 629 2800 4532 5658 5892 8660 9305 10109 2085 5095 10252 3224 7048 524 615 728 7926 10294 324 375 399 515 548 659 742 764 1222 1531 3862 4694 7748 8247 9810 10720 275 292 465 1756 5285 5577 6182 7957 9008 11341 166 
5389 6423 1989 3858 2697 4551 9298 10386 6528 9154 727 6323 11071 502 3107 
2810 2373 3133 1477 4776 4562 6384 3352 10532 8070 10386 4551 7310 9345 119 11881 8842 10484 9346 
7989 5405 5456 1827 5445 8307 7712 5498 10924 7914 5493 
90 5729 2590 3336 3491 4290 5904 7661 9748 234 6468 7243 8403 9444 10664 562 647 3151 4645 4729 6772 10841 292 281 470 8385 994 5345 684 2342 7267 9070 9619 10447 11537 393 1096 5157 8291 9443 
554 553 1522 729 4618 5535 7468 9574 44 6201 9252 7252 9253 43 2542 
5641 533 2493 2894 8814 8601 6606 1491 3632 8010 8506 4152 3831 804 2435 7039 
7646 8799 10768 9258 10682 1488 7400 9031 10196 10769 6461 4911 1570 4986 
4233 3908 4301 2650 5420 9458 3806 4154 8628 2080 6627 10643 10677 10826 11048 11326 1338 7831 262 6829 
510 5853 865 5422 6929 9878 11032 1377 8754 8308 727 4657 9088 1875 1954 3539 6669 105 2386 
311 56 295 257 330 451 764 2372 3147 6530 1186 6468 29 2217 3372 3684 3926 4231 4335 
5026 6371 819 8934 9687 434 7867 5366 6842 4947 5090 1499 7948 8587 
5269 7921 7740 1147 1970 2077 5367 5419 5535 6501 6901 2452 2545 11214 
4079 4375 6478 7186 1436 5070 7009 658 859 6300 8395 8150 2771 320 969 9928 2860 1459 238 1099 10579 1454 1421 1438 11968 
4426 4460 3722 10207 7361 2381 286 999 5365 7838 925 8000 10495 6977 8810 
7444 7632 4829 2468 8814 1322 3054 9854 2503 3385 7533 3398 5989 
1349 3535 6915 2344 6232 8733 2653 2379 6922 3886 9527 1218 2217 4535 5256 6913 
2588 1750 533 4132 9212 2664 2760 2385 4028 5318 5626 2778 6002 6099 2732 7624 8470 12100 10278 2001 873 2362 5989 865 1818 841 1382 2921 4006 11148 4870 4479 3157 2714 106 1714 1812 5985 2727 7641 7664 11256 1243 1477 
8090 2011 4717 6085 2147 7793 4167 7170 11446 11449 3519 4580 8990 
4724 592 3182 4302 5723 10768 918 962 6718 328 867 1945 
7865 7873 1817 4592 5882 1646 7468 1723 4357 2876 5674 6027 
7469 2108 5019 2019 9261 7195 9415 6387 1165 2310 3396 
8167 2260 6785 6065 11064 2702 4154 4761 5954 8500 9866 10286 
8041 4383 7470 8681 1860 2676 4031 9829 11348 2182 4575 7409 7840 2677 10755 6791 4634 
5364 5230 9583 494 804 2545 5846 6555 2922 7694 2712 
4666 5891 6123 5961 2138 366 6859 1548 8709 2181 338 
8292 6160 9148 7124 5721 5009 4627 9962 3227 7664 6110 
5314 1090 9249 4077 6694 7558 9197 9247 9251 490 3277 5736 6325 7039 2833 
4303 1756 7556 628 701 1080 6541 11919 356 3250 
4268 1634 205 1165 2264 3352 4120 7072 7658 7661 7664 7832 1075 
6625 4078 3684 4848 7691 3335 3242 2348 7354 8829 2320 11562 4839 7121 10141 1165 8504 2570 10972 
2944 1376 1195 6135 11394 124 6940 1393 257 330 8295 10040 4753 
6483 4432 4481 4957 5885 7038 3485 1049 1061 1340 2216 2716 2804 4245 4777 
4462 3684 264 613 678 951 7295 2217 495 4443 8952 5986 10168 5274 6931 2658 10991 
4506 4028 5358 828 6076 9509 3748 9443 819 2410 5366 10961 11356 
6853 9124 6725 6805 6661 9157 1376 1011 1272 7745 3344 1009 995 3295 4442 1896 4431 4436 4360 
3174 1118 960 4911 7803 2515 6212 8957 7284 715 731 2783 
3444 3615 4540 5793 171 3347 8696 5371 5466 6619 7720 8134 9634 
6600 7611 725 1516 2590 3344 6383 6551 7942 9037 3343 3355 3354 5909 9793 11504 2217 
6976 1333 7669 8584 6891 2606 4028 8470 3109 1016 1243 1468 1328 2387 3684 5846 
6069 2676 5152 788 8243 6958 9168 2123 9997 2471 4482 4870 727 995 4590 5467 4695 1955 4988 4432 4481 4957 8717 
4479 1072 5779 6232 269 267 610 737 1180 1288 2280 3052 5345 6469 6944 8907 9921 1096 1176 1936 636 736 4222 5438 1089 3135 7571 7607 1033 
6866 2126 10327 7838 1282 7517 3789 4902 8307 3246 1860 9125 6778 6933 
801 4575 50 2715 3072 5988 6974 3396 804 4321 2393 3231 5560 5740 
7683 7838 5578 8518 9462 2313 4027 6138 4310 4574 6183 3484 4146 7992 
1152 1298 64 705 3205 3156 9339 5883 11419 11818 5516 
6163 1477 2171 4776 787 1323 3606 6848 6978 7425 7568 9024 5779 7684 8966 
3887 1818 10285 1176 180 1180 5720 6948 8810 3347 423 7997 737 1136 3558 3762 3765 5174 8904 9411 
4411 3737 1594 1860 1935 2131 2126 2466 2482 2807 3310 3368 4321 5891 6056 6685 6933 7083 7144 8134 10327 1628 4855 10969 3404 4386 9178 9210 
7214 4389 1482 1499 2217 2404 4747 5771 6059 2410 8458 
2540 6325 366 1687 2014 3864 2743 3988 999 1985 11133 5556 5721 2801 4432 4481 
1777 7237 5989 1065 3166 4432 4481 4957 9952 5541 12044 4154 80 2120 
5032 6225 2806 6678 3383 5613 7720 1954 6696 8516 8362 9725 6332 9793 465 7386 2802 9625 9885 6114 6704 404 
7480 2217 3409 7478 3984 10934 4839 8433 4870 11940 8292 11918 1360 6778 6313 8287 
2242 6929 4981 7866 4517 3497 7809 9188 7159 7810 9328 10408 2277 10096 56 9878 
5397 4907 1935 2230 1196 1216 7117 503 6123 3514 4741 12107 
4739 6138 1690 5875 348 7016 3769 8695 10891 4864 3862 3931 7815 8998 
6596 829 6778 2273 2390 2453 3845 8457 8532 2389 7034 11577 3431 11786 
3168 1646 730 2467 7470 2147 5596 813 2597 3554 8643 2126 6350 6777 9221 10327 2711 8876 4397 4398 
7788 4787 3783 6645 10280 3416 7935 4427 7400 2765 9239 
7596 8129 10027 10497 1818 10293 9279 5515 12115 11225 1782 2222 12114 8148 11422 5881 
6158 2230 2844 3078 7890 784 4992 902 5733 6045 852 867 1945 
6385 2320 9167 4846 5038 2642 5220 9678 11737 834 6028 1056 2453 
2940 3869 2544 533 5400 8070 6654 6246 2978 5258 3931 2971 8671 4335 7651 5659 124 2410 2545 6914 7675 4258 6922 2005 7153 6913 3426 1707 8611 10787 3584 5019 
950 3444 160 1234 1474 1962 3277 6859 1490 1489 8187 7505 7968 4986 8749 3584 5448 2658 57 
5090 6938 404 4432 4481 4957 6696 6987 7076 9813 3749 7181 5518 
3365 8387 1302 4810 10522 166 180 281 395 640 654 2525 4282 4987 5968 6151 7242 7957 
1237 137 1072 5230 2442 3409 7466 5989 4843 11345 11263 2410 1165 2655 3981 3986 4783 4827 8464 10561 102 1637 1477 1497 4010 4028 4776 6109 9022 755 809 788 10130 1800 1361 6810 8563 5349 9125 3344 5319 7536 
3838 2676 643 5187 636 4278 193 4161 4597 4599 11322 641 
4453 6267 303 11564 8416 262 2545 2760 4934 1165 2405 6938 2627 
7070 9192 7873 8307 1376 1212 2890 2602 2126 10327 8717 11907 4468 2515 3368 
3046 1874 2383 4657 5809 8930 5552 1849 6803 8741 9011 2160 3112 10408 12020 2515 3063 4667 11134 11136 3224 145 1124 2467 2820 4550 
8262 3913 2791 8360 9313 10196 6109 9952 6980 9267 9270 11642 6874 2903 3845 5736 9332 5985 3120 6028 4255 
7471 6815 1165 2921 5819 6743 9108 3343 4922 1818 6027 3845 3911 9491 10351 
2031 9188 7281 5937 3615 3310 4311 2587 9793 1790 11358 5894 9950 5703 2126 4927 10327 6313 841 1382 4688 
7238 1212 4460 3740 9207 7470 1860 5309 9210 8134 1118 2609 2984 3840 6459 8000 4253 10152 10775 4312 7239 8573 10323 9902 
5017 4699 725 3845 4800 5736 1478 2260 9341 2853 4330 5277 5735 9802 2652 
5049 829 4357 436 2602 2147 5757 2114 5445 6645 7288 2005 8200 8009 
6788 2126 10327 4972 2313 5493 5624 5755 5790 6571 7788 10631 5507 8073 12084 961 4077 12043 1693 3812 9866 2609 
4687 5405 5955 5161 6444 333 3058 7900 6093 6778 9989 1212 4951 6897 10575 8810 10168 6228 4947 
6241 2147 1064 1634 2290 2863 2888 2958 3410 3404 6919 7121 8522 9952 727 2344 10051 11208 11243 
5202 8134 3368 4714 2746 803 8284 7193 7448 8618 10129 11178 1212 6725 11440 9547 465 5441 7761 11946 3210 
626 109 5193 2217 2878 4940 2218 6412 6413 10780 44 6201 4505 11785 1381 5736 9189 11356 
5783 5787 2217 3247 4557 8619 2481 810 11054 7039 11301 4732 4204 1464 3692 5009 955 
7204 6307 1123 6494 5785 9402 7859 10981 11980 8970 11228 
8016 4460 7639 5362 1883 9678 3290 9138 11828 1948 8134 
2216 96 1199 11228 6593 10280 1935 7818 8960 1212 2746 3310 2147 
2258 734 3684 4997 9124 9293 3224 56 2485 2865 1080 1358 
1471 4335 4800 9293 9498 10013 1868 6627 5515 264 951 8670 10168 1812 6849 68 9037 
2606 7038 100 678 1339 5559 977 3748 5237 2569 
5590 7171 2393 533 7389 5448 2453 4409 4658 9111 2217 4400 10726 10409 1165 9449 2880 5962 7474 9729 8196 
1969 63 4491 5461 6933 1860 4053 5720 3246 4019 3554 5038 8983 56 7873 813 7895 1408 1212 
7703 2173 4870 6394 2126 3984 10327 7858 5495 6056 1506 6614 2147 1695 
8115 3499 8810 7159 8998 2640 7553 2126 10327 9899 4266 
2547 3418 9253 3438 7684 8966 102 2141 6954 9733 1468 1485 
5853 3737 712 4903 5445 4787 3294 9576 2602 845 3743 
5018 7075 8208 10970 2117 2920 5932 6560 7387 7386 9699 11568 404 6502 6696 7385 8884 8932 1512 2308 6875 
4605 8537 521 520 324 429 1066 1142 2035 10163 2047 2342 
4445 3907 5064 3035 7655 7571 848 1766 1775 262 1109 3182 9395 11672 
5475 1165 5469 7602 8814 836 2216 533 3543 3988 5325 
5088 3277 4995 6635 6637 404 495 2939 2835 6267 2687 
1260 6683 2921 2609 4357 1282 56 829 1039 2129 4619 3418 5351 1614 3226 1790 3723 63 5461 4870 
7443 7928 2479 3393 8067 9290 1331 5736 9797 9891 2855 6186 6491 6627 9037 10861 4266 4267 9767 9929 
7362 7000 7746 1727 3798 2217 8582 1259 2807 5443 2995 4208 9737 10780 6291 6292 
1093 7038 68 725 1499 1573 1615 1664 2660 2820 3226 3227 4006 4132 4482 4661 5448 6024 6205 7960 
6898 7917 10478 1019 2137 2126 2313 2675 2746 2802 3210 4565 
3288 725 2845 8504 804 1161 2354 2409 2839 2851 3315 3322 4135 7509 8391 9377 2413 6462 4259 
5767 6992 683 1301 2340 4284 6184 7793 3684 776 782 1299 5898 7890 9963 
7283 6780 8010 8504 7873 11507 6637 9291 2879 1170 3385 7362 4427 6065 6768 
4902 551 5935 10039 4139 4806 7264 7622 2389 2467 3416 5736 6040 7600 2688 4352 3301 5251 
131 1860 2602 3451 22 21 2147 3913 6897 1827 1842 4094 2999 11173 2609 4357 
6334 3693 4291 8360 805 7468 2264 2773 11900 2935 3415 11025 
5163 5508 5876 7185 8619 3398 6891 2727 995 453 8078 2153 3542 2144 
4305 8449 4795 7938 257 330 638 6541 4690 9138 8269 3322 3277 11814 3418 9619 10447 8295 235 392 5083 5237 7115 3525 3528 3643 
1965 63 5461 5231 4994 7998 11300 6405 7633 9908 11062 
6620 725 804 1001 995 1165 1528 2217 2520 2791 3174 5314 4783 1054 
7922 2823 4077 7872 1772 6617 6914 7385 3173 4434 3403 
6346 5917 1922 822 3405 3397 3120 4939 8043 3506 2410 3396 4478 7729 9415 2032 10528 1626 8010 
5319 6544 9380 7432 491 3506 10775 10918 5881 4041 5493 7658 7827 9576 11357 
3105 6718 3988 2968 1165 1694 2624 2626 2910 2970 3684 2589 8159 9601 
7769 2410 2200 9325 3259 1521 3303 9262 1661 6465 4098 
2767 113 1661 5736 9121 10302 729 2410 5848 9793 4006 6065 1016 925 
91 700 5407 10497 7430 5881 5562 3584 18 28 10018 1474 4562 4559 10532 4470 
5901 1721 3665 4129 4253 4814 5351 5422 7623 8688 9210 9646 11812 733 
6288 3322 8678 1499 3834 1879 2898 9082 9337 9793 1856 7673 
7738 5736 5860 6892 3584 7217 4340 1499 2474 3426 4006 9448 8070 9137 
2655 6925 289 2342 9156 3999 11341 8790 103 1232 3398 5165 7568 1323 5073 5077 
2266 8810 333 780 3763 4666 5944 2733 5156 6184 12107 
717 109 5193 44 788 1165 1812 2393 2727 3400 3413 3628 3664 6201 7073 8621 
5526 804 4800 6319 6024 8183 9163 9562 2354 7337 2381 
5085 1075 1525 1954 2409 3134 404 6696 2753 3260 4091 
589 4033 7799 8560 4265 1995 2345 5490 7400 2370 6982 44 
7583 4432 4481 4957 6111 11827 4648 7401 2393 2217 3277 
4171 295 392 451 652 1150 5222 3684 4266 4267 2791 2452 4268 10917 260 2082 4702 5561 6068 7332 9302 
831 7083 7407 8359 11818 6174 53 2772 4130 1072 10280 
7735 2410 5909 3418 5237 4006 7458 4399 1499 9842 3897 
261 8660 1003 1787 3706 10046 5237 2727 3352 3487 9877 4931 5800 956 1552 3554 4638 6184 8179 4556 3799 2425 4649 5354 6581 9280 11530 2778 3247 4783 6897 9951 5740 2064 5736 7582 1620 
1957 4329 63 2317 5461 6493 2320 2570 3869 8368 9820 5258 6471 6777 6920 
7791 2596 9192 6250 2388 2379 5014 3259 2515 5038 1550 9328 3185 3997 5324 6273 4833 7802 
2065 3402 7960 2323 2573 4028 5857 7964 8391 8460 4649 7509 1615 3347 4813 91 1649 2322 
1353 3413 3378 1831 5964 9962 3232 2410 4774 5343 6150 7201 3259 8635 10048 8470 2897 6180 1136 2243 1016 
7015 4529 3277 6221 6320 6914 10001 2149 5023 8342 7022 1093 1361 2774 3223 6028 6324 8563 11096 2976 10069 8409 10165 
7634 7216 9812 7343 8391 1516 4873 2410 2559 9448 2545 7604 1734 
7988 7834 1831 2420 5964 2993 9512 3458 3486 3488 9752 
3520 7857 271 9986 11392 10028 393 7491 3996 4240 235 580 1317 3389 5157 5249 4230 269 
6846 1546 3192 7873 7600 2598 4575 7493 5604 5640 992 1666 
6720 4540 10979 7844 1496 1802 3455 10364 1361 8563 2452 8234 11358 943 3485 6851 
3123 4603 6884 1051 734 1945 2823 3584 6878 9337 2269 9745 
4913 8134 6264 1860 1870 2675 1617 2602 5894 10648 2277 11405 
4502 1147 3277 205 2217 2652 3320 6269 10780 3584 4124 6026 1525 2273 3290 2502 
1067 3905 3610 66 1755 2238 11318 3103 3622 11383 5031 262 
3750 260 2342 419 427 1756 7731 306 1199 4641 6541 1176 6740 7988 8293 1166 189 
2420 734 337 1083 2827 9017 84 1162 6182 10129 10258 301 1920 5177 
4038 7261 1852 2702 3666 381 11770 10358 8591 4986 6406 1136 1403 3368 7973 2218 10658 734 11062 2995 4598 4932 1689 2397 10091 10121 1325 9397 2905 7156 9058 7147 
5290 3013 4394 2696 3316 4028 9733 486 905 1496 1573 2217 2452 2692 3827 
6662 788 1272 1541 1551 2453 2721 2753 3416 4441 5365 7093 7388 
2186 1996 7913 7621 6353 4401 3790 2638 1196 1216 2114 5379 4112 8032 2005 4369 5386 9012 9133 10605 6593 6210 2317 
7425 6057 5624 1212 1935 2147 6645 2746 3961 4903 4902 7745 2799 5596 
4381 1645 4335 5989 613 1016 1649 2024 2217 2489 2727 2944 3049 3400 4805 5032 
3159 150 1080 3613 8430 356 5628 6483 8097 10998 6480 6464 
4991 8551 4398 8276 7871 7065 1946 6284 8552 5387 7295 419 7827 9930 3864 5120 11213 3361 2686 2691 4352 
6867 2515 3347 4993 1502 7858 8307 6459 3895 6027 11511 3835 8440 1042 1014 5894 6777 7358 7801 8515 8671 9462 10408 1212 2079 2949 6637 10232 6676 10141 7864 11129 
8216 2971 2573 6254 6378 9374 4130 9748 6797 7623 4443 
7699 4158 9952 4783 7223 5874 2207 6109 5960 11705 9281 4785 
8272 6074 5235 6122 3347 3514 4035 5214 5325 2874 4993 
7894 2805 1954 1716 1888 9391 11981 9157 1925 4899 
7878 1831 5800 5964 7950 1669 8434 9902 3682 6590 10117 
7288 2273 1213 4075 6683 8045 1922 6902 8460 7165 4634 5535 5047 3165 
7805 2410 3684 8520 3925 3784 6009 10243 8317 2453 1574 1709 
8103 6932 2210 6183 2899 4748 5596 5894 9133 11173 4911 3502 2114 
4118 257 330 2261 4690 372 6142 3227 6255 8958 380 4222 233 258 369 419 
567 2410 43 44 698 6201 7384 7921 8458 7038 4919 1223 
312 29 5319 453 8829 9877 9797 9820 9952 4783 7132 3226 5504 7401 10721 2660 2688 4352 8477 6186 84 8070 9041 
8304 8704 7587 6777 9417 8134 3438 9067 7206 9431 12059 
3531 2746 2147 11946 3494 2515 3840 10294 180 281 2600 8386 173 200 215 336 963 4225 
2935 533 9189 7073 7833 7412 1024 2727 124 9125 6619 11092 2609 5405 
4706 1686 2772 500 4709 6405 7110 4986 560 2290 2358 7271 8508 4901 11504 8993 6640 10811 804 9246 9252 7838 10726 9902 281 5366 8303 
4461 264 951 2246 3321 788 5882 6901 8162 453 4035 836 7609 9040 2315 6990 3193 
7037 6252 9256 3277 4175 9120 2379 3584 1062 2025 2636 7401 7487 7537 
7284 9418 5430 1199 2329 10628 2173 5379 6356 8153 8998 11574 
6275 1318 2081 3137 4987 8053 8456 2523 5566 2300 1285 907 3048 
4145 2073 3408 3684 8151 689 6777 10768 233 675 780 3175 3389 5585 8520 
4454 551 1594 9022 2344 1476 1645 1713 2217 4363 6501 3636 7077 7536 1612 
6694 4432 4481 4957 804 4358 2878 7999 10760 11554 2213 4284 1512 5736 
2974 1006 8704 9601 6088 134 281 2055 3151 3277 4364 5094 6123 6655 7646 8435 8546 9888 9952 10630 10795 10849 11562 1075 6174 6780 5501 6755 6338 727 10141 2082 9413 9552 5190 7901 
3198 8717 153 692 1398 1842 2437 2609 2767 2952 3514 4911 5038 5384 6208 
9 5325 9607 5225 1093 7089 11683 8990 10786 83 4028 
3557 5549 5776 6197 6567 6689 199 591 1846 7241 7267 294 358 4331 6033 6034 10653 9943 11166 296 324 532 2034 5658 6032 7235 2043 
7599 9371 9373 6694 7151 11256 5429 10069 7310 4551 1474 1825 7156 
4143 1695 1477 4776 862 2582 3238 8786 9952 1651 3918 8577 10186 1013 182 1948 
1917 3403 68 6724 5003 5006 5008 2378 5448 5420 560 1831 
3227 407 257 330 6437 6774 380 1198 409 173 2029 6429 222 269 3642 5930 9718 248 401 432 399 391 8386 
6459 1686 2117 3900 4124 10812 3277 11057 11203 2501 4480 11358 
693 3450 5736 2219 9332 964 8066 2349 8671 8918 44 6201 6206 9115 7264 10302 1477 2152 4776 6339 788 1615 4170 
8279 4364 11383 5419 4113 6232 3886 11816 6637 9482 11111 
2906 4575 5412 125 2393 4940 2494 4035 150 3211 3347 4592 10012 5604 5325 10274 5419 1747 2807 3514 6138 6777 11143 11994 3748 7939 3727 1935 
6777 968 3658 8872 5597 5596 5740 1212 3504 4902 
4246 7115 5390 9513 9655 6318 4588 1110 8577 836 813 1831 5964 5366 2668 6687 7529 4868 5556 
679 315 303 636 733 2623 2746 3209 3310 3368 3376 3953 4222 4278 5177 5485 6182 6660 9885 7328 2342 1188 5502 307 9942 12057 274 296 5249 7267 180 270 294 354 365 768 1416 2332 4608 5244 5253 8706 9714 250 149 265 887 11339 7808 166 1756 
7532 1361 8563 10062 5237 1587 1469 11096 1801 6683 9487 10437 4028 7662 
8025 3383 5891 7873 10408 5756 3505 4357 3504 4907 4911 
6848 6299 2392 2739 4406 4419 4417 4575 5385 5413 6377 8200 8754 
4556 1719 2624 3376 790 799 1523 4541 304 3129 905 8066 8148 
3402 7202 9693 166 6774 4880 3148 7016 222 11688 4851 4811 9070 4282 
3485 8016 4870 333 3965 359 3284 5968 4318 8387 6144 9177 8874 3347 4296 175 3471 173 4225 199 
6230 964 7095 4471 7417 727 2452 3381 9556 10062 10069 
4474 1013 805 8516 1514 4211 9104 262 1453 7967 9419 10640 1080 2240 9925 1436 3612 8312 11767 4003 1582 5070 2599 
3045 2604 8973 8257 9177 4993 11197 11433 2984 9582 10420 
7237 3526 1207 5962 6357 1146 7818 1790 8031 1212 8307 11553 10889 8998 11313 11130 
8308 11582 3584 5885 9753 9755 11054 10206 10726 
7109 1905 1080 1849 1194 4035 3347 11521 1773 6185 9928 
3060 3633 8420 6786 146 4036 4149 8655 7979 8969 2020 3369 6464 1713 6452 6859 7471 2652 3320 1165 6027 
6155 4146 10563 3089 3247 3684 4336 8990 10561 10562 952 1646 3410 4458 5237 727 1340 11599 
8091 6137 2667 2580 8248 9977 10656 5050 7059 7027 10780 2720 5120 2686 2688 9772 7725 9767 5163 7090 10979 
5555 573 2113 4516 4739 7193 4308 10232 10631 10335 3584 5378 7976 2985 2987 9462 10280 11064 7999 3554 5356 
1950 3271 3013 2205 2374 1728 7820 56 5488 7712 10780 
4458 5632 7752 5472 2344 9210 9422 6232 2421 9427 1954 8428 4421 9355 366 678 1221 5121 9219 1713 1863 4011 7762 7039 8990 7148 7811 5365 4113 2853 5515 10636 6097 6100 8226 8227 10013 7458 8526 4117 4116 6560 9806 10957 205 5030 5033 2155 11261 2217 1468 
3341 7202 7857 6944 9443 8293 798 166 173 180 204 216 199 
8211 2468 8360 3874 2727 9335 11071 6853 10719 11363 5274 
3673 3748 3604 10412 11054 3811 5604 8628 189 3056 1075 727 10558 11764 
8145 2210 9506 4369 4398 10628 10605 10428 10599 2568 2602 4293 4410 6273 
4672 2813 7872 12091 1302 3085 5071 5104 5416 5837 6588 7727 8775 337 
4766 2910 3158 1026 356 2522 4946 3763 4987 4154 9251 
8100 3961 8985 3368 6633 7400 10814 2636 2994 5056 9332 10206 5876 9104 9106 2101 
1481 393 70 87 364 373 1116 1672 9071 209 374 406 631 707 
2945 453 2153 6024 6460 7154 9163 9562 124 2108 2453 6150 1734 3622 7078 
7928 8961 4516 5556 7973 1777 2746 2885 3840 8009 11609 1935 3310 1870 3931 8308 5650 
244 1361 3277 4786 5231 6673 7104 8563 813 1075 1499 1525 3718 725 2101 820 4800 6102 8229 2504 2621 5483 1573 4443 5228 6141 6618 3022 4712 6459 10227 5151 5016 4517 4627 6564 5199 4639 4662 4884 390 3895 7927 8782 1848 111 8912 4028 4839 84 6913 6915 10072 2747 205 8533 
7381 4040 4237 4458 8954 9192 1212 7873 9210 8717 1165 
5467 4167 7170 6519 9129 9769 6704 3584 3664 11260 1861 2159 7739 
5041 1947 2573 6803 8963 6696 404 1879 7042 7205 10174 505 1281 
8098 3667 5449 6915 5701 6323 8741 11452 5775 8519 7724 9362 2878 9551 7195 4029 6401 9956 5659 7931 10788 8491 7929 6221 11100 11902 
7667 6394 6057 2554 6322 1490 1489 1605 2421 3362 3696 4006 6398 
3043 7713 144 7274 10607 467 1194 1777 2882 4364 4491 
3024 140 729 995 4335 2248 3396 8105 2660 4028 8546 1168 4312 7252 
3415 175 3471 166 311 5573 7988 1217 4217 4795 2045 1939 
5631 8872 6322 3312 10280 2406 9188 2449 5570 8960 3389 5480 6331 6338 
5243 1429 1890 2652 3320 4907 5740 3241 476 4124 3584 
3897 2261 4225 235 432 2342 9166 210 3929 3862 
2066 91 788 1647 7931 4885 93 2230 6655 1661 5882 8497 10351 11111 
1576 1165 180 8250 725 6913 6914 8245 9441 10206 6915 9962 68 6048 
8197 2392 2807 3277 3427 4981 6619 7866 8134 9511 7977 7465 9540 8320 
1415 7755 1663 1192 2372 11174 9210 10280 281 502 4387 5184 4284 76 
3932 2031 6741 8293 180 7956 11559 308 281 524 659 742 764 5106 5203 
7417 5495 2126 2157 2602 6057 10327 8368 1212 7745 5674 
1940 68 4290 1647 4297 7009 11672 11368 6484 610 5062 11381 10330 738 
3377 3763 8140 328 9313 4380 10769 898 2740 3126 3182 
3030 7767 7400 804 1468 8376 4028 143 6623 7921 1400 
3312 257 330 3964 10396 858 11603 6022 893 1273 1286 3448 8190 10696 10790 166 193 1015 2086 2343 3032 7958 8024 
2735 4986 109 4388 5193 3845 1086 1694 2660 2904 3267 5327 10145 2431 
112 2916 7076 9063 9230 4050 9697 1920 2219 2853 4124 6387 7698 3491 3539 6742 18 28 2658 2660 4416 6141 7628 9486 10017 10018 10699 1130 3277 680 2217 5231 6544 366 725 2251 2255 2753 3926 5736 7560 11287 3867 11475 10358 
8093 3458 7702 2606 3398 7526 7527 6861 7139 9148 
955 9417 6777 2369 55 2746 8754 3389 6370 63 5461 1494 3651 4907 1523 3226 4541 73 61 5954 6345 
4534 1069 1090 2217 4335 5049 6233 8355 8359 8546 9157 9359 205 404 4130 
1609 1237 3458 1521 5535 3539 7706 8934 9898 68 4563 
2292 2727 841 1382 5411 3684 7400 56 5445 3507 7534 10826 2005 6738 
2160 9192 731 7596 2876 10232 10280 2485 11169 10212 95 
7984 1836 10056 3727 3323 4125 2999 7159 7448 8288 8134 
1357 6398 9058 5934 8520 55 7973 3277 2246 3321 1468 2217 5271 9525 1092 9501 10203 1194 9930 1053 5935 4124 103 9802 2219 9929 7356 10364 1065 9335 6922 
4261 6778 2965 9408 1506 1624 270 199 417 4222 4233 7919 7281 1170 
502 40 1024 975 7198 812 569 995 1505 5164 1728 
978 2410 5787 973 2154 2158 4113 2727 6075 2958 3287 11154 9583 8546 
2419 84 10113 2424 2672 8061 2320 2545 11356 7889 6831 5323 6150 11960 5258 6691 7142 8504 1615 9296 2995 9556 6119 
4183 260 292 311 707 1065 4529 5486 7749 7748 954 1113 1440 199 262 
6622 2855 836 7258 10645 1573 2590 2695 4443 6797 10981 940 
2741 5960 6203 570 1475 6206 5237 6460 109 2219 2217 2971 5193 8378 9821 7040 6332 6810 7651 1396 5517 4266 4267 
7317 1973 6455 6642 1521 3396 5456 7985 1165 2248 2356 4512 
5043 5262 4395 3277 3368 9157 1879 727 2325 5420 3684 11826 7659 404 3247 6696 1634 11358 1075 
5115 6941 454 2427 2545 5150 5997 7708 5876 10632 4800 4524 7879 980 1024 
7059 8348 1212 3277 3618 4911 6329 7090 8089 11133 6631 5578 
7845 3413 1689 7022 4805 5032 2650 4885 1614 2573 2204 7769 
2112 5367 1706 3339 1749 1972 8510 5876 7701 5150 93 264 951 8546 
1439 1520 10039 4534 9121 8645 4554 3368 5894 1059 10323 11803 8279 63 5461 6777 8903 3931 
5386 2117 2862 6678 8105 7044 7252 9062 7402 1165 5163 500 1272 1605 6906 10531 1069 8662 8663 9180 9227 
7852 2652 3320 2217 8709 3985 6056 8960 10232 9899 1637 1788 2971 8292 
2674 5220 5905 1049 1061 5603 8634 3664 2100 2217 8678 452 6109 788 10726 725 
6517 9192 4841 7784 7371 5145 7864 9362 9121 2470 813 3790 4267 
3414 166 199 1756 3277 4741 6859 1713 5736 729 1001 9037 1147 1340 
2396 467 2609 7092 8856 7463 7770 2559 2909 5255 1482 1496 2751 3256 84 3441 5347 9974 11249 6155 6682 11194 11243 11245 5815 11918 6233 989 1119 1758 
180 613 10788 8175 2878 6323 5741 5775 5659 11102 3541 
7285 1923 9199 10025 3249 5231 4994 9896 4986 7998 10293 
3212 3615 5445 7939 2515 1954 10465 153 2952 4868 333 
4618 303 733 1145 1756 1882 2061 2330 2578 4263 4324 5776 9443 6944 5863 
2194 1728 440 7175 95 3779 11016 5569 2485 5861 10455 5224 10037 7838 
720 2012 11356 199 8317 6394 292 4506 44 6201 5285 2727 5224 209 
6480 6057 856 813 862 874 1391 1700 2118 2338 2523 
2923 8796 3401 6852 6891 7252 9374 2453 1363 1366 4649 10651 8671 9896 6762 4885 
451 3677 4425 5378 38 4308 4311 8153 4989 5495 7271 12009 894 11621 6461 8787 10498 10575 3448 5715 2098 1015 3025 
8060 9506 9507 9540 10428 10689 11352 9274 10313 7169 7167 
3859 1436 3851 5158 193 387 2328 2085 1848 5903 4281 6029 6898 643 4364 7153 5622 4617 8906 1165 11372 2233 
4193 6982 2320 9962 895 4298 8066 9659 804 9555 10358 11640 12090 6077 11451 1861 
8201 7827 4950 7576 9509 2410 9556 10736 5237 10706 9964 7366 
1998 80 2120 11613 6065 9742 269 4345 5009 8860 6920 1716 1925 2692 3174 5664 8534 9696 1605 3684 7563 
4353 1436 6118 8305 3935 11383 6300 2771 5330 3879 
3930 3747 406 211 301 4795 7822 9921 901 1096 
7915 8332 1749 5155 4752 5998 7252 10972 7563 8686 10286 
4774 9584 5699 2634 5330 1437 2235 1456 4092 1457 5480 
3194 3264 7089 1361 8563 310 6688 7121 804 3570 10671 153 2952 751 
2195 4575 7084 95 3790 4634 5437 5495 6699 8341 9207 10086 11338 891 900 2485 3009 6116 10776 4138 
5459 7471 8504 6319 7153 7135 6863 1798 2660 3584 3667 4028 3322 4590 
8139 2273 3878 2411 8832 9038 2545 2773 2774 5374 9233 8399 
811 6364 1165 1885 2365 4821 7687 2539 3226 7039 8651 10232 8587 
1771 4432 4481 4957 2248 3396 381 533 1845 9802 3988 9214 9766 8963 2410 4164 6840 68 5325 7930 9844 5810 9441 1590 3247 3484 4940 5882 
3360 6165 1756 7543 9970 4810 7243 8337 2837 166 2739 4417 6925 7857 10396 
4047 8264 258 4811 8247 6880 6541 407 9181 446 5188 424 396 6774 239 9921 
5620 624 5071 8456 894 1344 1499 2081 2342 2427 3137 3469 3945 4379 6197 7727 7989 6761 5073 6133 981 1468 
5060 436 2094 1282 2602 2470 5074 4468 7873 5596 1502 4423 10430 7815 
1436 5143 1658 4512 3419 8064 6874 3174 10675 1276 1277 5932 11356 1293 6994 8385 8386 2727 1286 520 199 6944 281 2261 62 841 1024 1382 5989 8623 2623 
8123 6687 7917 7918 2571 3424 3740 3749 2126 
1972 8020 6769 3856 7341 5154 5160 4010 9608 10404 8358 11018 9370 8281 9093 4167 11062 9501 10279 8408 8842 92 8521 9192 10795 11356 3427 11707 89 1902 6462 4611 1494 56 5153 11886 162 
2171 484 9939 151 2223 6544 2880 3827 4006 9888 9956 10786 3210 4098 4512 2468 7162 4566 5325 8064 84 
3071 787 6899 8079 1072 11245 788 3413 3940 4979 4980 9332 1361 8563 3109 3398 
4184 2137 2789 257 281 330 764 1096 8291 8713 8871 
1874 3366 6291 5732 175 3471 173 233 425 7869 4863 247 4807 5298 7250 7623 651 9289 633 777 7128 68 1825 2350 10532 280 4811 
2742 109 2217 5193 9196 9896 10630 4986 2136 2474 3507 6141 2230 2751 
2199 494 7092 10302 6625 2138 3249 3271 6998 10528 10607 2410 1615 2545 9766 8079 8862 84 1376 6053 
2991 1839 3277 4124 9742 1056 6878 2413 3587 136 1727 
5370 6932 6057 3495 1776 7973 788 1376 4440 1056 500 805 1363 1366 2410 2545 3877 3347 5556 
6566 3400 4661 7095 1482 1649 2751 4570 8993 9144 1128 1135 2545 6038 6025 7038 
7093 2126 5074 6822 10327 8709 4105 5038 7038 8555 3347 10935 1074 
6613 7223 3339 2373 2545 3133 6634 725 1090 2353 2410 
6958 7529 5907 8064 5881 6024 9163 9562 5500 6123 8619 2410 995 1165 
2787 3649 2273 7470 9374 3684 9781 9348 7653 5507 9127 6014 8317 1170 117 3886 6318 10234 
5408 4302 5472 8858 1165 2470 2005 5445 6897 8306 6928 1646 4907 11807 
6067 5150 8520 6109 1075 7252 5574 7104 729 1884 10495 
1639 6339 4805 5032 1100 1475 1499 7252 7998 62 134 1652 4628 4986 8671 482 948 4712 10051 97 
1652 625 8565 643 734 2074 3766 767 8672 1775 6683 11246 3414 4330 5075 
1542 5418 3276 2173 63 5461 1656 3554 11240 9518 11992 3404 5164 6920 
5266 1684 7039 483 980 4628 7316 9797 1244 2076 6160 
448 5465 423 1264 3479 37 1881 5751 6459 281 180 
7992 5846 9113 6551 4015 8799 1854 7834 11818 4517 
6411 6233 6932 4454 10016 7967 9265 1841 844 8940 10459 
1452 7513 8998 5356 5662 9583 7331 72 4907 1259 4634 9192 10280 7604 
7731 8535 2431 1977 9781 2545 11883 2062 9802 1499 8731 
5678 1887 852 906 2300 3026 8862 11873 644 922 2081 2521 
6261 2317 1923 1526 3931 4358 5909 5274 8033 1736 5596 5453 807 5904 
5197 2328 3728 3936 4839 4976 5136 5691 8672 5556 1734 3777 
8149 2739 3242 3985 4417 5231 6539 3391 3424 5014 7263 9845 4827 7729 11006 2219 4852 
1076 3347 848 976 173 1212 1502 4118 6683 3840 8387 4035 764 10839 11529 3368 4803 2023 1506 8134 1916 1548 7159 1549 2999 9210 10618 804 1468 9756 9989 64 
7062 5740 8758 3277 3954 7488 4894 5998 7039 5747 8934 1468 3112 10062 1134 3539 
2739 5823 6124 1499 7462 7611 2219 5251 4023 109 2217 2904 2912 2926 3267 5193 6627 8470 5772 12028 1647 1661 1664 1743 1728 2545 2723 2823 2909 4077 4194 4209 4245 5300 5982 5993 6492 6555 7044 8832 10872 10993 11358 4964 
7241 10028 3335 6113 7181 1166 2217 4813 6154 6905 8577 
4734 328 894 2068 2515 2247 5708 672 693 739 6324 9464 
2497 3560 3568 3444 8502 6840 92 4028 10679 8596 10969 9033 3347 5747 6092 
4257 1075 3926 7022 205 729 1584 3118 3259 3270 4661 
5661 1634 7623 4154 7046 727 1017 1879 2153 2727 4169 4978 5960 6023 6092 6678 6842 7073 7185 9293 9332 10364 11245 1497 637 828 933 1165 1361 2290 2452 3335 3845 4777 
7876 2501 12103 2012 2321 8342 3271 1663 2258 6159 11818 7024 
6989 4269 5192 7552 8750 9103 5865 3315 4940 8012 5891 7318 1049 
769 6841 8078 1468 4516 6387 804 5507 778 872 4494 9237 4488 4496 4499 4829 5736 9759 
6716 941 2602 1860 3457 5380 5445 5449 6645 7144 9462 3368 
2943 5483 124 3602 8740 10635 11356 4786 11358 1512 11330 3113 2545 4028 
941 6100 6678 9196 9679 9293 5030 10561 10563 6259 10474 7664 
1670 62 81 1018 8359 8546 1753 93 465 1135 1170 1490 1489 3622 4078 4081 4335 5721 6233 
8219 4798 4661 3795 5481 3401 10269 2536 6151 2919 2928 8754 
7676 7254 9400 7377 1490 1489 6115 4432 4481 4957 8464 
1006 3080 5038 4040 4237 4911 8307 56 4515 106 4427 5740 6237 9462 10231 10232 11169 1713 8045 
680 4805 5032 2922 3684 9556 7683 44 1234 1962 2535 2670 3312 
1354 5211 5602 7268 67 1885 2365 4198 8181 3286 5258 
8170 5221 10113 3242 4443 2920 7252 2278 11064 12111 5220 
7832 6769 5342 7132 8070 11775 1598 3539 3925 8505 8912 5483 2437 
2708 6770 4351 4964 9037 11054 2686 3170 4920 10254 2292 2856 5307 6411 8571 6694 10206 10726 482 
6963 7237 1981 3028 3029 3032 5648 1678 2159 3404 6730 8107 
2643 1815 678 3568 6553 8980 973 8825 1277 3622 6221 105 
1179 3593 6897 995 7712 10825 1499 4041 4357 6138 9464 1259 2126 2597 2746 10327 10738 55 6209 
4027 4281 3581 4263 387 1713 1771 4642 8725 199 257 281 330 515 
3048 4491 4506 3777 4993 2640 6395 1870 4146 4969 8954 5325 4528 4592 6575 1652 3290 8104 10455 4989 10631 4940 465 6770 8375 9613 2467 2739 4417 4266 4267 
7592 4605 7142 2393 5052 5082 6900 9756 5961 2921 1948 
5788 6056 9280 10952 4363 9556 3225 9192 700 1713 2452 5736 6018 
5984 6462 1173 6452 3347 4346 6637 7368 7401 9049 708 1001 4988 7101 2376 3619 3956 6838 11331 
1020 7409 57 4086 6501 813 1825 10936 5493 8309 7132 2388 
3885 8425 3315 4786 6901 9952 2758 8447 10069 201 4883 6046 10951 1420 
3658 1534 9676 1727 3798 4146 3564 1714 4575 11789 5222 5288 652 1392 2005 5493 2548 3684 
5739 7470 995 7838 7973 10952 2602 5645 7745 8321 8045 3648 3805 
4281 995 1649 3344 2904 3267 4139 6463 9482 366 727 1165 1482 
5081 3322 404 551 1147 1361 2217 3344 4661 6696 7046 8563 9575 9576 9389 8561 
6078 3210 729 1727 3386 3798 4206 8027 3271 8829 5359 7071 7802 
5204 3351 9417 5038 8362 9440 8747 10869 4634 7733 11796 1481 2388 4077 4592 8178 
2986 4558 134 713 6401 6506 10176 2485 8327 5596 5062 5860 5456 2909 1776 
7889 6026 10683 1695 2410 3541 4875 5535 10066 4482 8671 9192 
5497 551 727 1496 1889 1954 1955 6295 6673 6678 1090 2027 2149 3344 2856 6267 7752 1879 2025 3867 1062 1464 2291 2348 2353 
6413 844 3684 4808 5318 1969 2410 6697 1076 6547 2777 1159 5314 6641 
4531 6895 7458 1376 2650 205 2972 8777 1642 2920 5218 
7539 5819 3054 3913 7362 3971 9551 4129 5882 1546 4118 
1118 6343 6349 6367 6369 5378 6352 6356 3931 7450 123 6348 4308 6210 6364 984 
3115 4920 2587 5163 6546 6777 956 3303 8709 7124 4151 11320 7759 8354 150 
2840 5646 9196 120 7551 1468 5422 10710 3290 4592 5010 
7452 10788 6387 2373 3133 2395 3043 5763 8236 9145 
212 75 729 788 1477 2410 2727 2949 4776 6206 7258 2489 4747 2384 5319 6901 5150 1499 4724 9877 8317 
4800 1272 11432 4795 8778 9793 7973 5736 8789 11612 375 374 2823 3862 5511 2213 9921 8406 7490 
5836 1845 5914 4087 2210 7164 11803 2772 6290 2746 5038 8810 12043 6138 11169 
7279 2110 8465 5051 3116 3757 5334 4335 1180 6182 6931 
2811 5649 9129 10417 10027 5736 10026 11222 9540 11300 8157 11221 3393 6026 9749 3441 5107 5429 11719 3391 10069 
4782 7023 7235 372 428 519 4249 4795 5288 
405 9093 10358 1632 4458 4360 4432 4481 4957 3560 1869 4517 5747 5996 7039 9129 31 1831 5964 
4488 2452 787 541 3436 1477 4776 10358 500 1661 4540 995 1954 10637 293 2545 8628 9035 
2766 1923 9199 7146 113 3063 7185 6731 2576 1727 3584 3798 1664 3664 7831 8425 147 3880 780 847 10768 
903 7827 9511 8431 4349 4432 4481 4593 4767 4771 4957 9026 10136 1064 2410 7402 1298 6934 7341 7781 4482 9448 
1962 9669 4676 995 4472 2387 80 1224 2120 100 533 1734 3666 1281 7080 9052 4926 788 6121 1130 3120 3684 483 
5301 2142 5948 9311 1709 1915 2623 2627 2631 4091 1646 1869 3373 4109 8466 2173 1916 4516 5556 6401 5356 3013 
8181 2317 3246 5265 4429 5561 5608 9559 5437 7129 8307 3368 7918 5347 
6859 2921 4319 5873 1493 1689 7013 7260 4932 4955 2032 2231 2868 3541 4874 6406 6920 8934 7668 5981 10326 3922 
7775 3623 3975 6356 1523 4541 6119 1954 4418 5120 3277 3289 10232 8010 7448 6142 6351 8960 10628 2688 4311 6370 
1807 9374 83 1340 4339 4947 1464 994 1011 3398 3427 5521 1428 9557 1572 3303 7254 7604 8619 8864 6919 2652 3320 4298 10023 2727 9400 1831 3277 3799 5964 6755 
1571 455 1512 10168 1428 2489 2221 3485 8092 205 8200 10395 6614 12107 7364 9210 63 5461 6314 11837 11842 
5132 2186 2073 3786 1864 9431 1253 456 6251 
3891 7753 1054 7048 10695 1209 4263 7937 11106 321 5736 
1739 8990 2386 725 804 2791 4835 5770 6452 3477 3783 4432 4481 4957 10257 788 4335 9638 
450 78 2862 11825 37 7767 1011 8620 4028 8662 8679 7921 1361 4019 6036 8079 8563 8949 9332 1018 4349 8359 2471 2935 3413 7073 1003 1069 
6095 730 829 725 1719 2373 2791 3133 3684 5555 6460 6452 6555 8990 1016 
6756 1883 2716 3572 3924 6292 7039 959 1664 2502 5663 5996 8066 
5784 3776 3737 8555 2470 2799 2911 8504 6933 730 1212 4040 4237 813 4574 8587 4634 5038 703 1165 2210 9210 10121 1346 2597 
6891 6296 1519 6988 10317 6928 9197 1001 9447 3270 7345 
7277 7810 2637 5493 6247 7422 1870 2126 3503 4146 6676 6791 8810 8960 10327 10852 10886 11155 11283 11440 
7746 7879 1499 4627 2453 2646 2915 3270 4745 7920 
2645 533 105 9180 9543 1658 6873 8045 2480 4028 5163 
2855 847 3923 10285 121 675 359 2553 9712 11552 10498 6461 
1408 5387 5876 1983 3640 3227 139 1548 4411 5384 6261 2393 4421 6319 5237 5799 6048 6543 76 2996 4814 
7864 5635 1646 2894 4225 9335 9527 2144 4606 6801 7185 5827 7274 
443 7536 7939 8284 8285 8289 8294 9742 9902 10039 1502 3101 4357 4540 7509 8282 8287 4369 6638 999 3901 7089 8322 4638 36 757 1187 2114 2155 2281 4389 4388 4718 4843 5659 5882 6581 8283 8401 9280 10082 10300 2158 2976 3322 4783 8358 8954 9049 9610 10037 10760 7264 1895 3231 6645 11741 
2106 9192 1505 56 1212 1860 2333 2807 3383 4592 5644 5645 5740 5831 
6946 1075 9427 1018 2554 8469 9265 5989 8340 3354 3400 
1763 2410 4028 5381 68 1490 1489 2406 7505 8686 9930 
1617 6661 2805 5448 6982 7536 7458 10069 11825 1303 1468 1538 2144 2253 3629 3881 4006 4432 4481 4549 4615 4712 4957 
4762 4114 2827 7721 9952 2147 356 3783 1756 1242 2305 9007 3451 
7066 7377 1516 2501 2545 3684 4181 10242 11601 1069 1954 
2535 2217 11387 844 1957 8633 1243 3734 4077 4961 9953 1658 2404 788 7708 11812 3696 102 1333 1272 
5686 3373 4795 647 1163 981 1453 3231 3347 4305 1436 1565 2437 4669 
4732 3757 5334 1176 1180 887 5683 392 450 5340 3165 
3434 7745 7000 5573 7822 9886 3554 6309 8555 1156 11686 6469 1842 2142 3347 
344 9362 11180 7982 9037 10141 11048 2064 1499 10269 30 1062 5741 12080 
4595 9129 5030 1436 5899 5934 4834 6038 1255 8971 7978 320 1194 4835 
5973 10026 708 727 1512 3413 3795 9948 1554 3416 3753 5163 4028 10502 
4607 1784 9448 322 10300 7089 5987 1929 8161 8208 2889 5571 5582 6918 11825 3069 5570 2230 1954 5722 6913 
2620 6378 4124 4817 6627 10206 3277 1713 1525 1801 3227 4266 4267 5319 5736 9046 1197 8663 7942 11475 109 
298 7332 4901 10785 10809 10633 7330 3132 2657 3534 10116 2137 29 5366 11760 2504 
7934 3979 6968 9697 8317 9256 6110 5323 10363 11358 7628 
6693 7294 1492 804 5817 1635 5325 9534 9533 11358 8002 
8151 8360 2863 3206 3354 2965 8051 8340 2921 3546 11005 11309 2217 
6079 729 727 995 1165 2290 2948 4231 6450 6454 6455 6511 7092 9525 9793 2246 
7604 2878 6993 9638 2340 3035 2883 2988 4447 10856 7063 1476 2501 5747 5985 6560 4006 7475 8347 
1343 804 2386 1971 5046 55 11807 8624 3260 4220 10376 11234 2381 2149 
3608 3714 6396 8877 764 5241 519 4225 4863 7755 728 887 8550 819 2358 11048 3882 9909 4124 2292 10722 
6951 8564 2739 4417 6257 9540 11098 9279 5515 4986 11572 2993 9512 9542 11564 6026 
7142 9507 10025 10026 10430 4989 4994 10760 1885 2365 11352 9908 9274 1782 8937 9350 
2628 730 8613 8717 6783 6781 9210 8111 2766 1468 4035 4927 9032 6699 105 4411 2540 764 9418 180 
6562 1212 1165 1499 3979 4963 9427 7142 7687 8577 2381 5650 725 
5775 1771 696 736 6851 995 2217 3322 4335 5340 8671 
5910 4232 1857 3817 5219 8581 1130 6682 6901 1968 1974 2010 10358 11693 7963 
6639 4268 6663 9069 1658 2978 2469 7468 873 1491 1499 
2622 4657 472 9210 821 2248 7177 8188 8193 4900 8465 
7510 1947 7753 2230 7834 2344 6694 10073 10645 4006 2340 3025 6509 8742 2267 7324 
4520 2493 2590 1477 2076 4776 5053 205 8277 2410 9659 
8273 5514 8810 3901 7493 11769 11930 8954 10776 9866 3202 4803 4854 
5342 1212 8709 9902 494 2597 7529 10497 10607 2602 2746 3926 7666 6027 6026 3249 3227 
2335 4787 8194 4566 11176 5371 11502 9682 56 1927 705 3013 11173 1196 1216 3094 3306 2494 3526 2210 
2037 5646 3430 7712 8709 4357 10301 11799 4907 6777 3368 6138 1361 2117 8555 8563 5754 10053 56 2597 1473 5437 4833 
7903 5094 1869 2228 5090 5721 7881 10786 1713 4634 2727 
5961 6008 1135 2249 10398 6920 2774 4154 11003 3477 6024 
6044 7295 3277 7661 5049 5513 6678 6914 5736 1234 1962 3568 7364 11181 7764 
1128 7761 4468 8107 5038 341 5039 10053 1408 5356 1827 1842 3514 4907 6593 6777 7441 6314 7493 6831 10938 4425 10877 11982 7506 
5598 11402 3485 3684 4020 601 3519 4580 1024 2323 2827 
5663 661 6962 7112 6901 9666 10172 637 2878 2791 3664 1834 6977 715 
6914 9400 4980 9908 1933 11368 8504 8587 1234 1962 9952 
5037 4456 4360 9129 5736 1645 2217 4432 4481 4957 1649 2791 1064 404 
2144 8834 973 1634 7073 8512 9143 10956 2837 2856 3880 7781 1056 
7859 1831 5964 2201 10843 2774 1656 2470 4245 4592 1678 
4688 3789 4064 1781 3368 4833 8027 813 8045 4357 8555 1995 3386 4019 8742 
461 7735 9192 3088 4710 1212 3776 39 6777 7513 9815 10037 
7174 1106 6491 3443 3441 4028 11612 5459 5420 9391 4160 7089 
970 1647 12005 1118 1477 2152 4509 4776 62 2597 3436 7252 9129 9706 9755 
2898 9321 5356 2702 9192 2356 9513 4028 2320 7162 2379 3930 5556 11221 2378 5801 3791 
2098 715 1118 208 8990 2173 11494 2386 825 1325 1347 4656 
6849 3029 8134 992 9613 5683 10177 11140 1429 1595 1895 2875 2920 3519 3552 3727 4580 4592 4926 4940 5224 
886 4540 2685 1272 6356 6361 6382 6374 788 3290 4927 6184 3383 2084 2675 7403 3368 6367 5378 4575 11511 1259 7815 8550 2079 
6147 6540 8988 6000 1165 8081 3404 5997 8296 3378 995 9363 9678 5433 1519 1978 
6653 6697 7384 788 4335 2452 8990 1516 2062 2727 3271 4355 4627 8635 8079 6901 7684 7993 8966 1689 2922 9022 
5072 7039 750 1869 1997 2631 4788 404 729 895 1468 1575 1578 1955 2032 2626 2791 2806 3277 3317 3376 4208 4245 5509 5747 6625 6696 6874 
4226 751 1446 3175 989 1320 1436 1990 6524 6596 8305 8312 11390 766 1068 1119 2340 5170 10314 752 1757 2817 965 1133 1280 1455 4305 4626 5680 6695 7186 1120 1246 1456 1905 3224 5317 5330 8059 8313 304 1773 2491 2815 5551 8150 8808 11836 2920 7852 4067 7798 628 826 954 1080 1113 2211 6086 3325 6300 8037 9433 11672 2275 2528 2324 2860 3997 6118 9980 9851 11114 1167 2776 1754 5764 1542 8416 701 769 802 1483 3612 
7074 1281 4902 3277 5747 6846 4124 5005 5009 5553 6007 5237 
6762 2578 3865 4493 5120 8232 8765 9585 9772 
7555 7031 6059 10410 5356 1407 10732 5503 2905 3740 
3615 257 330 6593 6638 2261 1196 1216 8068 267 2342 9846 11915 7128 4221 4251 2129 6197 4263 
4235 1969 425 4677 586 6459 2653 5335 9335 1871 8574 199 5407 6197 729 9735 9736 
4942 5466 10206 10280 1860 8438 8810 5437 7534 4384 8209 2410 4797 6691 12078 8861 2837 9706 502 913 912 2082 3560 5033 6653 8526 11653 4432 4481 4957 
2635 3271 788 1056 8990 10069 11994 105 533 1960 1013 
6678 9192 1858 1860 6932 8613 5142 6778 1212 804 7038 5624 4129 5038 8954 2642 
7385 8535 2182 2863 1709 8174 1339 2806 4948 
243 3400 813 8988 2320 3347 10273 3212 1928 5021 5514 7953 6242 29 10879 6875 4926 7291 2544 3551 1598 
7110 5860 5736 2155 6581 7039 2158 8577 1065 1614 1713 2607 3171 
1013 7448 2515 3845 8080 2393 2360 12027 5102 1875 3019 6347 7939 3727 
6539 2602 6356 4074 5972 8950 6377 2739 4417 6352 6361 7810 10125 829 4398 4993 5379 
3147 2731 3931 2829 2797 4468 7873 8995 7002 1234 1962 5650 150 
889 3662 9192 8723 2469 9053 10258 7761 2665 5644 3514 4788 5645 3451 8111 3931 
27 1050 6709 4 5217 5218 5219 2622 4940 7720 1147 
6804 4360 4432 4481 4957 905 5535 6957 7752 9052 1497 3684 5163 5736 8105 8942 9106 9724 6218 
6054 8250 1640 7632 8938 10169 7385 7252 6248 4839 10680 9876 11622 12004 
3675 191 208 387 739 2594 2601 3558 4263 4279 4280 4933 5442 
5086 404 981 4717 3284 1381 1955 2453 4432 4481 4957 11818 6285 
5156 452 10302 4517 7364 1361 8563 4028 9212 10672 4592 9052 5535 9577 7252 1539 2293 
1337 729 6780 2128 11432 2903 2948 3400 9137 1649 1630 
1879 3931 6987 8566 411 2111 2333 3290 11828 63 813 
2939 2650 1668 7185 8391 1218 2753 3684 4628 6202 6499 725 2217 6255 9575 7073 7384 9793 124 8070 134 5763 7601 4028 533 11368 3664 816 1073 1147 1361 3354 
221 3427 3748 3552 9630 2652 2878 3320 2607 3584 29 6123 
5083 4028 2840 9801 3485 7291 4535 9354 6874 443 7814 7121 9352 10166 
1273 6099 7496 7811 9106 10926 3396 7148 222 266 652 5222 
2137 436 944 2802 3961 4358 10024 8134 10129 1860 7864 1849 5793 12020 1502 10232 157 4146 5325 56 3147 5437 6777 2746 2985 2987 6334 6746 1935 2797 3310 3792 4911 
4976 1499 5876 1710 2373 3133 7912 10364 6895 2821 10464 6029 
4593 6509 317 333 3126 6024 6173 9163 9562 5164 5646 10086 
308 9448 29 1632 7609 5390 1782 2554 1212 3931 1499 9040 8702 
3412 166 246 634 2978 4243 6740 256 524 9146 1222 4321 7651 
5744 819 1686 1297 2474 4335 6625 9196 9543 678 1001 1218 1869 2217 6233 
1356 1634 6209 55 4412 8960 2222 7623 1831 5964 10122 2889 3975 4844 
4615 2774 3259 6150 10551 2791 2476 6629 7536 3015 8263 8499 326 5579 6619 
987 7513 9192 11539 2639 9581 2126 10327 6184 4138 5038 3347 
7077 4360 4480 4482 9283 9287 9816 2413 2545 3017 4517 4627 5081 5794 
7918 5648 7452 6745 1757 2039 3224 3570 8733 8767 
3100 7532 4965 6660 149 1373 7755 8386 5184 4240 8756 7249 1411 181 281 425 1317 1393 6090 8293 9443 227 199 204 5288 10598 577 11538 529 5930 261 182 5222 7241 2049 10771 314 3377 5491 9717 11655 555 3579 368 3928 5252 6541 10448 11773 5249 6868 385 6727 166 
683 8105 9168 2410 2554 6820 7576 7401 7135 44 6201 2162 9227 9895 8042 
3933 1142 1533 9849 250 6187 201 1166 246 199 5402 6468 7016 7808 1279 1756 2342 5106 1317 2044 404 
7269 2535 5736 2453 3711 1190 3539 5483 1516 1704 
1397 2976 62 1499 2656 3743 4180 11330 11818 1477 2152 
4337 5302 910 1689 6093 9395 10189 2525 6133 6730 9007 8122 1067 4987 7324 10856 2081 2804 1219 8642 8387 5426 11818 8580 2727 1376 1452 262 754 1773 5968 1024 8555 1893 5595 2333 4380 4902 5351 5480 8307 9928 2865 4515 
8314 5495 5549 8200 6246 8520 9210 8009 7626 9642 6421 11181 5952 5050 6822 6932 7573 8111 8307 5954 8516 6897 10541 8066 
5923 4139 2727 9237 1064 4517 1477 2152 4776 8577 4977 9313 6339 5470 743 5908 
3851 8607 8537 653 3176 5179 5180 1188 3577 406 419 2342 1051 6431 425 1096 3328 182 180 260 292 393 659 742 2042 3324 9070 248 269 
6937 1013 1056 1075 1165 1475 1879 2778 3153 3404 3426 4808 
1567 3961 1499 62 6459 6857 1333 8619 4885 10647 4269 9885 2794 810 
3214 6343 153 1550 2952 7717 6344 6369 6374 8957 6746 8998 
5557 7435 1163 2288 1272 1474 1715 6786 1853 2508 1649 2878 10917 
5545 9040 7781 1722 6482 8439 10587 4212 4932 2878 6206 
7002 1054 3314 10280 10605 5909 7274 8953 4538 11084 2364 
5077 1165 1889 3808 4695 4834 404 725 1516 2217 5721 6696 7039 8984 
6306 1923 11132 2937 1051 6416 4884 4700 4839 8049 8350 8520 4229 2393 11702 8032 
7441 2361 1635 6918 4441 5747 5998 2502 1298 2437 7804 3113 11447 
6835 2704 2111 2734 4778 9902 3514 5422 5437 2602 8284 8292 4927 1860 4146 8722 
3993 6933 281 8459 10178 554 9222 10604 524 216 2028 10107 10361 
6037 727 1171 1499 4432 4481 4957 6465 6637 6678 747 
1042 3789 9210 2005 2065 4909 7941 10280 7401 7193 10165 10168 705 150 1860 8836 2281 3276 8426 5932 6056 4356 
4179 5237 6235 564 8660 9969 260 707 1180 1882 2342 8168 6468 7128 9556 3862 
5084 7672 404 5207 6100 6696 9848 3568 6114 3600 5237 7386 9374 
1015 3226 7813 4214 1798 4033 9793 2217 2658 7135 9349 4028 7968 10168 
1474 7604 3271 3310 5614 2746 2802 6988 6780 9175 68 6285 
1023 57 4086 97 1090 804 995 6221 7217 7929 
6708 1075 3227 6054 6404 1387 4421 1360 3984 1686 7104 936 1899 1966 
4523 1444 7286 262 1818 4375 1346 5949 954 1113 1309 
2309 2756 3741 2587 5038 138 56 8020 2865 2597 6942 9547 2333 477 3147 5650 7812 
6660 2763 1469 4313 5736 6451 3368 5754 6220 10315 1381 2755 3347 7720 9421 10159 3843 
2338 7284 3013 7917 11417 5359 381 8480 56 1653 4234 5480 11313 6683 6875 
1680 7386 1499 2416 6901 1234 1962 4547 6387 3748 4335 3511 2217 3271 
6754 2485 4122 5437 6577 944 2426 3309 8016 8365 8573 8831 9192 1165 
7998 8244 1858 1935 3246 6459 6616 8200 11539 2437 5914 6315 
4844 995 2622 738 737 736 796 3754 6834 672 3880 10059 11457 11494 5161 11368 
7242 1118 2147 1212 8027 9462 3776 6212 10096 10124 10315 11493 4532 5445 11152 10313 5098 11156 
532 8776 4318 1512 5853 1960 7232 11358 2753 10037 1499 8556 533 4531 11368 2554 8107 9332 1819 7073 43 813 1212 
4151 295 451 4810 8386 1178 278 4795 643 1484 260 6226 
590 1065 6581 9323 1054 8470 3598 950 4638 8557 1476 
1996 6777 2313 2609 3257 3295 4442 4668 4817 6138 6595 6932 9305 10225 11305 6057 6933 
6249 1477 2731 3649 4776 2062 2322 727 1499 2323 2949 6453 2621 3981 
1896 2341 166 182 316 5776 10028 4995 7888 10676 180 240 199 348 684 764 3176 
6255 2801 7132 10022 6394 727 4389 6319 10905 6780 4633 5015 6587 6839 8591 2921 3829 7965 7964 8435 8462 8819 8848 9611 10350 9837 9844 
3967 361 11559 216 258 311 9805 7849 5710 10359 5501 
1883 3551 3441 9687 1812 1852 68 2321 4929 9930 7696 6221 7695 11290 2894 1831 5964 8276 10326 10654 2220 7666 9832 10165 3539 
4678 4951 669 6788 2004 2006 3172 4774 2081 1083 11631 3999 5621 9421 6761 3998 2524 3007 3324 
2332 6138 3776 6637 717 2597 1362 1408 1935 2675 5437 7210 9951 1805 1741 2602 56 
184 8998 4311 4423 4253 1196 1216 3517 4581 2985 2987 6251 9012 3293 29 1499 2592 4649 5584 
3150 1212 2126 2746 4540 10327 2147 2799 8341 4654 3835 
7259 1646 4902 1184 6249 3257 5272 3290 4129 5161 2126 9020 10327 10389 
2104 103 1923 1872 3684 2889 8092 2820 1147 3404 6862 
944 139 404 4477 5405 6696 7415 8322 11323 63 1646 2609 5461 2181 4940 7623 
7226 1132 3404 4002 3767 4245 5038 5664 8856 
533 4795 5369 407 404 4660 6696 8693 9625 7458 1477 4776 1130 8079 2545 
6492 2313 1594 2746 6932 8134 9462 3309 3347 4035 4907 5754 1836 3368 7039 8480 3615 3514 8836 9192 5038 
1516 9305 1890 10458 2388 1212 1589 4930 7167 11960 73 86 
6650 1998 9145 3280 9684 1689 1749 2590 9422 788 2474 6024 
1001 7873 5527 4911 9088 1212 2587 4907 8134 2485 8747 11612 8709 1824 
228 8999 7611 645 650 646 1155 1180 4634 8070 295 451 686 1444 2529 4296 6229 10655 11369 29 
6602 7038 1955 4529 3568 5810 9170 1942 7402 4432 4481 4957 4360 4127 10196 3427 9518 6850 804 2834 
2056 7684 8966 9206 2431 5164 1613 209 6292 7375 10681 1664 7252 1728 
3894 9161 347 10294 10688 2037 324 547 6445 180 728 8538 10441 10687 
4269 1763 645 6086 11672 3879 5360 5754 8307 1444 5695 7121 
7995 1853 5040 5060 2005 2153 2373 2485 3133 
2400 4495 3975 4395 4773 6351 5387 6713 7410 2151 5164 98 5962 5972 10981 134 
6766 4989 7633 3931 3961 4374 4523 9417 956 4414 9192 
3588 6843 4608 9595 533 1734 7501 2421 5641 8610 11472 2138 7536 8671 181 
2873 8696 8698 7838 3389 4311 7802 8998 3246 3931 122 2005 
8319 9362 10267 5907 10969 7166 5884 10037 6065 6684 9249 
1441 212 62 6940 7808 2044 6046 508 524 2055 2147 2515 3937 4911 8307 
7192 1652 9012 3670 6345 1548 6209 6377 6374 5493 6366 6780 7156 4940 2583 4907 
5755 4516 7412 6948 7752 8243 10242 1647 2262 3097 5047 8028 8352 8403 1013 3684 5376 680 5264 11071 11334 1948 2062 3260 5414 
636 7135 1499 9285 9290 57 3352 4086 5448 9845 3551 3817 7420 4648 6901 453 12022 2100 10008 11330 44 6201 8079 9685 743 464 11706 11709 11707 834 
2609 1831 4947 5964 8250 4994 6627 9447 2217 6550 7604 
2631 3541 4875 4907 8933 1069 4704 1698 10855 103 257 330 3441 3477 4308 
5056 4274 11338 8480 3347 1826 3348 7044 7410 436 1462 1869 3277 4124 4714 7974 9859 10280 2602 5496 
2366 56 1860 7287 8555 9192 1845 6637 2129 2147 2639 8270 
3410 1156 6944 1096 7202 244 180 3326 5350 7199 7200 7245 9161 166 281 3324 7857 1222 
7675 1490 1489 4835 6253 7812 9961 1911 7193 3615 7090 7973 4802 2746 
2651 1816 6233 865 8697 6259 1954 6462 3684 4432 4481 4957 7271 124 103 1523 4541 7614 11552 1075 
4494 2701 1640 205 4231 5584 6462 6901 2452 1798 1634 6810 2364 
5561 3451 704 1212 5789 7287 7464 2587 3383 7213 7859 10093 4986 5345 2953 3249 5102 1946 5038 10332 11837 2876 8518 7712 8510 2254 4709 569 729 2856 2976 3664 3776 4702 6990 8829 1468 8079 
5057 4353 3371 8958 1591 6276 3277 6319 404 4750 6696 8662 11096 9754 3207 
2808 7193 7353 2002 9541 3664 6026 8079 4562 6384 8404 11221 10069 10502 7310 9345 4551 
3369 7470 8709 166 281 728 709 764 889 1562 3176 3528 5292 
250 2117 2217 4628 8355 62 1130 9343 7035 10354 92 
4715 9070 281 650 764 2043 2052 4222 5776 7550 8564 10511 
743 144 819 2251 3376 3684 4517 5664 6383 6401 5058 44 
4073 614 493 1860 1935 3368 4138 4911 5942 4491 10786 234 374 406 
6868 1165 6338 1231 3843 5201 6462 1512 1006 12080 1516 
6654 1521 788 1491 1499 2149 3240 3344 3632 4746 6768 7073 7585 10228 
7830 1594 4349 6322 4315 8829 8666 8179 9952 
5297 6459 3626 8244 1658 1086 7666 8077 487 533 1298 11071 3833 2437 3035 6628 
87 20 2126 4366 4911 9210 2602 18 28 312 1165 3238 10018 
3926 180 216 1673 9218 5472 7615 728 1096 5658 8807 
1936 545 556 573 533 1018 1165 2609 2778 3416 6029 7838 9104 
5615 2611 7847 533 7121 9129 4649 1180 2553 4028 4447 
2161 2700 7104 411 8391 10203 2410 5262 9448 93 1332 3827 788 4631 8079 2554 
8011 4146 10495 12005 1879 4154 5163 7611 9666 4491 2313 
5887 8933 3942 3400 10224 11296 1860 2308 1690 1500 4121 
1291 9192 3962 7351 2609 4516 961 7142 4950 2174 7324 1274 4926 404 2142 5169 7152 8051 9734 333 743 1879 3551 7135 8860 
4358 1798 3322 366 7005 9385 281 278 292 7098 7384 8862 788 1658 3315 11358 5426 6452 
7883 2971 4033 6462 1689 4028 10168 7401 5796 7065 7528 
6171 4198 1170 3684 6775 7773 1615 1165 6958 6455 6457 
1154 10905 4797 2407 7291 5009 10124 103 804 1396 7710 
1735 536 2980 1520 573 1505 4253 3727 5325 1776 8234 2195 569 2118 3314 10037 145 2126 10327 
410 3575 31 2217 2410 2894 4019 6460 3511 5437 6897 
7089 6146 3249 10196 1218 4990 7254 7960 1065 11992 1073 
3411 166 9595 7532 199 7456 182 281 1756 4965 5297 
5078 3277 4124 5223 5765 10726 443 1801 3391 3514 6248 
7358 3967 5148 8998 4294 7484 8577 11228 9755 10072 8499 
4609 8906 387 3755 6032 315 652 5776 6033 6182 6832 
5363 1016 5411 5876 494 6150 542 5237 1024 1049 1061 1056 5603 
4889 6768 611 3088 9038 399 406 2545 6769 9418 3249 3869 4353 4528 
842 10391 2951 8027 11770 1922 2636 5224 3417 404 6696 2248 3792 9284 
7132 1918 3431 7830 3050 6121 3700 2187 6576 4658 5031 7185 7759 11949 1075 1281 1380 5049 
6225 3436 4517 8206 9685 11107 10138 3692 4649 10979 2453 1478 11896 12124 5876 7185 9354 
4758 5422 7470 6744 2147 4137 6928 281 2675 5074 5163 10572 9150 
5540 6805 533 1713 1927 2653 2702 2805 3539 5515 5881 6027 6859 
1236 3368 2767 11670 4441 5959 3451 1656 8358 829 5556 11762 
7648 3601 5883 1492 1592 1651 2651 2805 3621 3635 6575 
5104 4092 6952 5622 1594 10110 1601 1344 1396 2293 3469 5311 2689 
6009 7463 4458 10150 727 9482 3441 1508 4255 8117 5448 1464 1842 3247 4077 5163 7751 1056 4988 7185 8934 10917 1430 747 2410 1361 
4306 2153 5437 2850 7604 10280 12085 1212 7992 276 1024 3731 2772 2660 1075 2230 3389 7287 8106 10315 10561 11524 500 9533 4335 4517 
7618 5058 1482 1499 5960 2384 6786 7122 10069 7873 11356 11898 
2812 2279 11221 11224 10497 11299 9908 11734 3347 9542 6026 11564 4006 5865 10532 
25 4460 315 643 653 739 2347 6190 7008 3422 387 3180 3783 6465 6462 6511 6730 360 1929 8703 2106 4649 9122 2453 9607 1199 2063 4 109 5193 1211 3354 4640 9157 68 1841 2217 1945 2922 55 1923 2921 3681 10203 4116 187 500 2155 5049 6061 6109 6232 
6351 2126 10327 1231 7422 9210 5379 10125 813 7733 836 4517 7115 7237 8862 11087 2057 855 1212 1049 1061 4577 
3268 161 8583 5882 2976 1491 3340 9280 11462 2468 7886 
4484 2453 11579 8495 262 1773 5070 5072 924 1080 1102 1316 1449 3175 
2613 3260 100 2949 7534 9591 2313 2648 4750 6054 
8280 4124 6633 6295 4340 5571 5582 8955 8344 5632 7893 4372 5163 7578 4154 3277 9262 
6146 994 780 1232 1781 2456 3284 4941 5765 6530 1814 2937 5799 
6051 1496 1361 8563 1499 1191 2949 3225 6990 7611 725 1272 3344 5763 729 2452 2494 4335 10280 9066 3276 
8034 1896 5119 10024 9448 10037 7745 8360 3711 8555 6822 8363 10804 2951 
1621 7642 62 810 1818 2164 2348 2535 4649 6092 
200 7753 6420 9256 3277 9067 9755 9678 1572 1062 1304 2144 4124 11358 8984 11048 1516 7115 1955 
43 7920 995 1165 3404 3931 9210 8969 813 102 3584 2747 3748 11654 9 5087 9533 11240 5578 
2531 8822 4740 4693 104 8794 6081 2295 4090 4476 813 3687 
5745 678 4329 7039 1546 1056 1849 6056 4078 761 4081 8829 7978 4783 6150 10169 1548 9186 1019 1893 
7111 7478 2421 3409 6383 11358 2948 6576 1076 8687 10677 
6484 857 4019 4284 7881 3205 6750 2602 10037 3666 2410 3939 
8045 1842 1948 3591 3603 3684 11233 2668 7291 3352 5670 4394 
7558 9047 6890 1416 1968 1974 2010 3684 10750 4160 5579 
2553 1058 8287 8283 8288 1272 4390 102 1946 4129 4700 
6745 7671 6455 6457 6948 3436 10317 10586 1510 7260 11945 
3284 2791 1632 7417 4588 836 873 164 2269 2727 8926 2155 
4852 6948 4360 4482 6107 2353 6988 2025 1614 2282 6662 
2530 1260 2345 3182 6173 6633 7796 1256 2342 8711 2324 3035 782 10710 2340 3568 8918 8709 1369 7568 6745 104 10697 1605 9733 10321 5578 10141 
5595 1691 602 4962 6307 8311 5443 11877 1834 
4729 3906 5283 8786 328 1026 4987 5517 5746 8862 
7196 7059 9754 3799 4912 7252 2950 8564 12069 1075 9037 
3122 8470 1466 9511 2025 2144 5735 9270 9845 4269 7553 5169 1713 9556 6786 
7925 9192 4999 8678 2369 9022 1776 4902 3956 9866 2515 4074 4785 
5172 463 3080 3835 6897 1723 2602 3299 3392 4835 4903 5422 5756 
1207 542 2239 62 1436 1459 5058 366 1056 2212 3302 4903 5695 5794 
7906 4488 3430 5170 5923 10023 3304 6742 1713 2217 9487 8020 
1133 1911 171 1345 818 8079 788 7146 1325 11035 11038 55 
5498 2310 545 556 1013 1969 2488 2490 2494 2646 3404 3461 3698 4259 4603 4638 5140 5314 6332 
7860 4500 10206 8603 9939 3630 6914 9079 1647 3979 6913 
6474 5800 3418 3277 3595 4104 2217 5884 1728 1868 4657 6774 4978 3485 3539 725 3632 4124 6221 8073 9896 2820 
8097 6333 8073 10037 2167 5356 6224 9572 4515 5909 2089 3792 4592 5080 
881 6647 1474 3067 1702 5840 8045 11818 57 727 817 2353 4086 4695 5558 6044 7847 10265 12095 12096 4802 
6299 1633 5164 3378 1516 9844 871 2926 10213 2354 2661 3303 3344 2431 
6529 2746 1212 2126 10327 1549 6471 1805 1802 3089 829 1646 1589 
4250 3326 5241 316 4331 342 271 524 7822 
2989 6164 3335 7507 11092 2751 5087 7712 11539 1939 8747 3088 8651 2313 135 
3022 6460 7624 570 1258 4517 9448 8864 1396 4432 4481 4957 140 3401 6852 8135 7252 9286 9288 4631 2501 269 
6220 9625 727 788 804 2410 8671 9294 1519 1075 4350 7984 3413 1516 
812 2345 1319 2025 5898 6644 1885 2365 3391 4074 7163 8950 4947 
575 2727 43 4661 44 62 1332 1381 2453 2486 6201 6678 10013 
4981 4266 4267 4540 6923 9210 9321 936 1966 1346 4911 6138 411 3101 
1468 5028 995 1319 63 606 1089 1634 4146 5461 5981 8066 11998 1696 5134 6012 7039 4833 747 7475 
3508 7928 8652 12000 5776 1277 4331 6444 7748 7749 11985 255 386 
120 1995 18 28 705 6992 9258 4357 2746 1935 8220 7838 
7122 3975 8957 1212 7083 2675 10257 1090 5049 6777 3349 2568 4575 5875 
4380 8202 4246 1871 6952 9387 1885 2365 3702 267 3700 8557 782 2345 3027 3082 1274 6509 8973 11702 1802 8550 1298 3290 8358 11017 11896 1499 
5185 2906 7529 8814 6323 6901 6704 11881 464 5619 
1557 5020 1436 969 1728 6734 1272 5729 4357 7024 11338 11111 1940 10096 8073 11197 1695 1721 8031 10785 3335 7166 10313 6746 10581 10752 6317 7159 7724 10168 10903 7802 9305 4833 6323 8087 8104 10231 2264 
2914 729 2221 8619 7185 1499 11099 10168 3490 2258 3271 5164 
7097 1184 1696 2829 4284 4540 5134 1082 6251 7410 1996 
1834 5735 7713 6753 3222 2701 3622 2176 3109 4708 80 2120 4649 8829 
707 6092 4661 7458 2455 10528 841 1382 2362 6994 873 1493 6901 9815 11479 2766 9964 2128 2791 4800 6979 9630 44 1491 2727 5989 6201 4315 7079 747 3221 7702 1516 3619 9781 7413 4959 
4753 7639 732 10330 5345 1935 4608 2126 8134 10327 5176 351 5347 5436 8027 1695 2534 636 
8137 10605 6144 6356 10280 10316 5435 4993 4357 4940 9462 2198 5963 6587 
804 3453 7237 841 1130 1382 2219 2488 5997 10470 51 1817 5169 10134 83 2373 3133 4339 
827 3512 2878 4916 2883 4112 145 4700 6448 6460 6512 7495 6490 992 2441 6587 10082 2467 5923 3544 6452 7973 7895 1199 7486 9462 1849 1887 7811 4108 6119 53 
7260 6685 4868 5039 11172 3776 11769 4216 6183 11022 2772 3210 3722 11234 11169 4231 
2754 2392 5388 559 10127 8990 5914 1529 11573 3943 10648 3149 2506 4911 7730 3156 
4812 9037 359 1301 2991 4740 4941 5869 10063 10064 10321 
2825 2230 10042 1212 11572 3653 8061 3347 2993 9512 11325 4035 11148 7284 153 2952 6977 6683 5293 4948 118 11665 1728 11664 9408 443 4414 1094 10654 9417 9708 3984 4129 11842 3391 
5972 4606 751 1194 2624 5258 5999 7878 8233 9941 11237 
362 1863 2138 3748 4451 9482 5735 5736 5741 7103 2064 2108 1598 5883 6023 30 10735 
6389 2573 3077 3547 3988 6702 2322 4011 2092 2153 2474 3487 4407 4443 4639 4662 6059 8505 8506 3669 7447 834 
3718 4981 7866 8933 3386 3392 9462 643 1534 4460 188 358 
281 1482 2542 3416 1461 4800 6461 8107 1728 10780 975 1024 1073 1165 4335 4523 5161 6730 9054 29 873 3404 4805 5032 9284 261 764 9841 
7086 1922 3049 5602 11358 1749 2917 4363 5909 7751 1322 3109 6584 1072 1147 2727 
1512 6453 8035 7736 7641 4488 6323 11020 11674 5613 6769 7960 2962 542 68 
4959 7489 10825 1056 2774 8613 2732 4156 915 417 4907 
2828 10481 6292 1049 1061 5603 3391 3847 118 1589 1734 7430 1885 2365 
4548 3274 11046 3975 4870 981 6683 8960 961 4311 5556 9089 563 9838 257 330 963 550 4419 3931 
923 4748 6685 2746 4321 7144 4927 2563 11440 2734 6183 8363 5414 9030 2079 2551 4710 60 2485 6057 2432 5074 11852 8527 12020 1491 1902 5437 1263 11246 
3406 2401 5316 166 561 4225 9443 10724 334 244 235 638 652 683 1274 1301 1882 5222 5573 
6160 792 1314 8887 6458 4432 4481 4957 8990 2761 4695 2251 9558 4041 4566 9284 4360 4480 7742 
275 994 1069 2218 8663 11446 2540 3242 6913 6914 6922 9990 10184 8243 8359 500 2219 2217 2474 5153 7065 11215 11449 11884 3774 11497 2905 11447 6233 11452 68 1474 4400 4409 9111 
4857 1884 5163 404 727 1499 3186 6696 3917 7756 8174 6953 2437 4443 4028 390 1161 2290 
1569 1955 3270 3817 3941 4555 9817 7627 3519 4580 9380 
5039 3458 5863 435 2342 5474 3233 4482 8962 3427 10285 
1884 4275 6938 8368 7479 7563 5019 80 2120 2437 9270 1658 1954 10922 804 7524 
6192 10364 9879 3413 6024 9163 9562 2015 3371 6863 10780 2727 5220 6206 
5630 5891 3913 11502 1075 2117 12096 7939 2453 6324 4432 
3229 6541 316 643 6304 417 9443 222 4326 4795 10298 9081 457 5594 5112 8415 8293 313 9070 1759 11537 
6107 955 5719 778 872 2612 7060 1512 8591 8693 9488 
166 2609 2210 3128 7361 9951 9923 4709 4517 11243 465 6853 9538 
239 3819 787 727 1016 2353 4977 4923 7122 7468 29 
6555 4870 7166 8292 9305 8174 7493 3246 813 3540 1259 8943 
8037 7427 9396 11870 11145 4475 4746 1860 3347 5405 6056 
1320 9088 150 1548 2515 7873 1499 10398 1614 2149 8359 10671 4649 1132 1522 2154 2427 12005 2774 9104 11368 
3409 9174 311 281 652 244 5739 9070 7241 166 511 
6401 1371 1477 4776 834 1473 2503 4015 11464 2432 3891 
7437 4432 4481 4957 8840 1863 2971 2507 6952 9196 4658 8810 4011 9623 10206 1165 3684 5161 2717 7163 
2178 7054 8031 2731 3211 4308 6274 7284 7812 8998 1171 1817 3347 3505 4035 5650 10605 3484 
4875 707 393 2732 2342 407 901 419 450 1180 9443 4690 1212 4229 4581 4795 6135 392 9532 
7054 8979 1165 2217 3277 5420 6273 7323 9922 1056 4031 
954 2342 5157 7749 10297 10598 3233 1192 428 10696 6944 435 7267 9161 4681 4284 3787 5954 4335 10941 61 
5896 4618 5271 7101 1833 5346 5631 1747 2173 1834 5790 731 3776 9506 12043 
4540 4940 292 407 524 614 737 736 887 1156 1490 1489 3377 3414 4535 4706 5288 
5609 6676 8916 979 1870 2147 2798 3310 3501 3737 4090 4907 5642 7902 11609 616 1945 2081 2441 5898 3494 3082 5301 5144 5573 6509 
2954 412 829 5074 9706 1381 3436 4649 6276 12043 2123 9888 5889 127 
7451 1298 3727 4035 10274 6932 10898 3835 10232 10889 4924 10495 2157 2477 2538 7470 8307 
4717 1647 2791 4709 5813 11732 3089 3108 764 7652 8659 6630 5808 9951 4720 8295 8310 4265 9174 359 572 2259 2553 5573 7532 9865 11060 4795 9017 3135 6831 9792 5961 7159 8501 1089 
4369 1828 2404 5948 1024 5763 6109 6339 8391 9332 723 264 951 6338 7862 8393 2545 4426 
4561 8929 887 4137 257 330 8965 8619 1333 5997 
984 813 4512 4852 11130 7024 2713 3554 4006 5220 10150 3981 3986 1490 1489 2114 5800 57 3352 4086 7193 8518 5448 
7468 1165 3924 6979 7795 7499 2554 2273 9082 3619 8133 
7910 2683 2940 5002 5004 5003 5006 6106 7174 11056 4895 7252 1728 4627 4360 5005 5008 6015 6457 6760 7760 3772 
98 4014 6378 2001 3185 3639 18 28 10018 1851 7167 
2716 4668 4874 4875 9638 2470 4274 4921 8039 109 2874 3874 4118 5193 6481 6577 4077 4847 3541 8202 6771 5352 477 
1599 8101 533 1016 1069 3649 5237 5989 6990 5411 1602 267 307 4222 
3888 8659 244 325 581 5184 6445 574 887 8415 9218 206 
390 8771 1204 2062 30 404 6696 62 1499 4661 4959 6463 7185 1482 6730 813 1475 
5225 1089 3992 4057 6992 8787 9321 473 1380 2324 2841 3408 
5701 3684 6151 5050 2924 2932 5546 4709 5735 7252 3632 5954 8147 3404 4028 
2685 4715 173 3277 4986 258 11371 10062 11358 1615 6121 257 330 
6438 5935 847 4398 9020 9021 2463 8413 8970 9962 3656 3997 5899 5934 
309 29 40 6225 11125 11468 10465 11576 2878 3574 6853 802 1064 4309 5330 
4301 1273 1295 1286 4240 4282 432 2372 7989 8343 7550 7822 4653 5339 3129 5974 8430 1287 6300 7241 
7580 1461 4819 7967 10851 4268 11215 8148 2914 8346 2144 
3566 7590 9418 1176 3995 7556 2372 647 182 3684 7199 7201 7202 6111 7536 4677 199 1294 
7629 8984 9971 10130 3519 4580 4893 8687 9269 1485 6006 
295 9589 4719 2590 7022 29 8932 6920 9117 9487 
5588 981 2005 1282 2390 4619 3931 11338 600 10495 2865 
1572 1633 2353 4923 4458 10979 4800 9210 62 4885 7073 1338 10137 4335 
1762 1867 1509 7420 7623 10114 5472 4028 83 4339 9967 11253 4356 2729 5126 5366 
5938 3109 1500 1338 1322 1333 2402 8601 9483 2431 743 4702 6174 6036 3315 3417 
1376 4077 9049 2410 1376 3343 6036 7073 6751 404 7275 
5909 6563 8574 10078 2667 6993 4184 11422 7766 5103 7587 9697 6637 11358 8575 
7331 10296 1723 5740 10280 1860 2903 3017 6954 10086 4357 5038 
4482 971 729 4245 404 4192 6696 9868 
6543 2467 2369 2392 5972 4654 829 2313 6522 6056 8555 1836 3514 4392 
1132 2739 4417 6210 6356 10123 3389 3975 6374 9357 10125 
5748 6693 3282 682 2545 5019 12099 8025 5046 8148 6938 8507 5467 
2623 7391 1281 6378 105 725 1094 5736 11597 11746 11748 
2981 262 725 8023 3655 10780 134 948 1075 1512 2204 4649 4695 6655 
4643 729 1001 1933 1985 5866 7235 4795 311 1713 2342 4167 7170 9919 3344 8247 2545 7503 
1655 871 6057 6292 4432 4481 4957 3347 9814 11777 763 4357 5330 3584 6208 1436 10037 4035 4311 11163 1212 
6836 1696 5134 1287 3752 7781 11732 1809 4577 981 5508 11224 4911 3942 11221 2597 3383 6781 3984 11604 11799 6799 5352 9843 2217 5351 10408 12020 2717 11587 
2025 2427 7022 2621 7103 1944 3152 3987 4870 7400 10097 10280 11956 56 2147 2383 2417 730 
4464 3234 7318 11027 6100 205 804 9497 9577 
2824 7201 7202 11409 7199 7200 7245 9467 166 2342 6970 245 764 6749 6535 188 963 3119 947 7155 182 1188 1199 1209 4129 
3400 9147 9885 2306 5884 7958 3996 166 199 519 
241 915 8623 7560 3621 3671 7831 9339 805 2217 807 
1527 1527 8322 1605 1896 2021 9902 10274 4040 4237 1646 
1010 2920 3292 9448 9922 57 813 1971 4006 4086 4540 5800 
6073 7294 7609 5736 9104 729 725 1496 1499 2374 3344 
5200 7821 465 505 1281 1823 1953 5038 5561 6770 7537 10747 
5218 9802 7400 9051 6878 788 2554 5763 8577 8671 7345 7781 10369 6412 4037 959 7739 8823 8934 11494 12107 
2134 1281 1628 2467 632 1731 3699 1989 2609 503 4477 4940 3585 656 
6046 3280 2727 8044 4121 5937 1450 1024 11874 5736 8499 
6960 6221 7931 8500 7412 1776 995 2488 4517 5848 6511 8068 
2646 2358 1075 6673 6213 105 5163 5381 7110 9448 3403 3286 7332 5982 1010 7022 453 8076 
258 2741 3477 10365 4911 7992 9291 6453 1981 6462 6777 29 617 11874 6464 7577 8056 4721 4737 
7540 5090 1812 6048 5074 4094 9866 10446 3942 5038 5596 
4167 8970 9020 9023 1377 684 11846 269 1107 2710 9172 260 7761 6893 3931 1165 4143 4516 5289 
7987 9480 3256 1831 2420 4006 5964 10165 2381 11680 4028 7432 5578 
3023 140 1332 1338 1353 1512 2002 2837 3086 4628 5208 5255 5364 
6004 4356 6221 5771 4474 5779 5763 747 3398 7601 8070 3550 
6548 5220 8134 2217 804 1512 2452 2551 3396 4154 5884 9155 3397 6928 11528 1118 
6327 11539 7769 9332 10137 824 2652 3320 4702 8122 4028 4870 
3033 143 178 271 427 4221 4308 4387 6132 6623 829 3457 367 252 9356 2739 
4685 725 4335 2345 788 3364 5923 333 3408 9448 3082 9932 1380 
6345 1435 4007 871 2027 2681 6206 6462 7684 8966 956 1011 2727 804 
489 1490 1489 8198 1713 4350 6539 9533 80 2120 4900 1529 6398 4535 40 
7246 1771 1980 2347 2085 2328 6834 1168 3223 6139 2940 5136 5343 4774 7038 
1135 1818 2590 1715 8106 6704 10283 97 727 1024 1016 1075 2581 7114 8359 8546 1130 6174 62 7217 12036 
719 3085 9786 5518 44 727 5584 6201 725 2727 5865 8296 9793 1135 9158 5237 333 836 2921 4154 7458 10917 4501 698 1516 3271 
2023 2381 485 1605 1987 10283 11075 3776 9638 4169 1165 6540 4803 2667 7978 1955 
6851 2872 6123 9581 6420 1572 1598 1652 2377 4550 
3911 4035 8972 2767 3227 10952 203 292 4151 4225 4233 5163 5679 380 2372 464 1166 5292 7252 942 
5513 4927 2173 559 6657 7973 8399 4924 9284 10317 829 1074 
959 7600 2392 8380 4018 9506 10280 8592 4911 8566 8572 61 
5841 10188 1939 2126 4902 10327 3430 4447 2147 7002 2025 3310 
2416 84 7900 1995 359 2340 4666 8770 9851 620 3177 4487 7324 7568 7571 8024 
583 2949 1474 6092 9176 7666 6100 3409 5920 8833 10913 12020 4033 1521 366 5351 7510 9133 100 
8039 3222 2551 3152 5650 6247 6253 6687 1860 7838 9210 2739 4423 4417 4311 
725 3345 2217 725 3338 100 453 2108 8244 1499 3836 2791 778 4658 6027 8299 9676 68 5659 2849 4307 4033 5770 7651 2222 4164 3864 4421 4649 4688 44 4544 6201 5219 9097 3640 10984 7904 2144 9293 5995 10257 4180 4196 3595 5881 9126 499 1897 1923 9199 
3286 6334 7873 164 6838 2269 2626 2881 1010 8990 9686 2452 
446 6729 9233 36 9123 10581 10752 10872 11326 4955 7950 7814 11237 82 
1417 700 1018 1024 1016 4077 4335 8380 1981 1056 4040 4237 4234 8151 
7389 1281 5881 4214 9806 9898 1684 3441 6914 1681 9501 
2319 1689 6458 9028 1516 9741 5541 3511 656 6800 1529 3994 6387 4109 7889 10892 5507 7336 5814 4127 5956 4084 160 2856 8070 2652 3320 4124 84 10184 11826 9649 
4109 2104 8357 8484 4452 755 809 3383 6018 205 1090 4399 5664 9335 
6559 3724 813 7838 3611 2392 2602 2415 8380 11852 11769 6954 9112 2210 11998 6184 941 1664 
7049 4432 4481 4957 5570 7541 1065 6388 8454 11621 1056 7773 
5054 7448 4532 6309 4902 3294 4005 6683 4087 5038 10879 2126 10327 2057 
1530 7873 4633 4636 62 9777 11898 5366 10280 83 2153 3622 4339 4649 6328 6842 
4965 8105 10103 1477 2621 3427 3684 4166 4776 4961 8352 10917 366 729 725 1165 
1239 134 62 4517 8010 2373 3133 4649 1075 1879 4846 
5665 1169 1502 9021 2739 4417 632 1263 2985 2987 5055 5379 5495 6345 
6168 4512 5366 5110 10497 5333 10777 727 788 2554 1064 7401 5319 2428 
6260 4829 1011 8436 1831 5964 7966 992 2727 5367 5881 2002 1738 983 7973 9762 
8133 5395 3231 4051 3312 5963 2356 10203 2167 7894 5441 
5695 5670 3312 725 3684 4189 5163 11494 10633 658 11133 
7107 6988 1080 5628 6483 11383 2170 5074 2528 9133 3131 3413 10235 2117 
80 8751 18 28 1010 3606 6901 8818 10018 1016 1580 1661 2305 
1043 9069 3144 2894 7400 7921 1054 5316 7648 7995 10365 2545 3684 12080 
2365 56 1860 2126 2587 10327 2100 4471 606 4820 743 3554 5441 1348 12001 3451 3984 6627 6905 5961 725 5103 9088 
7419 2437 4072 4124 7602 10700 2712 11356 1429 4964 5176 
563 5645 6626 2766 3827 4613 4700 6862 6863 8299 55 68 2349 3622 4357 4358 4642 4986 8300 8304 1338 81 1361 1977 2471 2890 8286 8563 9189 1882 4097 4099 6057 8301 8709 9418 43 234 1023 2372 2727 3901 4311 4410 
4221 7893 9975 730 265 1860 7470 5830 7973 4371 6928 
6217 9606 10242 802 1445 9469 1441 8405 2971 10122 12118 6766 
729 1062 8671 3684 3436 10616 727 788 1820 2158 4116 3813 5238 5439 10228 11048 5876 7180 6233 7237 100 2471 4649 4853 44 
3500 1169 6751 9952 4488 9741 6952 4482 1080 3301 4360 4691 6300 9448 
4897 1658 4531 11335 4634 6902 4146 4799 400 1529 3862 11223 2592 11085 
8241 2652 3320 6378 8983 4308 4398 7148 4124 3391 11221 2993 
5861 3503 1018 5876 1407 1572 2373 3133 5517 7264 8079 9021 10364 788 
4189 4357 4986 2746 3310 4222 5350 7128 6683 1259 5757 246 380 5445 9849 3996 
2185 6854 5313 5549 4962 4981 7866 8983 2420 8321 95 1259 2515 4386 10755 1713 1121 1560 
7798 7038 7039 7839 2920 8194 6060 1689 1570 3021 3322 5151 10363 9659 9910 7148 9335 9914 3020 9916 4390 
5079 404 1955 4940 5163 6696 1879 2353 4844 7540 8470 
1919 533 1298 1525 2978 9793 11358 68 494 1056 3752 2216 3930 7274 2002 3335 8883 8466 3428 8876 7968 8749 10069 6226 1831 
3624 1360 186 444 804 1568 2121 2261 2609 3347 4094 
5495 1727 3798 545 556 7364 7623 7932 5570 3560 9010 3231 3857 11987 
3749 2342 173 246 311 400 396 419 446 709 1178 1234 1962 2163 2261 5184 5573 6540 7446 
5272 2739 4417 5171 11169 1165 482 2920 3368 3684 4414 4427 1870 2278 3347 3514 4035 
4916 3765 387 636 2866 3414 5750 4595 2357 4608 5062 
4168 233 199 267 257 330 379 520 524 548 707 728 1532 2335 2561 2804 3119 3329 4233 4455 5184 5306 6179 6197 6437 
5234 475 4751 994 8079 708 1018 7601 8671 9583 2153 
5617 621 610 689 737 745 736 2091 2300 3904 4281 654 643 2022 
6374 819 8180 9049 1818 2650 6962 1888 3344 10542 10543 9952 
795 3484 8533 7193 153 2952 9761 797 7271 2373 3133 1490 1489 1097 3290 387 6581 4592 8064 10950 68 1477 4776 813 1854 871 1831 5964 6324 4404 2763 264 951 9332 1018 4398 10889 11130 2739 4417 10335 7815 5354 8290 10628 4410 4406 5343 737 1458 738 796 9192 3987 7287 11837 11955 8616 63 5461 4799 2126 3494 1845 5934 5545 6339 6625 1825 3257 4094 3585 10753 11862 7812 5214 10885 4154 1545 2751 11502 3684 7448 50 4364 1922 2483 118 4702 1332 5519 10570 6607 8689 124 
1894 3828 6255 2959 68 1234 1962 6915 7810 5148 6259 
3112 6031 151 2285 4712 6233 9802 12066 9804 8070 9791 10440 810 
3754 224 199 357 457 653 686 3176 3209 173 650 9443 1275 571 609 7532 7857 3729 7989 6660 2047 340 350 4348 4706 4222 4671 11242 257 330 2261 2372 384 524 
5451 5198 5200 9038 3435 11263 9911 5163 541 3418 10672 2569 1466 9481 2249 
8215 5364 2819 3599 4335 5507 5556 3954 5665 10992 12091 10751 2493 4077 3082 3277 
4139 5734 1298 2921 1438 1445 1855 10839 10855 1756 7986 10359 246 1178 3151 3174 6468 6541 8951 
3939 6834 737 672 6830 2342 6135 9443 636 2085 2328 10083 208 736 3641 
5247 8019 1122 2958 3413 2658 3136 8647 478 1340 2660 9951 12043 
5299 487 2834 3271 3286 6338 4096 9668 3221 8471 8359 7459 8438 9252 7460 4028 1281 1298 9496 1024 2308 
2765 1640 2323 725 1841 113 4779 2507 10184 9802 7827 1972 11263 7631 3322 4028 
5183 2655 7757 5763 9583 11025 1064 4786 7601 7604 8814 9494 9952 10495 6495 6977 725 5366 
5340 10196 495 5033 5050 9380 9878 10981 3486 9227 3485 5969 3352 6142 7263 1849 1491 1499 2126 
7741 11805 1649 6864 2947 1512 2544 10358 2217 4988 7317 4179 
2629 183 626 3765 105 472 729 788 874 987 1232 3137 3354 5301 5311 8350 8836 10202 2105 
4496 351 3327 3862 4225 6397 7048 4997 297 764 2068 3066 3116 
4559 1499 1710 500 2557 2682 10647 10645 10649 11622 8010 6292 1069 
4743 2526 7470 7838 11539 341 1003 3615 1212 2126 2602 10327 2273 7039 
6614 2726 2727 3398 4980 5058 6244 6891 836 1376 3401 4028 5876 
256 3522 9423 2205 4363 2410 3664 9728 11618 1801 6028 
2928 6292 2513 4154 4943 5058 5862 124 5453 10051 467 5854 10052 2727 9678 9811 2545 
3004 6918 7623 10129 11145 11870 10283 139 7159 8290 1746 2614 4308 
6093 7065 4192 6377 7410 9357 10231 11054 1788 2322 774 
2999 8028 1647 2290 4588 6859 7046 1328 3315 9523 2581 1016 1516 1820 2308 3174 5112 2878 7146 4124 619 137 2452 1477 4776 4335 5568 4366 5579 7341 3303 3779 
1308 8350 727 2153 3401 62 264 951 1331 3398 4340 4658 6379 
5758 680 4091 10184 6805 4516 8416 1602 10611 836 9195 
7217 1223 1758 3175 7204 1167 5726 7686 7850 1141 4289 8586 
4890 2123 2911 4777 1505 2774 3664 3711 4121 10814 2673 399 2797 4925 
4291 3935 2165 2599 5552 5652 2240 3013 10592 705 1596 636 643 4363 5981 1016 1456 2692 5556 10746 10919 9928 2491 1485 2771 
8038 4114 1860 6933 6184 4021 5894 2126 2807 6364 
2563 6448 1362 1856 9022 9442 9117 8207 5237 102 1165 3843 5201 5093 4849 5766 10927 2141 7252 
6758 7461 10554 8348 3632 6760 2916 8317 6012 7520 1056 3568 959 905 5641 8934 7175 10774 
4955 819 1490 1489 1512 7886 2273 2323 2762 4028 4516 4846 8076 7632 4432 
6691 804 5507 4010 2850 2253 4432 4481 4957 2805 8490 3946 4921 11971 1485 2572 
7278 1193 5313 11907 4510 1927 4556 8043 5740 3723 3727 
7620 1482 1499 1632 2410 3240 3270 8180 9374 4800 7337 1528 2144 2452 
6887 1602 3436 3956 3194 3981 3986 4028 6962 7024 
1071 3640 1983 3074 66 3207 6961 6100 6324 6453 6452 6092 11363 1563 
5749 4283 5231 6406 6482 10017 4516 6684 2762 3354 4006 5311 5800 1614 2350 2853 5735 7059 3277 4940 
8276 4455 9291 6121 6401 10286 4005 2878 8466 4006 9269 4515 
691 6918 5137 5237 44 453 1696 5134 6201 8934 12078 1623 6206 5736 10686 
1476 546 262 70 1436 1358 701 3301 5148 2240 5066 3612 1355 3162 3665 4738 
3700 883 180 246 638 5184 256 281 7202 7792 8444 7199 7200 7543 4795 188 182 295 451 1155 1188 3176 3862 4225 6772 
6537 1018 3584 4989 10076 9866 9375 9877 2602 9192 8324 6543 6780 7401 7508 5881 6651 4649 
8075 1954 1955 2652 2862 3320 5277 5736 5740 6146 7470 
5189 2212 704 3041 645 8006 2771 1479 1603 4532 7448 
6577 2373 3133 3315 10860 7521 836 3584 10780 3396 3734 5989 1981 
5510 2485 2734 4122 4429 4536 6923 7616 6184 7615 3501 5422 2736 3309 6570 3170 1923 6051 4556 4074 5441 5596 8950 11140 7553 5608 3427 3505 3623 7817 3622 1425 3240 4885 4349 3276 3582 4747 
5305 4005 4592 8555 7847 11050 4951 12091 3224 764 3672 4833 10332 
1903 9062 2416 5154 5160 5735 7345 2219 2217 3277 11624 
305 1396 6637 7204 10780 1075 2935 3336 29 5574 7710 7185 8619 1514 6675 2674 
6750 2863 2958 8678 5304 6465 1344 2452 3398 3469 8990 8912 1575 
6927 3260 7753 5219 6637 2925 11865 1032 3684 4152 12111 3767 9816 5918 10623 6502 9253 
6061 5049 1016 2353 1165 2373 3133 3834 10788 7509 8556 6891 729 4649 
6673 7252 1658 3397 909 2878 9139 11358 3259 3260 4829 7951 8634 
5158 7524 7528 3287 9131 453 747 3664 10068 9249 4581 11653 11604 6905 
3117 8103 706 1078 8591 1727 3242 3798 5741 6123 1592 8076 4606 8194 151 8882 11586 9335 10677 476 2953 
1746 173 2773 3783 5580 5589 9049 7121 1056 4687 417 5974 9430 9555 68 407 435 
2358 2751 3956 10952 1695 4540 56 1595 9192 829 4284 6180 8394 8906 9032 10408 
8147 8958 6279 6915 6361 11732 10069 2219 2217 4593 4986 
5802 9156 2076 4311 10446 2795 704 2305 3389 4040 4237 4972 
5505 1172 3209 8898 548 4870 5184 5567 6645 8871 9706 9977 
1316 1499 2977 4950 7356 404 5736 9734 10269 4338 6931 8624 11358 67 4340 11118 813 4432 4481 4957 
2728 2181 4130 2219 6233 6627 10726 7820 109 5193 6155 6322 7237 9486 2217 2949 
7377 3347 10428 1212 5038 6931 3975 1282 4357 2126 10327 
7350 3789 5405 9192 9321 3727 1234 1634 1962 2837 7287 7623 1491 2633 4516 4592 9866 10037 10705 11141 7284 
1375 4308 4311 4387 4412 4418 4424 4419 6249 55 6356 2739 4417 4410 
3486 5898 2475 7623 9963 11976 1302 8051 4645 5648 10480 287 548 686 
5365 10062 2554 9603 9602 2217 2727 3602 8740 788 4904 6206 5446 7196 8895 11024 8281 5746 
4908 380 6024 9163 9562 3109 4164 813 5498 2587 4907 4169 
6603 2210 6932 12001 1687 2014 2551 4940 5645 10148 2079 4517 9293 3722 2059 2609 4661 7939 11048 
3052 3721 7810 4357 1429 1259 4986 3227 4517 4560 2410 1165 6568 11237 840 5080 
1861 5218 10584 4547 5277 9914 9929 10268 8215 6781 6220 2167 3550 5754 
6629 6797 1727 2695 3798 4700 8716 890 4149 4783 5030 5035 
5924 728 10163 2949 7597 9104 11671 6292 6566 2342 764 1533 3996 11629 11869 10922 9952 5782 11945 9621 9656 9733 5218 913 788 1696 
2984 1928 7986 8660 3007 199 202 8485 6339 4512 3764 10715 134 10333 216 506 524 4967 7957 1062 182 708 1249 1818 5766 8915 9583 1018 11794 1086 2379 3523 1416 607 2548 5101 6029 7135 9962 11562 824 9167 1322 1971 8373 11911 560 1338 4081 7317 7697 8350 1075 5736 11737 7978 3862 1544 
741 2158 44 2155 2344 5794 6201 9108 1062 1499 2410 
385 4203 592 5220 7418 30 805 1051 4432 4481 4957 
8073 4785 6952 1954 4786 7810 9058 9312 4649 8148 4830 6409 9414 9951 11509 3121 
4745 341 2602 1902 4911 1860 8027 8476 11170 7572 2439 4138 8654 11963 
5957 5736 750 1903 2850 7219 9349 9302 1325 
4626 1396 281 725 1096 2971 3127 3324 3862 4225 9796 
465 1520 10677 4398 4477 11224 11717 10280 39 3101 11840 3931 8441 10952 
7421 1860 1212 2885 3089 3737 4468 7873 8358 9192 3661 1842 3368 10129 10258 1827 3514 3656 
5597 2664 2751 533 788 3845 4542 5817 9591 5311 9154 
6889 5219 2373 3133 3939 6730 2320 6627 1017 1861 5140 
8074 5857 9898 11539 2876 11054 4519 8307 11305 7615 1954 2774 
6308 7395 10280 805 10232 1502 1499 2636 3226 3984 5615 
4390 9227 4615 4777 6195 5578 1713 10243 3174 6901 4516 1525 3112 4802 4978 5121 5545 8631 9219 9593 11356 11446 205 
1170 857 8956 705 2208 3684 4515 5909 10364 2753 6831 6952 
5890 2949 1274 8024 8414 1065 2269 2841 4512 4666 5944 6581 7324 7539 7568 7571 7875 7902 8255 8734 10856 9287 9424 
7050 3856 1056 7721 1345 3222 4225 8690 3812 4519 5880 9902 10776 3088 6778 9192 
1951 63 2114 4575 5359 5445 5461 10408 2005 7493 6309 
5171 1488 8968 10547 10546 10552 5721 8117 10554 4841 10550 2547 5169 7345 7348 11089 
3202 2420 8010 3352 8754 1840 1954 6255 8959 1727 3798 6210 9554 2889 4687 6262 6353 11582 3974 7507 8960 3975 4028 
7101 2739 4395 4417 4308 7330 9302 10017 11692 1502 2392 
4836 4687 5765 9792 11054 2219 3681 4124 6952 7035 3541 4875 
7233 9637 3070 5597 5596 7873 4225 1118 4927 7144 7992 2485 4468 9952 11143 5891 
3394 349 4645 5525 6660 8538 180 369 6432 8793 348 7755 9162 5106 7748 275 728 9443 1531 324 9995 204 
6657 788 1001 1640 1818 2323 2431 4197 5058 5300 5716 5794 6856 
5453 995 3404 8352 7252 8980 3347 10917 541 1516 9888 3418 3808 
5298 1981 4843 10166 3231 10859 4006 836 3490 2545 3485 5390 5804 1713 5094 
2480 3765 10243 3426 2347 11506 495 643 7817 5700 9088 10325 92 10286 804 
5847 8393 9100 705 1364 743 1130 1298 7252 8391 10917 6901 729 813 4040 4237 5608 8322 
3836 780 2572 1798 2575 4443 5521 7065 5120 3231 5480 813 2637 9440 2597 11062 1182 6683 10113 764 8951 
5605 918 2920 3374 3404 11234 1075 1165 2230 3126 3684 
4658 1391 4574 4709 1995 3684 7022 1931 8777 8787 1164 9968 311 1156 2521 3180 1800 359 9151 10321 1477 4776 1945 
5382 2111 7553 8862 3505 9417 11129 3322 500 725 1396 1614 2158 2471 2602 3418 
1222 2317 6614 7159 8696 3494 10280 153 774 2952 3984 4129 4993 7815 64 8504 8616 5947 8032 
4690 5646 6130 333 5736 7891 2324 6093 10498 4968 1503 
8024 5770 4271 1955 2806 3738 6510 7269 6164 1885 2365 
3272 162 8317 2155 2158 5029 2154 1810 5741 8679 9579 
4711 333 3050 4476 6992 7891 8208 4501 8204 2173 3615 
4449 404 727 3241 6696 7400 264 951 1013 2452 3303 4835 
2145 2295 969 4341 6823 2587 5495 56 1212 5466 1942 705 5757 6923 
8001 4458 2251 4545 5611 9379 7662 10703 4867 4994 5736 1954 10070 4025 4875 7274 3779 
4129 5184 6541 7808 1384 311 5501 250 5253 7888 258 2028 
2988 7169 3391 967 7580 3926 6948 1587 6542 3403 4634 5163 6729 1869 3013 7422 8152 12009 7156 
8293 7488 10019 8137 7972 9212 3227 4020 6233 10020 6101 4581 7073 7961 
7767 10952 2609 11173 6746 7906 1520 2210 10315 11766 4906 
1445 1132 2249 1147 1018 5110 8641 62 1024 1338 1465 2032 7331 8827 
1988 1272 2474 3545 80 2120 9449 725 5483 6704 11050 6720 4363 
4767 3135 356 2369 2587 3812 4327 640 3414 1913 2660 11390 7507 1183 
6323 9294 3632 8982 7161 805 1814 2519 4544 3427 4501 6780 11184 
5759 672 739 3328 4278 7001 2545 4028 810 7630 8466 
4779 1727 3798 7347 3376 8577 1997 8934 1923 2791 3931 4132 9199 1056 
822 3763 4487 3035 7890 1299 2346 6831 606 800 7853 4074 8950 6045 
1219 7516 2994 1900 6977 81 11368 1075 6174 67 2993 6256 9512 8465 
6491 7713 3370 4045 4552 5373 10165 1696 5134 2153 9248 1660 9835 10143 
7264 7838 1182 2147 5074 8020 1870 8810 1212 1935 2597 2746 3310 
740 44 6201 5433 9248 9721 2450 9437 8391 10823 4003 4623 8624 1949 7459 10213 11598 3016 7979 
1331 1347 1491 3186 5578 2685 3615 55 436 1364 2126 2246 3088 3321 8435 10327 8308 11095 1860 4911 7733 8307 2597 
7697 3222 6307 3516 10641 1502 6698 6699 7239 9681 10674 10212 3392 
3208 7818 153 2952 4411 1946 6260 1576 10981 3164 6746 6778 5365 
4975 366 895 9510 905 1709 1728 3684 8934 1499 2452 
7459 1332 2353 2535 4335 4480 4568 4627 4687 6457 6918 7104 11507 11621 4302 7148 8350 8731 8735 
4939 3790 6683 2420 3863 6353 5151 10869 3310 366 3623 4649 6805 8810 
7893 6063 2379 2474 3664 4352 5164 6586 7132 7135 9308 4050 5389 2415 9591 
1314 6138 4357 9930 8735 55 6361 5702 4028 2388 1842 7159 6349 1587 1940 6243 
1945 6933 3782 63 5461 2468 341 8333 404 1824 2637 3418 4432 4481 
6426 8754 2108 3347 4702 11356 6462 8671 8750 12096 5033 10645 1381 9103 
3206 11539 153 2952 4074 4311 8950 8998 10981 1165 6931 3794 4284 11169 3723 5038 11807 9192 992 7774 10124 
7245 8221 10660 2475 4363 5025 10916 1167 1923 11977 4247 5809 1758 2815 5026 
1536 134 2155 2158 1605 4432 4481 4957 109 5193 8823 2217 2230 2890 8915 9635 
3246 734 643 3052 5586 9192 158 311 788 1165 2261 5191 6948 8293 11368 6928 
5071 1896 4432 4481 4687 4957 6564 404 1505 6696 6454 7623 2850 
6075 4517 770 1274 4061 4638 4868 5038 5388 6116 8369 
1214 74 788 3312 1016 9556 62 4208 6109 5237 6155 1056 2548 351 1165 2074 2660 3271 3414 9137 7083 
2363 56 1776 2247 2730 2865 5596 6057 7873 8020 8810 6778 
6816 985 2587 3776 6933 8709 5038 5757 2147 8307 7188 1282 4903 
4794 2910 7918 1842 8582 1827 3514 359 4870 10498 7917 
5407 3834 9310 3207 506 2820 10102 10345 2681 9676 3174 3595 4084 6874 
5440 4064 995 2217 6655 9952 10961 3400 6000 6627 9129 10528 3413 2689 6027 
4431 4214 6907 8204 9289 264 951 10086 7039 6889 8577 3276 10569 1165 
6583 4993 3334 3418 3820 3856 6635 6637 8336 8916 6897 804 7029 
5248 7433 3578 2765 1981 3575 2153 3417 3413 3622 4152 4291 6326 7073 
8269 7441 10129 6645 11876 5478 10821 2843 5163 4455 4972 6948 
5822 713 9576 9577 10819 8686 9630 4028 4870 5258 2904 
7868 1658 9908 2101 6768 6769 7135 9477 11353 11302 11054 
5694 6531 3304 4482 7252 1056 3227 5258 5268 5163 2545 7965 6982 3887 
7309 7587 10779 2485 1506 4902 5422 5495 7187 11714 2885 1860 
7666 8161 4433 4480 4482 7611 5412 5349 6905 9574 2545 7401 1499 11765 
8122 2126 2965 8134 10327 2485 3711 2875 3368 3449 4385 
5834 2392 8358 11338 1346 3449 1860 7248 3554 10869 2734 2437 705 5176 2485 9492 
7416 4513 6778 1313 3290 1678 3722 6522 3776 7838 2278 
2179 5735 1576 2147 4719 4725 5736 5741 10280 56 4707 4902 8308 2865 
8068 6209 9058 10970 6845 1949 2388 5961 7818 11558 8073 
2887 6282 9044 3792 4397 5161 3389 6247 6003 5954 8941 
235 7175 495 3718 7252 9888 3522 1867 10098 6813 2905 3277 8520 9814 4861 4028 29 7274 7400 8112 3263 
6060 747 1614 2154 2155 2158 2219 2217 2344 4113 6024 6233 7093 9163 
7449 2894 6810 1816 3045 1298 3417 3684 3925 6332 6954 2634 
6856 3254 9605 4590 10069 4726 6318 8198 10495 11358 4345 6842 10797 10844 1006 4482 7611 7264 
5313 4555 8328 6338 8359 490 3338 7867 4167 7170 2453 4661 9196 10269 11896 6100 
2996 5266 1707 4712 4970 10726 5274 11089 7662 9441 11111 137 1730 5420 5741 7623 
3942 883 208 5224 6547 4156 4296 11071 199 12091 1155 5061 9866 733 
1358 836 873 5989 1024 2550 788 8675 9332 75 1915 10219 698 3210 4521 5445 6897 2587 5163 7620 8810 10323 1719 5894 7945 7994 8933 9448 9858 6603 
2356 1207 1212 1918 2147 7873 9321 2837 8153 4581 
3656 2261 261 311 281 764 269 257 330 2028 175 258 
7892 4512 1707 1955 3428 3436 3814 4360 4432 4481 4517 4627 4957 6645 
5757 5348 807 1814 1820 1818 2407 8671 680 4329 6655 7924 
8113 5372 3277 2135 4035 3259 6027 7103 6850 5954 8899 9368 3843 
5831 5445 2587 4321 8045 2114 5757 6057 704 2567 3392 9725 
2474 6909 788 3695 4373 4964 6710 7027 4028 4077 6755 7041 161 8317 
7967 7334 3295 4442 9321 7075 1954 4455 2214 5496 2383 3276 8051 10232 9625 1836 
4173 8451 11992 5568 11915 292 11087 235 9550 5285 7641 
6213 8546 3400 6704 8749 10917 727 1165 2410 3684 6150 6590 7098 1477 
1587 9446 8286 80 2120 4024 4712 4834 8245 62 9556 1615 
5188 9725 8433 6778 2772 1923 3975 4308 8754 8998 2739 4392 4417 10280 
1672 6531 1490 1489 2602 3418 4787 711 9049 1860 1580 
1918 68 303 9397 120 7209 7324 8557 9952 891 900 
3021 140 3398 6602 8462 2758 5904 8728 9293 836 1333 1335 1353 1361 1981 2153 2219 2293 2373 2453 2542 2655 3054 3133 3617 5760 5763 5876 
4744 2602 6982 341 436 8134 1935 2147 2392 4138 4429 4710 4902 4927 5495 3310 10323 7400 1473 3231 3427 7206 
441 3572 6760 6804 67 3427 3795 1165 2862 8534 10979 9964 2153 10812 4687 
8165 4874 2712 3913 3956 4794 5472 7175 2247 11140 3541 4847 
3399 233 269 1198 2933 7470 10252 166 11537 10456 6484 1596 1923 238 5025 1165 4988 5764 218 
4332 257 330 440 5625 235 2342 4653 5339 8247 289 9886 4222 10994 
5753 764 684 5157 6944 8711 707 2342 3176 4653 4795 5339 7202 
1323 1021 9755 1465 985 3092 9211 2540 7024 8998 6704 5143 4902 5145 7156 
5636 1197 2640 3507 617 5946 2674 3931 5559 5908 7696 10916 11071 
737 1396 1482 2344 4709 1614 3344 4661 747 3551 4200 44 804 2727 4631 
2865 2126 7400 10327 4074 4151 5679 8950 9340 3725 3502 10963 2247 1860 3231 5038 9192 1378 8296 11368 4154 1408 2515 
7708 3962 2173 5736 5735 2751 10351 11066 1614 2154 2158 
714 10381 10380 3343 5381 5953 44 4188 6201 3426 11358 2652 
7464 1165 2455 8058 10900 11048 7175 1972 2964 3541 4867 8684 9449 9794 2027 9713 11307 10858 
2478 4123 2390 1719 2865 2765 4028 829 4826 4911 160 1934 5946 3878 7146 8990 5221 860 4006 6113 9638 92 1678 2217 3442 4154 
2458 6148 6151 7604 8079 8086 8194 8275 4649 9802 7694 10844 92 1016 
8179 9321 5570 6450 6465 7348 8692 2645 3206 9259 11932 
1451 3277 4484 4413 7104 1132 9333 10647 10364 10645 9157 1175 8118 2379 62 6673 
7105 3737 4855 1074 8514 3347 8527 2597 4158 8751 9760 8992 9613 4035 
4978 6338 4827 2394 3979 4846 434 411 11290 10017 7978 5014 2545 10132 
3835 7808 7249 9432 3995 523 9443 298 200 548 9986 
5076 404 1361 2230 4349 4687 6696 8563 1491 1545 6165 1497 9482 3684 
6589 871 1047 1477 4184 4776 2354 8504 12055 3550 1361 4661 8563 8619 1726 
6982 995 1727 4124 5163 7552 10239 2971 3322 8896 10206 6452 8447 8588 9850 2217 2921 
4940 3368 3840 10674 396 800 848 858 1299 1905 2372 2666 2740 2844 3048 3285 3418 3754 
2518 4154 3830 1739 2158 6232 8391 11470 102 1512 2141 2727 3817 3893 4861 5454 
1611 4873 1165 3404 9952 62 804 1011 725 4649 6730 8079 1259 4340 1130 2210 7347 8862 
6473 6625 725 7252 10644 11221 11225 12116 9762 3584 12115 
981 8380 2467 3231 4565 63 2894 4556 5461 2423 2857 3352 3509 5718 57 4006 4086 5227 12112 11173 122 488 5231 5743 6265 8616 10280 
6743 9359 1923 7175 9199 956 2104 2358 6913 6914 7104 
623 482 9591 4940 7079 2310 3271 62 2062 8671 3057 8196 4432 4481 4575 4957 8359 3336 5578 9574 4028 2230 4517 44 6201 
6957 3389 4308 4396 6250 7802 6113 2855 3563 3560 3568 4407 4413 6137 6267 8998 9878 1073 4311 4416 11749 9352 7626 1042 2791 6248 6273 6254 4421 8970 7628 9354 
296 841 1382 4638 6750 5471 29 805 5393 6205 6792 
1718 3684 81 2293 8237 3109 1332 8079 8671 3776 6579 9332 
2736 4130 2448 2728 6247 6255 11358 109 5193 4108 8317 8818 5793 6250 4536 
6455 7466 1664 952 9584 1135 1147 2249 2320 7046 9332 1072 1011 2076 1244 2668 7039 5817 
3728 1165 3684 181 2042 6944 11738 6789 11394 3862 5106 9443 10252 3216 9119 11559 
7531 1361 8563 4491 3238 8561 5927 5853 7651 9857 2545 9686 6292 3222 1831 5964 5875 6952 2417 
1299 3461 81 7545 297 1490 1489 2452 2637 3554 7291 6309 6913 7632 8591 55 3312 4427 6922 8024 10279 84 3352 
6808 3538 4775 5207 6459 6645 10969 4311 4511 5644 7720 8954 11506 4907 5618 8870 
3205 8220 359 10280 683 333 1945 2602 5646 1380 3845 727 1132 5799 153 2952 7891 9188 6316 
102 8679 3427 18 28 6453 1713 8535 6754 4006 7558 5487 8577 
6152 1299 3763 2831 2847 4911 800 848 2666 9424 4629 1905 2522 784 
2312 3404 7400 7680 9742 1165 9452 9171 8064 533 1545 1818 1831 4947 5964 6543 84 5960 10852 5003 
1937 3427 2475 8064 5521 5660 5661 3304 5613 10665 10918 3886 4986 1165 3277 4658 3396 862 894 2022 6173 8387 8775 9914 11403 2081 11704 6904 4042 6475 
7333 4993 4657 4911 7801 9178 2126 10327 2951 3451 4313 2383 1494 6056 
4623 9802 2037 868 3151 10172 11324 11895 7547 327 591 
1072 66 4828 813 7811 2471 4124 6256 9355 101 7148 4421 9018 6990 7309 8903 11943 1428 2636 
4014 2205 4020 311 562 659 742 7592 7594 9841 8386 
233 2971 8276 109 5193 8070 1466 1573 8308 7252 10278 9753 8275 11897 9752 29 
2998 3684 3226 3227 3376 7161 1373 4642 5223 9503 6962 11374 1024 1072 10846 6339 10845 
501 1569 8990 6901 40 5058 10729 956 453 9953 1749 
4709 2261 5675 3684 333 780 727 1380 1496 3209 6678 6420 328 1842 5038 6173 7024 7458 7623 
3920 2340 9424 1027 5728 8251 8660 8761 1373 6740 204 
4307 2900 7513 704 1870 4311 5480 4911 7129 8311 4940 
5055 3842 436 3823 730 2609 3013 5865 6522 8152 8433 9813 925 934 2167 2538 3210 
4249 7857 199 520 10630 995 4124 9332 3113 4466 1006 2652 3320 8499 4028 1474 
6216 8066 1606 6268 5418 5741 3684 8949 5308 11096 4134 5083 4028 3277 
3251 182 158 716 3052 180 7315 6547 11767 5028 11410 10359 
6471 725 6750 7930 871 1361 1496 2288 2471 2793 4978 5763 6901 8563 
360 1062 1371 30 836 1396 1499 2108 2535 2559 3227 3322 4169 4885 5366 6027 
107 1178 6409 4532 6398 6770 1512 103 175 173 3471 1176 1180 7973 3665 9058 4725 3170 3317 9956 246 465 3427 121 10081 2101 221 1847 123 7938 804 9352 7614 817 18 28 10018 1572 11653 3398 10926 5322 1894 1923 11282 8903 3639 30 3247 
2368 3038 8884 4432 4481 4957 4685 3753 2062 5332 10785 84 8165 8492 
5295 3427 6138 2005 8516 5597 6777 11803 485 4468 8644 2126 
6557 4313 6171 829 1074 2865 3514 4129 2746 1805 2704 3985 1588 6147 4357 6638 
2501 4560 8671 1818 2510 12073 6092 8199 7185 92 4169 
2359 10981 9358 2637 84 8998 3574 2273 3396 10889 2388 4124 11216 2739 
2653 1605 3304 7402 9448 8198 7752 8884 4709 103 2354 2381 11000 2753 3926 7458 1948 4180 10917 1495 4661 725 2144 9574 7541 7238 6983 5166 10851 
7534 2005 2126 4904 8307 10327 1387 1545 5556 11162 3551 
1790 2204 4742 12054 995 1499 8070 10719 11451 9554 1011 83 4339 10651 9101 453 1396 10644 
6594 4452 5872 7417 8092 836 2410 3684 4033 5367 6109 8391 9845 11434 2488 6901 10495 11812 8018 
4892 1901 11812 450 1861 7779 8247 10447 11623 4564 5195 
1712 2597 81 6174 6603 2353 2602 4020 7073 7760 8079 10649 
870 3678 3037 4075 9017 9424 3288 7838 3615 4717 85 1165 2334 333 8785 
851 4504 8574 10458 7712 1646 2470 976 4035 3288 12043 54 813 
1933 5237 9531 100 3666 257 330 2261 7017 10348 10854 80 2120 10855 4230 963 7826 10841 12076 2732 183 
1306 6114 10062 7558 2410 10365 3555 3214 736 1136 3414 4598 702 927 11381 11749 7073 5075 10364 
6901 1021 1238 2751 3256 4986 7400 10495 10820 4033 4530 9138 11616 8271 
6627 2873 7730 9156 11391 804 2652 3320 7694 10780 5457 
7484 3843 5201 3757 5334 1351 2602 2147 4911 2114 1494 
1597 8134 4234 2397 3615 4284 5747 5996 7039 8934 10280 905 1056 1234 1962 2213 2216 3277 4432 4481 4957 8066 
3994 548 284 520 728 216 199 9920 1116 3928 
6221 802 6138 6619 4028 6924 4432 4481 4957 7405 
1653 2751 6027 6401 533 2877 3249 4033 4705 6379 1658 1757 4783 1257 2138 3331 5552 4985 660 1451 2524 5052 6116 4693 2449 2525 2490 1260 3719 5810 
3731 3324 246 369 188 4795 8264 788 1412 1414 4227 4653 5184 5339 6772 182 292 380 407 6468 
6929 3487 1687 2014 4427 4900 5515 7129 5227 7291 4364 
2502 4540 5237 9498 1259 3247 3684 6024 6455 9163 9562 9635 
1068 5199 7012 804 8078 66 2402 8835 9875 100 9591 1017 2556 4010 8575 
1673 6352 8134 1589 2587 12023 63 4469 5360 5461 5527 7167 8287 4592 8284 8285 8292 8294 2900 2985 2987 5378 1473 5437 8518 10869 4253 7159 7812 4252 2614 7815 11670 2388 12039 
449 139 37 4993 5659 8035 9698 2420 4146 4516 5677 7175 7951 1831 1854 5964 
4999 896 6761 423 1118 1949 3999 1945 4293 9925 1302 5765 
6900 1021 1193 5038 5757 10495 8613 6897 2005 4284 1369 
284 3355 1065 3354 9442 7038 29 10051 6780 2410 7090 
727 3613 4850 1459 8430 2948 1678 2217 44 2554 6201 2515 9119 1477 2152 
5385 500 1143 1132 2805 3779 4668 4800 4817 5704 6401 7781 8180 10542 6126 725 
7529 1952 8355 6910 7601 2322 1361 2427 8563 1477 4776 
3204 3952 638 6541 618 8871 7821 8031 6264 10280 5387 153 1074 2952 2342 
7600 4358 3249 9462 7999 12101 11173 10898 11256 1831 5964 1474 5420 5056 3494 7923 3315 
3245 257 330 7938 4669 10696 158 267 2261 2335 175 231 295 451 
2883 3514 7470 2545 2739 4397 4417 1364 1946 6271 7720 2393 125 8998 
1842 5351 6614 1212 5757 5357 2126 2746 10327 8020 5422 8616 3347 4112 63 5461 1345 4574 8033 
4048 6170 256 270 1199 1236 1287 1416 3129 3183 3185 4560 4664 6829 7199 
2833 8394 9641 288 2456 7571 11541 2827 2910 2532 3224 6441 9890 620 5341 4075 7545 1327 3082 3873 7209 11350 
4442 10408 12020 5422 5493 5894 11309 5496 2117 11202 286 3390 3975 5437 8960 8998 9559 5351 
2060 995 788 2323 3271 4786 6810 10751 205 729 1165 3315 3485 4019 6292 6501 8814 
5523 1340 5988 1905 2814 2219 5763 2430 5649 10814 9416 7302 3718 6292 727 8856 
1278 4419 10257 7939 9813 4820 1646 86 2303 3484 3790 3985 7193 8518 8520 9756 10332 10618 
4792 5722 7579 2545 841 1382 1992 6859 8079 2373 3133 3396 11356 2878 
7036 11356 4618 6203 9189 1495 6875 11683 1062 1648 6024 9163 9562 3964 
5233 475 3461 4751 4746 4829 4873 6786 7886 9952 10478 11539 3918 
6281 979 8307 5493 3426 7324 6057 6233 10364 4504 6270 8341 2485 4130 5587 8330 
5318 1693 2157 2383 1838 2208 1695 1003 1212 5849 4366 3985 6334 4634 4657 8587 3790 5915 5397 804 6777 4146 7052 8051 6057 8504 4027 7193 
3637 2410 404 6696 9335 175 3471 10099 182 3151 5180 1155 275 295 
7795 2848 7252 2853 2363 7706 1554 7020 7475 7868 6204 
2046 4297 10495 4375 8312 262 1773 859 5028 4287 10305 6577 2436 2440 3755 5855 
5968 4432 4481 4957 3632 708 4603 6557 2219 5023 7195 7458 11249 11616 7252 6140 6901 9754 5214 7366 8396 10574 
5813 4568 10280 3427 11906 7395 5323 6952 11681 11960 3231 10384 1851 3277 
5898 6564 7651 6852 1335 3398 1713 3054 6492 3057 8536 8472 9998 10722 2101 
3896 8577 2921 3210 3684 5771 7684 8966 10838 208 701 853 
5733 1727 2393 3798 4137 6360 3968 5616 5844 6983 8317 678 3857 
6623 4568 7604 836 2660 9692 10020 10650 4443 2264 
8236 9237 2805 2625 5509 4432 4481 4957 4622 5467 7760 
4511 1468 4517 262 1436 1757 2771 7009 8430 6086 8037 2501 4783 
739 2144 2421 4028 44 453 1333 1499 1521 2310 2545 3043 4335 6075 6092 6174 
7862 4859 6620 7753 4689 5736 12018 1646 3843 5201 3748 9555 6405 3322 5909 6859 8299 9556 5735 9802 2177 
1341 5365 3238 788 7927 8437 4870 1075 6217 62 7929 8311 5875 10573 
5828 6932 1345 1919 2875 9962 10917 5909 2453 7838 8707 3602 8740 9281 10055 8934 3228 1132 4893 7127 3878 
5544 725 788 1477 2155 2344 2349 2766 4116 4776 871 
4468 929 7142 8064 7152 205 533 1213 1854 4517 6233 
2545 2966 238 2599 2679 665 1404 2626 6579 5028 2379 3570 8762 1271 1309 1375 8586 1355 3224 
4756 3862 7202 281 7199 7200 7201 2342 610 1096 2347 7266 1242 1866 
2696 8208 5823 4943 5631 6123 8003 10023 10358 109 987 1514 5193 8039 
7744 1499 1661 2144 2410 2758 7576 7611 9427 10214 3322 
426 1818 6024 6092 6100 6678 7385 9163 9562 2503 4432 4481 4957 8535 62 1512 5059 92 161 
3848 2948 5274 180 4333 4432 4481 4957 366 1512 1525 2688 4154 4352 9302 9678 1728 2219 2848 2971 3397 
7651 3753 10228 11054 10999 6027 2217 10788 11952 
6979 9300 995 9366 9964 3260 3772 3213 2410 5164 7742 
5452 10408 2597 8433 541 995 2602 3404 5038 10015 11486 10455 4175 4611 725 804 1997 2057 2921 
6174 872 5507 1663 8778 8789 787 5322 8393 727 10923 
7619 3304 4529 5570 1482 1632 3684 4658 4805 4835 5032 5904 
3211 3455 1647 6696 3277 153 2952 8031 404 6378 2743 4802 
7983 4321 3530 4386 8341 12023 1827 8358 2181 10259 2157 
6285 6962 5237 2100 3241 11002 4919 10845 3402 3315 10358 11504 8066 4124 8350 
6505 7587 4129 3790 944 6281 4284 5038 5915 8308 1838 
3188 9070 380 393 2393 7222 10280 8416 10952 1860 153 2952 9683 8032 
6240 9374 727 725 1332 1338 1363 1366 2452 7180 11326 2373 3133 4028 7073 10214 
6638 9653 1520 2373 3133 3783 804 5882 2154 2155 6232 2349 
7450 10175 1298 1428 1972 2904 3267 5164 6114 6387 7247 10851 
7530 1733 2376 4893 10785 3541 3614 6387 6322 1385 6026 
5937 2321 7383 4169 8186 3139 743 1381 2545 10013 7458 
7543 2784 1392 2031 9119 2352 5252 6191 9271 3684 8293 
4764 3329 7218 8877 7018 4282 8793 9619 9919 5573 8247 8695 357 384 3468 
3965 3755 257 330 2342 215 240 11173 1165 5357 4911 
3860 7392 1640 3630 4015 5157 6901 11326 2590 4028 1481 203 927 3554 
8162 7760 7604 8464 2246 3321 11297 6842 8188 8193 4808 
5027 8884 6696 2192 9752 7741 404 9734 2888 2652 3320 3418 6594 5802 
2392 7368 7195 7135 4813 4634 7978 5745 92 2320 11358 98 
3018 9192 7199 7200 7245 10216 7986 10172 515 166 190 3210 2661 1649 1713 7202 3782 4902 9417 349 652 5740 427 380 638 8167 8327 9567 3213 9886 11655 2875 2342 8951 2967 8654 3290 7226 1073 4349 8296 
2441 9302 6736 1954 4732 5009 5012 10544 9543 11998 2910 7364 8841 10095 12052 3881 4964 6405 11054 
2532 104 857 2345 5877 6089 6116 6992 10321 7678 7793 10710 6982 
2285 244 4222 5568 166 6134 347 1576 963 412 1882 3641 709 84 1512 1955 5632 6028 2727 1772 1075 3067 2791 982 1780 5420 813 5578 2837 5796 
2146 1056 2410 4786 6982 10228 10694 8237 93 983 3684 
4448 1056 1499 5237 292 264 951 1333 2204 3413 3486 
7473 1338 1614 3401 4769 6501 6730 7132 3954 4393 7391 8965 10364 11883 8070 8477 
7334 5423 1238 10155 1499 4482 6453 6455 6451 8339 7256 10812 6463 
8058 6977 11020 1944 3607 6193 10528 8861 10730 3478 6586 
7332 1428 5058 8639 2100 1244 10934 6762 6891 8507 8079 4028 
5303 2126 10327 2478 2734 2392 2538 2885 3231 3310 3961 4575 5012 8009 
5846 2126 2734 10327 2478 4870 10037 3913 4574 8360 715 
4282 3352 8287 8292 3322 813 3345 3088 3931 8073 11368 1849 10280 262 
7807 3683 1575 1578 6412 8990 3277 3427 4658 3664 5853 11084 
4196 3729 4288 4517 8990 927 693 836 4177 631 1734 
671 4315 4940 6419 6777 7364 1646 8643 2230 9210 10037 2210 3505 4911 6948 10758 44 1573 1687 2014 4519 6201 6206 7462 7706 7729 9401 9533 11945 544 2837 4783 5318 7384 9248 7022 10039 11151 10364 
3305 7569 11394 2372 6785 428 435 3180 5248 2042 6072 6936 11376 
3839 887 5974 7201 7202 4251 301 202 1164 9070 1066 
2543 1499 2904 3267 5483 2354 2778 10731 1165 6637 8531 8558 2388 10718 6258 1905 1955 
7102 4986 5167 3277 1065 1516 2850 4124 11495 1801 9834 
1290 6142 494 1587 6319 10981 5405 4986 11139 264 951 2311 8079 62 6878 3227 1016 6174 4308 
832 9343 1212 1860 4308 6613 11368 1516 7557 6346 9012 10235 7591 4645 10664 5033 10922 54 92 
3494 438 414 186 313 367 405 9443 2829 448 2967 179 249 1417 4262 4664 6229 4416 1056 1784 2388 
3587 818 2352 10696 223 5402 4222 186 5075 5174 6869 9431 4277 7888 5502 2652 3320 3808 7578 8671 1863 4170 
6689 804 2005 3776 8616 4993 2874 1772 3322 4923 
3282 3613 9296 3684 9533 1376 1516 5367 5354 7300 1521 4517 5846 6520 8199 
7138 3906 4941 9017 7748 7749 1302 5345 6717 1096 
7031 8066 6625 6859 9556 1056 9137 10358 8018 9514 1477 2152 4776 1728 
3657 267 2372 4807 1096 175 3471 4750 3527 3638 2926 7792 173 
5692 2393 4455 5873 8574 1614 2322 3491 3759 3863 8151 8436 9556 3188 5132 2323 4783 9952 3541 4847 2379 2432 9011 643 1145 3063 10122 1234 1962 3777 5552 8305 
1600 2393 5483 7649 1074 5508 2591 9885 56 2483 2746 
6615 2452 3049 5846 6054 3684 7237 2316 6339 6603 9952 788 
506 4810 1118 6165 8796 3210 41 328 708 902 924 938 1006 1316 1333 1945 2453 2545 3050 
7941 5231 11173 10898 11016 11098 9279 10251 11183 5797 8937 11153 
6088 1165 1667 8470 5164 10052 10051 10563 10561 2290 1572 727 1863 3247 3277 7973 
5128 1602 1632 9591 2345 2375 4617 7450 8479 7121 10069 10141 
5381 1652 500 5325 6818 2144 4874 6627 3748 9752 9910 
5404 2377 6381 505 5863 9227 9291 2849 6152 8466 1923 1989 2681 5719 9199 909 5507 6612 7520 4516 9009 
7574 2585 7509 1994 2003 1565 2949 7313 1477 2152 4180 4776 
5068 3584 3684 6233 9949 8619 10364 2364 8470 10849 2156 4197 6203 7291 9137 11124 7073 788 8079 8298 9515 
3990 7822 6541 603 1096 396 511 524 4225 216 2799 3862 292 6774 1178 8386 9071 3931 11738 
670 9506 1713 8754 2471 44 1079 6201 6056 6900 6778 1016 1818 3226 6683 11818 2727 3079 
5066 10186 404 601 1075 1165 1381 1499 1955 2217 2805 2850 3684 
1345 1613 3684 9448 2410 2881 9501 75 1072 4335 5763 9252 5590 
6658 2393 9238 1646 6987 9192 3231 11064 804 7400 2856 4592 4972 
1733 5741 4360 2607 8924 10183 5274 9498 2179 8662 11095 6027 68 1713 7416 7662 2449 727 2410 
1531 6637 1065 62 1024 995 6024 6338 7217 7347 7341 7712 8671 
8054 8446 1934 1953 2223 2677 7932 3584 6273 6252 1989 10331 11094 2269 
279 9049 8628 3684 10917 727 6901 29 3542 4432 4481 4957 
7598 9896 8157 8937 9350 4479 4559 11839 7291 1474 1825 11071 
1496 164 995 1090 1075 1165 1933 2108 2269 2410 2890 3372 4517 4835 5320 6029 2489 7121 9555 1696 5134 
3076 1147 1361 1477 4776 6637 8563 148 2349 2753 4154 5736 6901 
5939 1482 8379 10069 2310 4110 7252 7265 743 4978 5847 3549 3624 
2043 2410 3344 7154 9039 91 102 1970 2141 10172 1882 5345 7550 9737 940 5573 10533 1756 10839 4221 
1199 8810 1842 5038 8200 1003 11508 8624 55 63 1494 5461 6931 8134 11145 6699 
2475 1436 3609 5478 11803 8555 1589 1615 4468 1499 7664 871 
790 2138 5034 8474 2670 3261 5882 2027 1558 2934 48 
511 3495 6824 5387 7667 436 2065 6505 7334 2602 2637 341 
4452 3865 7827 8749 3864 8552 4352 1504 5120 2791 7114 
4463 3881 4904 5214 6450 5120 205 3413 11357 5736 1647 3718 
2985 4360 134 3684 4433 4436 4432 4481 4957 6292 6923 
4493 4795 1468 6197 293 4225 5848 550 1180 1156 2638 9356 1562 2739 
8203 5839 2410 2452 5887 9793 5237 4786 6817 11683 2730 
574 6977 2358 4002 7096 7911 9376 9754 10168 43 8988 3485 9962 10777 4547 
1846 8319 5120 3290 3295 4442 10362 4046 3240 4405 4358 80 2120 5876 5367 2645 805 
3405 203 216 377 2042 7016 5345 166 202 529 180 281 1412 8291 10490 10792 266 311 520 643 652 672 736 788 1150 
7656 1496 3322 6025 8546 3247 4661 1614 2154 2158 4113 7391 10636 11048 11896 
6521 1861 4572 4994 854 863 5231 10823 6786 10249 2878 
4613 4238 10533 10749 10000 2042 7988 7989 10285 
1082 4301 3335 11890 9885 1935 6198 6897 63 56 704 1512 2485 3554 5038 
1484 7101 2219 10165 11783 6221 7929 7931 10206 7151 9766 68 1056 1615 2162 2218 2971 4939 
6938 8282 2667 2993 9512 6154 2474 3241 2217 2999 4634 6351 9487 8070 4798 7080 3484 4419 
7057 3990 6232 7022 8490 8504 8520 10114 10473 3926 6107 7932 6186 2855 11680 2652 3320 3584 11094 1492 8676 1064 2117 3271 3684 5049 
6503 4035 7470 7838 1510 6057 8516 4981 7866 4911 2392 829 3147 3835 6470 
1355 62 1396 2217 3779 5088 8836 2727 4800 6914 67 727 1171 5049 
6877 1003 4907 6777 2921 8193 10558 3584 1968 1974 2010 2219 3684 8823 
7762 2575 4912 5151 6186 8964 3229 5342 9930 2572 8749 10581 5925 3021 6666 4913 11384 5154 5160 8926 2658 
3029 7838 4321 8111 4357 3727 9814 4911 2390 6777 8555 2485 5608 142 10280 
5999 9360 4516 10168 1512 6859 1954 2570 9509 1955 8583 2410 2486 11818 
2464 731 1360 1118 4014 860 7817 11770 92 2714 5453 
6611 1064 7753 3684 7108 6338 6603 836 1979 10295 7604 2545 
3844 1854 249 248 1056 269 2321 804 1523 1548 4541 8754 9248 1276 1293 173 1277 1852 4028 
5888 2948 3054 3344 5237 1333 3166 9695 9971 4234 1075 1923 3664 5716 5932 6875 9094 9199 11486 
481 7430 4098 109 533 5193 5736 40 3584 4124 9802 80 2120 
1622 62 1540 4432 4481 4957 6227 1016 1332 3777 3804 
1088 93 4426 824 1130 3881 4649 1298 11612 134 794 62 
3170 2347 5442 387 2883 1652 5648 4487 1905 2666 7684 8787 8966 2324 7324 9951 1299 10710 887 689 8577 8904 4320 10768 3765 11368 6452 
6545 3231 1516 1918 8954 5894 4154 788 5397 5960 6897 5163 836 1165 2217 9329 10091 3853 3275 7521 8824 
7083 3496 10559 1073 1165 1512 1660 2381 2488 3684 4028 5960 6206 8504 
2408 4495 5736 98 113 2151 2455 5257 5881 7103 5545 10353 
2957 131 1098 4658 1065 1355 1689 3613 7186 9925 6453 
4500 267 643 1278 1319 1931 2098 8785 7571 636 6965 
6502 1355 1449 2004 2006 3172 11390 3188 5895 804 2422 8378 11361 4290 
7844 3865 4416 8509 2850 6261 1727 3587 3798 4421 7148 2636 6186 8248 
7495 5631 8134 10316 2602 4868 2685 11046 2501 3658 1364 
4432 9070 5189 4161 6182 6229 2400 4281 290 653 686 5136 
4264 199 764 2031 3032 7545 9886 11394 368 887 548 1096 1222 
4201 311 4221 5501 11559 385 1279 2028 3151 6727 6747 182 7808 8871 6303 2352 
4370 2765 6150 7122 4459 4884 2423 2857 267 11538 8247 11682 11094 4028 7024 7448 7992 2803 5915 4870 5258 
7758 5237 5120 5483 11004 8990 1516 4780 8504 9226 9542 8262 10773 
7119 5369 2123 10471 9294 11432 5250 7611 4777 1075 2064 10265 11896 11368 5366 
3733 281 1882 6468 246 1178 182 236 5285 6774 11274 
4791 1180 665 1404 680 4308 4987 359 10498 2547 9356 11556 2739 4417 11309 
2265 2751 6780 9129 1512 2113 3551 3603 3277 3552 5670 11630 5882 10062 4571 5056 5159 56 2865 9952 1086 725 829 3780 5351 12123 3079 5352 6825 2388 7774 8555 199 246 888 1178 2342 7646 9838 
2809 3451 2961 3776 4581 9419 944 2882 6381 9792 498 10340 3074 7939 9951 6164 4833 
3766 8180 3372 6038 9448 725 10546 8386 1176 1180 5366 6174 8359 2431 
386 6123 30 1062 2064 3247 4169 6678 2025 4658 6092 11048 2728 788 1003 1800 2340 780 3177 4841 7567 404 6696 12080 2144 4661 8520 8701 10719 7429 1618 10013 11509 1547 2915 9293 9497 5308 
4573 2986 257 330 1178 4130 10120 1412 5381 1075 1167 2958 4154 4209 4258 5507 3314 
5391 3477 3823 5952 6157 5947 767 961 2217 2379 3389 5963 6915 7476 8010 8316 10315 10959 1634 1923 4337 5954 8946 9311 9676 1954 6777 6914 10232 502 
6779 6657 2492 964 4028 9676 3238 9448 3631 11737 11911 7359 
4424 6917 5552 687 1193 3853 665 1404 3936 1119 1167 1321 2599 
4951 6966 7540 3441 3506 6780 1955 6742 7432 916 4988 5164 404 9734 9866 2716 
2151 7046 7358 5763 93 8814 6155 6682 9457 2727 2217 
1781 10542 4432 4481 4957 5541 1075 264 951 7039 7994 4431 6673 10442 6870 727 5570 6610 3089 
5165 533 1499 2453 11048 9104 453 4853 5110 5366 6730 6840 
2866 829 8380 9321 1860 2157 8433 11169 1935 6778 10277 1777 2470 122 
838 4994 9462 7998 7999 7338 1625 1885 2365 1804 12119 53 11422 8110 106 2652 
7276 6232 2219 3443 8505 3954 11358 1721 1165 2217 2437 3753 4588 
2794 7999 9462 10981 1587 5387 11485 2739 4417 7812 5158 153 2265 2952 
5215 9418 1289 3117 4478 4598 3059 6561 3137 6822 471 918 2771 
1102 2681 5330 2283 10124 8998 6752 55 1548 2623 3389 4308 6902 7159 4412 110 6359 6746 6597 6251 3665 5480 
2141 2837 4907 3392 4366 95 813 10280 937 2597 5441 6822 9133 11246 4625 
3217 4654 7932 4401 154 3097 5038 5448 7801 8555 8846 5151 7791 9878 9516 1844 4010 8960 286 1621 
7637 5015 6586 2445 4875 9769 4603 4847 4874 9093 3541 7518 
5978 8808 6098 3347 2461 2921 11453 3309 5437 11348 
3155 150 4212 2990 5150 7684 8151 8852 8966 950 962 1026 1945 4726 
7412 1436 5622 9816 1381 2204 6678 1165 7919 1569 3633 
7829 1628 1741 2713 7932 1594 3615 3246 6777 10969 
424 3303 1134 10282 841 1382 1049 1061 5603 8990 2489 1499 4028 9951 5058 7185 5876 6024 9163 9562 
6764 6999 6614 4077 9462 11955 4554 7172 7470 9951 8316 
2726 8151 2739 4417 10793 1614 3226 3303 4560 5163 6362 8073 2364 9303 109 725 2344 2475 3322 
2163 93 995 1713 2856 7217 2462 4077 2213 2863 3817 7566 8535 9999 
6354 1333 1363 1366 1464 1499 2427 3413 5058 7073 7669 8391 8512 9802 10645 10650 8381 8876 12109 10122 
4742 4019 1777 2167 2470 4460 9706 5445 8134 5038 341 803 3368 5757 4122 5220 
2504 6660 101 1696 2949 3414 3422 5134 3045 2057 9092 7528 1614 9518 
8140 7713 2202 5736 8662 11081 3022 6111 6754 
8056 10838 3805 7616 3368 7724 11539 5472 2210 2425 10786 1939 10389 2876 
3917 180 199 257 330 427 519 520 1142 2341 5577 
4159 281 653 652 1180 4225 8382 4222 258 9532 257 
7702 1502 2797 1548 6960 10231 10232 3984 6897 8111 11799 4902 5894 
1699 1661 3376 6450 9450 3227 804 2862 4986 7753 8066 8368 9448 9555 81 
5710 2759 725 1132 1499 3344 4019 4794 5319 6982 7781 4432 4481 4957 7814 
4831 8066 6555 6707 2410 8317 6001 6047 5844 1485 7752 
5535 570 1165 1646 2544 3514 4020 6778 6901 7002 7408 11338 
4435 2117 262 1358 1436 2491 2596 2599 3185 4006 5158 5420 5682 7104 7207 
871 3043 4741 8298 11518 2545 3940 11019 93 2114 5437 5810 11234 
7038 3317 2660 3247 4661 6420 1062 5556 3227 9349 9762 10338 12006 7041 1877 
3602 4783 1277 181 180 281 511 521 524 647 1286 1293 1882 2372 7016 8485 9443 4230 4786 6303 
7124 4994 9888 3277 1185 2470 3505 9188 4903 5445 5754 8864 3288 1090 6914 
4584 5552 614 2042 320 1399 3124 5764 2883 319 5163 
2520 8635 9679 9797 7931 11269 533 4130 4164 2898 2905 10475 7102 7632 7520 11446 9793 8035 2322 501 7936 12115 10785 10929 9461 11422 366 7142 
3003 8954 139 829 8392 533 7475 4911 6244 2878 6529 1360 9902 7661 9805 8206 
274 62 164 729 995 1165 1521 3404 4786 788 1689 2410 4132 8468 9742 11000 5846 11034 5872 7073 11117 1825 2778 2855 5407 11353 708 808 813 1477 1923 3752 4776 9199 10959 2904 3267 4649 
4867 1080 1119 1773 1780 2540 7162 1820 7960 11022 2940 2956 9711 388 5027 1940 
4759 2081 5879 6790 3999 5071 9421 7514 7946 7727 8456 
4216 3684 7473 205 1056 1170 1272 1891 1923 2545 3338 4516 5373 
6144 4986 3284 7243 6426 2001 780 5900 1065 6581 8965 
340 5122 11453 8852 6982 11338 4028 1001 2230 10913 4592 9253 2217 4593 9657 11509 3404 7901 30 11375 150 
1644 6754 1634 6696 10288 8234 404 63 5461 7918 10981 1212 6253 2547 1946 6247 10232 8998 8055 3392 3931 4311 6359 6211 1870 5387 4398 4410 
1835 7193 63 1105 1494 2114 5461 8518 1118 2388 2590 10228 11130 12067 3484 4634 764 9443 7448 11918 3347 6066 7167 6212 9952 8957 10437 9488 137 1165 1332 1407 1888 2437 2727 2791 2905 4702 6982 7264 8070 8092 11987 12005 4074 8950 10622 2717 
2471 7753 2310 5876 7418 4881 6777 7720 2173 8113 7604 2078 3368 4902 5422 727 2217 7073 7364 8674 
2381 2147 84 240 205 1646 2223 6213 7664 353 1590 
2062 2162 6845 91 9397 10726 6248 11095 5148 6403 
2714 2353 2101 3314 7661 5107 3277 5420 8317 9427 109 2749 3441 4859 5193 
8132 3656 3392 5142 8618 8954 11803 4468 9885 11413 2164 
660 3684 1212 3404 5963 8237 8876 44 1062 1135 1740 6201 7783 8204 
7582 7273 2668 7960 2554 8118 11699 1718 9146 1465 2725 
7401 8244 1165 3684 4259 7005 9385 10750 7995 1741 8079 11169 2942 4074 
7203 1121 1560 1996 8322 9291 1399 4940 9335 4304 2106 2819 4616 6109 6471 6833 9411 
2749 2652 3320 5735 7085 3277 7147 11604 2453 4028 8183 11582 366 1049 1061 3843 5201 5603 6841 9678 495 
937 4132 4970 4416 5736 5846 6273 9888 2806 57 4086 7536 
8065 9149 5790 6283 10479 1946 6284 8032 3001 10249 3792 9210 
5398 1889 6865 7781 3684 8915 9121 12005 504 
3327 3862 3957 1180 10511 9070 636 7543 227 363 1420 166 222 10163 
7692 5795 10645 4118 10981 4800 9816 4935 3988 8520 7470 1499 4823 7966 
6419 6332 1039 1075 1540 1719 2410 2545 2727 3404 4077 9298 3271 5164 7121 8709 1376 1981 7400 
229 7252 2410 4154 11884 29 1475 366 495 905 3397 
2081 9993 1526 2948 3550 84 205 1625 2904 3267 7966 11536 1126 8535 5237 5497 
1792 2407 3722 83 727 4339 4502 8366 8934 11612 8984 
6528 2410 4036 8624 10168 4038 4517 7760 725 1496 2149 3441 4661 1482 2652 3320 
6711 2848 4478 5655 6625 8269 9137 8344 1546 2464 7252 7507 2423 2857 8138 994 
3600 5628 1096 5337 248 292 324 547 567 965 1133 4222 6086 5688 5292 2529 180 281 
7396 8341 10952 3660 1212 1842 3658 2665 5038 1432 2470 
4025 8730 6140 807 837 880 5453 8735 820 2264 805 725 1062 1126 1147 2862 3624 4028 6901 8534 8728 8731 8891 4800 4819 2727 4904 
1372 55 1798 6255 10113 9878 2960 11818 2545 11702 10141 4649 1505 2421 
6236 2230 3846 6109 7095 5981 6012 1652 7432 805 
4026 3257 6171 10292 562 11382 7111 11374 6782 268 554 5447 6774 7550 199 887 3324 4810 257 330 7591 10443 1756 
3032 143 1041 1655 4570 5647 6623 7753 995 3684 167 
4457 805 788 2071 1092 1320 295 311 451 734 1358 1766 5070 6541 7822 8382 
6027 962 3182 3999 7568 8559 9419 7875 1323 4447 6777 8024 7287 8009 730 
7300 1225 3182 10768 2217 3067 3684 6901 8298 10210 11494 
1731 2751 8832 1499 83 4339 6905 7558 8546 92 727 
721 5163 6450 9415 1243 2063 2217 6233 9821 6637 4466 8990 5325 6768 4935 10451 44 6201 7252 
6388 5889 1502 2214 2410 3368 1282 2799 10898 725 4702 
6518 7291 2437 7135 10974 1960 725 1329 2751 3878 5546 1472 5995 6027 4488 3541 
7100 1069 4088 8959 8924 7148 7399 2658 5729 
6821 1948 10321 979 1380 1995 2501 8787 10803 10364 11702 
5848 2485 2565 6183 6736 6824 712 2734 4122 4429 4448 4902 5422 5437 
3873 6433 10687 223 8356 1180 5657 7749 8680 9161 180 281 1096 
1626 6932 1954 73 68 122 1831 3352 3513 3631 3723 4019 4507 5237 
6864 8194 3397 5537 6667 2652 2753 3320 6113 10500 4939 1011 11742 8916 
1828 9525 2377 5835 1957 6914 1086 68 2218 
6878 1012 1640 2100 3684 11356 6452 2727 8641 1110 3271 6464 8633 8635 
4532 6306 9047 9603 9602 5815 6292 7122 6437 7960 7965 292 324 515 
3960 7032 6944 1411 1279 539 250 321 4221 5294 6178 9271 
3408 166 571 609 764 8291 8403 9901 1096 5282 9418 10000 10245 10533 5112 10946 
2317 570 10806 2217 3427 5769 3276 8990 84 2948 3226 8351 8350 3557 1477 4776 150 2949 5784 1011 7184 6995 
7588 10995 1521 12005 3519 4580 6875 7366 1468 2424 2501 2819 
4528 205 1499 5769 5771 7087 7710 3446 5709 7536 1376 1477 2545 4776 
6008 1475 3227 8990 2126 10327 730 5074 8308 1860 1212 
4596 1911 792 896 6482 7910 1274 3182 8930 2941 11363 8093 317 8394 4658 4885 6100 9293 9497 9498 6831 3383 3177 
6028 1971 7760 1695 755 809 2919 2928 4602 2410 1363 1366 6057 11356 11708 788 
1757 3368 8231 1165 7167 8518 645 6056 63 5461 2772 7156 10037 6484 10579 4972 11932 7002 2609 4094 
2080 4308 5130 5159 6374 8073 5453 5455 6264 4169 5613 10097 6281 4358 5347 10232 4408 5207 1710 3790 3783 9498 465 6614 3427 5437 10631 
3324 8458 5163 6114 9816 1647 511 652 927 1164 2040 11353 374 9963 201 515 764 1018 4835 7331 1314 10348 166 4579 2791 
7978 9021 4460 7851 11062 6356 10125 8073 6615 6353 4143 6746 
1295 9668 11562 148 3413 7601 7604 9332 10528 75 1024 1135 
1075 2876 5891 1476 4592 1656 1875 6122 8709 11670 63 
2982 3566 7850 4098 4471 9448 134 2427 202 3650 7153 6893 9980 1089 2231 6137 8648 233 1640 5838 7324 1476 3753 4100 5165 5170 6509 6573 6745 7568 
3451 2126 2147 3294 3615 4284 5740 6948 7057 10327 2392 
2088 3347 3484 56 2739 2885 4417 5754 8045 7165 244 11316 7018 3368 
7756 4567 4568 8135 10608 10610 10612 10614 10611 2262 4433 6480 7781 8863 8864 4921 
2548 4661 1525 4819 8883 9294 11259 4621 6026 1923 7534 9170 8810 4575 8856 10979 1212 3368 8107 11499 8106 495 11064 2660 533 102 1808 5650 6746 9192 6452 4311 11071 8829 10478 1512 3347 11851 6119 
5069 452 678 727 4077 4829 5366 5535 6455 6947 7781 404 
6572 4945 5407 10729 2158 3343 3591 4800 1499 2264 871 1614 3354 8529 1072 1981 2373 3133 
7456 8184 2292 3067 7464 9971 10731 11037 5056 8556 1332 2293 2423 2857 
8247 9929 5120 11215 7968 8346 2660 8183 8319 8749 8148 10034 2658 4416 6513 7484 
4360 10664 4677 6197 6567 282 7202 9467 11537 7807 
5025 434 2123 2153 8079 8675 9554 11345 7180 725 2878 7601 7708 
3297 2452 3664 725 9556 11960 3748 9735 680 1338 8876 7435 9156 788 
1564 2494 10952 6056 6138 2746 9192 10039 257 330 2797 189 10903 4146 10037 73 1587 3451 10232 11918 631 887 2739 4417 12057 374 375 399 4331 5579 5830 
647 3260 10714 3684 7181 11421 44 995 2727 6201 9332 2971 1298 8520 9573 5323 8681 
2353 56 5315 5318 8362 3173 6563 9448 10311 9769 11911 9252 9328 
7696 1689 7103 6114 8671 7389 8064 6112 9793 9751 3829 10108 11358 5876 
963 2345 6442 3025 7324 473 606 1165 3383 6777 333 2126 4392 6085 6453 6751 8998 10280 10327 5891 120 5893 10498 359 3135 3364 7568 10321 9321 
6378 4540 3418 8556 11358 11611 2288 2889 2607 8934 8834 4431 7981 8883 933 7142 3174 
2498 5972 6254 632 1746 2797 4402 6247 2652 3320 8307 92 6933 477 
7040 6742 1062 1879 2333 2407 3260 4658 4661 6678 6810 
7342 7838 8362 5074 5819 7889 8428 1165 3387 7914 8433 2470 9556 8043 10280 1752 4468 5441 8432 1680 6778 1234 1962 
2886 9816 166 1436 5556 7044 682 1441 5222 6982 10109 10515 188 9846 182 287 1188 3176 8520 
1535 10497 11300 11098 813 2820 1971 1782 11461 9137 1553 7291 6309 5800 1801 3391 
2616 788 2573 2460 4649 9527 100 1134 794 9464 4132 6899 1130 2452 2453 8107 
6595 1863 788 2535 5747 2353 8066 8789 5763 8528 1713 6901 9214 11818 
5176 2388 5378 1212 2746 4903 2885 1282 6897 3368 463 6283 8998 1935 1946 3088 7287 8433 9210 
3139 5063 2887 6027 6459 1755 2123 5895 10316 3389 9845 
7761 7295 7827 9487 6713 10134 1521 2688 2779 3359 4772 4773 5153 9758 
2745 1298 4031 4531 1790 9129 110 2004 2006 2423 2857 
42 2253 4456 8882 4749 8122 3397 6252 11884 9 
7123 2856 6919 1869 8979 6149 5163 5328 8208 6402 6407 5904 8504 10364 
3014 3595 7498 1496 2246 3321 1499 7577 140 3622 3684 9614 3404 2153 2920 4015 10068 205 
1466 3684 1062 4169 8577 1130 10051 708 62 805 8701 11048 1075 9167 7101 1322 1482 10364 1165 2364 7099 7683 6730 10365 5848 6174 5698 4219 
1300 3753 5531 5366 3541 4874 2465 9685 11897 7225 11025 
4498 4599 10372 1080 2233 8134 262 953 2234 5622 5682 6777 9928 752 1521 2242 500 2238 
7948 5740 3246 9613 7864 11425 7859 8998 10152 7129 1802 
4721 6173 7331 2081 2491 1664 4987 701 11403 328 2379 
3209 1146 2551 153 1408 2952 4074 8950 3975 8960 5386 6209 
1124 1521 11083 7653 8138 1062 1363 1366 3632 6027 788 1018 7459 8768 11800 11881 62 1496 
738 44 6201 10078 5741 7730 5735 5736 4512 1051 804 3599 729 6101 7534 
1901 68 109 124 472 495 2217 2416 4169 4661 5193 5198 5200 6627 
6975 1968 1974 2010 4388 11883 10411 1016 9962 10364 7622 5270 10227 
8070 4308 1949 7193 5916 7039 2848 4077 10889 2118 2886 3129 5145 5935 
994 8461 4006 10358 7291 1190 1490 1489 4786 6213 7623 62 5420 6338 8671 4364 4803 10783 1298 2101 5736 7400 8862 
7423 8741 1477 4776 2234 2542 3619 9494 2123 9142 9143 
5830 704 4972 7873 715 1047 1889 2333 2773 3147 3211 3295 4019 4284 4442 4907 5789 9826 10274 4460 4491 4592 5224 5237 4397 4468 5074 5378 
294 1177 10168 29 10165 4540 2612 4028 9293 10647 6669 10069 12013 
1800 1490 1489 2515 3516 3737 4321 601 948 2114 3840 4198 4998 6791 10086 1474 1838 7621 431 462 2470 3842 4284 5231 9138 9418 2129 4916 7239 10022 10674 68 56 1516 2865 3081 9501 10152 10232 3246 3539 6426 
2648 4517 103 1529 7759 1721 1749 2104 8357 8484 
4884 9802 381 9127 2949 6901 7468 9573 9574 5311 4939 7458 3344 3347 7368 9655 
2977 303 281 380 716 8211 9921 134 473 1016 4717 7973 8070 280 963 1274 1376 2453 3324 3881 4028 4263 4977 
5384 1632 500 4478 1451 5857 10541 9104 9625 10549 8458 6294 6300 6769 
6195 4688 727 2290 2291 9332 9359 11246 11920 9202 10547 11547 8196 4868 2027 2129 4364 5645 6777 6845 1121 1560 7521 6885 10232 
4937 6509 6067 6461 2295 434 1495 2353 4432 4481 4957 10740 1684 2450 4471 8219 3933 366 10062 
384 7781 5412 4588 804 1687 2014 8359 6338 7487 1818 4700 2121 5162 8671 2915 1848 10845 30 808 4202 112 5483 673 7967 11567 2819 8891 11691 2156 5082 11886 
6759 2614 11227 959 4006 10286 9291 10788 11563 5448 2392 10852 7291 8810 
6752 4077 7960 952 3684 4255 4709 5578 8512 9359 9754 
3407 6774 266 166 199 638 659 707 742 764 3007 4221 7726 
6892 9986 5247 2545 1001 1165 7376 8545 2554 7960 6205 8075 7747 4873 
1016 57 1587 4086 5161 7742 1802 1801 1885 2365 7057 
1570 1884 4340 62 4169 6338 8359 1332 1396 2727 2862 3684 5107 5448 6317 5163 11034 813 3560 5472 6700 7752 10364 1953 1955 2231 4517 7039 1018 10137 10644 11818 905 1647 4335 7702 4516 7252 8671 1615 10649 264 951 804 
4107 2862 3842 4225 182 1277 3376 5579 5674 515 524 1273 1286 1290 1295 5568 5692 
3697 5294 8660 8815 383 3176 3377 3642 4221 4282 5178 6940 8291 6303 11782 
4575 9194 314 2544 3244 396 1456 4634 4797 9802 1782 
7565 9476 6768 2369 6769 4604 5883 5763 9908 11328 7084 11846 6452 1824 1516 
6857 1502 5074 5514 6942 10086 5133 1212 1996 7448 7620 8073 9391 10152 
7781 2501 4421 6910 4416 2279 1968 1974 2010 8823 1546 2320 
2350 3740 5650 8517 56 829 2333 2587 2602 5445 5613 
3770 5349 3919 3842 4805 5032 848 360 4222 2545 182 
4727 5898 3407 3408 4841 5466 8024 8516 9420 9417 2456 2111 341 9424 
109 7039 6939 2657 3491 2853 7485 5324 3493 2914 8939 10333 7632 10047 11849 1181 4517 9771 10086 75 3277 2621 7760 8845 9819 7417 4773 10331 18 28 10018 7341 10228 10017 6075 84 9427 9962 808 4798 10432 4266 4267 8391 4268 7522 2328 8470 5398 2806 8157 
3074 7994 8789 10498 4661 1238 4808 5900 6718 9767 10137 10191 10731 148 1814 4800 8180 4678 2855 9770 1097 1505 5735 8987 2128 5736 5860 5876 8391 2720 4839 6627 9293 805 828 
36 1647 637 2217 2219 3722 6420 2149 4649 500 1075 3271 4830 5497 4340 
3519 3667 764 199 524 561 1756 3180 4729 11339 11927 8384 6214 5203 5239 
3207 4146 4293 8307 153 2005 2952 3554 4902 4907 4927 7407 7720 
5464 4786 3195 8679 7633 1281 1838 4311 11096 1647 10232 
5278 7743 6026 484 9359 1010 2264 5214 7177 8532 755 809 
3716 8865 3329 8028 9968 4263 4608 1180 6446 739 3555 5711 9708 
1947 804 2410 9298 2288 5398 8529 4704 5736 2248 8342 11912 2675 6905 
8063 8020 5962 6281 5972 6265 10952 8998 8956 2739 4417 6056 1946 9192 11229 10232 
6585 829 2639 5596 7745 1112 1827 6114 6138 7611 10401 9192 
7414 1465 8381 1338 1407 3221 5763 7601 1614 8237 1332 
7472 3035 5898 7568 2345 3684 7753 5736 11755 6932 2957 
3008 3502 139 1589 2181 9557 2147 5074 2602 5038 4911 7536 6562 8862 10812 9239 903 4981 7866 
1395 9644 2669 8398 10168 5231 10321 675 2862 2878 7153 7513 10793 8175 3407 6307 1336 4717 72 
6894 10554 1891 3260 8448 9845 5902 7964 11343 6948 1396 
4091 435 6772 247 7215 11014 571 609 281 514 520 
6332 725 883 5237 6901 9333 2144 6306 1499 2727 4517 4516 9291 
7183 1269 1212 2092 3392 3782 5445 6470 1105 8570 1292 8433 5754 7573 
2103 2110 1065 8376 1056 11221 84 3242 11943 5142 1916 
3899 2342 180 638 657 2005 4907 8515 4911 2022 2081 
2683 3534 3536 8054 3022 5453 3426 5904 8619 2557 8526 8674 2839 8730 109 5193 9811 10780 6029 
2507 5025 8417 11390 847 5809 7692 7985 1183 2636 8087 9801 10646 
7686 5343 7838 8358 10898 2602 4094 10952 11173 1502 2597 4357 6690 7470 7633 7973 
593 6854 7180 6042 10922 3480 5418 1606 1752 2452 4649 7611 8465 8628 6778 1013 10470 810 2126 2373 3133 9060 10153 
1856 68 89 118 1549 1585 1586 1588 1802 1831 3054 3294 4137 5964 9536 3282 7156 1494 5360 10584 11919 2443 3383 4944 5596 8360 8476 9148 9277 3240 1949 2998 5038 7167 10721 10743 2985 
5787 1056 2921 3684 6897 9139 1954 4310 3379 4030 6508 6424 7918 2660 5908 6316 6780 7509 9780 700 1804 1798 5556 
2931 2862 1499 1563 482 1165 2254 2460 2923 2949 5846 6941 6898 124 
7626 9227 1734 1923 2248 5214 6873 5537 6003 8156 6004 7153 8849 2878 4213 4353 
5443 2949 1595 2219 5735 2820 4839 6204 8209 3988 7104 7992 
1679 5072 1056 1119 5726 9937 788 1194 8079 208 1129 2165 
1814 7623 2636 5766 6569 7790 68 2002 2660 4538 10278 3391 10017 8934 3317 
4944 10228 2587 5441 5150 5596 7745 5697 2207 813 6068 10257 396 
5655 1165 1827 2721 4631 5171 1695 3277 8810 2498 5237 
7912 1713 2875 5038 5624 3368 3716 8836 9506 
2733 2081 4006 109 5193 4443 272 3541 4847 12124 11449 9335 2437 725 2423 2857 7536 
2449 2545 2878 3418 4517 4854 6617 7417 4036 1468 2179 3262 4208 4194 4182 9067 9695 11358 7252 
8222 3303 4364 7996 9551 3519 4580 3684 5807 4696 4797 
8270 3322 6799 7611 4401 6338 10917 11173 9101 2843 
1261 8307 4284 4909 7513 4901 2638 4420 7821 11211 11212 5074 10981 1212 11150 4366 9704 4577 4833 11158 3302 
7434 7002 9054 4575 8954 9032 6309 11837 5880 1272 2138 
1461 79 3460 5615 9058 56 3129 6678 708 8688 725 8946 5763 
4507 1194 1051 826 262 744 1436 2904 3267 11383 763 995 
6337 1756 6165 7712 11907 6778 1212 5038 5472 1499 825 
480 2452 8935 10551 5846 5153 6864 925 5314 5741 1018 1073 7530 8236 6462 8275 3619 553 3539 6755 7924 4517 964 11499 11818 3250 411 4649 6678 9752 10364 11240 1559 4702 7684 8966 9521 40 704 843 873 2217 2914 3606 
2167 2507 8927 9227 9380 10542 4169 6029 6678 1486 4124 3644 7764 1512 
6205 3040 1494 1490 1489 2548 3839 4432 4481 4957 5448 8286 10280 1459 1479 1763 802 2239 3570 10317 8112 1211 6725 
4708 3368 3931 11064 5891 2473 4989 6777 2960 4902 7505 341 8556 
1473 3392 7002 1010 2452 2410 9952 4385 9735 10917 5736 2230 62 11452 3630 725 2700 8504 8556 9779 11449 10913 2246 3321 3743 2904 3267 3541 9845 10934 
5254 477 9064 5164 6113 6958 8497 1165 3404 3950 11204 
7244 1169 5570 1863 5453 6042 5882 8066 7387 4545 11123 
4486 1203 267 1180 3422 4764 11106 1776 5876 4035 11818 315 6182 4281 
24 2117 959 3568 1069 5476 9818 1075 83 2667 4339 6540 6571 8359 4 
7550 3013 7688 7743 7971 10587 11825 1396 2117 9327 10585 
5706 4348 4706 653 1155 3122 1614 6027 8291 686 
5366 4661 500 1371 4785 1075 9952 2410 11358 11483 11960 1056 1526 4835 5164 9811 
6012 9210 4783 8862 8070 7341 11288 11358 3416 7838 7662 10003 9533 10257 755 
1931 85 5597 4911 1550 9147 829 4357 8308 11502 2597 
1630 715 3953 6897 86 2303 7167 63 5461 10280 11456 11504 10391 
7383 2126 4902 10327 3554 5894 5947 4901 6683 11163 2478 4903 3290 4357 1842 1827 
7047 2369 5891 11990 1074 1488 2772 11145 11022 3345 7187 5437 8307 
1713 4172 10200 6131 124 81 2353 4687 6678 2823 6213 6935 585 4939 6409 2527 2247 11290 727 3845 5584 5657 10587 
1813 7000 63 5461 8437 11847 1849 1946 2739 4417 9821 11081 9523 1499 4800 5674 
381 7538 8583 30 75 727 2005 8671 10849 11877 5815 1062 3247 
3000 5741 10706 6141 9750 6913 1094 1069 1221 1360 7153 10780 9332 8209 137 8591 8603 10246 374 11449 6035 
7649 10605 3956 6614 2313 1490 1489 4907 8751 1831 2388 4143 4947 5964 6210 9090 
4217 235 257 334 281 330 380 618 1198 3180 3244 5157 7128 8247 
1798 1662 8687 83 2025 3043 3247 3685 4223 4339 5485 
1830 4939 5056 8789 2474 2590 5381 4800 68 124 2080 4006 8070 813 6024 
2477 8064 5794 4565 4627 6914 7104 5736 2379 6576 1499 6140 11312 92 1073 11092 
2349 56 829 1003 4786 6001 7206 6649 894 2300 5283 7470 4293 9270 1949 5038 1346 8017 1695 3013 11141 2609 3514 4516 6833 7720 10024 10097 11494 870 11143 11870 3294 1118 4783 1870 2005 4981 6522 7866 7939 10401 6924 
7981 2751 6581 4006 5741 9549 9888 8737 4154 5736 7973 6243 1845 
6873 4491 1003 1482 2410 4169 4507 7188 7645 7961 7962 8079 6915 6922 4211 
6437 4907 4911 6778 8751 4266 4267 7288 2129 2515 2609 
8106 6742 9817 4555 7402 2117 9755 11480 11757 11755 8325 7039 9290 11202 
3028 8341 3088 2167 3128 5645 3383 6138 1858 3633 142 
2235 9182 1180 1174 1114 262 4225 887 9703 9312 2660 2557 84 2658 382 3127 12098 
2961 133 1516 1521 1727 3798 3254 7153 822 3584 10358 533 4132 10780 
280 2644 3270 7774 2410 6581 6678 9196 9497 100 2353 6801 10774 29 1381 10454 1497 1499 8530 10260 5872 10364 11048 
255 3277 1948 2288 1075 3584 1073 4223 6655 8512 688 2878 2889 4124 4167 6658 7170 10380 10383 7658 7664 9549 10382 
2723 3748 5722 9750 2282 4482 3541 4874 7994 8990 109 5193 6859 
7487 6637 1352 3863 7115 9060 9952 4627 7760 8987 2571 2852 4393 4619 6274 
7167 10303 1814 6114 6973 8693 11653 2437 4150 4649 5163 10380 5366 8591 4335 6852 10381 10383 3684 
2571 494 4020 5853 3918 1514 788 725 4750 6452 1016 2101 2217 4746 9553 
4330 235 2342 4328 7185 8619 3187 4661 7304 7792 6944 940 
7951 3035 6247 6778 7448 3953 9192 9559 10126 4147 7734 3835 7568 8518 10437 
2223 205 404 1955 2791 2862 3684 3923 5632 5990 6696 2574 103 1523 4541 1869 4234 6510 5365 
4521 708 727 1075 4988 7316 2904 3267 4529 205 3347 
7595 2079 5074 5445 5596 9704 7922 5038 7287 1473 9612 
731 6901 44 5991 6201 1997 2066 1713 4709 2410 817 1649 8368 560 6905 11613 4028 5796 11368 
2649 727 2358 3666 3684 6322 8741 1011 3277 4911 5894 103 2005 4028 5158 6157 4255 
2941 804 2153 124 2210 4800 6606 1820 7720 1814 7541 4517 5894 9802 6607 6605 477 3113 
4082 1867 849 2059 5998 4963 5009 9549 7781 2948 3428 10844 2545 6725 
5405 3344 8340 8784 2653 2344 6232 9618 2431 1614 6901 3811 6958 504 
1501 9618 3461 62 1322 7601 7604 8237 788 6633 11338 
3397 183 8711 235 295 451 1192 1096 357 384 7808 548 166 199 292 1277 203 281 524 2342 
3537 311 7616 184 1860 12107 182 3862 4977 5739 6522 7888 11356 
401 995 10478 8184 6679 2320 8826 5662 8043 7507 711 8969 871 5319 1361 4335 8563 11243 4786 725 3344 9052 9939 11356 6901 9093 31 1679 2217 7601 8814 2349 
5945 1521 1520 2342 2545 2820 3248 5184 6718 7088 7529 8357 8449 8484 7124 4911 10917 4618 
1255 7999 4040 4237 2462 11169 5265 12014 3383 3731 6346 3289 8957 6576 1165 7712 7825 55 4041 7621 9462 10573 4561 7812 3843 5201 8577 6092 6356 6857 9659 4432 4481 4957 9587 7294 2485 2230 3290 10423 2636 4786 3023 
2760 9684 7976 112 9983 10919 5158 1324 2599 5934 7485 9925 1355 500 1436 1934 
1934 3838 5220 1721 292 80 2120 4006 11005 1499 1900 8196 2126 4575 
956 4457 5604 9555 8466 57 1490 1489 4086 1281 4345 11001 2878 5736 
7498 6325 8185 3101 4295 1491 3632 2288 2878 1363 1366 2248 6762 7067 
2297 9533 1860 3451 8360 56 2559 2949 3312 6203 3304 7759 1842 2676 
1676 1756 9886 554 4677 4328 6944 311 1882 6869 8951 82 9034 1075 7185 3560 11048 
6695 1784 3322 7868 8010 9026 1469 5420 7423 5944 8619 4318 5366 8884 923 5428 5164 1576 
6553 1827 6184 2865 8516 8709 9598 2933 829 4907 5038 3931 4911 2597 7867 10571 
1507 2442 8010 9461 8789 11280 109 5193 1814 3261 1018 1820 9785 8316 6962 62 9676 3240 4700 6652 961 3684 68 9780 6505 281 764 4862 8247 
5512 6730 2079 2885 6024 6933 6956 9163 9562 8433 11883 2217 2219 5445 533 1212 
569 9113 3304 43 8010 1649 9060 1298 11024 6471 6901 7783 11918 2171 3271 3878 
809 635 674 3964 166 1416 1520 4845 4863 6572 7018 7768 328 602 
5058 1594 4419 1838 2739 3484 3723 4308 4397 4417 8870 3790 4387 5161 436 3383 
4459 7662 6026 5632 805 2379 2920 4986 5735 4519 6678 1736 205 3022 10072 6100 1491 2449 4329 
6150 7721 7745 8583 3427 3276 3514 4035 5056 9620 1499 
3706 11006 10168 3415 9046 2545 2167 10918 8134 3335 4147 8020 8324 10280 10701 181 1548 780 
6365 1477 1521 4776 6899 8079 9678 10069 10917 2622 2554 7252 8990 819 
6501 1499 1522 6678 1516 5367 9052 725 1363 1366 
1381 1548 4686 6450 8955 11368 9106 75 3054 3427 7073 7601 725 4947 7604 4980 
7944 1929 4028 1798 4357 6457 3227 7977 4518 5307 10411 10915 11157 
8046 3864 4773 5600 6254 5747 5998 8066 10408 1917 6247 2602 
5681 4643 848 649 4787 795 1200 988 2484 4629 5734 788 6905 643 6207 1779 1936 5997 6766 
2403 5927 7148 6063 2222 98 1734 6351 6447 4048 10074 813 2996 4028 10113 937 2993 6506 
621 6928 1298 2765 8288 4229 9793 10776 5358 6121 12078 
1018 8317 1923 688 3584 10872 1998 2545 7039 7968 8428 9793 62 729 5325 6954 10248 11330 9558 3467 10967 11464 977 5556 8832 11746 11747 11748 1728 2658 6886 5273 9148 9736 10012 9990 
2347 56 10886 6699 7239 1707 2876 9215 4313 4911 4554 1272 2461 5948 11173 10936 
4582 482 3766 4598 6810 10841 5419 9994 9956 339 2597 
3735 1015 1279 4685 8291 1499 2587 3961 5038 5367 5518 5525 7115 7470 3310 3418 4364 5237 11715 2138 5881 9945 6745 6123 6572 7153 6759 603 
4113 1362 303 351 253 733 1749 3760 5556 6874 6875 7686 
4586 3809 9520 407 5658 8386 3415 318 331 431 
5111 1499 1955 2602 3383 8617 7639 5597 6486 9147 9533 1268 6018 2515 4070 11663 4805 4885 5032 7400 8516 1981 5058 2727 3223 8876 10726 
736 5754 75 1147 2005 4902 6462 44 1064 4794 5570 6201 
5334 7951 995 1147 2636 3312 4416 4649 6024 7777 9163 9562 3398 8180 10229 495 10748 4091 2554 5881 
2589 7978 11098 11016 9279 10293 11161 11495 11153 11148 9541 106 
4060 9070 2336 199 9683 281 534 813 7869 3347 11358 11602 
3522 199 380 4690 8264 8382 392 8295 11077 279 262 7926 8657 10099 189 203 292 343 1096 1249 2341 2342 6893 7857 10890 
2659 367 173 7457 899 3684 4028 2763 5833 7368 10559 8655 4225 7792 1804 3685 257 330 10953 5053 4809 11193 585 7543 8504 6773 419 729 11847 2545 4156 11461 1488 1798 10080 7384 638 1186 
7043 2353 6678 1062 1272 2064 3247 3560 9359 11048 6560 
3865 2372 6541 180 4801 7016 2342 8877 9919 524 11673 3233 3465 1277 2989 2167 6777 201 1182 
187 4780 9226 5622 3427 29 1499 1812 2652 3320 8550 8593 11896 11509 6024 9163 9562 
6599 5831 2835 3427 3664 6633 6748 9192 840 2381 1499 3539 3403 11850 1772 4555 8516 9400 9381 10680 5687 5953 7348 5848 6952 
4919 8317 6121 9291 5507 381 3595 1923 9199 10859 1143 1132 725 5989 3510 5556 2153 3630 1332 2712 5058 8784 8687 11043 1526 2684 3174 9735 10914 4229 
170 8979 8208 7623 11452 5584 7076 2420 2668 5736 12010 
8121 2126 2313 8709 10327 7450 2885 7422 8027 5894 4578 
6872 3151 9886 11814 1363 1366 4745 6278 1615 1010 5425 1647 2127 2636 9738 4752 3200 8749 2658 3199 
1602 3409 8101 62 11671 2881 2320 3347 6540 7814 10227 11446 304 
2315 3684 4002 3518 8719 804 8134 341 1121 1560 8810 6929 4231 8504 7838 
6103 3763 792 2740 2844 3037 3035 7452 7539 7890 8048 784 3050 4992 6831 7607 7891 776 800 848 1299 3776 
1491 7601 8814 62 1373 4028 1218 2310 708 7127 9733 2373 3133 
1134 72 1408 1849 4581 9878 3389 10280 8956 3075 1587 6119 8998 7066 5556 6503 4308 4411 10232 
1103 103 6924 56 961 1212 2147 2876 6057 8020 8709 2865 4911 5229 5735 829 5038 488 1777 3368 5379 5736 5754 5947 6350 4284 6471 8433 11169 2802 55 1935 4357 6356 8568 9012 5074 
3099 265 418 149 529 11380 281 577 1317 9678 4180 5808 11928 
7687 2597 1860 4138 5674 8747 8651 2602 1502 4129 10280 8196 
3210 4019 4455 10843 6332 7129 9192 10911 153 2952 4784 4783 6746 10037 3347 7859 10437 5285 7287 4284 2333 257 
5446 4546 10984 7695 11575 8436 11004 3628 8716 11796 5535 5887 4588 
6006 4638 8464 9590 9965 3227 2791 729 1165 6092 9556 
5063 8656 404 6696 8679 1801 6952 1831 5964 1954 6941 2850 2855 9058 6186 9952 
3064 8703 147 3311 6024 9163 9562 4746 9951 9302 1882 374 2660 8382 10604 1756 8403 10361 8310 10178 10396 166 1165 580 6958 
347 11054 5277 10358 3277 9888 757 1187 3227 3286 6859 366 5518 30 
6394 1072 2581 10917 1678 3664 4019 6332 10168 3684 11194 
5790 2619 3784 7039 1925 1997 5996 698 3376 2340 8787 
2274 3136 3277 3684 8679 3404 2545 84 3669 1615 6590 7400 3925 
6263 3373 1524 1923 3295 4442 9199 2129 1056 3931 7939 7973 2515 2545 
2713 6114 8464 2219 109 1338 3338 4040 4237 5059 5193 
1172 6414 404 1218 1954 5736 6637 6696 6742 7377 925 934 2410 10013 
4827 7560 494 3812 1180 1399 5937 7659 1130 7132 9733 2758 
1647 4534 7288 7933 8139 7913 2119 11471 4006 5800 7513 68 2114 2217 3441 3444 
1370 5164 1053 1523 4541 7684 8966 130 9678 1614 11034 75 747 1776 2431 2554 9129 9259 
7188 5324 2379 7122 8317 11143 1075 1955 2856 3514 4124 7130 8000 
7861 6635 5379 4338 1646 11404 7395 5667 4358 10776 4986 
301 3692 6233 29 2217 5323 1819 7151 111 11424 6513 7132 12118 
733 3940 4963 10196 6332 1477 4776 44 6201 11148 1799 
701 10275 167 3632 5162 2344 1987 7073 1361 8563 3264 134 1147 8543 44 4975 5023 6201 1363 1366 8342 8862 3926 6540 9802 4977 
3875 173 216 292 7202 1416 347 9071 399 7199 7957 5658 6880 203 
3745 302 374 457 4088 6132 9532 393 554 189 3148 287 8359 8504 583 5721 4880 3404 4432 4481 4923 4957 8990 246 1178 3227 3127 5324 8560 1882 3151 8295 4225 4690 4176 8580 6774 8587 963 3638 406 7214 7393 9775 5068 
5461 959 3632 4661 4649 4800 6102 9103 6010 6065 9291 
2550 5219 7177 6018 8106 2673 6453 9104 1477 3210 4776 9048 3878 4977 10469 6008 
7772 8010 1520 10344 9699 1526 1923 9199 2935 7438 9015 
5756 3238 3347 2437 4701 1172 9805 4124 3578 10511 686 7594 
408 3426 134 2763 3303 3684 975 3742 10464 1120 31 701 725 804 1648 1647 1757 2452 3908 4335 5028 5300 7185 8469 882 2525 2765 1449 10917 1095 1609 7458 
7335 4488 2799 3514 3554 1935 7720 4414 4074 8950 4491 
3683 5076 7557 10720 10418 10839 2263 445 9425 8386 7246 10664 11787 10359 9886 6541 8703 8459 10247 199 9071 
3265 9889 3277 6319 9026 1478 1499 3580 7402 10495 995 1522 4661 8632 9939 161 2660 11093 
5379 992 5378 4129 3402 5449 5517 9549 1547 8833 10303 3049 500 4602 1018 6027 7285 
5963 1363 1366 9245 2758 8075 2727 5058 1339 3711 8079 7720 708 1064 2514 5887 5960 
2582 4039 106 1086 3886 5570 1016 1595 8499 9579 12092 148 1920 2373 3133 
6884 5909 4627 5876 1006 1024 1512 1713 2751 3427 5863 6174 7602 7973 9630 2153 6506 11818 1084 1466 1861 2349 4649 6901 10130 
1401 7810 6522 3484 10952 2283 9090 1590 2609 2849 4419 
3031 143 643 995 1170 1285 1300 1529 3684 3763 4512 5736 6623 
4256 199 281 788 1016 3270 3845 841 1382 1428 6184 1073 6140 952 7458 
5839 2739 4417 8518 4387 4419 6056 10628 10889 10123 1502 4074 8950 4308 715 
169 2865 2390 5362 1482 2752 2944 2485 3309 477 4321 2333 5351 5889 771 1018 1016 4335 6840 7275 6595 11750 3727 
3984 4468 7922 8111 7165 10280 6193 3505 3684 3790 2799 11062 
3861 9628 689 2280 180 213 216 244 199 282 309 281 358 375 374 399 509 513 526 524 
1366 55 8729 1361 8359 8563 1474 5777 2679 620 7148 675 
6084 4321 10477 4315 6928 7470 730 2609 5119 1282 2454 3294 3961 1212 
3850 5035 6092 4907 6777 200 311 2732 3556 4938 5657 6182 6944 
7821 6291 7000 9321 1802 2592 12129 5894 2005 2277 7470 8202 8306 
7011 7079 1363 1366 6852 6891 6322 7142 1056 1647 
2152 1180 7604 933 93 180 7142 7152 11432 3151 7221 3207 7507 10447 1022 166 292 
1251 1477 4776 8923 2219 2340 3035 4666 4661 5893 7121 7568 2096 2101 62 4638 
7549 3022 6456 2442 10279 9442 9977 6678 8750 4245 2688 7185 7142 
2119 3436 2602 727 6057 11932 1165 4094 7614 9462 4911 8426 2864 5865 
6312 6559 1090 8596 9060 6549 8397 10114 6510 1789 5237 6463 10184 
3154 150 2281 9053 1506 1656 8104 4592 5325 5214 
4617 303 7975 614 2347 1766 644 1136 4238 4677 4728 7266 7857 8485 
6973 2786 995 3276 5049 6506 11358 4028 1165 6332 9676 
591 5319 140 4288 9948 10020 2714 7153 44 6201 6206 
304 10917 29 2956 10509 3711 10693 2727 810 1499 8298 
5403 1707 9527 5719 10863 10286 10819 11978 1994 2312 2820 3418 4451 6065 9269 10197 11972 504 506 1554 8103 2205 1611 
2465 3651 788 4696 92 6174 7751 11818 8735 2217 5420 
836 6674 533 1013 6840 10659 3337 3784 7167 9093 10184 5493 6876 7156 7263 8070 84 8321 10437 124 836 5420 6627 10726 601 2171 2373 3133 4739 4923 5777 7611 8512 9486 1661 2483 6673 6678 6921 7153 10573 4649 
8128 10650 2153 2421 5989 7077 3280 6112 3305 8926 3622 3004 7445 6326 
4035 2074 3324 7679 644 234 4598 5344 1403 396 622 3766 5076 423 5174 
1812 3842 9813 381 1836 4574 12043 6638 533 1589 9192 
7569 5237 5330 1754 2380 8313 2684 4453 4854 5942 3331 8407 1599 12091 
1831 505 995 4977 5266 8745 3344 1972 2545 5871 2379 4277 6311 7536 4712 11358 68 4947 
5840 1955 3597 9638 1615 1652 2210 4925 5420 7159 10620 10785 6988 4939 1772 7430 
1340 6322 9606 3427 11872 8236 4759 67 4010 7632 708 1472 3277 9059 5358 3043 4191 2056 11221 11010 6624 5467 9802 
5956 725 10066 7073 1135 1147 1499 1879 2384 2535 4649 4800 6102 6174 6678 7180 8546 9400 9482 9877 1332 1496 2349 3427 4661 7601 
7916 5977 3764 1749 2003 3584 5890 7973 8489 7129 3060 
3062 708 6555 6979 9335 11339 7318 147 5179 5180 11234 7459 290 11003 2210 11394 
2314 1954 1955 6966 2217 84 725 1361 1497 1573 2148 2925 
4155 2042 260 311 8293 10696 257 330 5365 267 258 7857 3207 380 419 2660 
7065 2379 5049 3241 9203 7849 9317 9952 4296 5930 6467 1069 
4215 4948 7839 4436 9893 895 1485 4245 905 3663 11058 
188 67 841 1322 1382 2217 2353 6905 7577 29 1075 1381 2293 5033 5163 5989 7886 8070 8079 8550 
3736 194 226 538 2827 3059 5765 6093 4598 5717 11439 
3762 257 330 173 182 292 652 764 2005 5012 5222 
6424 845 6742 7210 9434 3427 6100 6678 3392 5155 1783 3780 5445 725 
5769 1259 2147 2602 804 5031 7420 8561 918 2609 3603 5556 6708 691 
7092 3396 5917 2431 4432 4481 4921 4957 9862 3397 3599 5846 8216 
6164 5541 1018 1165 2410 3303 8194 787 1117 1376 
879 5721 4176 8110 2626 4432 4481 4957 5735 5518 7783 3113 10962 
464 7083 39 10118 4387 6777 8134 2515 4357 5894 5038 
388 11243 11247 30 708 995 1147 1361 1477 1987 2108 2217 2421 3743 4028 4180 4776 5587 6151 6150 6511 7753 8563 9333 264 951 1572 3437 1036 
5800 2485 2734 7238 8832 9666 706 1503 9129 1860 2755 3706 4151 
1487 7002 4890 62 1165 3684 822 1512 10474 10475 167 1713 2062 
2693 10300 7536 6933 8555 3502 7412 109 5193 10799 8709 2305 4028 4146 
407 11243 788 10495 6666 10528 4288 5319 9052 31 32 1497 1879 2727 44 1499 1681 2144 5058 6203 6201 6206 6994 7232 7458 11244 
2924 2354 688 3226 5613 8504 805 4516 10363 3584 10358 3227 4154 4649 
1099 5238 5439 68 5744 8823 7159 11290 62 2027 2064 
1952 6555 3396 804 2751 9845 4617 7838 7666 4311 6398 
7095 1176 1180 1069 1614 2155 2158 2344 4113 10932 10982 11058 
7380 1282 1212 6783 9725 3931 7287 3368 5674 11508 2129 2515 4523 
6119 3231 7672 7104 8067 10827 3519 4580 4627 7760 871 1006 1516 7252 727 4223 6733 9583 1863 2379 5366 7601 7604 
718 5872 6730 9374 3053 44 2727 3937 4735 6092 6201 6206 7046 7697 9189 9574 9576 1361 2349 8563 
4811 359 966 1845 3078 4693 5165 2921 3026 606 3025 
6945 1361 7601 8563 10056 1072 2310 7073 1024 1147 11358 
5489 2264 3344 3551 4516 5325 5822 9054 9337 533 2935 3418 5045 1514 7369 3718 4231 
5930 2330 7958 6132 8619 733 739 1162 2688 4240 4263 6182 
4699 2717 8134 7448 7838 661 341 11799 3383 3484 4357 
61 6484 13 6086 1080 596 3100 4774 5330 5343 4281 262 2882 802 
2731 8219 9147 5378 8324 2410 109 3400 4575 5193 6913 6914 6922 10469 4617 3022 7252 1640 2104 8357 8484 
1855 11073 715 1121 1560 3942 2685 4137 1168 1112 968 5445 6778 6777 3961 6471 
806 51 730 2271 2451 2609 2685 2876 3835 4592 7716 8043 
1428 151 4777 1579 2545 6454 6453 10917 62 706 3174 
4518 725 1678 205 3772 1981 3271 6028 8639 8778 1539 2728 1110 2404 
8120 2126 2210 4972 10327 3389 5757 4911 5422 2214 9133 3684 
8315 5515 9448 11544 7973 9566 10203 7932 6790 5533 9866 7089 9472 10037 8024 11451 10710 9518 6637 11312 8504 10013 6111 
5487 6901 7478 5876 7217 10196 5314 2262 6109 9555 3344 544 
1475 70 8385 7240 8386 1910 6107 5800 813 3082 5448 7392 9556 
6237 727 819 2548 2805 4169 5049 6498 6301 3436 7627 
6367 819 1499 2144 2313 6024 9163 9562 4870 9196 1477 1836 2410 
2249 1282 2005 2126 3961 4710 4903 8134 10327 1212 1838 6051 6933 8722 2734 56 1636 5891 
2138 1381 11221 11358 1298 7121 979 1024 1841 8368 93 5407 
7586 1466 5631 5865 2358 3535 4152 3196 5390 6213 1981 3401 3398 3831 6025 9482 2881 7077 8520 
6229 1857 4540 9189 727 3771 11734 7921 10976 5881 2544 9137 9749 11358 4702 8814 3227 7470 4885 5030 
7575 2636 10363 3506 7815 4870 8998 10020 10118 11641 1453 3175 4311 5683 6142 7802 11874 4028 2739 3185 4308 4417 
6681 3681 10550 3288 2669 8045 902 2437 7607 3277 4514 9121 
1252 3717 5311 9601 452 4128 7611 7804 103 4006 5448 63 1634 2878 4276 5461 3516 4315 8213 1490 1489 10167 5766 11618 6320 4309 
2626 3754 105 792 800 806 848 1261 1396 4649 6174 
7379 4266 4267 1282 1556 4592 2545 5397 4911 10251 10232 8292 2210 
1786 8679 404 6696 8949 6248 6254 6250 11096 1954 8663 83 
7281 1204 1217 1563 1566 1972 1981 2922 7146 7652 
1593 1860 6932 73 1146 5584 9951 4907 9192 1587 1946 3238 3368 5445 6933 
2446 2545 4363 6656 7291 2394 3717 1512 6576 9697 2749 6527 2246 3321 3994 3534 5871 4636 10196 660 1714 8368 3804 6875 1547 2169 4797 4569 10809 8078 7332 2747 10793 1086 7736 8842 6805 8462 4009 6323 1713 4582 
6383 8998 9902 4732 4398 2410 4464 725 6901 11031 2100 1224 4245 4028 
4947 3985 4798 2953 8856 11414 813 5885 9305 7291 10869 5884 366 7621 10903 2750 4911 
2774 6301 2565 3858 4429 4592 4924 5164 5214 5514 8717 8836 9289 7820 2797 114 2129 2669 4514 
5262 8314 7012 7260 7707 4132 8446 2230 7503 8759 3711 7710 6005 3684 6000 482 6718 3763 
1591 8359 62 8546 10137 1072 6174 2032 8064 11818 1575 1578 8591 207 9037 6627 10726 
6964 2682 4658 6780 2727 3206 11456 995 1204 3684 8482 7949 
3373 7470 3368 8990 10039 2746 4900 10823 6685 7144 1664 4318 4783 8470 
8220 10776 10918 2540 4410 6209 6346 7815 7821 8613 
8271 11084 3863 5556 6121 6401 6216 5324 3864 7270 8248 
404 2947 31 747 4911 6933 7533 8619 9427 679 3672 4909 6024 7838 
1110 4460 4253 4575 2799 2885 3368 12068 1860 55 9012 7142 3494 5963 3659 1587 2985 2987 4907 
5180 6692 2878 9722 11897 4617 4618 8094 10062 11003 4471 560 464 1868 
2301 4360 4432 4481 4957 6498 2805 84 2222 2836 4528 
1633 1883 4822 5431 6627 4432 4481 4957 10780 63 5461 3340 
2527 1922 10353 1646 3743 2217 7973 1801 1954 2141 102 
8235 3077 3813 2621 5736 3391 3458 7662 5367 8350 6627 
3928 5179 201 362 1392 5577 7023 11989 2052 6129 9181 
6671 5647 995 1879 2545 2921 9482 10560 11073 2920 2217 2230 3684 5987 9300 
1008 57 1132 1490 1489 1884 2763 4086 5229 8535 1165 1512 1727 1954 2217 2934 3772 7968 9210 10363 788 1171 2218 2410 2762 6451 6453 6463 
931 79 80 2120 6361 6375 8754 4081 5963 6797 6833 2313 3077 6184 6311 7810 
5239 3202 8083 3235 7287 8307 2111 3257 6470 8080 9760 2164 5360 6831 477 1549 704 9200 10053 2313 10280 6070 
7147 4366 1212 10408 2811 4986 4455 5875 6138 11634 3881 3951 1086 4708 
3812 6324 4795 7276 10789 11258 3232 1180 3327 9443 180 3862 
1684 6928 4037 6923 8134 9875 101 1212 1346 1356 5324 8614 8723 10280 10648 11539 679 11072 11805 2470 2538 3656 6777 8903 11240 3315 7187 2675 5387 122 9417 10577 1695 2919 2928 7279 4460 3931 6329 5754 4411 9357 10053 10753 1849 
1596 7526 4335 3777 6954 10196 62 3372 4516 3551 1664 
1911 63 5461 3840 4252 1838 3790 6810 1695 1741 1121 
3651 191 199 257 340 330 520 4674 4729 5943 7048 7857 8445 188 215 202 258 315 303 351 384 638 728 764 2335 6397 8293 512 511 1195 1317 4282 5051 5243 9550 11738 175 180 254 235 282 292 281 469 515 524 548 591 1101 1142 2035 2050 2261 2989 3471 5177 5241 5303 5306 5402 7304 7491 9218 10724 11380 3243 3579 5252 6727 201 1180 6303 6626 8171 8172 10520 2342 5106 5491 250 182 643 707 1279 7016 10654 193 614 1107 1980 2049 4723 5976 6180 8906 8908 11559 737 
6824 3593 4592 7470 3484 4903 5529 3101 9613 11173 5394 11905 7598 10952 3554 6734 3392 
993 7169 9697 701 3492 4432 4481 4843 4957 57 4086 11530 10069 
4163 233 284 374 716 3810 5180 5190 6132 7199 7200 7245 9208 273 514 1514 5306 
4296 452 3322 4977 3396 804 9802 3427 836 3521 2286 1474 2269 11356 
459 652 5222 175 3471 4690 5956 6469 7155 9552 39 173 287 1520 4035 6075 
5866 1011 1820 6452 2452 7073 9332 3180 7121 723 1814 1818 788 8359 6462 3227 5163 995 4590 7105 10750 3253 4977 11356 11008 1024 
1658 2369 6522 6778 6933 9813 4911 5826 2129 1860 73 
4974 9675 3129 6141 6453 11366 1183 4517 5935 9646 404 6696 3341 
4901 2035 9052 399 6027 8342 524 4844 5954 7828 4940 8060 
704 2147 44 1841 2158 2344 6201 10671 10917 995 1482 
5390 3913 7681 7202 10028 583 995 5887 3862 7016 502 504 1614 
5560 7331 9190 1972 575 5556 6401 6765 9176 10708 11356 
6607 10187 6901 1018 1062 2673 6977 1165 6450 6462 788 1322 1477 4776 4335 
3055 1516 3382 5736 10230 10752 145 9930 11071 8964 9360 10581 4388 6702 2762 3863 
4996 3551 6778 1502 2126 10327 2369 4338 4575 404 1212 2452 3290 4308 4364 4661 6696 
908 4418 4528 8587 10121 11972 2539 7470 269 6251 960 4814 5595 6253 8754 55 3389 5382 
799 8880 10168 8372 1490 1489 8828 9446 11358 10165 10166 50 3352 4006 57 
4979 1165 5887 411 452 727 1064 1075 2856 3684 5030 5163 5307 9154 4472 
734 2727 6206 44 3437 5058 6201 1477 2152 2410 4776 8079 9733 10081 1726 1468 
6427 4532 6206 9697 4284 4311 3276 2800 10203 1798 2561 725 10889 7861 3295 4442 5093 
6961 6780 1477 1613 2121 2437 2727 2791 4776 8078 9448 9555 9733 10056 11358 3619 2652 3320 9557 
5471 10672 2544 1024 2373 3133 5556 6632 11818 905 1361 2230 2949 6901 
3007 1606 8954 4592 139 6345 4902 5281 2960 4357 5740 5961 8234 
4572 2795 764 8660 3222 1170 838 11405 1758 4693 3224 1165 1869 1167 9095 942 
2385 4565 1490 1489 84 2604 2636 3334 3590 4606 5325 9349 
3273 6518 3881 163 2217 2410 2449 3568 3684 4245 4986 6865 7039 7327 8286 8299 
7397 7753 1289 5071 7727 7960 8456 7257 11015 2158 4452 10240 3615 4121 2888 7684 8747 8966 1658 3026 5997 
4206 235 6541 7822 10681 199 5205 10216 9709 1533 
564 545 556 2310 2778 2554 43 2373 3133 5058 11705 10350 1322 5033 10922 
5922 1482 5162 7274 7632 8499 10539 7604 6857 7666 4565 9060 1361 
7985 2126 4947 5121 9219 10327 11092 1831 5964 4648 11433 9681 
2373 2474 7702 8979 9448 84 533 5736 7135 8360 8978 9148 4786 3560 3568 3804 4009 7132 
5161 2948 1165 7121 9036 453 4719 7831 9596 11282 11354 1396 
7625 4535 5513 5549 5747 8952 3260 6805 8120 8179 7142 10069 
4338 5807 280 652 682 3151 3809 4225 5732 6192 7222 
8258 11026 11179 2766 5263 7104 7973 10351 11044 11054 12118 3342 8821 
5552 4903 573 3246 5038 6110 4785 8152 1946 2889 6138 
1910 6063 4154 11130 86 1212 2303 3984 7167 8070 2210 4563 
2872 8114 122 3931 4414 7802 8616 6778 7803 1075 5229 
6139 1644 1763 7009 2379 3144 789 10190 9623 7146 8347 
2008 1767 8464 1381 1777 5360 5587 4657 3094 10817 902 1282 1212 1165 1893 3068 4972 5038 5351 5422 6958 9878 10422 1836 1372 4709 
4513 2474 3271 4019 4214 4234 5228 6810 9971 11368 205 995 
7774 4592 1523 4541 3584 3956 9033 10055 9294 5212 3664 7263 
7398 3383 5156 7900 1302 2844 3035 5351 5980 7890 7978 1299 
6235 4460 6057 1942 2984 7502 1723 2333 7287 807 4253 8083 3295 4311 4442 4468 4907 
1987 4940 80 2120 7274 9952 92 4702 11356 729 4015 
2091 6135 4669 2117 1647 2082 5420 7577 452 4006 8851 366 11765 
1661 123 153 2952 1512 1576 731 5613 11163 5351 1587 5961 7159 
1048 1923 9199 9712 10101 2221 8391 6071 10227 8031 9559 3930 9591 6109 4164 5148 1587 2544 3931 6777 2356 1396 1818 5504 4773 3193 8402 2904 3267 
205 2489 1475 1968 1974 2010 2542 9262 44 3271 6201 7765 8070 
331 2927 10981 2114 3554 8998 11155 4311 4392 4532 7156 8073 10315 715 1112 9937 6821 10939 2497 5764 8417 11794 2162 7141 9514 11124 4125 6606 109 2064 2837 3247 5193 9239 153 765 2952 6915 10605 12118 30 2388 
4345 6760 7042 1093 443 1075 264 951 7812 2101 2420 
6862 9631 2734 10280 1003 2597 2602 3383 4855 5038 5754 6614 7400 7448 
7219 1143 7563 9794 2182 2361 3541 4167 7170 2675 
962 2210 8985 10089 4432 4481 4957 4360 6948 4239 4482 57 4086 
1231 3477 475 4751 725 4638 4700 6322 1213 788 4746 2100 2381 5771 62 6221 9952 2765 4750 
8305 3956 6934 10185 4028 8479 9556 6769 6780 6859 9283 9287 11579 3472 
4279 9953 2545 3413 5872 1224 2100 2387 5059 995 11021 533 1244 8469 
2290 10316 1351 1520 2369 10315 11228 153 2952 4404 56 3500 7284 10021 10160 8307 7517 8433 9547 1266 7784 4366 2417 8820 9321 9878 10280 6355 6359 3383 
286 805 2153 6097 29 3542 4152 5842 6024 6604 7077 7185 
2240 1168 1880 4574 5038 1369 1408 3518 56 235 257 330 1118 1721 2261 2342 3148 4694 6874 7612 3288 4189 
6820 1576 2485 1636 4284 7301 8956 8974 7825 8504 3270 
1848 2461 7505 6471 961 2126 4911 10327 8358 3641 8073 63 
3118 3485 151 10319 1057 6243 7847 8382 1485 7366 5237 
1121 8191 71 5214 9448 10069 11368 4651 4517 3413 1376 5516 841 1382 5163 2758 
1714 1491 7541 1018 7073 1376 5453 8909 1199 1512 7180 8814 706 5556 8391 1721 10659 10426 6102 91 1176 7742 8591 9837 9270 10898 4516 9003 925 934 1968 1974 2010 68 
3866 1695 233 8455 257 330 554 638 1156 1882 2030 5184 5447 8278 10839 6165 2261 2330 256 9150 
1603 2362 9950 3322 817 9964 68 533 3779 5099 5497 6109 10062 10556 925 3396 6155 9015 4117 4184 5100 11092 168 6379 7046 1056 3442 9793 11358 2971 7770 8079 10184 10206 788 
4730 2587 2746 2885 3310 6057 8983 1212 1860 4198 5038 7838 341 436 
4866 3223 4259 6468 10355 4520 533 6944 4560 6772 11537 1923 9199 4845 5163 6912 3211 4963 8862 5470 
5170 6147 6184 8111 8134 4357 4358 5405 6930 4159 1505 
5907 6540 9284 4575 9287 7838 10444 731 2981 5145 7537 2722 1212 1700 9999 3942 3290 
6565 1221 829 5347 8375 9476 9974 3392 2485 2811 1714 6777 
7982 1836 4357 8202 11323 2392 9612 9669 11766 2545 2921 3238 
6803 2453 3344 975 1018 6338 7046 7216 7217 7601 8342 
1056 2633 10280 5703 55 829 2173 5891 6122 6127 6361 
5550 7756 2361 2279 4639 4662 4035 569 4517 4918 6775 2453 
1671 8724 944 5882 994 2660 2865 3780 7148 9038 10357 10160 68 3436 
6154 794 1540 6730 7073 9067 2059 6158 7640 8671 1477 4776 8237 11818 1147 1322 7180 7710 3630 6196 8092 11356 836 1361 4980 7252 8563 725 5989 6464 
6126 2910 6509 6782 783 3035 3126 3566 5682 9928 780 
6656 3956 1376 8796 11356 2366 804 4152 6831 2158 4519 11743 
4126 9231 199 3324 1155 4795 10692 11546 279 386 
5697 654 3422 7899 8151 4983 3956 883 4698 4726 1825 
4677 1512 337 1781 8140 12084 5330 2556 4519 2307 3411 1067 5712 3862 4225 4675 6164 7891 938 4399 9601 10462 3673 
456 1707 2746 3310 3748 1842 5325 1996 2415 829 2865 3931 4592 
1577 2665 2746 5479 5952 9210 9215 9462 3584 4575 5347 6310 7002 63 
3594 5336 5502 5106 257 330 4764 181 2042 2352 5177 
1589 6027 62 2373 3133 4980 2859 84 8722 2117 2751 4649 10364 4097 
4566 802 304 1459 1436 2886 8037 10529 10590 10592 11672 
6234 727 1361 1499 3427 4433 7039 7096 8076 8446 8563 
7106 1768 1754 5764 8070 8417 5341 1080 1183 1459 1629 1755 1757 3170 5330 9644 
3473 2842 784 2740 4992 6000 2766 528 2047 266 800 5177 7215 526 
1797 3347 83 4339 7601 8187 8197 56 2597 2865 5169 11965 
7286 3931 1211 2592 6982 9952 5237 9448 10197 1473 2949 
5981 8174 1954 4620 2032 3897 9715 7115 11231 6518 
5546 8558 3081 1464 8151 564 561 3556 9156 805 2064 6111 
7957 1863 5645 10258 3833 5644 4786 4432 4481 4957 9129 10129 
3817 2045 3646 6177 8028 8278 8657 173 209 182 3468 4690 
7177 3776 3368 3840 3961 5430 1590 2885 2602 7517 10160 1105 1165 3304 
8118 3790 6138 2126 3080 10327 4147 4927 7517 3368 5038 8747 10911 7363 
7779 4695 6673 8460 2217 3845 6227 9574 1538 8081 9052 10849 
278 878 7951 1477 4776 7399 9060 10211 10372 3426 29 476 6497 
3571 1298 2410 183 233 335 407 1521 2437 182 6944 287 1411 2520 
7627 7369 6663 8591 10095 1485 7039 9403 10184 10810 4167 
3266 10917 3249 161 1863 4687 1827 819 1118 9448 4124 
6247 1727 8928 1041 2453 5863 7079 8535 807 805 810 3582 
7314 3839 9462 10879 2772 3249 2802 2885 9335 5038 5740 
3463 7202 7989 2342 8793 11444 281 650 1277 182 268 8791 8538 457 5181 7245 9070 5146 1192 425 176 8386 9670 7786 321 5586 292 5180 257 330 10511 6432 11341 11371 3729 7822 260 2041 
6104 992 3660 3554 4783 11173 776 1121 1560 2118 4129 6309 
4355 2111 6901 8196 11595 257 330 1165 1604 1713 2281 2561 4911 
8158 2217 7706 3226 6859 3322 2636 4167 5373 5609 6625 7170 
1854 9020 63 5461 7448 8518 6309 8757 11803 1802 6522 10037 11413 3748 
5167 453 7191 880 1001 3354 4977 5311 11356 10509 1860 9905 4649 9821 10644 810 5125 813 8935 3091 7127 
118 544 18 28 10018 3931 1056 9570 3229 4538 5467 
4580 777 3687 3719 317 337 2340 2347 2441 4991 6344 
7091 1079 6027 10073 2308 7434 10880 9551 4019 4615 4986 
4656 1199 1794 3248 6397 12000 6728 4306 8279 8604 10328 819 1003 1176 1834 1882 2126 2637 2989 3164 3347 4401 4908 5012 9223 10327 2342 3615 6635 8009 326 6633 3931 
6179 1831 5964 5909 8491 2217 2607 3748 5325 727 1512 9037 9864 5736 2691 
1480 3684 9817 1165 2230 2548 5163 6540 1075 2920 5082 3292 6678 62 1396 7977 10364 2373 3133 9541 1338 
6513 4392 5962 813 8073 11901 7422 4122 1282 6791 4911 1212 2478 1263 9404 4812 5496 6687 10093 10619 10618 
5024 4614 793 2915 434 6109 3024 4952 10870 4517 3436 788 4783 11504 11368 10597 2430 
1478 4658 454 4695 6890 7175 8438 3925 62 11487 7039 11900 2135 2813 4631 7700 10587 
8298 6645 8954 4575 3335 8844 7193 6638 10618 4540 5421 9335 6931 10977 3504 
4364 1812 1320 262 1120 1252 1436 1453 3185 3997 4716 4929 7560 11390 751 853 804 1324 1355 2679 4028 4304 5158 
8064 4392 10118 10129 6638 10126 5644 10258 1946 4129 11229 
452 5644 2907 2210 10280 3514 4230 6638 1165 9706 39 
1264 5857 2904 3267 3569 3684 1466 2449 4180 6797 11604 813 6142 
1893 56 6781 7733 8362 3737 1939 8234 63 5461 6918 5445 8570 1512 2005 5038 5878 6614 9462 10408 4634 4284 7513 10988 6928 
2610 2059 131 3374 2313 3727 7939 1978 6958 4094 107 703 1550 10235 4146 4870 1949 7621 8971 8417 1399 1380 4717 9710 10321 
4077 2342 281 234 647 2055 1419 377 707 1866 1882 2400 4221 4225 4863 5115 5288 8711 11868 4650 380 
3454 2515 7873 170 10315 1658 3484 2703 441 6587 5445 5595 
730 2809 7090 7038 7536 44 62 727 1072 1075 1238 1594 2230 2888 3277 4335 5747 5996 6201 6454 6463 6633 6948 7223 7232 7294 7604 8066 8546 9189 10550 11172 
7518 2949 8210 9129 1361 2878 3560 8563 10913 1713 3568 2626 
2758 3322 8954 6251 112 8998 7470 1491 4169 5445 4581 3392 5351 
6023 3684 3271 8736 2401 2410 4435 6027 730 2032 4898 
8 5009 6004 1103 1892 6012 8213 11054 11370 2179 2288 9284 
1588 8078 1268 1798 3507 3708 4028 8013 8961 11206 11503 4338 5319 68 162 6092 
4512 2217 2971 5237 10122 205 4390 5876 3322 5766 2453 11358 3598 8591 2373 3133 
1413 3174 3667 4091 9697 3553 4859 6481 6875 7613 10667 6874 2819 2219 8958 4939 6028 11411 5420 6725 1069 1381 3822 4577 2580 9958 68 11124 9042 5277 8070 2217 4352 6914 7664 10206 4268 6562 8533 
7786 4072 4972 11728 1935 2277 3514 9476 10129 11726 1548 3389 7165 
3137 5034 2919 2928 916 1231 6674 1525 2373 3133 2144 8990 9449 9783 5195 
4606 10851 315 1180 3327 7645 7468 2920 6138 8499 5136 
1862 1647 6586 10665 199 9129 68 2791 1516 1602 4443 11674 1165 10062 878 6456 
7113 1877 7402 8110 7012 1847 2658 2660 1075 2997 8550 1396 11048 
1453 3554 68 89 1695 2498 4709 4944 5238 5439 7470 7802 8661 9958 5448 404 2114 2474 2650 4395 4657 6696 2819 6686 1165 5365 6309 9199 
7671 4028 1490 1489 11157 3226 7683 8391 1566 4081 4124 
786 46 1727 1496 2378 2379 3584 4028 4133 4986 7968 8958 
5421 520 2005 8307 8555 10724 2999 4870 7128 8725 10503 1096 7226 10448 
3921 787 788 3624 4800 7601 7708 182 5110 3064 10520 201 199 393 407 417 524 2042 4835 5974 6052 6431 9070 
2328 829 2865 3304 3593 2746 56 488 6778 3756 5556 6209 182 199 7543 10220 166 6291 6468 
6362 1981 1814 819 1396 1818 4700 6059 9964 1016 4455 10597 11764 1587 7683 1805 2581 7687 11232 
3956 6838 3931 7973 8633 9678 11799 6683 3970 3101 4067 525 1499 2084 3276 3295 4442 5637 6024 8306 8308 9163 9562 
7162 2173 4656 2142 3265 4006 4491 4506 4507 4928 6647 7627 8165 1075 2174 
3153 9017 4476 5877 7892 8787 9952 150 1180 2345 333 
715 257 330 8843 10880 44 1529 6201 6907 3684 1614 6232 4096 1166 1186 6150 7526 9206 1076 
1369 1132 1147 729 6319 1689 4783 6730 75 1011 1024 2248 2249 3396 4688 
1897 2217 8522 1298 2406 2410 7563 8624 8686 10168 11839 7632 
6634 3439 4263 4608 8367 8368 9167 9324 788 4197 7777 
1690 11249 63 5461 1311 4853 6158 6174 6678 11709 1333 
6580 1243 2100 2904 3267 4101 8894 9953 1647 2217 5058 5537 2727 
2602 1802 10168 153 2952 9679 100 6280 6528 2220 8031 
2875 2665 122 2277 2380 3367 4311 4410 4419 4911 7801 8998 4402 5378 8287 
6412 2746 7407 10037 1827 2388 3514 4581 4114 11078 9866 6777 1870 3392 4468 11877 1165 5875 6568 10265 10044 829 4311 4539 
7213 3295 4442 2587 1860 8307 8520 1118 4575 10644 2393 3226 7132 11427 3584 
2277 3354 9622 3286 84 366 979 1319 3048 7902 8812 4476 2299 4726 11580 5642 2423 2857 3126 
5062 6750 404 6696 1948 3277 10288 8528 5033 6898 5584 10849 1347 5034 7751 2453 1499 4873 6157 9293 
4755 281 2342 10146 7667 2700 9775 6572 9391 7893 1083 6831 
5237 2667 8307 10023 11234 2078 6619 4911 2143 3404 3215 2767 10786 
1520 9868 1634 2657 3067 4695 5812 6028 6113 62 1018 4335 7132 
7768 1521 8544 2879 4132 9757 9676 6065 3454 9780 8316 
6032 2125 11281 3404 8476 8514 1165 2005 2084 4868 5237 747 5763 
1248 2723 2310 7602 7604 9583 8133 62 3013 4340 6158 10632 
5879 3314 10475 1658 1871 7386 9287 1801 5942 11346 735 
8194 10732 6232 4114 4977 7526 4870 5371 10262 4028 7073 7401 8287 10365 
7199 1075 3353 6114 8181 8520 8955 10168 4685 9034 3174 
3760 5075 5344 749 8394 1734 739 1529 3214 1490 1489 3555 5174 4081 5855 11146 4028 195 7079 
7813 6640 2410 4890 5237 10812 2904 3267 1579 4033 2906 
6795 1212 1860 4907 6633 2637 5972 7829 2551 7838 6353 11956 1346 961 4634 4074 8950 3674 2739 4417 4581 4308 3942 5650 
5022 1695 2129 4907 7939 2609 6459 11173 3589 11850 4357 8111 
1559 2217 6453 1298 6852 2727 4702 1499 11447 4180 68 5989 1496 11451 4980 11987 
1398 2253 62 11760 995 1165 1721 1726 3174 3541 4466 5948 6149 7470 
2938 3089 3864 5390 8552 124 1381 4658 3322 6061 8551 1012 6952 1885 2365 1521 
1101 6222 1734 6216 6221 7632 7929 7931 8070 69 11421 5090 4028 10165 810 
1756 6683 3790 4634 63 2281 3684 5461 150 961 1520 2126 4248 
4509 7753 1324 3613 5866 6571 7020 8526 262 708 5565 8701 9820 5261 5556 
697 524 10028 7543 5198 5200 44 6201 9332 4880 1178 6901 9948 7786 
521 1408 5493 5650 8308 11573 43 2727 7837 8556 8577 9189 9252 2410 2545 5960 
4533 4097 5319 10062 10395 2501 4940 5199 5276 5565 257 330 1178 1728 3881 5031 
4288 5387 4414 6635 6637 2797 4418 5507 8998 10280 10981 4109 7803 8687 1502 3427 8535 972 2386 
5422 5723 10710 3126 4675 9588 522 1827 3448 8082 8461 8785 10006 11059 11446 11449 3165 10522 4006 
2976 6539 2878 7966 4363 8246 485 1165 9888 134 7979 
6370 2921 7578 8860 9180 9607 10559 10554 2545 7146 832 2743 
5198 6109 465 494 5206 8341 12001 9133 2609 11990 5674 10007 7639 8134 
84 6283 2278 11229 4414 6264 6274 6284 8709 8998 2637 1946 1520 3389 56 8309 1548 4833 18 28 10018 3665 2739 4417 
6556 8884 4911 1965 1118 10037 725 10039 4783 11441 6174 6203 
4440 264 404 951 1322 1272 3343 5675 6696 6751 10114 
7127 1587 11621 1090 1075 1339 2149 2231 2805 2921 3362 3404 3684 4192 11004 2166 5120 7553 6295 3210 8915 
2832 1695 9860 11130 3494 1346 7916 6932 2739 3615 4417 7513 118 1272 4414 5038 6929 7426 8998 2704 6897 125 153 2952 5194 5947 6057 8324 6931 9210 2157 4410 
4096 1995 3027 5165 7892 2292 6571 7781 4639 4662 7886 1069 2076 4130 1076 8749 2217 10637 1185 2323 10468 4471 11207 1065 8577 
5955 3416 4628 4829 5460 10055 729 1016 11446 6961 708 5058 2513 
2212 3427 4314 6184 6459 7252 10037 5946 10039 2609 6138 4077 4972 10388 
1839 3813 10102 1818 4700 1923 4911 6777 7169 7712 9199 63 2381 5461 10228 10230 3441 8070 1831 4011 5964 
1147 3931 2808 10917 7838 55 746 4311 8463 4143 1474 501 2554 11747 366 
14 4994 5381 7270 2621 3335 5232 3428 2164 3 2636 7811 2660 7148 5966 7820 
2182 10280 153 1940 2277 2354 2772 2952 7801 7918 8960 9878 10096 
3287 10444 164 3956 1502 8754 3723 9712 9866 5192 8651 10037 
303 29 2230 3684 105 1132 6985 1994 3312 3398 2153 8342 44 6201 9332 3813 1499 10845 1065 7317 
3648 6187 524 308 184 11652 10654 7202 292 
5014 6973 3271 1600 3684 5237 7853 4940 2976 3699 6324 6581 9448 
3582 7244 1325 3322 7245 1281 3409 3466 9129 10700 7201 8749 9700 7200 175 3471 9801 
2024 9125 8391 1477 2152 4776 2410 7683 882 8092 1396 
6449 9678 725 788 873 1322 3620 3937 4649 6339 11330 1602 
6495 1073 6453 6465 1590 3389 4783 6746 7712 10160 813 8504 10280 11368 
7076 2573 2027 2322 2323 4444 4800 2807 1069 1499 2025 2144 9802 10656 11048 11702 9977 1146 2393 
2748 3689 2189 3277 4329 6273 6491 7089 7867 5556 366 4528 2660 2465 9685 3227 
5918 9103 6840 9374 10364 2751 5366 1338 4835 7604 7769 1062 3247 5110 1923 9199 9464 11263 8448 11567 1013 9349 9802 11446 7359 9821 3227 3734 3804 1376 8108 
824 10472 4491 1842 1624 2515 8234 2167 4253 10280 10284 5853 
2051 4963 5846 6206 11025 9332 788 1072 1376 1632 1981 2727 453 9952 91 3636 3622 6518 
2510 5307 5324 101 137 2796 9954 1361 8563 8927 6448 4113 4649 6248 6254 
2779 6109 2381 2373 3133 6730 7625 4602 114 1946 2114 3315 
702 6154 4835 3226 44 6201 3376 1613 11368 2660 5876 5960 7766 2101 
5020 6932 4418 8307 6182 2078 8511 1502 5954 11549 431 7873 9431 
5914 804 10097 731 1352 1875 2551 727 2133 2386 3304 6113 6332 1165 
2459 1549 4491 6247 2467 11143 168 2126 10327 11173 139 9536 4940 10841 999 10280 374 6778 6777 725 9820 105 2437 11358 2545 11469 2942 
7058 2475 9747 1670 1883 6292 7025 10372 10796 1064 4988 5643 3775 11545 
710 3674 9885 4005 5666 992 2173 8884 8996 11035 44 6201 4180 
6519 7325 1062 10166 3684 11239 3956 9406 10536 7499 836 1376 9733 2450 
5729 823 6532 8010 8307 9676 673 2025 2064 1062 8187 
3098 1176 384 405 2034 5306 9552 11408 2342 6944 7220 11380 149 180 375 6535 7841 222 358 392 6774 166 215 266 199 3007 3180 3639 3730 5222 7201 7202 245 7200 350 244 281 758 1206 
1935 1536 747 9360 1499 1522 8920 8932 9848 9964 80 2120 9101 5979 
1847 2765 5800 63 5461 3347 8518 8521 10160 11494 9189 
2217 3366 6292 6566 5816 97 1075 1165 1381 1647 2159 2449 2649 2904 2906 3267 5817 8359 84 2137 
4911 3560 3568 1955 11297 2791 3563 7611 2135 8374 381 2774 11296 2222 7823 3238 11850 4154 9914 9210 1165 2452 7669 8145 8504 4631 9659 9664 2354 3427 
2150 3587 7820 3304 7153 341 4335 7073 8624 1197 7382 
7405 7663 10479 1303 2157 2485 2639 3985 3989 4313 4554 4911 5038 5894 6777 9417 11612 12001 5055 4870 10811 6683 
2624 100 11215 2993 5796 9512 1165 3312 7312 3753 727 
1561 1651 7420 62 2410 4335 5989 7237 8079 836 1016 5058 6979 9138 10249 
2336 1827 2609 7450 8990 5405 56 829 11807 10495 12107 
686 2063 2431 1640 10228 10227 4164 4977 7232 7437 44 2727 5794 6201 
6057 2182 7629 1060 1358 9433 10655 1309 1341 1375 5586 
1552 2410 2401 62 2404 5771 7604 8021 1972 3664 8862 1018 5881 
2725 2751 8387 109 1337 5193 8121 333 2673 2971 3404 4932 
7851 10430 7079 9022 9227 11018 1633 4634 3725 9338 11054 11305 3925 10168 11043 1869 
3730 281 6925 181 7646 1180 2031 3747 6944 6303 11559 4764 
2568 2894 7024 2024 7322 9925 8205 100 1734 6027 8430 11672 6695 
6170 2958 7967 5918 2453 10495 11881 4874 4847 8391 6323 727 3541 
1106 5736 8146 4432 4481 4957 2302 1860 4907 1707 4043 
6855 7538 10979 7379 9291 5349 7536 10022 3794 1003 1611 6778 6777 8279 
5674 739 11446 9952 10136 5680 1444 2243 636 3352 1831 5964 8842 646 9868 5895 
6571 1049 1061 2545 4805 4890 5032 5603 6840 6501 8526 9722 878 
4410 4268 8208 995 1512 8045 10131 264 725 951 2410 2948 
1140 1212 6685 2129 5422 8527 6822 11511 11692 11717 2126 5437 10327 
5716 1479 2529 7007 646 1458 2234 1438 1445 2597 4375 2769 2238 1442 2887 2236 11383 3301 8313 
2558 2217 4234 1204 1224 8137 7526 9522 1516 102 1573 1521 1713 683 11151 7509 2141 3119 2288 
4524 3772 4234 3214 4608 1005 407 432 257 330 1180 2328 
4247 764 5188 8403 9074 199 281 7235 7986 1025 4222 
794 1221 8526 4835 2472 2650 6863 6697 4797 531 2308 
6604 2698 1056 6729 836 1981 1545 2727 8484 9999 11356 
6376 5366 6840 7601 8082 8824 4329 4432 4481 4957 4335 6451 2410 4180 5324 7537 10364 5034 7978 9583 7217 
3901 7879 3519 4580 7262 747 2393 10591 9230 9977 10862 208 5920 729 7360 10703 
6305 9672 10380 10126 805 7761 3662 9772 4028 4425 4308 5270 9646 9767 2278 4123 9758 6208 7819 10569 
4906 10443 387 672 736 739 1136 1276 1286 1293 1866 
4158 281 2372 6715 233 1259 3392 311 11143 11165 2210 
1853 1477 4776 5794 5842 7237 7640 8993 9438 9439 9819 10062 11218 68 
444 2217 2410 3271 9022 36 4033 7503 8078 9573 9574 9576 1987 482 7169 1427 7475 1521 
2724 2545 3322 3584 2702 9745 9041 11907 6454 8432 1051 5381 1696 5134 109 1165 1637 2217 2452 2774 5193 6109 7142 7152 8148 8587 8591 9157 10239 10648 1468 1499 2353 3247 3684 5319 9147 9197 
7898 2922 5218 7677 1736 2545 4028 4255 6379 6874 7132 8070 
23 5854 4471 9522 729 2837 4516 8263 3743 6321 6456 6979 7611 8796 
5484 8464 2314 2410 4037 4288 8738 3344 6901 1499 544 804 1785 1829 9971 5740 11185 3684 2652 3320 
8244 8542 5729 5768 4124 3322 9493 2658 7430 9802 9137 5736 
7018 10956 4517 5176 9037 10586 6024 9163 9562 4964 4432 4481 4957 5467 
7158 1960 10069 8470 1376 4843 4977 6401 1100 4430 9270 5556 5192 8353 
633 4427 1170 1221 1494 1727 1939 2723 2881 3767 3798 4077 4358 4456 4486 4632 5319 5348 8446 8778 8918 11124 1512 3506 8683 1650 10412 836 6027 9959 
7818 6030 2545 4313 4822 10277 2485 11164 1587 4398 4532 4592 4924 5667 7142 7812 10401 11865 
5594 602 780 3862 4476 12085 2005 2131 2313 4043 10063 
772 1955 45 788 2342 2791 2925 2948 3639 6637 7311 
675 5120 1724 4197 8070 5237 7526 44 6201 8789 1505 6976 
6177 5372 6000 4194 4124 6846 7252 1016 3322 4208 5664 8671 9041 3845 727 
1472 6180 1980 7014 109 2217 2353 3011 5193 6233 8512 9145 62 1376 3002 3276 3848 
4398 6780 2257 6092 8237 6852 11691 3827 10966 264 951 
7407 7623 1165 1272 4661 8021 8812 1499 2347 4133 2897 5019 
1888 8619 2410 1663 11071 11566 56 11511 2147 5351 5875 
785 8796 46 2163 2320 2702 6540 5367 5470 6982 3604 2134 3684 
2382 743 1499 4978 10964 2079 4019 4146 6321 10987 4710 5650 1695 4432 4481 
7197 1075 1818 2323 3322 7667 11356 2727 2653 3946 8504 8512 9543 9774 
8240 6255 6351 9542 6026 2652 3320 3227 5429 6395 8070 11221 10386 6526 
300 1477 4776 29 743 44 6201 9103 5794 1024 7692 2452 2660 3227 
7842 4255 1614 2158 5278 2089 2154 2155 2846 4116 6232 6805 
3878 4595 5174 4596 5465 9070 6665 6747 9271 182 206 
4029 4634 4156 450 7779 199 1166 1277 419 2342 4672 
1074 4909 6822 7002 2878 3737 4293 8045 95 1838 63 5351 
2885 6109 8729 8764 10014 1135 5237 3679 7571 4907 8308 1274 3213 6862 
3367 173 266 182 7888 2347 166 199 2002 8394 2261 
1637 3392 2738 4574 5038 4911 10523 2885 3207 10315 10979 11032 73 5650 171 2772 4311 6546 7712 1378 2587 4035 11569 1146 
1614 3615 4534 4540 7712 63 1212 3246 4284 5038 5461 
5002 5023 1496 1264 3414 3758 7153 8763 9431 10062 10228 423 672 8107 6730 9719 5648 4987 5354 6324 6874 
3929 1776 2118 5431 5432 7128 270 858 4035 6057 2765 201 235 1273 
6651 1933 2063 1995 2991 3048 5646 9017 9419 10498 898 979 
7404 3660 1212 2587 5074 5754 7448 7859 7967 8134 3835 5360 7933 3309 
3119 1693 3615 3931 1939 1695 9885 730 2681 3345 4040 4237 6138 7083 2675 9866 11338 2515 2639 3727 1212 2137 4818 5608 441 8614 3368 5310 
8022 2131 5624 5627 7517 2734 2799 3737 3953 4927 4122 4313 3299 2485 2675 7422 2565 8089 
8283 3368 4911 5894 5972 10232 11932 10280 6897 11129 3665 
684 3441 5988 7180 10783 540 1199 2894 6424 44 199 472 1474 3165 5091 6201 10758 
1432 4321 5405 70 1193 1197 1468 3296 5147 6057 6744 11181 164 389 2609 6138 2269 3494 4460 
1837 6233 1477 4776 1637 2437 7781 6338 6465 2921 560 1018 8883 
2619 333 988 4006 7261 2634 6027 8737 3595 11085 105 
711 1017 1477 1695 2948 4776 6932 9129 9604 44 1818 
7739 2066 6691 6700 7527 7458 10269 1499 1572 1633 2144 
5344 6412 6873 6101 2806 494 2027 10563 10562 10561 
8109 10628 10437 6683 5528 6374 8017 6375 2568 2129 2739 4417 
2841 2602 120 4925 7155 333 606 1823 4447 6954 7324 10321 
4563 3684 6918 5935 304 3778 5865 2781 754 6805 7400 1062 5899 11368 2324 
3044 5224 8453 6843 933 7838 11717 1860 10918 343 421 825 4516 9885 1636 9192 4040 4237 705 7937 8934 4228 7600 3514 2210 
8079 6461 8298 5318 9262 9523 11312 5497 6462 11356 2204 10844 3937 10496 
3606 364 5181 375 177 6428 433 1075 4388 4006 7661 
6433 2508 4709 5693 11358 725 1165 2217 3684 6024 6655 9163 9293 
5118 3396 9139 2489 8860 8963 7774 2727 11356 4911 453 1506 11708 9802 2452 8990 
6672 5635 804 3231 5736 5448 9518 6983 1955 5094 7911 9601 5101 6323 
111 6633 11311 281 18 28 204 1756 7241 593 8295 1277 5556 
7986 8031 6923 1827 1842 4981 7866 6633 9755 2995 5324 5796 7712 8862 3218 
1857 68 1093 5420 952 2805 3354 7024 2682 4028 9870 1879 4223 8354 8512 10671 
6058 729 1994 2150 4700 4797 9167 9603 886 910 1274 2324 2553 3035 3284 3634 5143 5765 5893 6449 6761 
6406 839 4485 9264 1640 4020 4988 5578 6203 6273 2652 3320 9728 5366 
5154 994 3301 4804 10431 873 2221 1016 453 12078 4571 10214 1087 
5774 1056 691 1499 1522 1689 2310 4628 6840 7175 9755 
1212 1818 2373 3133 7073 8079 10416 1565 1814 9332 63 2305 
3389 3295 4442 10257 166 1756 11936 8975 182 7172 267 303 351 1275 
6861 3502 4989 11198 6948 1074 2772 1003 4411 6778 7364 2739 4040 
7930 4387 6657 5359 6347 5963 11212 8813 11213 1777 2739 4417 6354 7812 
2028 109 5193 7529 9339 3584 4532 3606 5255 7471 8073 
708 336 1051 367 3639 8871 11559 311 2804 3192 44 6201 
2907 2005 4868 4903 8324 125 2065 2126 2147 4901 5351 
2348 2545 7617 1519 2353 4335 6780 8066 84 452 788 1344 2076 3469 4028 
4510 2652 3320 5237 3410 262 5899 5937 5936 10780 1525 
7863 3753 1646 4867 4993 6074 2544 3541 4875 10552 10546 
6397 6112 7089 7691 4311 5387 6255 4425 6278 4387 5163 6263 6354 9850 1477 4639 4662 4776 2572 2575 3417 6346 10123 8754 9878 
3355 10037 596 628 3276 262 2212 1454 166 244 4460 6645 
6022 994 1169 1282 1312 3942 1556 1845 2485 3392 7083 7362 10446 10918 730 1842 2147 2682 3585 5950 7287 
7399 7599 1831 1854 5964 6502 8876 1165 1407 3711 4590 
932 1180 1982 7016 6803 2361 57 976 4086 6528 10910 3228 105 10268 
7378 1282 1527 2005 2478 6778 2369 1860 4312 3961 5038 2746 2126 3310 4366 10327 
4647 6637 11415 311 1941 3375 4686 6547 11278 819 2269 
5196 569 813 8046 10956 1477 4776 5162 9104 6232 7317 10685 465 4266 
1804 1298 5986 6332 7335 11358 936 1966 4516 6206 6324 
5070 3534 2420 9146 1180 3427 7661 3664 4653 5339 7202 6988 7201 12072 7199 443 
440 5237 9896 3277 4861 36 8299 3246 10952 3541 7565 8527 9291 3540 5882 11494 6765 755 809 8358 6138 
7315 6092 4231 6233 11616 11728 8829 3315 1516 8018 1972 2217 4268 10206 5176 6678 
5445 6302 2727 9950 1016 8990 11466 5038 6206 8307 9452 9706 9866 10037 12117 3105 541 617 2976 
5913 731 1905 3050 782 2740 3026 4783 727 1226 8057 1842 2844 4629 
5519 4357 3347 4598 1870 11313 5074 5865 7939 9810 11963 11143 
8224 6401 3315 3409 4028 10495 7120 5736 2545 6205 3622 
33 7876 56 4710 3367 6332 10577 1372 1165 2876 10639 
7526 1477 4776 1361 1667 2321 4109 5736 6707 8563 9877 9602 
5430 3999 5073 9074 9421 10711 3451 524 4236 5502 11055 9192 4249 11339 
3061 1636 7554 2210 1352 2475 2485 10754 3656 7045 11983 9404 
1818 1922 1668 6675 2150 4786 9518 8577 8655 3743 6121 1360 2423 2857 4988 5507 56 
1578 2545 3460 7524 2358 10257 62 725 1213 2948 2474 6460 84 1234 1962 4797 6233 
5575 3396 533 1105 1521 2609 3013 3456 7922 3855 3276 
6798 5686 7720 9574 2876 5535 8216 7468 9573 9576 5497 980 4798 10331 10630 
952 8230 2502 7038 6094 9816 92 4661 10369 57 4086 5107 404 1461 2361 4911 6696 7781 1499 1347 10587 10867 10866 11073 11826 1956 
6564 10439 10231 7129 829 3246 4632 4870 9054 10280 4634 
2562 959 2273 804 3649 452 4676 4835 2141 4805 5032 8628 2217 10785 1512 102 2898 
3440 2933 5793 8555 2602 3913 171 2129 7675 9210 3499 
445 3134 8299 9441 10956 36 1801 2833 2850 2855 4990 5365 3975 7387 8960 9460 485 1499 6755 
4210 3322 4565 10616 1096 246 8624 5284 6431 9685 9161 3982 4103 8146 11705 452 708 788 4702 7601 8504 11818 2249 2452 7458 7557 2101 
1254 6277 6267 7104 2850 98 6913 6922 2833 6914 5736 9290 5381 6186 125 6627 55 5378 2219 3088 6902 851 2277 
6076 730 1360 2126 4040 4237 10327 2005 3514 4540 7364 
6618 1031 2453 4340 7073 1018 4432 4481 4957 11818 788 3277 1013 3207 
7403 3725 4870 8134 1360 1212 8516 9147 11234 1949 4311 8754 8957 2717 8998 
4321 6453 9448 8990 5815 235 2342 4801 2878 6320 3599 
3905 231 278 292 887 1012 5157 234 764 1882 3244 3862 4221 4225 8412 9550 10652 180 216 
6222 727 2958 6453 3684 4800 5300 6024 7180 9163 9562 
6196 7968 8749 3207 727 995 1062 1468 2025 6102 6678 10475 11139 1165 6966 9952 1499 
2341 1360 5422 7733 8020 8810 10812 1499 84 1074 11475 8070 
115 9951 5049 7104 10383 2217 4204 2290 10531 4966 92 
5036 927 7717 8918 1998 10076 2380 10667 9349 592 404 
4475 1561 3330 3523 7202 7199 7200 10604 2329 267 3324 
8104 10936 7864 7859 2878 6453 6463 2485 4924 6456 2116 2880 
2340 56 2214 10562 6750 10364 7861 3322 235 659 742 1027 1199 2342 4645 5728 6035 7986 8247 
4160 199 257 336 281 330 393 634 2026 7016 7267 7592 7594 7857 
3815 701 4898 8984 208 304 1436 2286 7796 2212 2239 180 281 910 1038 1773 4951 6300 6576 8387 
2261 1746 5506 4146 3856 56 4592 3518 3405 2118 5954 4833 11798 
5144 1879 1944 1955 2856 4432 4481 4957 5082 8355 3247 1165 6174 4658 11230 1713 4084 4200 10827 4538 7180 2117 
3962 3271 4659 4838 1734 5935 2372 8633 10887 3482 546 6447 8390 7360 
7375 6292 7356 8845 5996 8934 1728 1664 3112 6160 2379 7690 1281 
6380 7402 4266 4267 4458 6453 7039 7356 7432 8564 10289 7275 3826 10559 833 
682 7967 11186 494 4338 4702 5030 7458 8670 10813 1165 4979 8674 
3663 10088 1119 1307 1755 2042 8291 8310 5294 8753 247 181 269 1180 1279 2044 
1583 62 743 729 787 1018 4516 4649 5082 6678 7046 10062 10302 
5059 1398 2820 1241 11504 5237 4990 404 8165 9734 2572 4124 
5747 2379 682 1490 1489 5222 6749 2158 2344 11249 2554 2249 
3005 2739 3967 4417 139 933 1893 3484 4634 5102 5363 
7974 3344 6678 8799 11259 1801 8725 8550 1885 2365 3391 2265 
525 105 1371 1477 4006 4455 4776 6114 9624 5419 8504 43 83 881 4339 6196 264 725 951 3845 
595 614 11612 1512 9816 10188 10302 8736 11275 3441 6562 
5850 749 4598 7850 8672 1069 7452 4539 4695 5163 7252 9952 10917 715 1112 2300 
2041 2430 6244 9332 10993 2431 8619 695 2460 7582 4335 7073 10649 8115 11814 7474 3397 3396 84 1468 
1129 4634 6777 8134 3931 1842 3174 5742 9192 704 1923 7142 
3564 4674 183 6397 7958 8064 8511 9003 3644 4222 6182 11774 7457 11346 11612 1340 916 1497 5497 
477 7484 7489 7135 6024 9163 9562 1165 9783 1516 725 8749 4968 6142 11475 
1573 68 1490 1489 2217 62 7121 8042 6233 6627 1056 4033 1573 10785 
3556 276 3310 3347 3368 11877 2126 10327 7400 764 6925 8073 464 836 1477 2465 2765 4776 4898 8969 9068 4460 8349 925 1516 4028 5058 5794 10371 12005 
1705 787 81 143 592 6024 6623 7175 8027 8526 9163 
1425 1056 544 2373 3133 2753 3404 3684 3926 5163 62 84 
5203 10752 466 4399 6703 8741 10787 1597 3540 10346 11467 804 7038 
4642 557 3755 6574 3470 3862 7202 11538 311 417 4225 4331 
1061 2515 2247 150 2173 1146 8709 4118 9777 3215 2717 5161 4835 
1740 2739 4417 7166 2369 3047 6676 10086 813 5884 6309 3794 11891 63 5461 6781 2837 8073 2111 5347 11591 8518 85 949 9305 2116 5351 5360 
4948 3259 6625 8213 366 495 4050 4799 5445 5754 6897 7851 3247 3822 5366 6840 
7042 3322 4169 10364 3227 1062 11056 2903 7153 2002 
366 3344 6405 8860 30 1361 2217 2393 2527 2956 3086 5760 7077 8563 
6421 3391 1971 3354 1218 4234 5840 9104 3913 2639 3271 
5805 706 1503 1721 1749 1863 3551 4255 5736 6341 6755 
6520 1923 3649 7385 9300 813 725 4163 4445 5154 5160 
2757 2639 1801 5289 5830 1358 5552 11400 7628 8305 9234 3188 5565 1321 2815 3584 112 1327 8262 6952 10959 1499 2230 2920 3404 6871 9951 2860 5420 5747 
5108 3286 4540 1049 1061 5603 1170 8013 1968 1974 2010 
7612 3827 8277 8895 9482 11238 3894 10636 10814 11358 4077 3703 6232 1474 9137 
8226 5210 5741 2570 4861 5258 9396 4940 7444 9682 7713 3584 5369 7927 
7012 6540 1923 3397 3931 1056 10129 11178 3231 7086 1333 
2149 10408 3449 6923 1360 7992 8858 1594 2210 9866 3295 4442 95 
4878 1642 1065 730 905 2393 3819 7838 9736 3598 10777 1869 380 8066 381 396 2501 
7866 1646 5512 7838 11799 5493 5607 9592 2767 3615 6522 11479 2157 2470 
8124 5494 9332 3413 8671 7640 8145 4458 5038 2173 7400 3606 2142 6616 6897 
797 7079 280 5298 5732 8212 1165 3743 12022 50 2045 5974 6711 
3643 224 357 384 180 258 199 313 520 1412 1682 2035 4343 281 287 336 340 548 
5646 619 4077 7853 7601 3227 4028 4702 7509 8932 9952 1499 1521 2216 
6148 1954 2545 1897 1664 1728 3277 9283 9285 6150 1708 
264 2144 1212 3299 5038 4169 5453 5894 8810 29 62 807 2078 2956 3692 4901 
8202 2906 5002 5004 5005 5007 10818 2449 2904 3267 3689 8564 
4673 819 5057 11846 10412 3965 3603 5684 9852 337 1367 3755 616 1092 1189 1758 
4501 1099 1448 3613 205 4550 1212 2860 3514 5999 8307 8430 9866 2196 3322 8066 
3856 4329 5467 10890 8403 9947 180 4860 6850 3277 2774 4455 727 725 6905 12010 1499 
8302 4958 8156 3373 4618 6471 11839 8918 8942 11552 4432 4481 
6584 725 1130 2453 4033 7458 2410 3684 7834 10860 
896 2393 2356 54 473 3912 3902 7568 120 1390 3035 3050 
8231 4554 6822 8358 9613 11768 11508 4147 7129 11338 
7522 1971 9908 1787 7411 11818 9129 1361 8563 10062 4813 
4841 4259 3045 8380 1734 381 3352 1387 4649 7073 1716 
3065 6464 6590 11812 264 951 6174 148 708 1147 7046 
1059 6480 5736 743 8587 8070 1016 533 7460 62 2363 
1523 873 1363 1366 6518 7754 1165 3980 5208 8092 6076 4277 10950 68 10069 8550 11217 1482 
1215 7801 4592 8051 465 606 1399 64 63 5461 7167 992 1666 788 
7785 8515 6471 6735 3901 2797 10811 10791 3984 6379 5650 4129 1898 10231 6056 1802 11906 1805 11224 
5349 7274 494 4925 2475 4777 6840 9293 11650 3354 3597 
830 57 4086 4947 6328 6679 7859 10152 10232 10280 5223 4432 4482 4481 4957 7148 8749 5587 8158 10315 1831 5964 6311 7414 1801 2636 4048 4077 4106 4390 
2705 2762 7102 3584 3684 4709 5304 8010 8832 533 12038 3227 7142 6800 5227 11494 11650 9037 619 11100 11612 10858 6627 
6592 5237 788 3413 1238 2763 2636 7132 9930 2320 
7838 1605 1955 2135 2653 3827 4163 4445 6804 
817 2429 3519 4580 9786 9962 11787 4091 11475 3270 5192 606 979 2324 2340 3026 3035 3378 3873 4447 7875 782 2032 
7198 3164 10097 6109 5891 3347 10843 6122 2738 1123 1360 3514 
1477 3181 5009 5948 6874 1327 1721 2927 7966 5072 6610 7400 804 1782 3389 2624 2714 9556 208 5796 68 2879 3178 
1751 3511 3391 82 6952 7935 6422 8663 8915 4455 6633 1234 1962 7331 7039 9910 8934 3752 2344 7627 3691 6991 
6026 7521 755 809 7094 7705 10035 1565 4104 4940 6831 
6254 7838 6184 9506 2208 11338 4575 3727 5891 9192 7939 7992 4749 9210 
6512 7838 4540 6633 2865 3585 3648 8516 829 2597 3246 3368 8751 9613 7864 10573 6645 
1433 8090 5900 683 5118 200 598 1186 6468 8386 180 182 199 1178 2342 5139 5350 9181 10493 1728 8066 10936 5482 11987 12005 2645 56 999 
6530 8796 725 1516 2364 2554 6770 8079 8470 9332 
1162 8810 3541 4875 10235 62 1516 3303 9791 1016 7347 
573 43 2681 3681 4302 44 2453 3338 6201 8207 680 4994 5058 6202 2373 
7704 1594 2475 4553 7223 3808 11358 1499 9723 10734 7185 
2429 2636 3247 4450 7148 6560 6982 8076 3954 2660 1381 2971 8490 2219 8148 7628 
4316 3127 3165 9532 2210 2639 5224 9234 3375 4765 9820 9866 10037 8105 4419 6111 2214 3514 5584 5667 11084 3396 6252 6254 7712 269 2388 2379 
8069 4129 8754 2313 6113 7939 8152 2986 4411 1949 6353 
1315 4783 1968 1974 2010 75 942 1016 1072 6339 8958 10446 
1034 7640 9604 1477 3940 4776 6758 62 727 2792 4978 5058 5794 6206 
1115 9606 1213 71 4081 7478 1056 4028 86 1474 2303 2320 9137 11847 1805 8489 3666 
5213 4225 3734 470 1298 1740 2613 3764 7081 5888 3664 9127 
1604 4634 86 2303 63 4080 5461 5727 9728 2633 4820 
695 5237 9883 8829 44 2727 6201 9427 2452 6859 
1193 8027 8433 9088 4901 1263 1594 5472 4940 7513 8323 12043 5527 4387 122 7584 10118 85 8838 1860 8202 
4562 257 330 2217 8535 2971 4593 8845 12083 10333 2449 
5130 1170 4741 3534 1106 6663 11182 452 3413 6544 7458 11338 1332 1361 
6574 5237 725 2353 3926 5058 5763 2727 5938 6376 2310 6652 
5051 5794 533 1658 7401 1499 6155 6682 436 2126 10197 10327 1076 8470 2452 11612 
936 6291 8613 3071 2305 1739 11813 2658 5480 9239 1548 10899 
373 6311 2848 3277 2219 4869 7516 3870 6841 4834 2652 3320 8110 4843 8474 1831 5964 4661 2064 11259 62 81 1888 8701 9196 9441 9497 10269 1062 2025 2144 11048 30 880 1464 2027 3387 9043 11889 2321 1171 1011 7762 10950 7345 8043 3703 
409 31 2545 4628 6555 7949 11334 11683 4978 2854 3271 3831 6721 10993 
5217 1525 5120 6588 7817 2637 4129 10021 788 1016 1614 2155 2387 3226 4106 4116 8070 9952 992 2660 
50 3684 5258 10089 4154 10715 2410 6934 995 1065 1647 
6558 4356 4311 10981 1520 7818 4841 10918 8111 10039 829 
3842 9443 11274 1176 10361 199 1199 1180 1562 281 9444 1416 7822 375 296 
1560 10468 62 1065 1474 1617 3140 3703 5917 8349 6102 11092 1799 1914 11736 8912 
5241 730 1646 2485 4989 5608 10280 2743 5703 6313 2147 2876 5740 6968 7582 2607 6571 3901 11803 6575 1827 477 4387 7164 7166 4427 5472 6243 
5900 4412 4418 5387 731 1212 1345 1572 2126 2381 3222 3247 3514 3615 3931 4401 5038 5644 6057 
4339 8961 1499 9298 6135 2804 5573 1819 3180 11428 8650 9841 9770 
8322 9868 7252 9754 6678 6760 6934 7199 7201 7202 7245 7706 8233 8490 9460 10443 
7630 11584 1485 4508 3477 2205 7431 8407 9599 4342 11511 2126 
6212 2358 3845 4458 9938 727 1921 3630 4015 5410 11630 3684 1428 8624 11634 788 2452 2554 
8255 3305 7753 3780 6928 7364 4592 11348 5645 4910 7941 7455 8391 4980 
3138 3416 7258 942 3312 8499 2904 3267 7091 2949 4786 
2934 4040 4237 5307 10323 2431 2462 8614 10729 11509 124 788 1647 2159 2217 2452 
325 10197 2148 10649 3227 10051 3277 723 4335 9033 10052 5366 62 7360 3584 
7929 10232 3405 7734 1777 3783 9866 8504 2126 3780 10327 10037 
2554 2423 2857 9712 2583 8317 11056 102 1713 7883 8123 3753 12118 
7733 4152 6840 2349 7964 9093 3416 10062 1499 4432 4481 
3449 5823 1961 1963 6805 2433 2971 3735 7662 8317 1975 5392 7520 
5821 1860 1459 11358 704 1341 1468 9928 1324 2147 8312 9885 10495 4198 3997 5909 
7850 1632 7752 3396 4028 5537 7608 9952 2878 4146 1687 2014 4870 
6035 2587 7248 9725 2147 5038 4575 2005 3776 5865 730 4504 
5934 3461 1782 9930 6920 11874 5960 10993 5997 743 1298 3413 5420 
566 4750 5280 1135 2554 2249 2409 3242 9377 10372 10677 475 
0 5158 7796 419 3638 393 1166 4224 7286 3684 10919 
848 5577 321 602 1756 1842 3931 4222 7016 9691 638 4672 9191 199 2467 3857 5214 5666 6869 7402 9945 11772 10294 3854 489 6190 8668 56 180 2305 5297 
3855 10302 2058 11701 429 8386 1756 2055 9160 9192 5572 9119 10252 180 6046 6433 2352 5252 508 1066 10951 1253 
7169 10683 8064 4444 10976 2147 3276 3684 5319 8689 4720 8355 1075 1396 7308 11251 7341 
2786 116 996 804 2611 2681 2850 2496 4914 8860 2075 11620 10972 2966 8862 1922 
3729 181 1392 6303 6944 8444 9160 11559 257 330 2042 1096 4608 
5238 4357 8324 4146 9321 3295 4442 8555 1777 5702 6828 10631 730 2772 4657 4940 5740 8433 10232 11062 
3006 2181 2468 3334 6085 10768 6111 139 5616 7100 8064 
2438 11005 11368 2922 1016 9448 5059 11287 11230 8010 8550 2373 3133 
7141 3427 1361 1512 8563 9291 2002 2410 4432 4481 4957 6322 10788 12017 9793 5229 4565 
5524 2437 3946 819 959 2231 3113 4209 4245 8076 9821 1955 4540 1499 
185 4124 3347 4035 9027 3514 1572 7553 4284 2453 807 805 
4503 5420 205 2230 2350 4452 6454 6455 6457 9129 7214 
1446 7516 6576 7254 1491 5030 5033 6501 7073 8359 10137 10365 1018 5904 6029 11818 3939 7216 8534 4432 4481 4957 62 
6481 5823 7707 788 1072 1130 1165 1614 2154 2158 2796 4113 
3727 653 2517 3564 5974 11559 281 1381 3542 3622 5842 6059 6094 181 257 311 
5719 646 10009 4360 5696 10742 5030 3413 725 1075 1664 1955 2888 
5193 3226 4535 3315 11883 8408 1955 11496 10215 5989 841 1382 465 
434 4284 4911 6394 8698 6056 5224 7992 7838 6138 4540 
7280 9583 1344 3446 3469 5763 8814 2774 5986 1170 2545 5164 2310 
1105 748 836 2599 3613 304 1436 8430 1165 246 546 6029 2064 5747 9805 10364 11509 3247 3975 632 1664 
6731 4907 8341 8933 1074 2545 5596 948 1590 3337 8234 11240 3658 4940 6138 3404 
6410 6901 10364 11048 11245 11249 6029 7751 9577 5056 7750 10383 10266 842 4805 4835 4885 5032 5035 
7491 9122 1346 3025 5363 3623 6142 1939 2498 2951 3368 8009 5640 
6314 2515 2702 4483 11663 11668 10972 1869 2410 4468 10960 
1065 2638 5194 8306 3389 5864 7895 8308 8754 6370 55 3975 3226 
6062 2972 3595 7393 7400 2259 5570 4791 1308 8487 4700 10141 727 2402 
4422 3110 1156 1180 326 1176 4937 267 739 5136 315 2893 4468 
4095 4618 1490 1489 11720 1012 5324 5796 6092 281 3087 245 3180 652 
3966 4870 182 1672 5284 7016 11986 7469 9271 9919 8755 
5899 6054 731 1752 2126 3299 3942 4897 5038 5074 5509 8433 8440 
6145 7710 9652 780 942 3678 4709 6085 7545 4485 2807 
6283 8920 9106 11015 1072 8619 8671 9939 1396 1073 4695 7236 12106 816 
3242 166 222 232 240 266 6711 246 6468 257 330 2261 519 158 8085 
5250 2126 10327 1121 1560 2349 5039 7387 7712 11905 3348 10126 10984 10051 4414 477 
5291 2524 8024 2636 5319 9898 482 9914 4986 11034 700 4802 7360 2408 6027 2452 11573 10550 6686 4356 4517 6092 9574 
540 3407 1093 1499 2340 2373 3133 4717 6102 6509 7441 8197 723 6100 1180 4064 5366 2856 5033 
5151 4152 452 4588 5023 6115 6518 7180 1497 1495 7601 9169 1338 
168 6748 9266 11108 11815 10857 2166 4695 6131 7581 7712 1714 2027 2453 
7672 1490 1489 4900 4400 7132 7665 7827 2821 2851 5346 3427 7658 9335 1989 
1528 3246 4592 7745 2210 3210 5597 62 2865 4911 9133 829 333 
7828 5448 1594 1605 2349 5535 6454 6457 9555 10817 8505 4649 6952 8506 
4099 1772 6254 404 2217 3717 5214 6742 465 10805 10662 
2691 7710 1703 2751 4986 9877 4592 3835 109 1807 2985 2987 4524 5193 5218 11670 7311 
655 10729 502 506 9248 6339 7602 452 743 3413 3582 4783 5535 7073 9733 44 787 2217 3772 3811 3940 6201 10302 5058 533 
6172 992 5038 2734 5495 7712 2065 4909 5894 11539 2485 1468 4907 5493 2005 795 11407 1754 7939 7584 4512 6063 11551 2545 1473 
5969 1875 5371 3615 2369 1549 11593 5947 730 2739 4417 4313 
4806 2299 2354 2921 3158 5893 3031 7240 3210 1302 7799 359 4051 9017 10768 2806 
5543 2441 4468 4059 6431 5715 560 3433 5350 5896 7361 
7194 6131 1075 2353 6381 8355 8522 11351 3344 3563 6602 
2334 9462 9740 1272 4284 4308 7784 1212 56 730 10037 10408 4147 8504 
5463 1076 6221 11737 7883 8605 3313 8954 1130 5829 8635 
7601 5823 3404 1473 3238 3347 6838 9054 8200 3231 2393 
7004 8832 5163 9678 2423 2857 5736 2626 5998 3227 3043 5358 
1843 63 2126 2369 2746 3977 4311 4387 4398 4402 4419 4865 5461 6263 6262 6313 6546 7712 7815 8970 9018 9020 9021 9023 9305 9878 10118 10327 3671 
4733 5754 10037 10121 9784 341 7288 1713 2876 4357 4907 5493 6777 4924 3684 6933 11338 804 12107 7898 1024 
2773 6174 3880 8470 2702 4617 2230 2628 2545 1064 9951 114 
494 6786 6840 40 7073 10364 4835 3353 6100 9196 9293 10013 11363 
4392 7753 7185 264 951 1018 1016 8619 6024 9163 9562 10365 
3010 8185 2379 1841 5347 7905 9974 11358 6496 9908 11240 454 3398 3092 7904 7473 140 1332 1987 8015 
2287 11806 9804 4082 84 2279 4419 4425 9989 4311 6861 7506 5397 1212 4019 
3455 170 9373 10677 1800 1840 7035 8997 9613 2652 3320 6322 
874 3541 4875 4297 5325 1983 1812 4929 2320 8840 4535 5120 8839 8855 6691 1165 
700 5319 10495 11194 6456 6590 9189 8286 11251 2449 5266 44 2217 3252 6201 1049 1061 
4967 6195 8719 2427 11102 11881 656 6901 8176 9333 3534 4540 6323 10785 8529 
4284 8512 2117 2135 8564 9157 9518 2862 6151 8534 11372 1678 7553 262 
39 10364 3584 4813 10358 7153 4028 8070 5214 7960 
457 2147 39 2921 7684 8966 10114 2471 10917 8350 4006 
2187 4597 639 2085 359 643 7886 193 1666 1278 3904 10304 7401 6571 6762 8555 9866 
463 39 338 182 375 399 406 10724 545 556 566 1563 2596 4003 
1706 81 1018 2410 5237 7153 2283 659 742 813 3055 7252 3630 5506 9802 5139 
6039 1065 3505 2538 4911 6234 9706 761 2386 3477 3517 5952 8307 7865 
5357 1147 3632 2581 5453 5872 10184 2554 9574 11048 1867 4432 4481 4957 5998 2083 6100 1516 895 8196 7662 4292 
4224 1277 4222 199 281 7221 7822 9968 1860 1180 1286 3148 3638 5584 2217 
551 2230 9796 4911 6777 333 992 2746 2910 9103 11326 173 1180 6203 
1087 7812 9878 73 2739 4417 11152 9728 4870 6210 7818 10280 8960 63 5461 7167 
6342 2002 2927 2566 3322 5917 7977 5323 7438 11622 10135 11290 4079 
3612 3165 5345 7226 7726 8951 10449 234 8711 2330 3556 5063 7111 8028 8382 8384 8455 9886 10839 12056 2804 8280 4331 6469 10298 6165 268 5157 7424 8343 7938 10308 887 6565 7267 7543 295 451 278 3523 9191 7128 8790 753 631 10676 
3151 150 6965 1428 1498 2427 11711 1013 788 1024 2169 10820 
5751 1336 3408 5877 7425 1323 1995 3940 4911 675 4805 5032 5050 7185 
951 2321 8546 6857 1035 1073 1135 1333 6338 3054 3343 3622 68 
5855 2652 3320 1689 7553 8993 10206 721 2430 7347 6123 4884 7387 7341 
1860 3701 4634 10280 10231 9786 86 2303 2583 10407 9371 
3393 11537 1882 927 1794 3556 166 563 677 930 1410 4653 5288 
766 1000 4028 45 1281 10806 2217 2753 9998 9383 2971 6043 11839 5516 
6575 1100 5913 7412 9949 1396 1018 11818 8990 2682 6840 3113 804 3664 
8254 5219 9602 7608 8077 6121 7027 2727 5848 9040 9262 8092 6840 7960 8895 
8114 2933 9885 2126 5352 8829 8990 9845 10327 5224 3392 
1748 4193 63 5461 1520 8134 6635 6637 5192 2114 829 3684 10926 103 2135 5956 
4932 5406 11991 5218 9765 1637 7927 7931 8684 5163 6948 813 5881 9312 10624 1303 5460 8876 1499 4986 
3740 257 330 2029 7532 8291 11867 2261 204 267 635 674 
5462 2545 6762 5163 5693 7536 1512 3684 1361 1496 1818 8563 788 533 
2603 4556 333 9984 11580 3029 1097 7324 297 6756 564 3448 
1923 85 146 1184 1576 2117 2746 3504 4440 6777 6948 6982 8829 9706 1935 1112 
582 381 3584 1011 1075 2888 3410 4124 8355 499 9863 11146 11535 
2997 1299 2844 6718 9424 7890 782 3158 7452 979 137 264 951 
3757 4225 4301 5350 311 281 1411 332 930 6178 7548 6214 223 180 
1776 4432 4481 4957 8624 3684 3845 5169 10082 7939 9448 788 
687 9082 9293 12073 7641 44 1298 2656 4661 6024 6201 9163 9416 9457 
2326 1064 1282 1165 1956 2862 3684 4695 6267 1955 6804 9704 9724 1953 6102 1062 6678 56 5613 10037 2453 
63 6484 769 1451 1459 4857 6086 802 3331 8407 5628 5653 356 
4560 10780 795 3541 4847 4875 5653 5937 10358 304 725 1135 
352 1396 3699 6319 8253 706 3297 8504 8671 2791 5521 10777 1427 4443 68 1332 2636 4707 8920 813 30 
7364 1845 10909 6638 7441 3684 1212 2540 3206 3461 7123 
7552 2141 2660 3282 6164 7148 7485 4266 4267 9644 2658 8749 1396 1491 
5362 2393 1955 7049 6941 4627 4581 4677 3165 9532 12091 
1196 2609 8693 1614 477 5736 7864 2468 3705 6278 7859 
597 2948 3664 6463 7247 9533 10814 4919 10917 2503 2652 2922 3320 6206 
2902 4432 4481 4957 9173 3711 123 7079 2920 3684 4532 5367 8073 7615 11918 1342 1494 5997 7122 12084 452 533 1939 2437 2791 2900 4329 5324 11906 725 1468 5323 8479 934 1460 3268 3269 3389 4972 5771 5824 
3256 4458 1726 8657 395 2839 5995 3920 9255 160 5986 2636 3458 
4433 6772 290 1673 9465 9920 8815 10000 9850 
3682 764 887 8382 1180 1882 2042 4221 6772 9071 3862 311 
6215 727 1010 1075 5164 9821 10913 11355 8528 2935 3417 1465 1491 4588 6318 8472 8972 8750 9262 
5044 1860 2129 2515 5853 6973 9704 9981 482 2597 3294 7718 8570 436 1165 2920 4175 4206 4868 6057 8688 10053 4138 7803 11169 8503 
4001 9932 10768 1064 1396 2055 2288 2921 3560 6379 6780 1748 8512 11818 
7454 1325 7341 2570 4289 4606 1570 3427 5414 11800 8710 11874 1602 7347 1502 6913 
4629 8466 2192 1728 2640 2786 3149 10160 11419 411 5875 3262 4154 9518 11680 311 2676 3504 10780 1128 3374 2881 
5640 737 4585 4589 5436 9810 6732 610 614 3420 3107 3568 6415 7147 5971 9239 
5654 746 2787 3132 7479 11734 1491 3632 4795 8247 8686 
7553 5082 1396 1879 1954 2064 2533 2636 3664 5163 8520 7617 10225 11871 
7027 6257 8237 9962 1062 3247 5360 6470 6678 7284 3494 
1454 7745 10053 6685 1491 3494 4540 5360 6301 7573 8341 2734 5422 5493 8307 72 2005 6931 341 2485 3780 3088 
5150 8556 452 1062 2751 3247 2217 1500 2753 3926 9759 4800 8107 7459 9173 
5329 9813 9448 1165 2024 4839 9786 497 9042 10780 3584 
7763 11576 8041 9019 11932 2675 1525 2477 2751 2880 3294 3780 4903 5566 9885 10037 10358 
5282 484 1335 2805 4549 5121 6164 6322 9219 10726 2217 1331 3685 1497 2430 
4557 3162 304 645 754 1341 1459 1583 3759 4161 5653 5898 8475 9849 
3948 7684 8966 10075 5882 6725 550 729 11589 315 1275 7864 8511 
6617 836 873 7237 7503 1987 5718 6901 7541 8778 10302 1018 5354 6075 7264 8092 8671 2373 2452 
1406 1946 6283 4424 6346 4062 4418 7825 10096 4833 153 2952 7812 8307 
2917 2991 10768 10191 333 5898 3050 3067 5376 6186 9133 11092 124 4410 9719 
3940 3466 2035 199 292 3787 8386 204 343 421 4282 4653 5339 5658 274 1066 1281 2878 5537 5735 5736 10072 10136 
8066 4169 5721 3227 4154 2735 5050 2515 7641 1948 2448 
4504 4613 7931 205 1831 2420 3485 5800 5964 7024 7169 5886 
1616 5456 1550 4311 4387 10280 63 5461 8518 708 3277 
4031 8386 10712 8128 3148 8385 1176 1180 4225 5139 5350 10285 182 1531 2372 
2453 5169 6497 3674 11253 4805 5032 904 2373 3133 4885 2453 
7363 5387 7210 7819 8364 6057 1259 1494 4907 8616 11213 1556 
1803 5878 6637 83 3568 4339 6571 11267 4432 4481 4819 
6439 7851 11062 10909 10280 3322 6627 7185 1805 2388 6205 11685 804 9037 4085 
2813 8356 9995 2935 10441 11857 406 657 1756 4221 12027 963 380 1562 
2165 8572 1346 4419 4357 8614 4911 11904 6777 4311 3684 56 1549 1212 6211 8998 6778 12107 8134 6395 7291 
4670 6897 2602 7873 8709 333 736 3765 9866 10037 2022 3085 4468 6718 10024 11173 2393 842 4000 4911 5944 
2226 9418 181 10768 56 1212 4476 5569 1599 2437 3050 3615 4911 5038 6746 7422 
3797 3913 5793 8311 9462 9725 4251 180 215 375 3386 4972 8045 6240 1620 5046 4243 10986 11129 2393 218 591 628 731 6179 
6540 5163 1132 2410 7631 725 3550 7611 8915 9048 2321 
3789 6294 8406 201 10099 11394 180 425 751 2776 9925 
1683 1016 1130 2410 4357 6233 6901 1062 2727 6501 2126 7601 
1238 2247 7412 8573 9599 64 1836 4358 4799 8307 8494 63 1499 2084 2114 2129 2217 2485 3484 
5046 2903 2983 4458 4661 5735 6105 8583 9866 404 6696 1069 6233 6319 6625 8110 
6924 3397 2354 3517 9244 8466 1713 11979 1013 4364 3290 11194 
5582 3684 590 602 649 1304 1306 1330 1358 2235 2240 2242 2380 3474 5330 6083 7057 7428 7897 
7394 11759 11917 1212 1842 2174 2380 3514 4517 5307 5493 5720 7530 11502 
7045 1331 1056 1954 1955 2373 2727 2848 3133 3427 4978 5058 5735 
2859 4632 4634 1212 436 813 2126 2602 6356 7002 7721 10232 10327 8111 10280 2210 3975 8960 
7770 1525 2136 9212 7623 4634 6982 7759 7973 3631 1860 10168 11715 
7843 1614 2471 11064 3584 5718 11208 6027 6154 7529 1920 
6940 4922 2364 3322 3354 4485 9265 2727 7039 7601 8990 1056 2948 3632 7668 8635 
251 6057 9618 2660 2652 3320 3389 4994 9382 1499 29 5033 805 7261 8160 8550 
1305 6247 3776 5101 4331 1634 8535 67 3391 3347 8956 
5488 544 1521 5517 7010 7180 8079 8504 11524 4134 10062 1428 
3723 3290 2652 2876 3320 8954 3408 3997 4064 4447 9935 3368 173 3570 3794 5575 7669 8651 3748 11169 877 
4098 4222 7543 3862 11339 311 11537 524 199 7050 6468 6437 9425 9174 
3775 7376 4466 836 1772 2958 1600 8003 2364 5599 2878 4690 6852 816 173 
2089 11112 944 4357 9192 4993 6127 1177 4592 5768 10377 10401 10952 8985 
5308 632 4555 1499 1879 2667 7089 7706 1805 489 2144 
5052 1398 6704 5747 4100 404 1073 5996 6696 6938 7400 8066 1809 
3175 6633 3310 5038 4932 8324 3412 8977 11234 3953 6760 10482 2417 9210 11862 2609 1576 1165 3418 8504 1170 
728 3396 44 6201 1960 2855 747 5881 1719 6462 4588 
5779 4986 9755 698 831 5721 11133 817 955 1491 5497 1485 1499 2935 
5483 9363 3427 5366 5796 7073 3413 708 725 4649 6840 
6201 2320 3684 1234 1962 9380 6918 727 7083 1212 10703 10115 855 5736 
1469 4028 6928 1468 3615 1212 3740 4297 9706 1885 2002 2365 4154 5364 7073 12080 124 
1310 7677 10713 1049 1061 2548 5603 70 371 373 472 788 1130 1879 2021 5480 5640 6588 
3016 8146 2084 1075 2353 2856 9248 5034 5570 5904 11368 140 1322 3054 4649 6604 7664 1340 
1280 1075 4036 4329 9590 10249 1512 4033 5033 7811 1062 62 1018 2855 3535 5300 
4102 1327 10109 1773 3188 596 4067 5025 9925 182 8384 3730 7286 362 2342 7277 10919 6637 
7641 4162 6109 9261 1477 2766 4116 4776 4884 10206 6026 
2306 8886 4989 4150 3961 2472 5736 56 2126 4357 8286 10327 160 727 725 2393 4649 
3876 516 2261 227 1066 5501 6727 6944 7569 180 1317 2352 223 6303 
1026 1954 5278 7148 1069 1018 1955 2217 2471 2636 4421 5587 5853 7484 10283 2064 4700 11606 55 2452 9012 3277 2658 4130 10648 9801 6209 1814 4639 4662 7430 10280 8749 6952 2660 9239 10628 
4912 2554 7468 9736 11839 3370 4045 4552 1661 366 10069 4471 2545 
4525 2746 7156 7660 292 1860 1935 2142 2342 2470 4138 6170 6944 7393 
1385 5237 7611 9499 6029 6958 7046 7468 9574 9813 2358 1499 2452 11083 62 1477 
7820 11883 7430 8031 9607 1587 1819 1801 7978 11866 7977 2378 8032 10390 1798 
3645 1029 4951 9421 5301 8622 1773 2776 2567 7221 181 1098 8762 10919 11396 2073 3106 3333 3686 12091 2261 1119 4257 6474 
7064 2270 7701 2144 2246 2453 3321 4517 5541 5753 6338 6780 6948 7347 
3475 8163 2920 3144 2545 2342 179 173 188 963 9552 201 199 8608 9308 219 
3259 9574 873 160 5009 10051 2373 3133 4139 6627 6899 10726 1678 6158 
6874 2910 6831 3544 8524 9886 5566 2142 1212 3063 1015 9633 
431 6381 153 504 725 1132 2290 2952 3067 3247 8550 11048 1075 11800 
2814 1885 2365 3416 6212 7151 6027 1851 4559 8404 10532 7310 119 9347 9346 3861 
3764 4357 7185 1381 2576 3290 7392 9462 9726 10072 180 2570 10248 6177 5549 5469 6138 4154 8386 228 764 2305 3148 3389 5882 10149 
6912 8464 11898 1016 9109 10275 2393 8882 11031 3270 1640 
5267 5237 480 813 3409 3708 4835 5099 5100 5381 9129 1521 2850 4128 6464 1471 9454 5815 2658 3684 2545 
3274 8317 2410 2449 12088 4516 5556 3315 2138 6000 9270 
712 10979 44 1841 2791 3271 3664 6201 7135 7275 10599 5916 11741 
482 494 788 1056 1499 2727 7039 7458 8046 8601 11289 11814 
4220 4677 9418 10534 199 281 457 382 1882 7016 10664 8501 1477 2152 4776 725 1772 3378 8237 
7072 5237 6769 9040 11705 1065 2246 3321 3598 4977 7232 1490 1489 2373 
5232 5367 2425 10437 6111 4746 475 1695 4751 5349 2921 2515 
4988 9181 419 817 4639 4662 2322 5775 9564 9977 4287 5818 
4127 3322 5237 2881 1987 2976 257 330 1180 1534 1756 
1322 5788 698 1528 5613 6138 1512 1482 63 68 396 817 3485 5461 5507 
3068 7115 1954 10364 10812 2362 2407 8990 9939 7275 7604 10551 6678 11324 10476 148 6291 6460 9625 
5960 814 1132 11940 805 2646 5058 9251 9252 708 6206 1477 4776 7252 2101 
2132 5300 6322 7601 7846 9583 10635 93 788 1981 2881 
5371 5736 500 1474 2636 2658 2660 2779 4369 5614 5960 6306 
2372 125 1502 1506 1849 3081 4114 4907 7507 11609 2746 5038 6291 8134 1263 84 
7497 1860 3210 1842 1858 8977 1520 2079 1364 3931 4284 
6364 2878 5053 6993 7601 7903 9509 9793 9953 3303 819 788 1647 2100 2431 
7684 4906 4911 4284 7723 8009 1502 3079 3931 8503 1860 
8080 7153 2727 10022 10372 11023 11681 10814 1968 1974 
160 27 8381 10023 7238 8208 9262 1955 3416 7175 5090 5231 
6913 3519 4580 1376 8360 7126 9040 11025 1013 9068 6027 
2322 5648 6021 2786 9416 918 1427 84 9037 3113 4708 5237 10446 11616 1016 4590 3015 
3792 5846 6786 7676 11479 10871 1960 7079 6029 7774 10649 8353 4709 3301 6069 182 199 548 2261 4864 6740 
427 35 1800 4617 102 7661 1831 5964 4947 10917 4618 5736 8862 
4019 182 7687 4821 4443 4884 7973 4839 11146 303 2162 9522 9895 10228 1135 3357 4028 199 3356 1801 3664 4870 5947 
4365 2739 4417 683 2882 3931 10498 2545 262 304 1097 1459 1916 1954 
6840 2855 4028 981 1234 1962 3174 3249 5556 7973 10981 5736 6777 8350 
4434 6719 2254 8582 1183 3908 10629 3288 9419 10852 11521 
1218 8671 9293 9641 4035 4903 6057 8307 9421 910 10856 7423 
4810 359 1380 2324 2022 2456 2883 8787 2300 5064 1959 2081 4318 9933 478 2582 9421 4997 8930 4709 3026 6173 7324 
4969 366 1632 3568 5375 5735 6024 6102 8317 9163 9562 10017 9448 804 1649 2580 7039 
7366 5379 7881 4532 5101 5766 5768 1269 5094 6247 7027 
4644 5222 6468 8384 10653 1468 3277 334 2658 2826 2958 10838 631 9195 
1243 804 8079 1171 1960 7073 8990 3045 7604 4028 4211 
724 1018 8359 8635 44 725 1016 1948 2100 2387 2554 4638 6201 11358 
1606 1760 3879 6829 1080 6294 6300 1773 2921 3731 4581 4344 6297 
4097 5042 3839 3974 9539 5163 7156 8103 2482 1843 1477 2152 4776 7193 3752 9105 2232 387 1139 3226 3414 4516 4870 5237 
3382 7250 7888 4222 527 9493 166 244 322 1142 1971 4783 
3203 7803 2772 4311 8368 8960 10280 153 2952 8234 11652 
1338 55 4634 6309 7712 8957 9044 9878 8476 9328 2597 2960 5038 2008 
4809 359 9258 4075 976 5898 4090 12047 10063 10498 2004 2006 3172 
7790 2609 8111 2934 3530 2230 9866 12043 4392 1549 1836 2876 7939 7187 
236 4947 1499 2132 1478 1621 2217 807 29 453 5556 112 
706 9400 44 1065 1955 2452 2862 2976 3259 3260 3276 3347 3445 4649 4959 6201 
4489 1454 2243 2910 6021 7447 205 333 783 942 1436 4947 5616 9607 2813 
4966 4482 9464 2976 9556 3013 9749 4929 3247 3458 2064 5163 404 11584 1075 727 12096 2645 4223 4340 6540 1073 3410 
8089 5058 11197 11219 2005 2310 3551 10365 8393 10135 2025 6607 
2337 8391 1526 9533 5862 7316 11994 3485 5934 84 2739 4417 11238 1364 1789 3302 11475 4829 
7460 8518 10969 12112 12084 10402 11837 5206 3494 7193 9613 5884 1870 2005 7802 1272 11992 10869 8613 10152 
7765 1521 3708 4560 4783 6415 7384 9323 1798 2219 4077 4709 3322 5148 6769 7968 
8210 4357 4392 7812 3314 4308 2739 4417 2467 10869 5325 7448 
8138 4385 5261 5263 3541 4268 4847 5237 5783 2202 7411 
7690 8075 5916 1512 7228 6671 4115 1505 2353 2452 4077 
2214 9666 7831 84 452 1499 1863 2217 2727 3550 3684 3925 4120 4695 5163 6028 6455 
3924 1226 322 813 963 1180 2105 215 253 199 281 380 1643 2637 4222 4296 4690 6785 7424 
5019 1838 3347 3794 4575 8134 434 3722 10869 4592 11529 11528 2305 
5406 4142 6959 2323 4432 4481 4957 2560 3438 9129 4164 4688 6521 9230 506 1056 5083 
1455 72 5891 4911 4574 6778 3284 896 1067 1323 7568 56 73 2210 3368 3840 
3841 272 4862 5592 281 2342 5184 8660 233 6468 7525 11074 6851 8673 351 738 796 5724 7050 
2668 281 10681 180 7646 10696 6772 257 330 2352 272 5402 9432 247 1180 11914 
5738 3776 5164 8915 7440 8138 2322 2323 10932 678 11674 
267 2727 4649 5163 9168 1016 747 10214 29 2915 6787 10013 10906 
2299 3393 3394 3497 4210 1165 518 862 4786 6627 9037 84 1474 3504 6061 10184 10726 9866 11078 2525 8024 11388 11540 12049 911 4306 
8183 5199 4011 6120 3838 4124 3779 7135 5030 5033 
3820 618 2261 6834 6440 561 6789 8545 9550 197 887 
764 1165 2716 2862 9908 1499 4798 6024 9163 9562 45 7185 9869 
2155 2545 2649 2906 3315 3409 6901 7770 8955 9333 9950 93 10257 8079 
1877 6322 1122 1572 56 712 829 9329 8555 4907 8617 8624 9706 3648 4911 
726 44 6201 8342 8529 5319 871 873 1491 2092 6787 747 4800 7604 1126 1482 1499 2153 788 1464 805 6029 6678 9497 1495 1496 1614 3093 4116 2148 2149 
6209 727 2217 6953 9332 2856 3823 2431 995 2430 2848 10815 2971 4409 
1037 3491 4798 7883 494 3396 1923 2217 9199 1473 1491 8715 3335 8014 3539 3458 7712 12084 4516 5487 5507 6121 1056 1629 9251 6874 1819 7818 9956 6120 5736 533 8205 8963 4297 56 1860 64 2464 
3144 7532 11766 4810 8202 5028 2053 751 764 1092 1114 1183 1436 2596 2599 3224 3997 5622 6524 8312 150 4798 
3283 7694 164 1006 1477 2152 4776 8443 264 951 6932 
116 18 28 1482 2545 8350 10268 9671 2727 3315 4805 5032 2217 9332 7662 1474 3443 7601 3539 9556 
500 40 44 2410 3438 3524 5448 6201 7624 8181 3376 
1143 2515 4657 6619 6982 7006 2639 2383 2669 86 118 813 2303 3389 6253 7623 
2168 7071 153 2952 3389 5776 5962 6032 7142 8998 95 
1849 7795 1089 1274 1380 2456 3048 3408 4471 4693 5038 9621 9774 10498 10710 85 
297 8990 6632 29 10774 6024 6497 9163 9562 4800 1528 5164 11883 2219 9802 3441 6092 10020 3584 8749 114 9962 2660 8935 
4428 827 4756 6294 3232 3248 4161 10696 1349 4795 291 
1825 1056 2114 3322 3684 3931 627 1499 2217 2727 4786 7857 63 5461 804 1933 
1204 3926 7460 7601 11249 10917 1332 2489 4688 7640 62 2349 4109 5989 11478 873 1499 11259 
376 5536 30 483 708 727 1165 1325 1347 1381 1461 1464 2244 2245 2291 2453 2545 3419 3775 4627 4656 4658 4649 
486 727 2217 2393 4137 9796 1573 4998 925 569 995 40 5997 9862 
7972 2256 10981 1831 3246 3954 4268 4947 5379 5445 5964 9540 10313 10788 11402 1870 3079 4907 5351 6253 
7755 3286 3396 3620 4050 6109 6387 7185 8380 9802 11005 4184 9048 
7306 3404 4829 4841 6456 10934 11573 1705 5457 11358 11823 1466 1602 9261 10273 2921 
4983 4453 3215 6288 1146 2473 5848 5860 6924 404 6696 11943 
1107 4846 5736 5169 3584 3679 6603 4028 11732 11048 6451 
7356 1263 8364 10888 4554 4916 5055 11838 2078 8306 8308 8709 11840 4491 10444 11168 
643 1497 6024 9163 9562 1024 1477 4776 4443 56 11071 
49 56 3303 8899 1499 11912 5220 5535 9137 8781 4028 3391 8148 
6156 784 792 800 902 918 1254 1284 1300 1299 1755 3483 3763 4992 5622 9016 5174 5316 2771 1754 
4178 1056 1339 3931 4889 7336 643 1651 2328 3904 6588 6838 1752 2933 3684 3726 3792 5826 8771 9466 564 2922 3238 8540 9311 10172 11847 261 281 482 931 2205 2511 7646 9558 10585 10653 
4665 2345 2340 3430 7324 8024 8729 9420 9424 333 10498 2883 5165 359 
7975 4787 10402 2738 3246 5224 5347 6057 7859 9974 4575 8751 1827 3514 4928 10232 
4207 7989 3176 257 330 3468 6774 235 4653 5339 652 7749 
378 9965 114 1663 11945 3349 5033 30 1496 6901 871 1361 
5499 1615 2894 8562 9802 10092 7508 3391 4783 1885 2365 2658 
2854 1933 3427 10732 8925 9489 121 500 1069 1792 5662 1011 2658 
8143 3347 7712 2961 7159 9188 8032 8709 10121 9866 2388 2210 
8157 7602 2217 6205 6553 3322 6401 8203 8789 8591 4124 
2905 10664 9796 5061 714 725 3283 11251 1361 3045 8563 2658 7601 7939 747 4234 9533 4757 5741 7652 9802 
2494 419 3835 92 6948 8810 4924 2485 3347 215 652 5222 9866 
2282 1212 1436 2179 4783 8312 10332 3612 4067 4154 489 7733 9980 56 829 2865 6932 8307 485 
1556 4167 7170 303 1875 2342 5741 6381 6576 7485 7543 9582 1464 73 3721 8615 
3146 4329 4154 6109 7520 10495 150 4588 5549 7105 9140 10844 7694 10455 8170 9405 11803 1056 11358 5214 9084 2515 8655 9794 
2052 5150 7530 2162 4170 91 4986 4639 4662 7929 
2386 84 1056 5150 6627 10780 6233 6922 3247 6913 7160 11818 1499 109 5193 
5948 1849 1123 4592 736 1203 1419 10083 10315 11890 963 
6398 2475 6637 9037 3684 5237 2217 11434 2206 2470 4440 4154 4070 11435 
716 2813 3395 6659 9816 10587 44 5169 6201 6920 10777 2751 7396 1001 1499 6182 
4868 3584 388 3396 6235 11048 9104 812 6750 6780 9106 11612 3605 366 
5098 7347 2799 4308 8747 11506 11548 11591 465 1520 1529 1831 2538 2739 4417 5631 5964 10880 11173 11562 11918 10636 4397 6092 6916 7364 452 2158 2344 3271 4116 9892 
692 9590 8624 11071 11326 2394 44 6201 7458 10243 1075 6006 6558 
4152 5846 6604 233 678 1075 1199 1468 1772 2290 2636 2727 3067 3615 3894 4006 4028 4184 4902 5059 5067 5307 5420 
3092 7202 7857 9119 6711 11559 4238 4728 6182 149 181 1317 4249 5288 
7642 8134 4787 7115 8555 8055 11063 2545 1488 7600 10235 
4653 614 1159 326 387 1180 643 2515 734 4509 701 
3392 2251 8384 166 265 5139 7989 7267 6588 9717 199 4331 9183 
6340 1502 5853 3743 3622 813 2900 5214 6285 8275 8944 10397 11091 1126 2727 3202 
3744 2501 5716 7867 11486 2580 1989 3584 7274 4337 257 281 330 614 275 
8187 3370 4045 4552 7839 9923 12083 9025 3276 4181 10934 
5420 3862 6944 7453 7646 7726 7808 9503 10028 7792 11395 
2718 4231 1231 1519 3427 134 3418 7659 2545 3599 7153 109 
1517 4813 6233 62 778 1024 1614 4409 6276 7252 9046 9066 9111 9121 9952 
878 7939 8152 2470 2988 4592 8491 10856 2883 127 2277 4833 5480 6119 8754 11495 7977 7311 9000 9357 1782 7135 3389 9559 9878 
7475 8654 2129 3086 1272 9411 8709 2417 2538 4035 4122 2470 7470 4441 4138 9149 
4738 341 1377 2005 3284 11309 1075 4340 5997 11656 453 
6974 3436 8232 995 3684 8066 1073 2878 4006 5420 1075 4340 1474 2373 
5707 11694 1062 9643 9525 656 948 1056 2823 7482 660 2636 2881 813 
7200 1131 5163 6810 3776 10250 10184 2654 11818 5643 4028 4783 
4765 1521 1719 2767 5718 7204 9870 356 1481 5423 7489 11314 8825 4353 7261 8064 
7802 2217 2353 2027 3413 10214 2117 2310 2554 4028 5420 6114 9549 9554 
6993 2545 1049 1061 3843 5201 5603 7039 1272 2230 7432 9129 2170 
2033 5038 1348 3633 4040 4237 7939 3783 2278 12044 10979 56 482 1849 5387 2645 8934 122 4411 
7321 7914 10780 11096 6323 11881 6871 9956 5102 3541 4124 2264 
8303 10880 8932 10777 3416 4661 4649 11368 10483 3753 6027 9853 4559 5800 10386 11881 9347 
2780 114 166 420 1277 2335 4348 9689 11242 927 265 11869 267 
6293 11504 5038 4907 6897 9878 4425 6251 8957 4074 8950 1556 813 5387 
6841 11539 992 1650 1893 1860 1911 2609 3210 3404 4138 5074 5674 5740 6401 6645 9270 11173 2900 4870 7992 4460 
1198 4358 4410 10280 4308 2388 2470 5038 10232 3290 1239 
6268 4746 5264 8972 1928 805 3819 7964 3667 5953 5497 9291 6631 8867 
7254 8622 9925 1183 1464 1955 2832 3427 8564 11452 2453 
3096 11603 7543 149 181 883 281 8485 8657 10696 
5626 1361 1969 2515 2567 5736 8563 7079 9594 3925 8191 619 11583 1086 2126 10327 8709 11479 2995 4556 
57 3293 9518 11943 262 1769 9927 12110 1436 1773 3224 7894 766 
6956 4138 5170 5362 11500 5954 1298 8812 9810 2675 1611 3651 4870 995 2609 8671 6462 6522 
2727 5323 1940 3391 2658 7148 7484 7710 1516 5270 5908 7968 10367 109 5193 7708 11064 2277 11769 
1550 5751 8533 2180 3770 10992 80 522 1232 2120 2827 8183 9272 518 6273 6513 3227 5600 5750 8852 3082 1067 68 1484 
4115 6967 9157 7039 10979 253 10550 977 2027 2915 3068 3560 3568 4038 4234 6296 12080 1879 1955 2353 2394 8081 8993 9571 9938 2488 482 6102 6889 2453 7185 7960 9607 11634 2348 
3263 7662 9488 10917 10989 1713 9549 3551 4926 1474 4363 4432 4481 4957 6780 9501 4019 4276 4803 1512 
4350 3297 4028 8010 1987 4700 708 982 1818 1865 2249 3988 4501 5307 3397 3396 264 951 1490 1489 1086 1130 
6516 6128 7027 2739 4417 4592 3847 2313 4358 7633 2194 9756 2675 9190 11553 804 
3427 6362 6141 10248 1546 2460 6109 7364 7791 11794 11906 3846 7185 167 2727 6113 6111 7261 9184 7599 8165 8583 9519 2681 3345 5556 
5094 9104 7363 1721 737 8013 6334 1860 3347 450 8612 8070 9704 1147 
1216 10952 2609 5405 55 5367 1520 6138 4087 8698 64 
2330 56 1212 6778 6627 2597 3449 8234 2157 2602 7144 12008 100 5636 
3054 145 4267 4266 3088 8360 11803 1348 9133 1212 1860 
3898 199 1180 10664 7592 7594 1827 9071 548 6801 9146 2261 257 330 1150 4222 5345 6925 7218 6944 
6049 729 1106 1361 2921 3344 6901 8563 2137 2349 9039 
699 725 3322 7367 7420 3413 836 44 882 2410 2545 3409 
6369 1011 1499 1335 2144 2646 9939 832 2554 4720 4702 5058 
3871 2334 7543 9443 281 257 330 2261 11368 3783 1728 5736 3664 6835 8107 9130 
3666 2933 5932 6774 7400 9699 6429 6522 4456 7202 1455 5036 5291 12087 173 228 199 287 281 336 457 663 935 963 2283 3389 4074 4801 7187 7221 8950 9183 9552 9878 180 564 764 
7899 9506 6452 7513 7153 2420 8399 4154 10358 1736 1836 1911 
914 1490 1489 9685 3175 3584 5907 57 55 4006 4086 8317 8535 10936 
5770 683 1599 8960 10766 3484 4680 5899 6247 3974 4397 
3934 1752 1776 2074 2085 2381 2609 2823 3106 3207 4035 4870 6138 7049 7536 8032 8972 10665 725 1112 1138 1118 1652 1799 1914 1933 2313 3347 4146 4854 
2154 3784 5163 7775 2449 8079 11826 2675 4907 10554 4432 4481 4957 8081 9733 2554 6248 6273 9738 56 6254 725 9012 10673 10377 7284 2660 6374 
2973 4259 1322 1353 4197 1332 3347 5237 134 264 951 1016 7509 804 
7926 4911 10315 6948 7824 2661 5386 3367 1777 4989 3684 9417 3210 4868 6356 7364 9357 9497 5351 
4444 8204 4524 11943 619 5604 9022 11931 1062 2135 10317 10587 9262 287 336 
4425 9355 264 708 951 1482 4885 11048 2727 4169 4658 5050 1062 1499 
5048 10023 404 2129 5204 6696 6810 7412 8884 1480 3485 
3858 287 1346 6541 6565 9919 9947 10280 11796 12037 200 8280 1502 8751 
7970 8749 2024 3227 3062 5163 10481 1885 2365 10550 1801 6952 4432 4481 
2329 56 1212 1165 2126 2602 3368 6295 6928 9704 10327 2746 1182 9192 9547 3347 11506 
2170 150 2515 3780 730 1502 1587 5224 5536 4062 4284 95 
6669 1594 1860 2807 5493 6470 8954 9706 10971 7838 7227 
6726 2746 3290 3368 11338 11828 3840 2802 3310 3554 10280 
5563 4617 5220 6527 9816 1855 561 1864 2074 3414 4677 5057 8725 9418 
7793 5735 1549 1589 1824 1849 1871 1954 3428 6121 9270 9386 9962 10020 6251 6859 9878 10280 8616 
4378 9986 11559 269 2217 6502 2658 10726 5249 10410 6948 11839 3435 
5053 1165 6344 6948 7400 436 2597 3780 7301 8200 8433 
5953 1488 4228 7400 2218 4443 736 2594 2601 3324 3422 6233 
6918 1664 2374 3537 8884 8066 8366 1667 3354 6859 11092 11613 6798 9247 9556 10500 3568 5980 
7112 2636 2660 7989 7185 7386 1482 2373 3133 4649 2850 8350 1381 2453 3845 
400 6989 2519 1499 1522 3692 4517 4746 7038 7039 8134 712 5074 5596 
7594 1971 5882 5759 1499 1615 2144 3684 4939 6958 7729 
7400 2246 3321 6697 5329 8226 1594 2287 3593 6098 8112 
5576 3584 1647 533 5980 7191 7993 6026 6027 6907 4537 4782 
1978 4901 4907 8307 2005 2078 8365 10037 10702 11130 3725 3792 8363 11980 961 4709 
928 8644 60 2878 5891 4313 2072 3782 7554 1650 2865 
218 10981 2219 3485 6915 5493 29 2597 6892 5736 10546 807 2915 10550 4129 9262 725 10232 10280 82 10267 
2868 755 809 4363 1010 816 5220 4356 10934 2246 3321 5794 
2268 1212 1935 2126 3368 8151 10327 9187 56 3347 4146 8134 1502 2239 6056 9210 1860 4387 2746 
1667 1954 6683 7975 9814 7801 63 3623 5461 7159 1805 1802 
3790 2040 5184 6438 7938 8485 8538 8951 9920 8449 3529 4690 9191 180 201 375 
7448 2428 2394 4717 5523 4516 6065 11358 10768 1272 1361 1863 
1362 3180 1277 325 11911 5591 5457 371 8291 2989 70 
2860 7402 7400 3223 4927 1712 1556 5478 5493 8307 2597 3368 7142 6329 11048 6791 
5604 784 3085 4992 9188 856 862 894 918 1257 1367 2524 2525 8776 
4072 2819 7560 2848 1499 2545 2727 182 311 3416 4224 
1610 11173 5325 6018 2123 4432 4481 4957 2829 673 6255 
3849 458 407 342 417 424 182 399 4328 4863 5157 9919 887 6944 3920 2261 256 2372 5510 4331 7016 210 10447 257 330 
3786 856 804 10824 333 8485 1542 198 1845 3182 3912 
2753 2570 246 2765 3165 7412 4419 5378 9464 6057 9170 10366 3560 5163 6948 11998 9706 1956 
207 3282 8387 4507 4815 1073 7386 7951 9518 1499 4223 7385 392 2144 9294 6627 5736 9037 10382 
2437 4509 1212 1860 2116 4911 3615 7838 1777 2470 2333 3780 9547 804 
3852 4938 5538 180 224 425 550 9986 4006 2219 3322 
8055 7532 10681 6807 9418 6785 11537 6165 7923 1939 4458 11169 
5991 10286 11682 4613 10185 764 3151 6468 8403 8754 9418 3017 4644 10336 11589 6462 1448 3175 756 
5376 10416 10845 2170 4700 5741 5862 500 1814 1818 10846 7773 10736 
6663 887 4222 4780 5974 6438 8877 9226 9574 11559 8619 
6994 1158 2925 10379 1049 1061 2855 2856 3092 4335 4517 
6943 1170 2681 3861 10959 4428 995 1923 3014 4098 4349 5730 6114 9199 9527 
722 4685 44 404 2308 6201 6696 7044 2213 4758 4841 7623 7386 9607 3403 1272 3303 10979 790 799 
3563 9073 530 2455 3324 5157 7957 11537 7808 183 280 10226 
1294 9627 9427 4835 9622 10013 7180 5763 7604 9583 5358 8261 9769 67 8092 6624 9386 3584 6158 3398 11476 2423 2857 1094 4752 8665 
5581 9888 589 6456 9556 7477 2213 6448 6460 6780 8788 9251 9250 4986 7948 8299 
26 4 1130 3315 4512 4661 5876 8619 9094 6555 2219 11940 
7439 1165 2258 2410 6024 6092 7626 8357 8484 8993 9163 9562 10690 4174 
5281 4839 5346 8749 8958 10550 10561 8504 482 4349 6319 6931 7180 8810 9625 1212 
3108 486 4603 656 706 1503 2819 1633 10836 2515 10960 150 1146 2305 
6831 994 11174 1080 1324 1755 6008 6547 8471 9630 3404 
5812 2005 2381 2933 3347 3554 4907 8045 10280 1827 2147 4634 6571 730 4147 5445 
2569 2081 1180 3060 1842 3584 11757 9675 103 5766 10232 7142 1827 3981 
5917 3755 3786 3033 4589 4936 733 8280 1253 2774 3955 4585 6663 
5673 7851 8321 10889 606 804 1468 3503 4146 8709 9192 4799 
6415 8613 3231 1641 1263 1494 4870 2305 3942 6683 829 8073 2414 
4076 2902 1436 238 925 995 1165 7039 1514 
5380 1075 5056 9138 10979 500 9157 1069 952 5420 6140 9793 
7674 3790 5768 8696 8688 4814 9090 8520 8747 11290 9559 3985 
8171 4687 10867 10073 11674 2806 8352 8812 9929 6273 5120 3389 4773 2277 
3378 5588 412 6923 7768 374 406 4328 4331 631 7267 2372 5291 524 166 1174 
5765 6683 2160 7451 10118 2652 3320 7661 2279 10122 1646 7356 9448 9957 11358 688 905 1841 3013 
8295 7412 3277 3427 9659 4124 10181 5736 11446 6223 9124 11124 11447 11452 
7184 9525 5446 1075 9157 8862 1165 1322 7611 4588 10132 
5717 652 1499 2144 4805 4835 5032 5050 5904 6440 8526 3992 4057 893 
5882 1935 3310 1115 7685 3766 8642 3422 3763 8541 8524 
270 5319 747 6075 453 1499 2410 4800 5059 6109 7185 29 807 
7026 9676 2129 4911 9677 1056 2410 4649 7073 9573 9577 
4248 500 6662 9797 11465 1361 6322 8563 8741 205 533 1001 1647 2891 3396 4649 10364 11960 11701 10006 
1656 1274 1995 2345 3869 7324 4565 68 775 2410 2467 3699 5646 
8243 5325 9672 8110 9930 11370 3699 11050 4455 5483 6518 6913 9914 9601 9486 7827 
485 7211 5472 7615 4978 727 3681 2208 7584 9448 11830 8426 8903 40 4028 2017 
7527 7237 7601 8814 5763 1376 1977 6901 7459 7460 7604 
4395 7938 8485 5072 1183 9833 7543 257 333 330 687 7646 8417 588 1194 267 2989 3301 3997 
1187 9004 55 4421 4419 9018 9349 11622 4048 6255 10870 2660 3022 3227 3389 4443 4884 5587 10122 
6829 10039 6121 2388 2378 7136 1193 1021 6251 6253 3975 8960 11485 981 7284 10037 4799 
7240 2230 7853 1147 1376 2150 5509 8393 9061 11818 3271 5948 
206 3416 1308 2770 2776 3686 5682 6221 7458 8038 11094 9400 262 
6457 3845 7604 2273 7180 788 1130 1428 2655 3617 3619 8079 11464 
3821 7557 768 180 1386 4236 5253 7043 6741 385 
2505 7822 10172 7557 10664 166 1756 7986 7532 6693 871 287 182 
4845 10917 9338 9802 11583 11883 3315 6730 5584 10495 10054 3550 6456 8805 
7071 2660 2850 3391 5324 1069 5448 6938 9977 1381 3277 
3142 2934 6683 2515 4634 5325 150 992 10093 5736 3276 6958 4870 
5000 1197 494 404 1350 1476 6696 8860 11368 1056 2904 
4480 9332 205 725 6501 9583 7604 7534 8393 10917 2554 8092 2856 
2040 292 495 680 1062 1212 7926 1499 3277 5800 91 
2308 4800 6024 84 1013 995 4977 5366 5038 6777 727 1090 
8144 6218 2213 3403 8662 8934 10658 10726 6206 6259 8550 
1696 6506 6026 1212 2729 5686 7073 7534 7623 8341 80 2120 
7474 11191 11192 8151 4911 3211 8852 9187 1272 3231 5388 1802 9559 2417 
498 495 7197 6767 40 1521 1861 3669 2853 3584 4091 4390 6817 5666 2556 4187 
7001 1054 1072 1333 7669 2269 1512 1728 2213 3584 4919 
7462 1333 3109 9104 8465 10398 4335 5556 8359 10475 3343 8818 7121 10918 
7919 2771 1757 5622 5696 6185 7189 1868 3348 7984 11039 1769 
1027 5968 7893 605 3771 7191 62 1011 1798 4335 
4574 6711 314 4697 5867 524 3122 3243 5290 11988 1531 7547 2318 5868 
13 7039 905 1512 1869 2427 3317 3344 5570 5760 5998 9427 3 1165 
6207 10057 2905 6635 9722 11476 802 5570 7073 8593 2475 4266 4267 11326 
3864 281 1096 6468 6740 10099 180 5658 210 278 1180 
7232 1118 1502 2160 6805 1624 1746 3631 4081 3405 6725 7895 11689 1916 
5311 1850 1878 1886 7576 6819 490 1468 2545 4493 5556 6121 
2481 2803 8793 5882 5525 6061 124 6822 10184 6627 92 2217 7132 9037 
8230 5736 6805 4482 8749 3277 10606 8520 7029 4340 8217 2596 
1832 6408 8146 11243 80 2120 2727 5058 6905 9556 5808 
550 453 1518 2904 3267 10214 2449 8683 1062 810 4333 7332 11071 43 533 10809 10814 11356 11509 5227 11708 124 995 1075 1956 
2678 7347 2545 7341 8196 8218 1075 9845 3918 4223 4544 7400 8018 8632 9374 1363 1366 6109 5367 4028 7319 10929 
6819 7620 995 4222 6338 6778 6777 9576 3137 4061 5646 6831 7571 7588 9186 9419 10710 8555 
4805 562 962 1199 1274 1360 3182 3931 4675 5723 6863 8414 9156 359 782 1849 2295 3411 3404 
1326 708 2292 3303 75 810 725 1482 1490 1489 3845 4805 5032 5266 
7393 1212 1858 5596 5557 5624 8433 8516 1935 3368 6824 3835 
3558 1464 7558 7833 9197 7574 183 257 330 829 2126 5930 6827 8433 9217 
4674 2980 337 1118 1274 5642 6322 8764 2209 7509 9555 11879 
5868 3322 3094 5148 3207 7507 7505 3684 6655 12096 725 8998 2208 7089 
1253 3589 9418 5366 7185 4554 6840 9816 6024 9163 9562 10536 1550 11429 
5529 6322 6577 7754 8628 4340 12124 1016 533 6101 4735 
4516 6324 9850 3529 8295 1384 287 281 3528 3684 4863 
1816 7712 68 788 1016 1860 8079 1831 1854 3727 5964 56 
5814 711 2147 3383 3733 4652 4911 5237 5597 5596 6783 6781 7336 7718 8858 9210 
7413 1954 9952 1879 2796 6495 5110 1338 3109 6244 1311 1396 
1907 3493 2182 4469 5528 86 2303 4080 4540 8941 1695 
7224 6452 8162 10712 1132 3156 7781 4695 10315 3305 4785 10364 6100 
4170 7202 199 321 515 548 591 5306 7201 9693 9700 257 281 
6040 8504 3740 6057 2058 4229 4244 4654 8139 10521 11397 1357 1364 729 730 1946 2571 6274 
2770 10197 995 2410 9275 9678 3295 4442 3940 7135 2153 10177 1076 114 2147 
3093 2517 11559 149 181 256 298 308 281 383 515 577 618 659 742 764 1393 1411 
2729 2779 3838 109 2218 2219 2971 5193 6233 8591 
662 4467 11356 1461 8926 5960 44 617 2542 2727 6201 6801 6852 9189 12073 10219 2554 9523 9879 2920 
6301 5058 5350 5846 5508 7820 7966 3017 8903 810 11742 5139 
6930 5570 6029 2580 5128 11368 1013 2535 5542 7651 9676 9757 10302 11504 10794 4028 5448 8702 
5803 7288 8244 1726 3368 8555 10024 992 999 1019 1893 4581 4972 5307 7904 4175 
4551 9868 9913 320 3997 6138 8416 9210 1678 5038 10050 304 754 
3200 4642 963 1272 153 960 2602 2952 4311 7712 1389 3246 11836 12009 1790 449 1199 4284 4423 4419 1587 6746 1180 4146 
8112 9827 3485 4455 7536 4540 4603 3542 8064 9342 11066 
2238 97 1362 1634 1637 1681 2087 2410 2751 2994 3271 3354 3597 3687 4033 4786 4805 4843 4835 5032 5049 5311 5693 6987 7046 7400 9024 10130 10917 1831 5964 9025 1428 4268 10378 6637 6707 9189 92 1338 7604 9332 
3149 150 510 5552 1324 8577 8548 9659 559 1436 7536 
5042 725 788 2727 8723 1132 1860 1946 5387 5884 7810 2064 2126 10327 
8188 2353 2452 4963 5152 6901 7264 7361 8681 9442 8829 10528 10917 
1717 2878 304 1713 9697 82 7635 2171 6028 6905 10476 725 890 1073 1126 1322 1615 2117 3572 
2327 56 1860 4138 8644 192 425 728 6074 7326 562 6575 
3824 636 1882 5136 6816 7048 7644 193 182 3066 7015 208 
1747 2677 2676 3426 68 9898 285 1073 1075 2976 4661 4695 500 5030 5033 8632 7611 
5096 4035 8196 9928 10108 1396 8884 7022 2406 1324 5420 1165 5448 
6315 8134 1056 3931 10420 6932 7135 5556 4491 5224 788 11612 8627 
4654 614 5436 10790 7884 3755 3180 7685 636 1156 326 
327 3247 3277 1812 2660 4947 11724 11475 4106 10486 7274 3226 6825 9165 
3072 5804 148 1147 3632 6723 9103 605 2850 5381 8509 7391 
8318 7713 7541 12080 6029 11251 11998 6174 6941 7966 8520 6217 7110 12064 10203 
7880 8006 9464 6918 8825 11309 2660 2813 4616 5420 8883 9201 9284 10022 11512 11824 
5228 1075 1357 1272 1516 1879 3804 3881 5584 5865 6973 6988 8520 4709 5998 4708 8577 3584 10780 4488 2791 5307 7966 10934 10369 11468 475 952 1073 1165 1212 1512 1752 2213 3260 3271 3454 3687 3792 3961 4028 4746 4751 5369 
3070 1147 148 3600 3937 4565 6983 7729 533 2232 8632 1573 
7067 4658 1879 6024 6901 9163 9562 9037 10250 4988 2652 3320 5163 
5466 4692 5995 7625 3226 9393 3413 3584 5986 7153 7237 9971 
4124 7844 199 292 324 547 562 1096 1418 2217 2342 
645 404 727 1132 2135 2290 2325 2358 2399 3067 5163 6673 6696 7402 9427 6029 44 453 747 2410 2819 
6895 1482 2115 2948 3315 4661 5058 5237 6203 8391 9031 9189 6213 5763 7604 1376 3210 2217 
4406 5648 9926 262 9928 1512 2213 2878 3560 3568 4963 11992 533 
5148 727 1075 2117 3092 3247 4658 5169 5735 6102 9448 8355 2373 3133 
6203 727 854 863 1075 4336 4859 7076 7973 6639 8391 11612 11818 2485 2489 5163 
7433 1347 1272 1499 2219 2217 4658 5876 10206 1165 2903 5578 
4954 2640 8466 11885 2501 11497 366 6625 9270 2213 11894 
3597 3087 9368 4356 173 9816 175 292 281 374 1056 
4646 3213 9172 7604 1016 10103 6468 887 659 742 4965 
7789 3427 11766 2893 5437 11807 1935 2398 3449 3652 4123 7923 8333 8747 1576 8073 11962 4820 7448 
3384 182 281 511 543 2261 4243 166 257 330 591 1096 1756 7016 10664 529 
7546 1360 5495 6625 10037 5074 3430 6130 6509 6933 7545 
2113 7002 2147 5074 7543 1234 1962 1691 8295 9980 8721 8080 2126 3368 10327 56 6777 3071 5360 
1627 10280 1520 3931 7973 9699 2454 73 2005 1842 1003 1827 6905 4035 
4781 10849 3831 7720 2129 2515 3174 3622 4152 4649 4953 9335 
383 1062 3560 3572 5736 7181 8829 9197 9549 9929 10196 30 2025 2027 2453 4658 8948 9173 8110 11800 1713 2805 4661 7104 9630 7029 1485 3664 5656 6457 9300 9646 4889 6113 3584 6016 6455 1069 468 1056 4363 
6290 5741 8661 1165 3684 7153 7459 1646 3290 7311 829 
2732 109 5193 2217 3322 9908 10206 10780 1147 1521 7659 10726 2219 
4903 381 3322 7978 3699 1989 7475 3595 10759 3752 4028 9493 9952 
194 781 2212 2243 11767 4797 6691 29 3997 8079 12124 
8077 1955 3664 3684 6029 11073 9448 6024 9163 9562 2217 8712 
6633 2142 3276 3684 8577 5876 1165 2727 5058 5103 804 6244 11356 2636 5908 1376 
1759 2904 3267 4878 10682 981 8591 1335 10932 10228 3368 1615 4638 5960 205 1953 2753 6157 6910 351 68 
6445 4006 10062 1016 8079 3141 3353 1018 3226 2437 1056 6113 8359 975 9555 3441 
5031 4827 7623 8739 1934 4844 6157 404 4432 4481 4957 
2759 9122 1948 2791 112 3227 7340 2383 952 1075 3226 7812 9210 2658 715 1168 3942 3389 6503 8754 10716 1016 
3649 9443 11373 180 182 175 311 2304 3471 4653 5339 9552 1096 7244 5974 
3827 306 5974 4262 6535 1176 3639 7390 6717 7755 201 11537 3809 
6325 805 2657 2691 3077 3696 4688 4734 1074 3518 7844 5453 4019 5989 11586 2554 3173 4443 9802 9955 10367 10646 10816 11475 2452 3867 3994 6448 3398 4170 2688 11094 8705 9758 9772 6662 1814 2581 2720 4464 4700 6014 6961 6982 7886 9060 10227 6076 8876 
4297 3827 205 1338 1361 1925 3344 8563 5771 7380 12125 892 5169 2129 
7108 4006 11584 11054 10141 3541 3554 4098 4870 6063 7121 
6094 7458 6901 6182 8079 725 3413 3845 6028 4028 3711 9952 3764 7867 
2951 9248 6858 8368 1281 2636 1132 1468 1529 7147 8986 9952 
6186 11812 2471 7697 8079 9351 7831 800 2727 3684 1130 2373 3133 3700 
3019 140 1298 1344 2293 3469 6453 6456 9125 10168 960 1840 7987 9597 11280 3772 4006 5353 6462 3743 
4084 665 1374 1404 701 1355 2599 3224 238 4044 1358 1773 
4924 1946 6283 1814 2313 3727 4443 10455 1381 2515 2645 3101 4048 6119 
4783 3129 1099 2596 6294 8417 432 827 4644 5895 9925 
1161 6645 8977 4087 5378 5644 10129 64 3275 8324 12020 8698 6778 6960 
1109 8090 638 564 234 246 267 652 2342 4677 8382 5636 684 1062 3862 5157 6774 8247 
1333 387 1145 408 1024 3940 62 653 8393 291 303 1162 1189 4649 6024 7048 7051 7360 7759 7958 9163 9562 
2026 7341 1687 2014 7752 452 2557 2727 4649 4768 5876 6489 
7304 7400 5952 7712 7745 2595 3514 5644 5645 4962 5379 7000 5378 5955 4647 3238 
3961 385 9714 254 10602 4840 3249 1234 1962 4289 217 444 728 2044 2386 2363 
341 3175 5936 8390 8551 1016 1350 2688 5033 6061 6232 6662 30 1801 3391 5192 6029 1381 4352 1885 2158 2365 2539 
357 9576 163 80 1396 2120 8103 10446 11468 10535 2027 2064 4269 5009 11469 11368 6780 5735 3541 3418 4797 30 7781 
6403 9866 1408 6838 10037 3304 6928 11715 8577 9951 11818 
5492 545 556 2246 3321 5314 10812 2431 3416 6450 10844 9192 9866 
6169 727 725 2595 2844 2920 3050 7046 2740 3035 7478 8079 787 9486 2344 4116 3344 4028 2349 9332 10957 1016 4648 1614 5945 6901 
8209 7031 10587 10867 10934 11284 2791 7876 9964 11617 4455 11012 11309 2465 
3969 380 417 1298 215 8761 9394 663 935 269 2277 8903 
2221 1954 4695 7461 7931 8437 9098 10554 12053 2135 6298 995 1649 2117 2903 2948 3409 3404 4482 5029 5578 5996 6217 6235 6967 7252 9464 10587 11321 5736 698 3497 6704 9499 4877 619 
6722 2925 5056 11825 3021 4002 6493 7089 8719 8840 9673 12122 
5325 6024 9163 9562 11048 1056 1520 6250 2636 8276 1490 1489 1494 
1632 6362 7392 10526 63 118 1631 1802 1819 3818 4027 5461 5800 1842 
351 10737 1131 9556 7121 10072 6420 1234 1962 7781 1062 30 8520 7615 2379 10397 2380 
3391 701 4032 10710 11803 166 1238 1860 3404 7413 7617 9037 9754 9821 9925 10630 11914 
6422 2333 8681 5102 9547 2470 4581 10280 11143 829 10129 
5714 3205 8320 1212 4654 8516 5768 646 2467 11488 8305 
6554 3310 3840 4903 829 1212 2129 2746 3368 4907 5952 2799 2602 4909 10437 2597 
1859 3896 11717 804 2888 10732 619 9427 11514 1713 4503 7665 708 816 1069 2727 5771 10317 10587 3436 7752 10585 11708 80 366 
7727 4581 4873 1721 4786 7774 8296 11449 11886 3988 4091 4255 11446 
3097 149 181 9550 9943 10360 10664 7901 6191 5502 9418 
7638 2815 6170 5405 4342 1477 4776 7000 2673 8429 3074 7506 3260 
7977 6635 10261 6637 7115 10037 10917 1834 2515 8998 9888 
113 18 28 9099 4284 8134 6197 4156 7864 10094 10152 4129 
3919 1277 8660 432 1279 3216 8743 11801 201 3232 7937 11204 2035 5996 
6703 3005 2340 8255 10768 1380 1089 1553 4028 6461 929 
1166 6184 1946 2277 6284 1940 2583 8946 9058 11152 11155 11493 55 2313 2960 6121 10315 10316 
3430 167 3925 7532 8079 8122 8317 9733 9852 6172 7536 2339 2357 
7867 1946 2602 7284 5379 1658 5194 6375 8903 6251 10315 10981 
6667 6074 1502 3975 4657 7083 9462 804 3931 4911 6247 3790 9335 10232 
3702 8574 3684 1011 1287 2923 8223 6082 173 1967 8359 9055 10268 3226 
3559 9506 10137 173 269 281 534 5184 5288 11281 11373 11537 183 457 492 663 935 1418 2035 2342 3180 7822 8403 10163 10447 5573 393 406 1412 6109 
3983 1540 728 8385 8386 199 2047 2329 6944 4262 4664 355 216 324 
2927 1949 2741 4028 2984 124 3413 4340 6678 5876 2985 2987 
1499 4132 8993 62 813 3630 5509 2281 4116 9332 150 4648 6232 9789 7252 
7261 2876 11592 9210 11201 4981 7866 1182 2614 6066 7518 
6181 3029 782 891 900 1062 1299 1905 2064 2666 3247 
8049 3449 11652 1923 8754 4907 2388 5480 5768 8234 3152 
4957 4233 8518 10626 1776 1176 9945 3862 2342 3769 9552 415 4653 5339 2417 4225 
7605 4661 6678 2064 7385 8466 8542 9497 8750 3850 7256 4528 7252 6786 
1513 8349 62 804 4649 5033 8915 1024 1743 5237 6231 6322 4702 5773 3925 
1500 2299 8369 473 2345 4941 5929 7844 62 1274 7324 4987 2883 
7392 7252 4129 10206 2230 11612 7733 1165 3132 4884 4443 5483 
1467 1212 6257 6262 3352 4225 4669 10172 5038 9305 63 5461 1165 7274 
3495 2536 7128 5188 293 199 591 3119 6789 179 201 396 686 7226 
631 4802 9896 804 2727 7931 8687 11003 81 2931 5604 6223 6859 9952 
1898 8618 8358 7506 10911 5740 10946 10604 412 10178 2515 3151 9547 8177 5445 371 4870 7448 1949 6683 3783 11840 8107 
5865 1064 1165 3684 727 5319 723 10780 4169 10364 7468 9293 10276 
7603 3231 5307 11676 1473 11980 11769 4575 8564 2210 5378 
2232 3516 7507 5853 11612 9305 992 2807 5496 1666 5038 56 5703 208 1348 1942 1949 
4415 264 864 951 1062 1069 6678 8355 8470 8558 9157 10531 380 1185 4006 8152 1067 5042 5077 7782 9810 
4052 1201 3581 469 4327 2971 9691 8668 3324 8652 2040 10448 182 4684 9995 311 
2361 1350 9392 1819 1885 2365 3441 6142 11996 3458 2219 7026 84 1818 3979 11124 2217 10268 3442 4130 5231 9802 4535 4006 4028 3391 8507 2971 3539 3981 3986 2471 
3133 9777 341 5351 465 1556 5038 9706 150 3368 7864 8234 11807 10831 1512 1648 
3874 7267 7857 281 3180 7016 9174 180 1416 7957 311 6468 216 
5201 1615 1573 9489 9448 4802 5571 5582 8938 9504 9801 
2188 2212 6057 8200 5330 2234 3074 8405 6300 6534 8037 96 6593 8504 
6683 2488 2490 6324 6904 7237 10917 5351 8308 912 4805 4835 
6852 7470 3946 2388 9012 2727 8982 2921 3277 7089 1075 8066 7238 8546 10266 
3884 7532 202 391 420 1142 3862 5066 8382 8386 524 3639 3997 5764 6774 199 427 
7736 9462 10232 1512 12080 6678 5687 11333 2308 8998 9137 
2769 2845 6273 2714 2850 8577 6250 6378 9042 4028 7146 3018 
6197 4432 4481 4957 1031 1499 3560 4360 727 1512 1647 4843 
7273 4677 8316 2921 3026 3127 3404 5632 5765 6782 1180 5038 5356 10705 2081 2300 
3073 6501 148 747 1130 1879 2727 5367 6605 6840 9332 1601 1220 2080 4136 4154 4800 5411 7185 8193 11356 11464 2615 3109 4702 836 627 708 975 1018 6339 
6972 995 2230 3404 5164 6804 6919 9685 7623 1497 3344 4777 5354 1361 
2715 1713 5483 6666 9094 3458 3539 8507 109 2217 4321 
21 4482 9464 1863 2948 6988 8692 9816 9965 9511 6980 8704 4432 4481 
6748 942 1360 2878 4871 6928 8045 8709 9434 9192 11819 
4752 1279 2372 6393 3910 4880 351 1199 1080 1254 1284 8313 7618 9394 
7493 1272 9270 5163 9816 9950 12107 3458 2437 1831 5964 
2752 2820 6805 9381 6000 506 996 1574 9518 112 479 1073 3684 11908 5701 1889 7555 6934 9729 632 4345 5666 
4807 359 784 1299 1314 2666 2740 3026 4657 4992 839 
2296 653 173 56 2380 2865 7759 269 1605 3250 3529 
6200 727 2064 4658 6029 10587 9816 10317 2015 2017 2862 7688 9518 9558 11824 10865 10866 8884 9892 4482 
4604 1325 2968 11504 315 11239 398 3035 9062 11928 11368 
155 1525 1520 1923 8124 9199 93 3973 4892 1510 25 2609 4094 8107 10069 11595 1529 4245 103 
4036 1689 2653 693 1215 2081 3151 3422 4625 4764 5189 5286 8449 9443 995 636 1736 6675 10382 
781 4517 11642 5169 6029 6840 11034 11099 62 4269 6338 11452 11449 6577 10780 11818 7759 46 7160 10280 10928 1011 7994 3939 4028 
6280 1259 5445 2667 4540 818 5648 1905 5378 8998 962 5397 8810 7452 6265 8200 1942 10232 
6418 5894 7623 8307 813 4911 5237 5884 6778 8027 9866 
1794 502 504 506 1498 1496 2217 2387 2410 2427 5420 6387 8359 8546 9332 995 3635 6629 7274 68 9977 1933 2354 7684 8966 6456 10729 2076 1707 1194 
3713 995 7623 234 329 591 659 742 1085 7016 7326 7328 8748 9444 
3130 4377 9928 665 853 1404 3301 4380 150 5902 466 6703 
999 4963 1298 3617 10884 62 3606 6777 7460 8015 11984 
6259 10761 3743 7536 8357 8484 10727 814 805 3692 3693 4329 4532 6140 6678 8555 9291 11085 11509 
6310 4649 4028 7104 3396 10920 7669 3343 725 5882 4432 4481 
4331 4810 5068 3879 9928 11549 9419 4540 262 1479 2491 2212 320 754 4691 5680 5899 629 304 
8152 9268 10867 2636 6061 7325 7522 8509 10905 5570 9977 2217 11604 4352 9644 11824 4276 
5429 11494 6577 11537 7413 11857 3013 990 3128 524 1939 2333 
3819 193 4681 10792 287 5184 2342 326 392 7751 303 7346 7443 683 893 979 
4508 262 1764 3308 8313 1773 2243 5330 9690 1448 1456 5653 304 1445 3879 4940 7207 795 8224 
6980 1381 4113 5736 10630 1634 9290 9908 1048 2353 2645 3584 5735 6026 9476 
5309 10232 10280 10791 3128 8613 3984 6614 9210 10573 11163 11918 
8176 11143 7820 7951 5578 7115 3347 6144 2313 4308 9270 
6113 11356 2123 1049 1061 3711 5603 7252 1328 1955 7183 727 3551 6831 
31 153 2952 3089 10037 2126 10327 1548 9235 5607 8111 55 4432 4481 4957 9866 1996 6138 2383 8307 5352 5351 3870 4657 1408 
6208 4033 3428 3375 725 11818 2453 5497 2727 1960 4649 
5713 6718 782 3126 8785 8787 646 792 1120 1299 1367 2599 2824 2844 
7554 6899 8368 9332 2727 4885 8619 8512 2153 6205 1407 4783 
78 10232 1870 3975 1520 4308 8998 4311 55 4419 6210 4357 9462 10280 3389 2467 4418 6174 1585 9537 10231 
6523 10280 3842 5012 9532 10232 862 1260 1289 2523 2525 5301 6309 8786 3485 3706 
5832 10323 1118 1196 1216 2388 3295 4125 4442 8321 9866 11078 715 1170 
4417 1170 2545 205 1718 2273 2656 2834 4797 1953 1955 
1227 6048 1838 3790 64 7193 813 1812 3985 7167 10280 6885 
2508 9998 8993 3427 8884 5848 5058 6203 5794 11356 4071 101 8990 2452 3226 5199 2200 7906 
1223 11022 64 1946 10869 12107 2746 4226 6777 5038 10971 
237 2811 2905 3752 6232 8299 1481 7475 8516 9280 2217 4464 6522 2158 10709 29 482 2230 8253 
5411 4105 6991 10039 10402 2609 2874 7838 4469 4478 5038 9885 507 2852 
3250 11537 158 6717 4876 515 2261 7957 292 281 399 1416 3525 4938 6035 8748 7826 
1648 1084 3684 1499 6024 9163 9562 81 1512 2545 5517 
2485 1547 5881 8974 1229 1490 1489 8466 8892 9820 9787 6234 1072 92 
958 1548 1646 4532 5074 1824 1849 4448 5954 10315 10981 3731 61 55 8111 10232 1587 3368 4468 2739 
283 3753 5038 9330 11177 5409 8535 12017 9952 10290 29 3877 
4161 7267 3639 10696 269 281 391 11077 8485 199 432 4230 4764 
6845 8368 1736 2381 2230 3776 2570 3607 4943 7895 2820 1367 
2343 8584 8915 10005 1630 6058 11583 84 6223 7632 10649 1619 11071 9791 
4396 2106 6182 7048 303 326 7958 7199 7594 8630 267 
5531 2437 4491 7967 3276 3310 2949 4028 4523 6627 3392 533 8290 3584 3931 6645 9037 
1698 3697 10008 11911 805 1499 4940 6465 7416 8263 8862 9104 6928 81 3413 4472 7468 7960 9602 7445 134 3622 4203 8561 6701 7027 84 205 788 
7039 1062 1212 1713 2373 2410 2453 3133 3247 3584 4124 4903 5275 5351 6678 7528 8307 
6802 1073 5846 6730 7073 7694 11095 1075 7387 7558 975 
7201 1121 1560 2746 5757 8000 1197 5514 6219 6235 4657 2515 3514 
4199 2183 4263 297 2408 3077 4130 10367 11015 246 7568 620 675 2188 6568 6738 10302 10315 4358 
7942 2222 9955 4734 11215 11942 1814 4390 10380 4333 9302 10812 3622 10680 2636 10113 11222 6662 11753 2218 2720 
2652 2889 11451 4535 11100 465 4947 7153 10780 7947 11269 6403 11159 11446 103 3174 6874 10355 7356 
4122 3180 10172 375 399 4225 395 246 6072 3127 8028 
6605 6019 836 3413 11368 4963 3918 2727 5989 6465 2153 6452 7604 
6224 8990 1094 725 9501 2652 3320 1529 8080 3845 10975 11368 4444 10794 12124 7632 
7533 11531 1955 1954 3113 11676 10410 8431 2533 10964 2379 3341 7664 11209 3277 11896 3584 10759 
3358 199 6437 435 524 716 5298 6179 6192 7215 9271 11014 216 2035 240 247 4221 7959 511 7015 180 292 311 647 6303 8212 4262 175 520 3471 217 225 386 
1025 1340 6029 1075 1147 2360 5169 7073 7553 8079 9638 9733 10365 10849 11047 62 1428 1979 2542 2655 3619 3630 5989 
4895 3165 1176 1180 2342 9532 12103 865 2415 1172 396 
5214 5023 471 614 2343 3324 5061 8403 9074 2074 2088 
4405 11760 4977 2822 2851 264 951 1016 1298 2850 464 10278 1056 10700 1482 6591 9039 10046 
4409 264 533 788 951 2430 2431 3271 6901 7684 8966 3550 
58 1393 1419 180 258 10361 10801 304 701 764 2921 10919 5581 7043 265 6191 5899 506 10803 7792 4764 7714 11337 308 442 2332 2352 7016 414 520 448 2055 3129 11369 759 1279 8879 319 2886 3570 9072 11967 267 580 1066 4797 10951 
6190 1645 6751 3684 9555 3416 4349 5300 10917 788 1954 4517 
4828 1954 705 2437 1165 5163 606 730 3684 5164 5420 
2148 3405 782 482 9210 7470 3721 9630 95 2333 3484 
4015 3862 4225 235 635 674 4222 4795 4860 9150 9567 
4918 10316 4240 8751 3389 406 1713 3290 9878 2467 11525 
5566 11939 1498 4565 4977 6450 10168 533 1057 1118 2949 3436 4335 4649 
1845 2664 341 1266 2597 2602 3253 3392 3835 4924 9706 9998 84 
140 3556 9443 24 3723 2261 3910 180 267 5501 6774 9394 5253 2335 
4597 4675 317 333 359 780 1274 1565 2300 2867 4318 8770 9419 11403 356 1167 2491 
382 30 1062 1461 1572 2025 2027 3089 3247 10254 2108 3519 
568 43 11356 11708 4340 5960 6203 9189 1528 2652 3320 
1049 2774 6891 11368 1333 2727 4805 5032 7368 788 1072 3416 6452 1968 
1799 4649 2453 3260 7666 7274 4968 813 5367 6810 7146 11268 7728 1960 6768 3385 9035 2774 5882 2135 8317 2920 80 2120 4432 
4681 1477 2804 3324 4776 6572 7218 7957 625 614 3422 
8227 2580 2950 4046 4163 4445 5120 5736 5860 6713 7430 
8233 2605 10870 6590 8148 7684 8966 11945 10781 3428 8591 9903 
1659 4335 1018 2012 11818 264 951 1782 1923 6174 5796 8878 
1348 5790 7038 10268 9796 3391 11003 1782 4028 11325 76 5796 
7705 8027 3985 2276 2157 3983 4592 5163 1499 10069 
4142 9636 957 2804 5573 11242 7018 9070 254 511 548 2047 529 11167 199 520 5306 7221 10000 4653 5339 378 7557 
6536 862 910 1260 1302 2300 2525 3027 3085 4318 5150 9049 7912 10856 
7831 2862 2921 3845 7611 4555 11480 2667 11448 11818 1598 1928 2570 3551 3819 5433 11452 
1031 8787 3368 938 979 1942 5646 9017 9192 9121 55 1949 
1704 1064 3684 5163 7527 9735 804 3779 4742 6102 7368 8352 8504 9293 10475 1013 3286 8678 4203 6607 6958 7161 
4691 3276 6057 8814 4081 6276 8416 9559 328 962 1915 4892 3752 7604 9332 780 1274 2787 6718 7737 9419 10043 782 3763 2383 3038 5566 7452 7890 
887 4657 710 1653 1849 3175 3207 3389 4815 5323 5324 5864 7414 7889 8971 991 1468 1885 2365 7650 8958 54 1626 3631 4632 5148 
178 4661 9095 9678 632 1323 1251 4274 11368 10069 2935 
4638 5136 3180 6397 1178 7686 11377 5706 6944 5776 1405 
2614 6877 11523 7413 10731 2153 6655 8512 12005 6227 10495 10645 10650 2154 10051 10647 11452 5330 8237 105 
292 44 62 4649 6201 9952 29 10138 10509 880 725 1396 
5915 1860 8515 4357 10952 2079 2478 6122 3656 6637 3368 6699 5468 
3510 2600 3243 7586 10456 11731 273 257 330 3377 7548 10107 
1694 5398 56 730 3776 6657 1919 2005 9706 1860 8045 63 5461 4786 
3012 7150 2939 2942 1075 6905 4335 6885 8546 140 6174 
7796 8234 3641 2313 3727 8613 8747 9989 11951 4118 1556 2388 9777 10232 
3258 8566 160 3541 4875 8290 8358 2772 6398 6948 11840 10342 3484 11018 
4722 9559 2129 1146 2587 3383 4308 4419 341 6777 4019 4902 10118 4974 7422 
846 11549 1956 1955 6934 8534 9816 3684 10921 8989 9120 10972 8121 1472 9842 6547 7089 
4476 205 500 1482 1607 2217 3477 4171 4185 4884 619 1491 2950 8070 1333 6750 
4725 1212 1935 2005 2287 4114 5351 5445 6184 9706 341 
3772 2088 3106 3324 4306 6936 4241 173 5282 2699 10178 1629 3404 7401 1644 5716 
6417 3247 4256 2025 6678 2123 7311 5799 4370 1804 6637 7023 
703 452 2410 2791 5771 1477 1614 2158 4776 44 6201 9189 5960 6232 10214 2221 2154 11356 5796 
4385 1474 561 5184 963 1449 2273 7350 7792 8079 525 873 5637 9927 205 4670 10062 1307 1757 2545 
2125 3958 6017 1667 2313 6138 4357 2361 8990 7316 11085 3725 5679 2212 3855 10812 644 2073 3333 4575 7049 
5511 4035 8810 6241 1842 3514 11143 2432 10129 8654 559 7553 10094 
2555 5519 9928 795 802 4644 4805 5032 6140 124 9759 
3664 5794 8452 10676 11077 311 1054 6547 3322 4098 188 283 331 343 
7239 10750 1147 5199 6915 11096 2660 6914 7578 9802 3493 6913 
1303 55 257 330 2960 10377 4074 8950 3250 488 7802 
6535 862 8786 6621 10286 11234 2381 9952 6070 10983 7963 
5327 1860 3389 3584 4020 10087 8520 698 727 1381 2409 4432 4481 4957 7039 9249 
7402 2545 1165 8862 5453 8934 2652 3320 3708 7406 4077 
453 5884 1259 4401 2876 39 5074 1946 6057 6283 2667 4592 553 
6011 2230 5829 2410 5956 1056 4566 3931 8802 6273 9335 8632 2727 2658 
7274 2393 3913 10798 11800 2933 7536 9321 9249 10168 2125 1776 6408 11313 4925 2269 1170 5851 5507 11613 4309 4491 
5570 3404 3485 5735 7459 8041 11358 9952 533 7708 3441 5736 1058 2308 6571 
986 4394 1396 1322 1363 1366 205 11287 817 486 3458 6029 
7030 9196 10013 3247 9293 9497 1062 3322 11249 3051 4700 
4177 417 432 8829 3231 788 548 1013 4259 3148 7684 8966 8079 1521 1759 9951 
6199 727 1018 8079 2856 5518 5736 9028 1165 2217 3277 
4960 1013 8932 1728 2481 4382 2205 2308 4091 5985 6160 7668 7839 10972 366 729 
7616 1482 3343 2155 4113 5311 2158 2395 3845 4800 6901 
5633 2652 3320 4512 9169 617 2356 5736 6859 11819 3636 8812 3277 1713 
1148 2722 3013 9510 5124 5747 68 2032 2640 3684 4383 
7023 3427 2358 3413 9293 2249 10808 11048 1062 11084 2660 7968 11329 6157 
8282 9093 8934 6786 7122 9971 2948 4822 5535 6195 8507 
7961 12119 5797 11148 9350 4427 10783 9239 1801 11839 3795 
268 62 727 995 1165 4649 6322 9129 10364 790 799 878 905 1062 1075 4335 6024 6174 7073 8915 9163 9562 2727 4658 7022 44 67 2554 3413 5169 6201 6463 7613 500 1572 1819 3277 6321 6332 8719 1573 4154 6465 8520 2652 3320 29 502 504 4360 
4023 268 7938 7015 806 2666 9116 5692 7646 1043 8871 8122 246 1030 387 1936 2074 4281 182 9008 772 1277 3639 
7323 2230 1335 3427 5163 6480 11159 1241 9284 1338 2254 6100 3541 9930 
5825 704 804 10280 9192 1860 910 1212 2081 2816 3975 5351 
7034 2133 1062 1482 8079 4555 3541 4847 4875 2219 7121 11703 11998 1165 2878 
3628 3286 4658 9574 2427 4638 5407 6206 8934 6203 6994 184 2372 
1916 4078 5815 6613 6931 85 1544 2821 2850 3226 3227 4081 6962 7261 
2512 5735 6938 1512 1734 3277 3584 443 9383 3417 6273 
3435 10913 2126 7287 1182 3727 5038 6778 9826 6676 6057 3383 8089 9994 4523 5161 5916 
1522 11804 205 2544 7835 8829 10424 2494 3539 5531 4208 8138 68 
4083 238 1214 2212 2599 2679 5158 5691 6478 
4255 270 7424 8264 4238 7678 9926 9419 9792 11631 3035 3158 867 2173 9984 6466 10043 11592 9988 262 850 1324 5971 7452 8241 
922 1176 7470 9833 2277 8998 1842 8754 8234 9012 1196 1216 3389 5645 
3592 5880 9572 8724 7475 8291 381 199 515 761 948 1180 1996 2702 3639 7146 8761 432 
6578 7493 10939 6781 6933 11195 3733 4419 7167 8721 840 4930 6285 2208 3931 4308 4391 5962 6057 6251 10482 1239 2333 2999 3383 
866 800 950 1261 1314 3285 3763 5648 7452 7089 2640 54 606 1165 1299 2844 
1346 62 2344 2349 4117 7046 7601 9877 75 788 1072 1135 
2679 477 3322 3584 4981 7132 7153 7866 8070 9042 7661 10228 1640 2636 2971 4700 5153 6059 10726 10932 2219 2323 2660 4124 11871 
7391 1212 1321 6478 10640 5397 6183 6253 2212 2685 3855 5224 6368 9816 
4876 2074 2347 3414 6843 9810 614 5717 2180 1774 4774 8796 1933 
5951 2404 2328 2921 3404 3770 8147 1668 1775 739 4598 9472 2363 3477 7443 
3315 8884 7959 9418 458 275 764 10855 166 173 4225 6944 
1525 9464 68 2219 2420 3240 4028 4497 5016 6627 7664 8070 6885 8303 9346 11691 11268 7683 9137 
3902 199 269 257 281 330 852 3556 8695 11103 218 2261 3684 5300 11508 1016 203 292 377 423 869 
3636 385 1689 5771 11559 6431 7016 11731 438 1317 4809 5402 4225 4240 887 5106 235 10720 181 311 199 
4553 406 257 330 8577 5345 5771 6717 7135 7492 5314 6769 9552 3468 3862 4225 7592 8295 
6670 8133 10242 10934 2488 1054 4783 8122 10214 10069 2554 906 1565 5117 2324 6831 
4930 8476 10283 961 4270 10535 6028 10726 11560 9103 7883 8998 9908 11702 3843 5201 
4679 1274 1487 337 783 3058 4447 10498 1945 2991 3050 10191 5031 5664 9210 1232 3028 4666 5693 8734 11403 11542 1367 1323 3144 9272 902 5566 1302 3035 7891 1301 
361 1504 2230 10813 727 1075 1165 3067 3227 7252 9952 10364 30 1049 1061 2025 
7082 2665 3276 6857 6907 7992 1069 2512 6221 11566 10528 
648 3664 2249 4846 5960 6203 11243 11249 1018 1147 3067 5058 5237 6206 6512 8359 
5038 1165 2230 698 7268 7516 10917 2219 2217 3304 6277 6673 2386 6459 12118 2856 8845 6696 404 905 9734 1396 2995 2420 9317 2994 
7804 2092 3247 4695 9576 11048 11249 7682 1572 6102 11260 
1288 4160 9469 4636 4512 4432 4481 4957 67 3398 7184 7183 11054 4802 
7729 4517 11159 2127 2846 3277 6864 1516 11642 7252 7632 1512 4010 6465 
3141 9555 11818 9525 11911 2895 150 708 1971 1993 5763 6125 11494 2727 4512 6905 
7063 2722 5556 5747 6006 8066 9270 11613 5126 3376 1867 1709 10915 6106 
1953 6961 2658 7968 1094 8749 8039 7317 4359 1529 7366 1474 8550 11960 10013 92 84 2101 9977 2636 7274 2660 3226 
4795 8963 987 2129 3096 5131 981 1012 6109 10037 359 
2699 10561 2702 2410 119 2137 4786 10917 1512 2217 5237 761 109 4287 5193 
3794 246 417 193 642 910 2081 2437 3152 3554 3615 3638 3999 
1085 453 2727 3664 6901 7687 62 729 804 1054 1165 2949 3777 3913 4335 6952 
5347 1455 10288 2700 9263 2497 2660 6754 9980 1398 11157 
6826 3246 1314 1396 2453 2666 2921 3186 3563 4455 5898 9359 10265 10317 12096 2668 
4245 4221 7267 311 281 562 759 768 2352 4764 6303 9550 
8278 5614 6938 11306 4784 6890 7575 9862 10004 11366 2914 6279 4394 
6204 11804 1424 4455 2066 9952 4649 3247 2888 11818 8490 10364 8684 6110 8350 
4209 199 278 548 2040 5184 9952 9055 9999 591 7937 7200 7957 1678 
5586 533 1024 1335 9334 1073 1670 4028 10454 4649 5169 
1728 4311 63 4947 5461 166 281 1756 4677 324 508 5658 
696 4929 9555 62 2820 10356 6322 44 6201 6462 6450 5058 6465 11384 
2436 6914 1499 2452 4544 4800 5876 9133 5459 6024 6750 7553 9163 9562 9678 7185 10860 2727 11705 
2806 8134 1802 1212 2746 7923 10437 11129 11130 5038 1860 2313 3368 5915 10952 3721 6314 11226 1838 8747 9885 
8030 11539 3368 5894 10053 2126 2485 5445 10327 5074 5038 9581 8518 2147 10776 7470 1860 
7661 2322 2573 2728 3277 4535 4813 4885 5033 5050 6061 8528 8958 
1926 7712 11719 11221 3322 9137 3277 5056 3705 10484 10700 5848 9347 92 11363 
5645 654 4991 5714 736 3007 3904 9810 8907 3765 1136 9544 9641 626 3414 
4982 1165 3684 4037 4148 7739 6973 2064 3845 6140 8619 2682 6027 2217 6338 7185 9129 6174 9797 5902 11818 5539 404 
6609 3524 5214 3531 804 7002 7838 4491 5534 1212 4293 11509 
7882 5348 9246 1689 10683 2410 2641 8246 8692 8929 6769 
4909 1520 3931 7973 10026 2230 3777 1521 1910 7417 2410 4097 11818 
6226 3508 8810 10497 2064 5604 12080 1516 880 3814 10893 
1126 10165 2064 5722 7264 62 10774 7627 836 4028 10141 5542 
7249 11766 10384 7554 7818 7812 1156 4253 11935 8380 8320 10093 
5501 747 8323 7159 3247 7812 11717 1003 2602 6595 11305 
7084 4178 4180 4199 11654 3000 5641 1658 3262 4854 11942 6102 
6109 4504 1380 5320 4645 3127 9485 938 10841 7678 1180 764 3368 6936 
3693 1000 2679 2887 9937 8264 192 1327 5158 2815 8487 
4043 5288 10720 199 233 292 429 554 652 5205 9150 9550 9925 10109 
3390 166 202 348 1066 4222 5222 7938 8485 235 2342 
3978 4795 5345 604 392 509 1180 216 199 513 567 597 3931 547 
439 6303 6468 321 1031 1736 1956 4329 5878 7039 8532 9460 10178 10672 181 4517 36 1879 2389 4554 9157 533 996 1792 1955 5584 6113 6977 7354 9335 5545 9922 2342 9248 2372 6402 2805 4685 4801 4805 5030 5032 5033 5198 5200 5422 7016 8307 8619 8986 9919 11654 3271 
6514 6683 5161 4410 8998 10037 10437 11502 4125 6657 1832 11570 12107 2547 
2529 1274 2340 2345 3407 3430 8785 6116 104 976 4064 4447 4717 5689 7324 8090 
5374 3285 800 5648 6541 4560 8269 1165 3684 10934 
5227 7978 8662 3725 3839 4311 7818 475 4746 4751 10936 
3800 435 2047 3729 5510 6090 7548 7786 10567 7805 5491 335 180 5245 5246 
1689 804 995 4132 5932 6780 9448 9609 10559 9952 81 
2181 2554 4649 1158 8671 11623 495 1016 4335 4702 11818 1521 3315 533 11794 1798 84 619 3541 
3699 3325 5612 10099 11767 11916 223 385 181 1773 2042 5974 
7311 1369 1360 3913 1860 2005 4366 4040 4237 4284 4554 3368 3517 5891 7880 
483 1695 40 1948 3566 4335 4516 6026 7185 9678 11494 11818 4116 
2143 129 260 2045 2122 2989 6113 404 804 995 1075 1649 1955 2353 2453 2791 3347 5327 6233 8354 8359 8577 
3644 175 173 311 887 1178 2342 3471 4222 8403 4221 233 287 336 376 375 2261 4225 6626 
4141 4129 10541 10546 2427 3404 6958 4565 11084 680 4077 2129 533 4802 3458 11358 1466 7694 205 
2702 9337 3235 10013 11363 6232 1062 1614 2154 2155 2344 2350 2792 2796 
4989 10920 652 5222 6569 734 736 10330 3773 612 640 1145 3422 7679 
4469 205 2471 2580 10395 1094 500 4940 8331 11449 1741 
6098 865 1573 1788 1888 4900 6678 9910 10317 727 813 1069 3883 6026 
6928 3428 8932 1100 9783 10358 8154 11826 4008 7353 5885 1013 2483 8862 11330 7142 9596 7379 4988 
2370 84 2230 3397 8862 2583 9427 1361 8196 8563 2290 
6710 2439 4577 7513 6562 8957 9878 933 11769 11766 4432 
8085 2568 2772 3246 6614 10152 4358 2147 1996 11150 11152 6822 
1287 3295 4442 11143 55 465 1946 2819 3931 6138 6247 6253 8437 10021 11170 11178 2746 3310 3368 829 2609 3967 5405 8616 8618 10705 11905 4907 6251 7663 10315 4592 11807 11907 8960 8998 1212 
2291 4907 5445 56 2005 3727 4313 8307 829 4902 5038 9330 11539 9417 10096 4575 2418 4074 
6783 5381 5881 3954 960 6616 6778 7148 11796 4411 5515 
6316 7083 6944 817 995 2727 3264 4019 4709 5948 11477 9253 1512 2308 1135 4124 10677 11566 
2054 1165 9210 8954 3211 9952 5608 3070 4448 2602 5360 2704 56 6778 4822 7193 4803 10280 5495 6285 10605 4592 1836 3206 
5427 1298 1512 2308 4829 531 6755 9093 1468 4798 5556 804 
2456 1343 3664 12117 7252 1018 4649 11368 1841 8237 92 10044 9332 10078 
6029 1695 2082 9210 10114 10283 727 1075 4785 5736 9106 6389 9406 747 
6739 3043 5570 1361 8563 1135 2373 2453 3133 6678 2101 2092 6206 
8296 3584 9729 3427 6302 8043 3387 7412 3817 3276 3445 4077 4225 5736 6537 7110 7861 10497 8969 
4213 813 1802 5695 2776 1080 3185 4067 4675 1459 262 
2405 1573 788 7742 8778 1477 1615 2152 2395 2818 4335 
4382 2129 11501 2515 7380 4100 988 8255 8710 11575 675 
8218 3451 6138 7939 11173 2609 3778 8109 8504 2515 8200 11223 4308 4311 11012 6746 10952 9021 
8135 6672 7651 8398 10526 6742 2178 7994 11321 2216 4432 4481 4957 
8015 1883 4400 4621 4800 4819 7760 9497 9695 11582 5483 7024 9121 
4412 2135 8110 205 2636 4036 4416 5736 7628 8205 8218 10363 8156 1615 2452 3020 
2574 3277 8418 2467 6066 11215 1734 100 2356 2625 2626 3347 3817 
8141 6054 2208 3324 3936 4261 4330 5061 5065 3987 7745 
7730 8275 1499 7553 8632 3449 2921 11054 2437 9728 1946 2920 
2318 56 4907 4911 5038 9417 9706 11508 3780 6471 1121 1560 
2630 1345 4028 788 7753 1647 5038 1613 105 836 2149 5319 
669 1689 7478 1647 1165 1499 2453 3396 4661 5819 6151 8671 12010 44 822 1575 
6384 3931 1646 7812 8307 1506 813 4833 4993 6247 8316 4419 6253 5480 8032 6251 4925 5858 9357 4392 7825 
2019 6560 11634 9055 8942 11945 1620 234 2342 4124 8951 3511 9418 7400 7849 56 
2831 118 1939 8518 1867 2637 3449 6567 728 3151 11842 12043 
7390 1212 1802 2126 2313 2763 3584 4357 6138 6221 8311 9766 
4856 1167 5025 5552 4305 388 5895 6146 7204 9628 6541 
3518 1176 4225 8985 4642 3862 246 173 188 835 4653 
6504 6453 6463 7121 1165 10022 3247 2652 3226 3320 11818 2076 860 9905 1347 995 
2844 7341 8621 9679 10062 120 1390 7902 10894 2452 4309 7684 8966 918 
7728 8270 10280 10377 7159 9952 4560 9021 11670 11939 1512 
1424 109 1573 2217 3277 5193 5448 3354 4124 5311 68 698 
977 3684 57 83 264 951 1073 1381 2027 2144 2333 2452 2453 3247 4086 4339 4695 5163 5420 11184 761 1689 2374 3016 
7436 4245 11071 1376 1496 4488 9877 10636 5763 11814 7536 
2579 1768 100 1734 2652 3320 11794 646 3144 645 6597 
979 404 2609 2813 3352 3720 5129 5739 5800 5917 6696 9393 10243 3246 4006 4836 4911 5884 6822 7385 8534 57 63 1075 2078 
7374 4592 1282 2597 2602 3101 3741 4357 5267 6138 8111 8696 8698 10414 1938 2109 4460 6056 6777 8709 9559 10037 
2207 6859 3684 9816 727 84 3260 3560 3568 9037 11100 9551 1868 6320 
4797 8940 1361 2919 2928 8563 3863 8398 10526 2264 4443 4875 2688 3229 6323 374 
3863 180 281 3174 7016 287 5306 6445 199 321 336 
354 905 8066 83 2025 4339 4702 2144 4661 1499 2027 4649 10988 
7021 1065 11112 2475 1062 1380 1499 1565 2144 2340 3035 3404 5566 
2461 3295 4442 7227 1364 9994 119 8550 5056 6174 92 4094 4287 9541 7187 11221 5857 
4202 199 274 11379 292 2261 11394 11615 281 1209 9231 
1623 1345 9192 63 730 2807 5461 5810 5891 6948 8518 8998 1860 2739 
3429 167 3354 2099 2219 2217 5736 6679 6797 6913 4986 6914 10225 10226 10227 8893 1016 1062 1094 
4608 1769 1115 6441 11065 10576 5072 3301 5027 5552 7543 709 1483 10629 6440 11537 311 5680 7512 
1912 4220 85 166 183 222 246 266 257 330 393 413 652 960 1054 1756 2269 2682 2921 3210 4222 4657 5222 7337 
1909 4228 317 1323 3277 8910 5301 2447 2532 2867 4951 7692 3936 10330 193 1002 1067 2180 2343 3227 3324 3414 8102 10789 12091 85 2921 3389 4581 7284 10715 12020 829 
2684 5735 11753 4124 7385 7386 1588 1802 5736 9537 11358 7039 109 
1167 9233 399 5188 266 515 7590 9071 375 2037 4240 5463 6880 1934 1511 2393 7083 8078 10158 10384 3120 9495 9558 
7369 2636 5855 5772 12028 1165 1381 2027 2394 2645 3159 4231 4588 5876 
6047 3368 1212 1695 1836 2485 3961 4911 6923 12043 1860 2587 5445 10037 10242 
5192 475 4751 4746 1488 6344 3347 7641 6799 11268 465 
2858 802 5937 1136 10118 5651 8876 9690 665 1404 2278 4419 
4620 9192 4321 5038 5974 1212 1939 5915 6035 7621 9799 311 2147 5740 7002 11570 
4236 11984 3176 257 330 524 2261 2335 4727 6468 7808 281 
3113 2410 7079 10936 4040 4237 151 3240 9656 1165 10316 6123 5800 4364 
2227 4517 4601 1543 5261 7536 1361 8563 2104 8357 8484 56 1018 1016 4335 8359 829 973 1056 1477 3931 4631 4776 9133 9955 
5506 3347 995 1056 1512 2840 3396 3584 7434 8972 9679 1526 11422 533 
5331 3400 4622 1728 3096 5131 7038 8352 1863 495 1857 1933 2393 2652 3320 4234 9157 804 
776 3684 6814 181 2352 3772 4764 9467 5658 6106 9074 3691 326 2047 254 303 7986 2035 4795 8485 1836 46 1086 
3796 7749 4251 6567 287 406 5510 180 515 6944 7888 9520 532 
4655 540 1499 11895 9261 281 561 3551 4729 
7225 2602 2609 2065 5074 6777 2791 4137 8555 1147 2560 4649 
2681 3417 109 1075 1381 1887 3276 3312 3584 4130 4649 4695 5193 6029 6651 7978 
7517 4649 4947 5101 8070 6913 6914 8518 8526 3632 1361 8563 2545 8818 
1268 7188 62 1075 1649 2217 2805 5865 7063 1062 1396 
4172 9703 1436 2768 3365 4691 7686 246 5837 9130 1923 
2627 11320 3763 9970 1023 5968 11873 105 199 392 709 897 1842 3956 
6507 813 8619 2376 6024 9163 9562 6338 7153 1072 4986 
5021 1073 2791 2925 656 6755 434 5448 9820 8876 4695 8578 4223 6306 11964 1075 9555 9915 10004 2353 2935 6627 
921 1985 2136 3277 5347 8045 9974 9549 7291 3441 366 10892 4295 4276 57 4086 10086 
6968 2502 3845 6865 7260 9338 995 2230 5819 6709 1789 6679 7274 8010 10102 10173 
2915 4097 6692 5033 124 9801 2660 8189 5453 3426 4947 10551 
705 4281 2921 44 6029 6201 2490 1490 1489 4649 11479 3949 6898 4033 729 4478 8366 
4198 5447 7792 199 2342 7768 9071 3528 278 1770 3483 5062 
6490 6849 4182 5800 10614 813 995 2217 4547 5163 6233 
3631 9156 9418 861 6693 180 7272 6612 284 4837 9240 181 6785 558 6214 247 
4492 297 10768 2988 4574 675 333 359 2787 2883 9770 10765 852 2788 3054 5381 10364 4407 11189 
6016 1860 2437 4972 2005 1935 10152 3615 4284 10315 4911 730 3368 1272 9866 6933 4868 2903 5947 9192 6777 5038 3722 11803 3347 
7055 1948 2381 6982 7316 1064 1165 4154 6065 8428 5779 
4826 3206 6948 9088 680 1502 1512 2305 3290 4911 9908 
7295 2208 1950 3227 5598 3664 4234 5346 1600 6982 2540 
7128 4617 4006 9766 2826 4184 6221 7929 9009 3352 8059 
5146 452 727 813 1333 1519 1573 1807 2362 3485 4628 6901 6990 7103 7468 7750 9555 2751 8700 
5762 675 3035 7891 8787 2991 9017 1089 4693 10768 10710 2453 2456 8504 708 
2710 1499 1979 2155 7604 8814 109 873 2310 5193 4388 
6257 4154 812 7847 8081 4276 6798 8180 10542 10798 11601 2916 4441 5121 9219 9583 11100 
4287 5646 6679 9419 1301 6189 7511 7545 10358 9652 235 5157 8485 10447 11633 8797 8871 1096 3180 
946 9253 9252 495 8778 10527 9802 5736 8199 3280 8042 2323 4978 57 91 4086 
1766 63 5461 12124 2317 2869 4634 2568 3985 5325 5102 10232 
5554 1461 1464 7387 564 1726 5747 6547 7470 9968 12037 1274 1995 7875 918 979 1302 
2580 4225 564 6462 9952 6460 103 1526 1529 1525 2379 1062 3822 4702 1521 2153 
915 9188 1621 4311 4418 2571 10249 5962 6247 6746 10889 5631 7815 3389 
2278 2949 4657 4313 5038 5813 6657 6777 9507 3819 1939 84 5021 
1116 1042 3984 6402 8066 8570 5878 9276 10093 10838 2470 11879 2592 4592 1020 1212 2624 3615 5038 6575 6645 10332 11840 11357 6309 2157 5445 6470 9434 11433 12043 10393 829 4972 6333 8049 7889 7184 10952 
4387 3754 7792 1106 1165 3684 6109 6462 725 2421 3550 4888 
6373 4517 5366 9172 10206 10269 810 1525 1756 2217 2535 3413 6322 7073 8789 6840 11711 11744 
4208 5237 5746 8079 8493 2791 11025 9082 8092 11945 9038 9248 264 951 
713 44 3684 6201 10647 836 2727 4649 5420 6109 6562 9525 6627 3270 
2822 3404 727 5541 1165 4517 10290 10382 4154 5237 10380 2410 6038 2823 6651 10728 8470 9042 7254 9041 1516 982 134 5088 9037 7386 1381 3622 4028 5366 2219 5735 1499 2621 5736 7022 9249 
5103 3684 6104 11911 725 2535 3227 8619 9094 8079 10013 2320 4028 
6343 3715 1024 3778 4702 7073 819 725 1130 1147 3067 5420 
2871 5948 4575 1272 606 8051 4386 8027 122 125 2739 4417 5891 
379 8929 30 1062 1464 2064 2117 3247 1073 2348 9422 2025 9157 9999 62 1780 2379 4287 9930 84 6952 10481 11096 67 8840 
622 701 3074 3684 1165 2364 10006 11947 725 3722 816 5875 1024 11029 3226 
6025 755 809 4757 8470 2646 4136 4203 7216 9061 10813 11218 1194 3188 
4278 1192 619 1096 2261 7926 8466 8538 9443 10696 3862 
8031 2545 8079 5366 3418 1860 4911 5721 6731 7701 7976 8110 8408 9393 10317 11824 2129 4138 
6531 8353 870 3998 3035 3182 3912 3999 5648 5646 7452 
6392 2695 1464 6141 9256 813 1801 2568 2658 2835 4351 4352 
6468 4482 7876 5448 813 1831 2536 5964 8587 11422 8504 4929 4871 
808 9335 3048 1242 1233 1487 4476 5301 52 11873 5648 610 
3981 2517 4664 7016 426 12060 250 5922 8162 9445 4262 
8297 4754 9751 3467 6123 3334 9518 9391 4516 5556 4181 4364 
1772 5148 68 5736 5735 233 287 9978 7556 2710 7986 10841 173 7505 395 
6661 5323 10913 11009 2027 2108 3247 6603 7667 9109 904 12109 5519 
7161 10168 1658 2681 4068 3174 3485 10169 7929 2553 6914 
3909 203 281 1096 7016 199 292 515 930 1410 1419 3862 6445 9210 216 2342 636 643 
6588 788 3684 4649 4702 4835 8296 9733 9771 10917 2410 
1317 1001 1647 2949 3271 3312 3684 10239 4649 67 1361 
265 6928 2290 4288 4700 11527 29 472 1075 1407 2204 2645 3051 5030 5033 5517 
193 11036 97 4169 10364 4907 625 2554 5763 6203 7602 8079 8092 9189 1664 1728 805 2727 6206 
3381 550 202 5285 7543 1096 568 580 9150 11688 347 5157 182 281 407 2342 2372 3920 5188 6468 10107 311 166 4348 4706 4723 10696 
7223 4077 8145 8628 9250 9877 10726 4170 9525 6109 1148 1229 10677 
3221 4426 5126 3210 10123 11152 4539 7206 156 493 1105 2230 4616 5385 6374 7159 7542 9762 10231 10280 9089 
3388 166 311 433 2342 6944 7532 7986 886 894 2081 
2879 8771 8671 2746 9952 123 6831 3151 3763 4811 562 4517 4729 6718 
4110 1763 7776 2212 8047 8733 3525 5934 6294 199 9928 11390 1773 262 
2175 11528 7120 5038 5351 5422 95 6777 9706 4854 10141 12083 7287 4581 3615 4284 
2230 8556 533 2437 1361 8563 3344 8342 3397 5163 2515 2865 3211 4903 9321 7237 8555 
4327 281 4262 5139 5350 374 2773 406 9921 4690 10653 
4466 795 802 4067 9189 1711 262 907 1773 3048 4375 
3828 4377 6478 3686 8589 2776 5078 7286 8602 1321 3908 2862 9978 8128 
6050 4806 1307 2599 2860 5937 9980 9988 903 11549 8416 11127 766 
7181 1499 2948 4203 5814 7299 1571 6010 9100 1075 2723 
5294 5038 7400 5272 1193 2651 5952 7409 2609 1182 2126 4911 10327 11173 4094 
8168 8293 2261 10891 5222 5766 6749 9920 5710 8538 10917 
345 97 2958 4340 5794 6914 7073 7153 7185 7219 7578 8546 9145 9293 10849 4223 3939 2995 3270 5797 7232 7797 10476 11896 9802 
8261 4169 6140 10013 4800 4164 4234 6840 10228 2791 5397 
2169 5654 11676 4471 9400 8092 11048 6780 3738 3418 105 2888 3092 873 1272 95 
2617 3265 1165 2791 3664 3684 9733 10559 2545 105 725 4649 871 1477 2152 4776 453 952 4977 5033 9040 464 5034 6408 9623 
1518 9820 10739 100 2890 4345 5749 11001 1831 5964 7662 4028 68 533 
1319 161 162 62 3924 4340 6780 7022 9464 9589 9363 
7024 1361 4356 8563 11509 7073 3467 9252 1075 2117 8354 6026 11920 1062 2076 
3167 1556 2485 5891 8027 6122 2515 9994 713 1516 12004 502 
6561 2449 6708 2751 7181 5853 11509 1648 5473 8619 836 1978 2241 2921 4028 
5842 3752 6933 6051 4146 6251 6285 1923 7621 708 3290 3410 6253 
6833 4074 4393 8950 4389 2392 1777 8140 8503 2733 981 2174 10168 1105 
252 6978 10913 11237 100 2820 5677 1075 2117 5997 1338 1396 3684 5904 6678 7063 8355 9696 12096 3303 29 
1479 2005 2597 2727 3931 4903 4907 5445 6448 6928 7073 7973 8079 8789 9802 62 727 3622 3649 
3979 8157 1752 1882 221 533 804 1212 2005 4911 9418 10232 11612 1923 3931 5573 6138 
1318 8778 75 1499 1814 2727 2881 8359 1087 4255 4335 5358 11368 4649 5796 7161 
6464 9925 3686 3301 5072 1307 4376 3451 5330 829 
4100 425 182 2005 5351 199 883 4021 9706 245 4019 
2697 1468 2410 109 5193 788 1361 7811 8391 8563 10351 
4624 4491 3418 6110 1955 11937 6111 2217 3248 9058 9223 326 
4693 333 1389 10094 606 2910 10169 6501 9225 3554 10903 
5157 2153 6901 7073 10364 6332 788 1298 8079 5058 11356 2727 4767 453 
8127 3225 9443 4118 6056 2462 2786 3149 9192 2147 12107 3276 2609 4094 10952 10936 
1360 5786 62 3297 207 4358 10280 1649 1062 3247 10232 
3353 514 524 887 1195 254 358 273 11055 6429 
2452 3365 11071 6288 9443 5240 7786 3227 204 3576 9919 11371 
4197 7958 246 1199 3584 4284 4906 1178 1212 4907 4911 6540 
1271 11599 2217 3485 4870 2024 55 4212 8045 1652 2765 3490 4146 10169 
5275 4316 8532 482 1955 3391 3584 4661 4852 5975 6262 6760 8535 9170 9349 
8150 4940 5258 11694 10358 10707 4885 6713 4028 3863 2217 7135 7664 9767 3550 9541 10780 2608 3584 
775 7994 62 81 97 708 725 1143 1132 1147 2888 3067 3937 4649 6092 9196 9293 10364 1075 2848 4994 8535 3568 3739 
2203 3400 6780 6901 7458 97 3550 11054 6109 1361 8563 
4639 10768 683 4040 4237 705 359 9017 7781 1926 3347 3785 3335 7507 1869 2991 6522 944 7939 9012 333 
1409 181 1402 9071 11378 4238 887 10653 1923 1831 5964 1176 3752 4681 5144 
1411 698 727 1075 1987 2449 2904 3267 3711 4770 6655 8510 9157 9464 3550 3575 4291 5079 8805 495 1332 3578 9332 841 873 1016 1062 1382 2293 7073 8079 6160 
5621 776 1242 2666 5894 10041 9963 4581 7266 615 772 792 5566 3035 
2316 56 704 2005 2078 3347 3615 4077 7287 7712 7733 9210 10702 10918 
2135 1842 2587 1587 3068 5963 6924 7301 8433 9207 153 
4231 3214 3481 377 6087 524 776 4320 4263 906 550 5172 2713 3135 4323 4324 
8017 5324 7387 10803 7385 7935 1888 2437 4006 4091 7386 
8287 8255 9420 9424 3035 4447 7185 7793 8423 3430 8787 
3366 10533 8445 166 182 292 391 432 939 5285 7841 9130 1916 7759 
4192 3301 8499 3007 3180 5113 5116 5573 5594 7267 246 
3374 5157 234 1410 2342 11537 199 1096 311 11371 324 
365 6028 30 1090 4077 4565 10013 11048 11228 804 3560 
4847 10038 1863 3217 5151 7781 8520 8915 5483 7764 7665 9486 619 2025 11048 1485 
8116 2432 4631 5556 9699 2126 6928 10327 11879 3368 9547 11064 
3183 3389 3975 8754 9188 6251 6253 10232 153 2952 5480 9357 11553 
7135 4255 5571 5582 11066 2653 2667 6111 10979 12014 5101 1989 2949 1499 8550 11363 11889 1094 
7424 11275 1165 1468 1987 2437 2545 2837 3347 4028 6109 7632 
7979 2114 12043 1836 7470 10776 11358 7484 3441 11839 3442 
4146 7155 9886 258 431 618 736 1096 1176 1180 2342 3862 4225 4645 4801 5157 5447 5710 6165 6626 
5819 11071 1196 1216 5367 713 2544 3584 4154 5736 7441 
6038 5365 4380 847 1060 4612 3748 4276 9888 10606 4589 
2701 6851 6626 4225 395 2452 6725 3416 8470 794 500 3413 787 1820 3940 109 411 1156 1818 3229 3878 4904 4986 5193 7073 10206 
3634 1274 5646 7891 10321 333 5047 9851 10233 10768 3027 3423 979 6525 6598 8024 8998 10628 173 2069 2210 2597 3782 4907 6251 
6185 6464 995 6456 6462 11297 727 1024 1477 1661 2452 2791 4776 5319 
7386 6777 2676 2755 2746 4094 5644 8200 1277 5646 7867 
6869 10317 10587 11900 1268 1347 1933 2554 3247 1011 2806 4432 4481 4957 7182 5808 
6839 11504 981 11032 5038 6777 9878 3776 2960 3389 6568 
5190 11575 9925 1565 1986 5648 9095 9928 10768 1181 3759 
2264 1165 3614 4815 5049 8972 10257 5556 5876 7753 11358 7252 9769 804 5881 1234 1962 6160 366 549 4006 5333 7291 10047 9269 8118 4498 5766 7114 7132 
6526 725 873 1398 9733 10913 3812 2338 2452 3478 2599 9980 10446 
7905 2062 1827 7441 11338 3753 4822 10917 5961 3554 4311 4582 4893 
2433 10281 10929 9137 11577 2545 5163 8550 6029 6901 11960 1132 
709 44 75 381 1003 1049 1061 1110 1516 2217 3344 3602 3664 5237 5603 6201 7838 8740 8990 
4550 257 330 787 1322 6203 11778 2249 2379 3109 6891 8079 1333 2421 
2690 1464 5163 2846 3260 3684 6203 7604 9157 4800 11217 7745 109 2147 
1460 2310 5989 8529 7604 62 1361 3303 7460 7701 8042 8081 8342 8563 9583 
2083 8572 4911 9506 1860 4907 6778 829 56 9211 2501 11992 6982 8709 
35 7 329 326 1015 1468 2771 2921 3862 4139 6715 6718 9117 9925 10917 11936 6 351 469 2545 3763 8228 9888 
894 727 1075 9977 10380 54 1879 2025 2027 2156 3247 9754 1011 1954 2595 4340 
7538 1376 7711 8371 10859 11929 3437 3667 8621 7232 12017 
2123 1381 3247 7073 93 3461 4645 9532 709 764 2249 
5525 1492 4169 9497 9877 1499 1649 3247 5169 5946 6678 7458 9197 727 1075 2353 
1566 8234 8568 1212 1695 2313 2474 2590 3277 5901 6184 6450 7151 68 
7895 9544 4517 5059 8122 11026 10062 5433 9101 9533 10671 2918 9280 3207 12124 10330 
3387 240 887 166 8356 5776 11603 526 7202 11538 7267 188 180 203 217 265 278 324 418 509 1022 1192 2342 
3017 919 1064 140 1075 6113 7219 8512 2121 2373 3133 5163 
1352 1477 1502 2317 2320 2793 4028 4512 4776 6547 7156 62 995 
4383 1769 8313 9016 763 9548 6086 285 6597 
1328 10444 8709 2381 4981 7866 1580 5133 1391 1364 153 2952 4123 11152 6982 3389 9559 4911 6746 9952 77 5387 3984 11309 1121 1560 6833 7248 1112 
3466 11331 11415 396 500 3179 708 3458 3539 5763 264 951 3227 8499 
4714 11838 4870 7193 8134 6625 9192 10334 11840 341 5351 
1913 85 56 981 1212 3664 5445 5493 6778 6777 6890 9525 1127 7859 8433 5608 8080 541 
7090 2364 7099 1573 1073 1615 7683 1075 1165 3404 6835 8577 2158 1614 10636 2660 9335 8489 3540 
3361 1120 2342 166 182 303 396 2086 2347 4560 5863 3124 3175 4305 6182 7142 
6496 1381 2597 6899 8079 8671 1387 1407 2660 4700 10364 2554 2958 6319 7484 788 
2351 1860 3150 8134 8619 6632 84 4592 1502 589 3459 2305 5479 
5703 5340 1065 8796 2328 5736 1360 1797 11353 830 3784 902 
1097 69 4582 6646 6702 9295 10228 10632 10845 10964 11831 80 411 725 1640 2120 3772 
4522 696 11373 257 330 716 963 4225 4801 4851 7215 8944 1094 2217 5101 8534 6518 
6601 836 11356 5865 890 1063 10214 4909 5876 2453 2645 5351 7047 
2496 1660 3069 92 3391 5014 4560 10215 9038 109 5193 5483 10644 
5791 2682 2921 3396 9755 9866 3089 5231 5578 5872 6324 7121 8556 9879 11814 855 700 1521 2206 3699 
4848 9448 3391 9778 11504 1885 2365 7385 7386 8624 7268 
2310 56 1212 3392 2746 3494 6897 8433 477 3368 4611 5038 8531 9706 10053 2005 
5539 1122 1614 3475 4019 7252 1784 2682 2148 3413 4638 10813 10917 11604 578 4164 4700 4884 11818 11243 10814 2153 3813 1018 1072 1428 5311 9574 1477 2152 
5949 4432 4481 4957 6111 2379 3113 5762 11721 11487 1573 1615 7192 8520 4124 8299 813 5800 1499 10777 4593 10991 1955 11896 9781 
4777 4471 6977 2428 9965 6637 2383 2658 2751 3042 5237 
5458 4513 606 7978 11181 1520 533 5378 5162 4062 4074 
1297 5652 6165 7720 9925 63 503 1026 1754 4308 4388 5352 5357 5461 7159 7470 
5435 8076 3628 3242 533 727 3413 5163 11251 725 4688 
5659 9063 3160 2914 8506 632 1879 2217 3270 3427 5570 7781 9952 1462 
7028 2485 1062 6029 6678 11096 6690 2453 3975 6119 6209 
1045 2502 62 619 1094 1274 1465 2153 2205 2640 3772 4893 5329 6620 7073 7324 
6978 1016 7697 8990 2410 6026 6075 3315 10280 2249 7876 5736 6203 9133 2727 
3810 6657 1104 3554 6638 7861 10129 173 961 1112 1118 2126 2602 3514 3776 3856 4903 5445 5579 5644 6645 
5773 10927 687 1755 4212 6086 6456 8470 11421 766 
1203 125 992 2333 2587 2746 3152 3368 4308 4911 5038 6932 10086 4414 1723 8555 3737 55 
5804 4367 1520 4940 5272 9637 10024 1723 1039 11130 11169 8020 9885 10458 
4054 359 683 701 1380 5764 410 628 2596 3126 3182 8787 4589 6172 11934 4774 241 387 
3432 1391 4574 673 1518 4283 6289 482 1505 2308 3247 6414 8010 10979 
7155 2524 5283 6444 1968 1974 2010 2826 10849 11005 11604 
1457 3295 4442 62 1338 2358 6160 8731 9028 9060 9952 11509 205 1049 1061 1522 5420 5603 
6573 5860 8237 871 1024 9888 1016 3259 5214 3606 2557 3619 
579 6465 2173 2210 2263 5039 7187 9210 44 1298 3804 4077 6201 7142 7232 10280 
2706 6914 2905 6913 6915 6922 9951 109 5193 5324 3584 3347 4035 6221 9765 5956 7142 11552 1056 
2220 8810 8954 9760 9951 1313 4151 6676 2597 2677 3554 3706 2249 5164 97 452 871 1322 10558 
2843 120 3945 6182 3999 8024 10856 303 620 1781 4717 
8108 3290 8134 2597 2129 11511 2538 7002 2685 9547 
8246 3349 5677 7153 8958 10411 9227 9649 11552 2819 6276 3207 
7718 9129 3276 11412 4029 2905 9295 1652 2452 3397 5467 
1221 1212 2005 3780 6897 9706 1842 4506 11905 55 606 3584 6253 7815 8341 8516 8960 11413 11803 5507 
4628 1446 2882 669 2051 5653 802 352 6086 1124 2212 8111 
5082 1615 4076 6322 2668 2590 3827 4986 8958 2570 
7888 1695 4124 4540 1934 2129 3277 5563 5954 7117 7121 7939 8520 8709 10523 10952 11800 
3285 164 8042 8443 533 747 2217 3398 5554 7492 8098 8317 9695 11358 2429 2431 9427 9604 453 7252 
1205 3241 6640 10546 6026 4028 62 2366 2153 4688 11818 
3103 11452 4432 4481 4957 1340 725 1499 1482 11251 7458 
2305 6897 2005 2587 2865 5038 8308 56 5237 11650 9129 4028 10037 12005 1499 1879 4656 6102 7341 8123 730 
5807 6988 4432 4481 4957 2734 1664 6645 12107 3722 8518 7566 
1470 62 9611 5408 1923 3940 6725 7867 9199 11486 5535 5876 4120 7604 
3823 209 511 728 7016 8293 10724 12057 235 9552 5157 6132 258 8247 10792 11378 173 1277 8455 9071 603 9619 10447 
4814 545 556 10184 727 1075 1490 1489 4785 6114 7238 
8050 1923 8993 7052 10672 2727 4977 10214 11702 2515 4109 
7573 4221 5577 6468 6711 7957 10216 6716 2860 4247 1452 
1041 6982 11073 5736 9549 2904 3267 2317 4287 68 1056 4297 6633 11510 55 
364 8881 11555 2902 6859 6875 9802 11883 30 137 1018 1322 1804 1814 2144 
1195 1176 1186 1180 2636 8532 3638 1172 5480 7628 10891 10363 175 3471 6329 9357 1118 
6014 1888 3304 8600 9786 11634 1696 5134 747 788 1132 2213 
6333 3684 788 1135 6029 7185 5773 6456 8619 11353 824 11368 8010 6462 4471 11974 2153 4132 
8018 6913 7632 1955 4505 3560 7364 11143 10479 1923 6952 6987 5163 8765 7142 9347 9346 7783 6050 
4603 736 11565 614 689 3933 4281 4324 7958 8141 11117 11844 315 675 
8125 5009 9464 4459 10062 7964 5995 9230 2424 3615 8583 9816 10651 
6500 813 2348 4432 4481 4957 5632 7468 3276 4006 6029 10637 1094 2353 3043 3684 
3687 1180 2406 3595 4653 5339 336 394 6827 189 401 400 1176 
6436 2230 6780 3664 10642 11326 9939 841 1382 5989 6905 1376 
5602 4585 5939 612 11381 965 1133 9544 3414 4589 3420 
4837 11224 11221 2437 8139 1018 5161 6568 7759 725 1396 4340 5049 8504 10214 10550 11570 5033 4028 
2192 6777 95 9951 1360 4540 8134 9192 2547 4911 8555 
417 8621 32 727 1679 1678 1732 2230 2639 2881 3196 4120 4309 4466 
5175 3502 463 2126 2333 2597 3780 7287 10327 4491 4903 5352 6746 9866 5224 1827 1842 3514 
1448 3622 62 9951 11818 4432 4481 4957 5164 6462 8107 9104 804 995 7185 7354 10446 8671 3539 4516 4757 
1458 6655 62 1545 4628 3413 10069 5483 11691 7558 3939 4077 6416 7073 
476 7764 7432 2155 11818 1602 3303 9685 11476 1678 8862 2660 
6202 8287 9019 9679 8854 1572 2878 8292 7156 11224 8308 5467 
5627 11358 4124 2085 3845 4006 6154 6204 625 1490 1489 
5423 522 2022 4028 625 1096 5335 2343 3755 4595 5813 7016 4320 5301 
966 3322 2219 8351 11358 8391 11208 3444 727 2217 8591 9265 9291 62 
6498 9040 725 2024 2217 2682 3551 4028 7089 9093 10101 
3831 292 376 5190 5292 8293 11615 213 513 216 324 547 180 203 
8027 2485 2734 2637 1860 11085 2278 7818 4267 4266 3975 
4968 2545 4631 9210 3595 2765 411 6024 8985 9163 9562 2452 7752 3227 4460 7712 2240 
2320 5909 84 533 1298 1342 1501 1516 1521 2544 2670 
4893 2828 4582 399 4810 1195 10930 2293 4770 6109 6885 1516 2410 7468 9574 12100 3595 9316 9577 
4149 8636 8639 8883 6577 1658 4031 1721 2431 6206 11583 2881 
2637 9139 1212 4907 5038 725 5891 7120 105 5401 8421 8709 11715 1955 2580 3679 7781 9157 9964 10317 10382 
1096 69 1049 1061 2452 4649 5603 10554 150 2096 2727 
3813 663 935 173 199 281 457 927 963 1004 1794 5577 7267 7792 8713 9444 
3957 3427 9443 326 2086 3232 3066 7937 7048 9223 10216 
6510 3743 1018 5319 7073 725 1477 2152 4649 4776 5541 10196 6024 9163 9562 5517 
3765 5976 11559 5252 7272 180 4249 7491 8671 6868 2680 5240 6245 
7548 7341 10551 10555 10556 1516 7553 9574 1944 10728 11545 2545 
7046 1056 10249 4555 2230 6988 3684 6958 7132 7662 7664 
5799 3584 8504 11795 3454 1550 7838 10232 7129 4907 7859 7864 8520 
4630 2561 3844 311 2517 4880 6747 10361 5525 7550 458 
2929 2727 6029 1185 4702 124 6859 8934 8298 9723 10644 10685 531 1885 
7164 3418 5046 11054 1086 2856 6102 6988 2513 3436 10538 
2675 4432 4481 4957 9449 9679 10917 1361 8563 5556 729 
7542 5882 11181 5448 4986 3436 4517 8993 11735 9905 10509 9602 1381 6898 7073 
1558 359 465 63 4064 5461 104 2951 3873 9613 10821 3638 
5283 1075 6842 4482 5366 9607 4030 2751 6026 482 10563 
3503 300 179 175 173 267 257 336 281 330 663 935 2261 3451 3471 4653 
5438 1485 1704 5747 7044 1869 2320 7475 11230 7752 11067 1512 4593 4841 
7777 1529 4111 5763 7358 7604 2545 1750 2230 6691 7608 
3801 1788 3754 7822 10172 11374 235 2393 4161 4221 9968 10576 10724 3855 367 3176 173 653 1286 
3053 2236 2239 4874 3885 5863 11054 4400 8241 1287 1436 1474 4409 9111 6725 3584 1086 3888 795 11358 596 145 10594 8535 5264 1018 3541 4847 5325 8861 11601 
358 2452 11352 2322 4649 11705 9332 62 84 1812 6206 9525 11358 30 3413 12071 8876 9252 11818 
7373 3554 7838 1212 9547 11506 9178 2126 10327 2225 6309 
1277 5736 4154 6988 2420 4455 3391 11397 11368 11416 67 2805 5571 5582 8812 9422 10521 2856 4244 5570 6864 2533 2645 4432 4481 4957 
5559 6982 9212 3880 3442 5029 6480 8577 569 1340 3940 4702 6102 7353 4649 6865 7121 
1125 11824 9145 9157 97 952 1464 3684 7185 8619 62 
2039 9028 1106 84 1499 1955 2475 3708 4695 5366 7252 91 6205 7183 7185 2921 
6860 11575 4516 5364 3024 11931 2660 3950 4783 4943 8990 1782 1825 2658 2950 6513 
7234 1146 2863 4488 4844 7914 8322 9192 3654 7598 9381 3335 3952 6048 
202 2467 4986 11358 10003 10006 1602 29 6029 807 11442 5741 
403 2286 2658 7507 1679 2148 8342 9400 31 5237 2881 
230 7238 1385 6831 8534 8840 1713 7794 7949 9646 4771 5736 2437 4028 5735 6241 11702 8466 
2884 434 11039 2846 3622 134 5366 725 5446 11356 453 8629 4649 
5906 2117 8832 6463 9028 6931 6988 6453 5783 708 804 
2979 3316 134 1037 1713 6560 6859 9715 1056 1165 7316 5736 1620 
6251 4786 4539 2727 8649 11356 11117 9806 11151 1614 2154 2155 3251 8393 2158 4113 
5793 6028 3428 7687 2707 4297 4649 6911 8205 706 2855 
3953 7411 3498 887 11055 11382 9429 515 8725 199 292 524 
4367 1490 1489 2217 5882 205 8378 2832 7770 9202 10070 11094 2471 6287 810 4543 9227 
438 2856 1075 5231 6454 11132 11411 2217 2652 3320 1987 5056 977 1069 1218 4091 7614 8203 4940 5584 6113 6463 468 124 264 951 5530 5881 6049 6403 6901 8193 8186 1477 2152 4776 5771 8299 4154 11519 
2876 3128 4911 6777 7287 3368 10097 7400 7859 5357 10152 11240 995 8546 9733 10219 11363 4154 7536 
5432 7386 1885 2365 5325 7476 1955 6988 3277 8942 11960 
496 40 995 3416 4963 8990 207 2153 2290 2545 2948 3322 4231 4958 5736 6527 7459 7604 8391 9793 9952 
5580 533 4658 5531 7724 1499 6859 8045 8442 8927 8403 
5691 1446 8759 2029 5093 9398 653 686 840 1449 1981 2972 3198 9443 3398 4633 6027 7197 
4195 1613 8499 810 3715 7536 8108 3112 9022 10934 205 
7075 3667 7839 4544 7806 5126 11883 1862 6248 6254 9802 5324 
2045 4560 5237 5876 3684 91 2554 11446 2410 8520 6024 9163 
1770 10950 68 2217 3664 2194 5736 5259 10405 5143 5269 5325 11253 1739 
829 1768 3527 181 2042 3525 3528 3646 4222 4225 8407 11383 963 3103 3529 6597 230 5253 3862 
2099 8004 2774 5989 8079 8832 11478 2949 9606 1024 1322 1338 8499 93 1407 2557 8092 5446 7237 7459 2904 
6360 11064 3347 4035 7073 8504 5736 7632 6810 788 1335 5860 
2304 56 281 11385 1945 4672 4876 6338 7016 8485 1996 529 4690 6936 9945 180 9704 415 10855 11341 
4723 2763 3494 3931 4321 341 436 1263 1277 2454 5038 8570 9706 7271 
8193 9475 2982 11430 8674 10382 6655 3845 7623 8512 9052 
1017 65 8953 10113 5556 9382 1012 1614 4986 6983 9349 5963 7687 
2842 1380 2603 4717 6085 9210 9735 120 359 1995 7875 7571 
2721 1499 9723 4873 12036 7724 729 995 2856 109 5193 8045 6205 10206 3413 4593 
537 1842 11991 44 6201 3276 8990 9033 9659 11232 8013 43 2452 8147 9239 6206 
1114 2147 9038 62 729 1024 1361 3413 3845 5319 6174 
8253 3354 3802 3881 5453 10141 2727 2823 3372 3438 5455 6039 
559 4022 140 1338 2554 3344 3404 43 727 1332 1521 1670 2752 2753 
1220 5826 6356 7038 8480 55 6382 9517 6354 3290 6353 6369 10824 6314 
1225 6350 5950 6778 9417 10315 55 4911 6777 1494 4907 2313 10280 3931 
2360 84 2658 7807 7826 9418 659 742 1491 7417 9970 7717 8749 807 
5904 731 8516 10086 1324 1923 11803 1523 3202 3206 4541 
4600 1477 1749 2152 4776 5722 9022 522 11704 1781 10856 2230 
45 6387 1024 8671 6678 1072 7073 10820 743 74 7951 9594 10145 
3193 7129 10316 10315 3246 11906 7554 3514 5176 4357 4989 7284 9973 1212 6746 153 1790 2952 4833 5507 4419 7815 10126 
6947 7760 9765 11295 995 2762 4432 4481 4957 5497 6217 6218 7254 7429 8470 
3854 180 246 6468 257 311 330 3591 8385 8386 729 
5897 1049 1061 5603 708 1018 2406 4649 5738 9625 11818 10214 5030 8350 
6187 727 995 1892 6027 6934 7905 9036 9302 10380 10525 
5786 4556 4540 6933 8613 5437 8810 8009 6931 6948 9133 1165 4822 8985 2126 8307 8998 10327 11129 6687 11126 2485 4907 5351 
6092 5356 8884 8998 774 2381 3290 4129 4687 4868 5722 6184 10152 11999 
2933 124 805 828 1381 1482 1499 2366 6840 7458 9678 
3507 179 201 300 257 330 425 3151 5821 7019 7532 
5967 1773 3612 5330 6086 5448 5863 9940 5022 763 6597 7291 8587 11542 12111 752 
4822 1779 9678 4606 7973 6905 1347 4094 5595 10062 7684 8966 381 
5251 4374 477 8613 2147 3725 1502 4129 6209 10126 10232 10898 
694 6113 4533 6770 4006 44 3710 6201 11358 3271 9893 2226 11054 4841 
4682 8786 333 1067 9448 1529 4929 9017 2525 894 4028 5765 5642 1097 
1459 62 836 1516 1609 2248 2310 2394 2574 4335 6027 8671 5871 453 4978 3397 3684 2349 3617 4688 5420 
3590 836 1376 12026 2471 2489 4649 3632 5058 8133 8671 5515 5876 6641 187 1466 1960 5472 7584 11081 1491 
1434 1130 8079 62 4649 4805 4885 5032 10364 2421 5847 10965 2453 5169 9583 
495 1523 4541 6188 40 1776 3397 4146 5219 6645 8298 2515 11819 1521 3396 3931 8990 150 2765 
2932 1613 3304 10793 124 727 822 725 3271 4628 7238 8972 9845 
2670 8591 9203 11451 10184 11447 11452 7261 9227 9804 5260 5261 
4692 9986 342 281 727 2554 2856 3243 3881 6178 10951 4987 6461 6566 523 1317 
4495 989 262 1321 1713 2652 3320 1092 1449 10268 2423 2857 4644 1885 
5186 4357 5456 7999 2772 3290 8428 8963 11828 4094 4466 4592 8095 8747 
6509 1212 2065 3835 3976 4122 4284 4321 4903 4924 4927 5362 7778 7838 8307 8433 8480 8504 9728 9738 10408 12020 854 
7156 2476 3015 5219 5220 6024 8619 9163 9562 1075 1396 1614 
4877 4432 4481 4957 381 1506 3368 7159 7470 8510 11083 8298 1658 1678 2138 2223 6895 
7834 5619 6777 4215 4208 2722 8981 1912 10436 7820 4213 2927 8862 4192 
2952 8391 262 2169 7986 9928 2922 646 5330 5960 12080 11349 5632 317 337 725 897 9153 127 903 2867 3082 6597 
8148 10098 11896 3242 12115 5058 11612 10658 2219 8836 6225 9037 7617 11818 5736 3693 4913 8867 3792 9795 3845 
3145 150 1502 1860 3310 3839 5351 2129 2515 4993 5224 6645 10280 9705 12043 4554 
139 333 533 3389 3975 181 80 2120 4613 5514 1700 
7426 1358 5736 11115 11672 3227 3277 5895 6478 11372 7613 8934 1321 
7577 9224 3684 5570 5876 6562 8079 2156 4432 4481 4957 
3598 399 412 4251 4331 4851 175 287 281 393 515 591 1756 3471 
2173 705 1576 1636 2485 2746 3211 3310 4284 4540 5038 7992 8810 9633 
2820 1495 4661 6341 7720 1492 8489 10206 10726 11494 119 1482 
3964 3414 4329 9038 3931 9079 7553 9121 2392 4414 6683 2985 2987 
4874 4303 10405 7691 381 2160 10966 955 1702 3620 5827 6091 4783 4805 5032 9952 4798 964 11086 1056 10845 904 8528 9730 1054 
7019 5237 1076 1110 1147 1546 1614 1789 2154 2155 2158 2217 2344 3315 3684 5120 5163 7475 10166 10169 10168 10559 
8206 11973 7341 8461 9040 11708 11764 3711 8550 10069 2452 3347 
5033 2697 9056 9720 404 2805 4266 4267 4432 4481 4957 5747 5998 6696 7039 8066 8534 9518 9734 10114 10119 1987 3277 
2117 3315 3753 4028 8155 2156 2707 4335 7701 1072 1340 2535 4340 7185 93 1011 
5122 3554 4019 8709 9180 9192 2129 452 804 942 1468 2477 4786 5497 5963 6164 7089 7802 8409 
4694 3615 7838 10133 4363 2025 2602 9899 11313 4491 341 1378 7193 9547 5207 2383 
3626 3790 175 3325 3408 3471 4871 6503 8061 1212 1396 2645 4645 10647 2381 173 
960 4231 1869 4986 6292 6326 6897 1062 9952 61 3725 6309 
3989 4801 11874 295 257 330 451 224 269 357 384 419 1178 1199 
3569 5489 413 10322 388 652 2009 5306 4688 9552 9945 10450 182 267 2035 6541 
924 60 1165 1490 1489 2452 4027 4146 6034 6138 6522 7753 7939 8359 8671 62 3277 6717 725 1360 2420 3738 4019 4732 
5034 404 1521 1520 1954 2273 4357 4358 4411 4687 5387 5521 6532 6696 
6586 2453 3563 4482 8070 8194 9449 10114 11552 5571 5582 836 9816 1165 1272 3427 
6256 6378 807 805 820 6810 7628 7399 3536 8686 
7722 11643 11645 2856 4130 6501 12085 1499 6029 6678 9419 
6890 12088 7026 4783 2557 2409 10550 5030 5324 8160 1024 2076 2449 8860 9486 1244 
4228 265 7199 7245 9208 1142 1150 1154 1195 1198 275 343 2336 10711 9074 1673 
3179 637 924 978 1300 1316 3050 4629 10041 11234 7477 6212 153 2305 2952 
3804 938 1936 2103 3837 11346 193 738 796 4006 2235 7009 8405 10790 763 1439 5680 
1880 991 2682 12043 995 2876 3290 5915 85 1212 3684 
491 6146 9630 11543 9302 11756 1069 3441 11441 137 2471 3584 40 500 7031 
4546 257 330 9319 3231 9885 2261 6429 4419 8998 2278 4311 4387 
226 3113 5220 5237 5366 6203 1696 1970 3352 4621 5134 6102 6568 8316 9093 
1194 3207 3376 5148 8499 8632 10786 124 5855 10126 67 123 1588 4464 5033 5150 9088 10794 11777 11048 127 1212 3368 4833 5058 6281 8516 9353 3389 6212 2993 3075 5094 9370 9512 11666 8959 
6765 4329 4783 5049 9441 11358 956 1069 1387 3109 6731 10364 3441 2796 3443 1614 2155 2158 4113 5736 7358 10820 1814 2720 4700 5741 1338 8948 
6450 11803 8960 3389 10423 8820 2210 6370 4833 829 2837 2797 
3249 203 223 246 280 311 385 716 758 1523 1529 3233 4096 4154 4243 4541 5732 6944 8212 
2303 287 6430 84 1502 2379 7405 2378 7136 2055 11933 281 
7172 1117 8812 9442 11745 4130 5865 6113 9067 2217 5319 6627 
259 1888 3589 4360 5840 7994 8624 7889 29 3774 3783 4593 
1259 2316 62 1361 1477 1497 3354 4340 4776 8340 8563 
6151 5556 9962 1512 6874 4028 1130 4517 5741 10062 3684 4432 
8142 6241 3776 3162 4377 7033 11579 2392 3224 5623 9952 
760 8862 2271 1272 2272 5497 1147 3511 7752 8627 10812 
3629 10411 757 1187 9527 10318 3427 260 2342 1022 181 311 281 438 1882 6303 9550 11914 180 5288 184 
5639 834 4154 619 3022 3669 4802 10197 6983 2217 8011 8641 10302 2104 8357 8484 
2694 1521 3226 3315 3396 4081 7526 10701 4048 109 2949 5193 10944 
3445 9964 1647 4146 10231 813 205 2463 944 2393 2930 7370 9192 11018 1836 6522 11313 170 1656 
2492 11095 1661 8469 11096 205 92 2379 7536 8499 2217 533 10667 10814 452 7135 
1095 69 4661 9293 10481 3391 7274 1678 1851 5323 8148 
7263 1182 2799 3494 3499 6633 11907 4466 5674 6595 6980 11195 3840 
6311 1499 8078 1879 3344 2213 4077 7751 2878 7520 4169 4170 9553 
2468 8778 8391 1614 2154 2158 10636 4113 3684 8862 9464 5876 11960 92 
8217 10587 3045 8482 10690 7558 7700 7966 9737 5482 
1069 967 6880 8307 9086 2333 5174 4868 1942 7193 11840 
7901 1741 2147 2829 3554 3727 5666 8709 9866 8234 10237 5674 
1863 3270 6024 9163 9293 9562 4621 4853 6840 1499 5030 8674 2027 2144 2700 4661 
5871 5509 2892 8010 2833 9556 2425 9472 7692 1477 4776 11754 727 1491 1955 
7282 6319 4132 1360 3165 9192 3232 3066 7939 1199 1529 7712 10280 9532 9748 7687 6746 
1208 74 678 2640 3839 6870 11552 2425 4006 7641 2727 
3840 281 529 5184 7016 7267 10069 7128 180 4907 9019 216 292 1096 5658 7888 8361 204 311 940 4807 6630 8382 7412 9866 
3977 382 7050 7393 8384 395 11605 965 1133 2240 5282 10063 10498 216 321 1358 5514 5577 9005 1449 
1063 829 1259 3653 3657 4419 6777 64 4903 10495 11508 
2293 1749 84 601 3344 3461 3684 7635 9555 2471 4028 1018 2020 2545 3369 3436 4335 4517 7358 
4018 4358 5876 5381 249 248 228 1477 4776 9801 5337 6427 
4499 262 304 827 1084 5653 5682 8312 9868 4535 9002 5899 606 9058 
1321 387 62 1069 1075 2471 4800 8359 8619 4335 8671 1825 1086 1866 
5571 727 725 6952 533 8543 11624 11978 11126 2388 11979 8329 11622 3631 4471 9290 11421 
2389 2473 7186 7505 9018 1694 2993 2999 4074 5386 5480 5556 7564 7812 8950 9512 7651 3584 4344 6597 8733 10660 10780 
197 5766 4717 502 506 2515 5038 6114 7570 10648 11753 29 
3248 550 2041 2045 158 7800 257 330 432 5567 5576 5579 
1164 2222 3207 8710 11230 10650 62 10647 1399 1614 4613 4839 5261 7475 
1949 2310 7604 2252 2942 4702 6239 7073 8512 8671 9437 10303 
6430 9999 11777 829 3368 2005 2515 4907 5351 5595 8308 10212 
5431 524 8725 887 1075 1478 1879 3043 6905 8081 10368 3426 
2172 595 969 5629 9928 11549 11767 1456 238 1438 1324 7138 8767 1445 3570 6509 2238 2860 
7835 1601 9121 2423 2704 2857 4124 10037 7281 8306 2652 3320 4374 5954 9885 
7771 2475 3990 7599 9977 3438 4124 8701 9557 9802 1526 
1775 2826 6150 1006 1609 2972 3419 6005 8426 80 2120 2774 11697 2805 1707 6854 
1650 2878 800 848 8093 533 3951 5038 2545 5876 7263 8550 
7186 3344 3632 8408 10679 1075 4113 6338 9624 9793 11894 11893 
975 57 62 2179 2402 2878 3684 4086 4540 4649 4829 5420 5584 7553 10645 
1674 124 727 2027 2230 3067 3563 3690 4434 4540 4808 4877 5736 5760 7104 7386 9265 9650 11996 1132 1997 3458 4846 8491 10364 2247 3827 8583 5570 7461 7781 10817 68 
4696 1165 8428 11506 1860 2597 3451 6778 10423 11312 1352 4313 9613 3656 5012 7129 5437 10942 11539 7733 
688 1545 44 804 995 1298 1713 3271 6201 9129 472 9533 124 2178 4688 7604 
6800 1599 4203 5632 1031 1879 2064 3247 3271 4529 6920 8496 8534 9157 9518 3900 7104 10813 3234 7039 980 
2115 2602 7411 436 8380 3505 2470 9259 8337 10280 94 
8173 3238 3954 5163 2652 3320 8148 2636 3442 9802 11612 9804 10646 6662 7386 9646 7430 7385 7968 10122 2379 2658 
893 54 5596 8555 712 3580 8527 11195 11905 1346 3780 4234 7854 11907 3495 4902 6057 
8299 3336 10492 10201 4363 8466 9400 4724 5909 6164 6325 
3450 5822 1514 170 1861 2409 8632 9377 10550 8587 11943 2727 2878 5058 
7325 6988 9985 10587 11826 4959 5556 1396 1499 3568 3772 5009 1361 5497 8134 8563 11906 1491 1165 
3166 9728 942 4783 2739 4417 6209 8032 2485 7838 2305 153 
2719 180 409 1512 2281 2336 2515 3010 5998 6874 11358 109 5193 5650 8382 9493 10272 1817 1827 4160 4649 
5332 816 1069 1427 10168 533 1789 495 1499 2217 5766 
7806 1575 1578 2231 2772 3615 5517 5853 6227 6518 8520 10280 2364 4074 
82 1646 5915 6253 10313 3901 3975 10021 2317 1703 8090 10316 6614 64 3585 2467 2079 3147 
7932 2410 3681 7142 9129 4464 10228 11612 5736 6641 5237 9655 10340 9802 7510 11003 3870 
4915 4649 406 858 1226 9285 3322 5420 9802 10364 6782 6901 7424 3054 
4611 11622 303 8222 10069 4161 5136 5943 672 2530 5691 8299 9679 11494 
3063 147 1920 3819 6901 7698 7943 8391 8832 9143 11289 7563 11466 4550 
2900 673 381 1923 3121 6480 2791 9754 126 10421 1801 
6771 2636 5556 9448 5507 1516 1923 11397 4006 11085 960 6683 4311 8998 2412 2546 6273 2806 2652 
8317 6722 12029 5735 10792 10855 9797 9349 10113 5766 5800 11205 9875 
6641 7048 8347 8856 10857 10817 10926 895 1090 7468 1072 7838 10013 
3908 9395 791 1299 6045 7452 201 199 249 281 848 1532 1756 3515 3529 4629 
4490 297 6085 9017 1302 359 770 1380 1274 2340 2603 333 804 1315 1377 2883 3035 3050 4043 10191 4447 1468 893 2456 8787 
4616 325 7532 3862 8485 2342 6944 9150 9920 1176 5069 11439 737 736 3931 11368 
4351 643 3904 3913 278 1041 1123 5412 8535 10400 6780 8352 
2499 725 9453 7702 755 809 1010 92 1016 4544 5986 6462 
3359 4311 4256 4404 3389 7050 7812 166 10081 11536 6356 
1136 5052 55 1259 3780 4903 829 1556 2539 3953 9210 4137 5437 
1871 5736 6922 11048 9557 6206 453 9213 1496 10214 2811 5735 6379 84 
8182 7801 8754 4421 6142 6277 9349 2658 5163 5278 5381 5470 7148 8504 9801 9802 3389 
4825 1499 3684 10932 495 533 6910 8010 8857 9556 1661 8076 9058 9816 
3165 3681 3811 8504 804 9349 2378 2976 9675 1523 1832 1923 
8301 4284 9210 10494 11612 5038 8324 9270 3368 5948 8696 
768 7360 6627 7372 45 1868 5237 6323 813 8842 
2621 11675 4617 5220 11788 1165 2475 7401 8520 11251 105 8862 788 4638 10211 12054 
2511 669 3604 5163 5774 7027 7430 4256 101 1809 11405 12123 2099 3681 7811 
6538 829 1259 1521 1520 4517 4911 5237 6594 6777 7720 9129 9180 10776 
7801 2025 2862 3684 1572 2027 2219 6678 8591 9157 11760 3584 10206 6323 
290 2204 29 81 807 805 1464 1614 1848 1888 2108 3584 6338 7148 7153 
6886 3684 9669 3276 3856 6295 10023 10526 10784 10817 995 2265 
7567 5038 3615 1432 4138 8709 5163 3835 9249 9697 9206 4122 5037 1842 8134 
5321 10061 2269 8088 1490 1489 8448 11083 9335 2452 10750 10902 4638 7022 12005 
291 29 708 1011 1161 3436 6100 6233 6678 9293 62 1132 2949 
805 51 2410 1069 995 10703 2533 4695 708 727 2117 10917 
3943 204 292 524 5525 7202 7822 6772 233 287 336 930 7112 10890 199 9829 1096 11378 7593 7748 7749 1165 3684 6936 709 
1488 549 1363 1366 2774 103 1032 1075 1955 2791 2856 3277 6941 8105 8165 8810 10383 
6549 995 1477 2152 4019 4638 4776 5150 6145 8895 3926 9040 1501 1512 1516 2437 804 4077 8466 
7523 1361 1915 2373 3133 4661 4649 4835 5747 8066 8563 
1092 1506 1834 813 2996 7159 2005 4087 4835 4907 6627 8308 55 2993 
2557 6901 102 134 797 7702 6422 9875 8834 2153 2437 2727 3620 
4059 7838 182 1520 7957 2800 6165 8449 5306 614 8555 6324 10652 
1824 1165 2137 3404 3684 4432 4481 4957 5163 6988 8076 4636 7996 80 1640 2120 
4067 1773 9928 5682 7908 10302 3744 8430 1842 238 701 2491 
6020 3539 747 727 933 1577 2032 2373 3133 3316 6901 7847 11859 
5174 4114 7287 9547 5074 2858 2865 9328 11440 2602 4035 10937 463 3953 1860 3840 1212 2126 2157 3347 4138 
5035 8985 6676 5437 5397 3152 1212 1860 5038 5478 1269 1942 606 2167 
1233 55 333 1274 5968 7891 3622 3413 1199 4156 7073 
1688 63 2921 5461 482 3684 6958 1861 7791 1212 2230 3699 7639 
3089 199 3862 4937 1402 6088 149 6740 166 10330 218 5501 
6967 1094 1333 2005 4574 8433 11048 1016 1363 1366 2371 3109 4593 
690 1499 44 1478 2654 2855 3398 4006 6201 7496 8277 8629 9507 
7628 1640 2722 4245 4700 1485 2219 2818 2032 3427 11824 1842 1499 10317 
552 1800 3336 1526 8778 8005 8961 1499 6024 9163 9562 44 6201 43 11356 2545 7973 5584 
3386 166 314 524 2518 9919 10802 230 11339 201 199 281 357 417 516 1392 2040 2049 2342 3529 6046 6396 7018 7543 9014 9081 9119 9428 10028 183 182 260 684 1107 2028 4236 4282 
3453 170 8583 764 4439 6433 8293 8449 384 5179 6230 391 
5187 464 8766 9293 9733 3277 6029 7364 9685 1923 7142 
4123 739 930 4278 7016 182 1247 728 9641 3760 6501 1496 1499 5497 6905 4835 
1682 729 1376 2545 2949 3622 4443 8391 9877 81 7674 11356 
3109 1799 1914 4638 150 725 1024 1018 1477 4776 5763 6901 7604 
4020 4331 6718 5739 3862 353 963 2357 3176 3856 11439 1483 
215 57 4086 1801 5448 2453 11494 10196 84 4940 4360 7268 813 1789 11496 4432 4481 4957 29 92 1062 6762 9472 
5625 622 8534 6751 3226 10481 10113 1018 4028 6119 11146 2993 
976 1464 6678 810 2501 10803 11740 7089 62 1888 8671 
1548 1935 2114 8257 3554 6255 8066 9814 11783 63 3514 
402 4028 1065 2141 6557 1477 3550 4776 9442 102 31 1258 5570 10014 5780 6864 9635 9104 9106 4309 6862 
6630 9418 9532 9886 3180 7267 995 6651 1689 12005 8680 
8126 11612 2144 3541 9861 10970 5640 6522 8800 10404 10759 
7640 1477 2152 3242 4363 4776 2878 9473 2580 1834 6420 7380 11702 1521 1939 5445 5018 9451 
7997 1857 2607 3808 6029 7121 8132 3881 7020 4268 11515 
7348 2048 2679 3997 6829 8416 11672 1257 3129 1436 1754 2596 2775 3144 4644 
7171 2702 1075 1165 1863 1955 2325 2682 2878 5049 6571 6655 6905 7659 
1666 4940 11273 729 964 2909 6731 7617 11818 1018 2727 3339 81 4704 6894 9335 4593 4488 1649 
5651 6713 8400 817 3560 5554 5120 2805 8319 4346 5909 1916 11273 632 9018 
1426 62 1165 3461 3684 4340 5453 6326 725 2976 3404 8103 813 8122 3630 4015 7077 
2556 102 500 1728 2971 4512 5091 5998 7882 8066 8934 9845 10726 10972 
479 995 7838 9274 9534 9533 8046 2727 5467 8138 452 725 1499 2144 2856 4360 8624 9448 9876 12078 1011 8655 9060 11764 6637 
6714 1274 8934 938 2603 11312 1923 2032 5646 7324 8787 3894 4868 5642 
3192 2765 3389 3839 3956 4035 5644 5645 1601 153 2952 2999 
209 3295 3304 4442 8480 7470 2645 11358 1064 1499 5049 6822 9055 7022 11048 2453 9891 3442 952 4649 5351 5420 5741 7073 8344 10232 3271 1482 3277 4859 7743 8194 10280 3441 6897 8556 6029 11612 10437 205 1615 6069 11604 8935 
4850 8307 396 2597 10039 9658 8624 388 8550 3413 11918 6986 
3348 11537 6944 7200 7201 7245 8211 1531 5892 6439 6717 686 2028 11985 524 716 5297 7199 7272 
1601 182 3088 3684 3931 4540 4911 5495 5702 7939 8134 9793 2129 3554 63 5461 8464 9637 56 
7544 1715 3398 6114 6980 7468 7666 10368 11358 7760 1381 2373 2645 3133 4805 
4904 1934 3322 6754 8504 9060 1363 1366 2660 11912 1056 2652 3320 
7341 4364 8972 1212 3083 9308 9187 11584 3087 3748 7716 
7432 6581 10780 1867 2973 5354 1709 4426 6239 1976 6113 8316 11622 4234 6324 2360 
7297 11356 11709 7460 3539 8507 10417 11446 3458 9952 1165 1499 7659 
3632 186 300 281 348 516 527 887 2352 4249 5303 
5040 2352 5222 5252 5467 6433 7458 9735 10951 1954 4240 10361 438 2044 
5593 2933 610 2532 4851 8394 11152 11156 3420 2313 607 5306 
5345 3446 1739 3152 3226 3748 4362 4363 4907 5323 6746 6778 9888 494 1812 2727 2904 3267 4181 7683 8079 1548 
5412 5247 9160 5252 11339 11658 8169 10696 11376 1066 4236 5139 9432 
6393 8200 8957 5963 1870 2597 4411 6247 10461 11862 829 1940 10232 
1565 84 2219 2573 5736 6233 6627 8070 9180 6311 1812 7834 3427 3441 6409 9037 7291 10122 2855 813 3226 5323 5324 9441 3458 8301 9280 9540 68 3277 7151 8299 3442 10030 6256 
3583 333 4986 1334 2269 3448 10223 4675 7857 8890 3127 10855 5573 10063 979 7893 3082 
2038 2467 4094 56 7684 8966 3404 5709 3743 7142 8064 10922 2660 6209 6255 7472 
7000 2677 4214 6114 10062 3913 4151 1054 4329 2904 3267 5457 
83 4517 6870 8840 573 673 1713 1923 1940 2099 3560 3792 6746 7623 
5815 11905 3725 4311 5894 5932 9020 10118 11907 12043 5549 8059 7906 6875 
1226 55 62 8316 9676 10315 11978 4627 6056 6109 6780 731 8709 
3826 782 8140 180 784 800 858 2740 4992 9319 11638 366 518 911 2097 2180 
322 1640 7385 1069 10932 5238 5439 45 8516 5352 2467 9572 4010 11333 2217 10206 8306 10410 9486 11794 8070 
10 2233 5985 181 5696 9926 238 6081 10769 645 2237 95 5324 8023 
612 7686 3232 3196 4608 7901 10081 10382 301 698 995 2117 2530 3176 3271 6542 7842 10372 10434 11048 11639 952 8087 84 199 500 2856 5692 235 2372 2452 6160 7048 9070 10000 
7370 10101 11659 1212 4540 10037 2340 3763 4284 4517 5038 6509 
5542 1075 560 956 4702 6465 8829 10141 1499 7120 804 10917 9549 1165 
1533 1516 2141 2489 3416 3940 5771 6233 6980 8619 10037 1609 2387 2453 4986 8117 2545 2995 8466 1521 1831 5876 5964 7132 7161 8070 
1900 2545 995 4783 10195 1003 1212 1269 2920 3042 4868 5422 8977 4911 2147 11552 11553 11677 3250 3942 2597 4175 5351 6209 6369 2592 3210 1086 1165 715 9952 2538 1793 11680 4592 7142 10232 
8306 10631 3514 11918 9192 4592 5224 6638 7156 10618 10786 
3946 213 292 412 513 567 1096 5292 7748 8356 259 7218 9222 9995 216 3529 7808 10292 10294 10297 10712 7749 5658 
6675 948 3792 5405 5512 10203 4094 5650 9885 2609 902 1302 1923 
6921 6125 8018 8317 9038 6954 7662 2947 2230 1033 1165 10671 9630 11003 
5473 6326 687 7534 3487 3943 3952 4358 5163 533 1746 
4627 8275 8511 11032 5023 1407 4795 12057 326 5895 4268 5595 6778 8520 
5270 9802 3389 5457 7692 11220 1165 3883 1810 4709 5324 7629 10203 11076 2645 8903 11221 4885 5148 482 
539 10794 2129 63 5461 4028 4649 2453 5876 9679 43 4925 2739 4417 4833 1506 4392 
3698 181 1212 1882 2352 2600 5644 5645 7986 8520 9119 11481 
3539 725 9349 6395 183 943 7720 4308 7374 3263 11578 807 9625 10509 2636 3242 9914 9977 11230 11883 3337 4419 6892 9916 3665 4833 5860 7811 8520 
3338 3684 634 10495 166 550 5648 7452 1451 1458 1324 4806 9433 199 
4132 260 4228 4279 6832 7937 11712 233 282 614 764 
7344 1234 1962 2410 3277 3322 3584 4224 4225 4231 4669 5747 6055 6456 6859 7146 7524 7528 
5236 2410 1492 1652 1689 6758 7458 8350 8912 995 4432 4481 4957 4028 
4368 3613 3908 7186 3612 4003 7322 9925 1773 3745 1436 
5721 6457 7440 9284 2856 6463 11816 3277 4732 5995 8934 10777 11536 11872 905 3572 5009 2144 
282 7089 7638 8919 9956 11290 29 1165 3477 4800 4521 4907 
6335 7193 11054 12084 5872 6654 5022 826 2233 2234 2236 1437 
3696 8929 7252 4638 5467 2548 6982 7855 9951 180 2342 199 
1418 62 205 6338 8359 8671 10917 1470 11818 788 1011 4335 6174 3378 6029 2636 4028 4211 
3385 887 2372 166 5739 292 7128 8537 516 1066 5190 7749 8625 184 4328 10447 764 9443 8327 2342 5188 
1292 3035 6475 4447 72 1212 4581 4963 7187 705 2126 2305 2538 
2633 5804 400 103 2660 2855 3597 5586 257 330 3277 9557 1180 7360 
5029 9210 9518 727 404 1954 2373 2560 3133 4649 5169 6451 
6182 10844 11368 727 1075 1165 2230 4370 4371 865 2325 3067 6673 10303 11034 11991 
5742 9518 1885 2365 5199 7712 5796 7005 9385 1374 9390 9504 8935 5324 
2720 109 2217 3508 5193 9464 2313 4358 10879 1062 4676 11309 11312 5366 7553 8876 2104 8357 8484 9903 11470 
4033 524 9150 529 2035 4653 5339 11395 6880 5188 8951 255 
4772 1180 5139 1176 4325 1277 5941 2342 9991 361 11637 8293 10696 11538 
5194 802 4003 1436 5445 6300 8037 8097 9902 5667 2237 7999 763 465 
4308 2027 12080 2574 2716 4441 5420 5759 6760 7360 7375 10541 10544 500 4146 5556 7104 11783 205 1499 1572 2452 2453 2652 3247 3320 4458 4799 7022 8934 
7847 3913 6645 12079 2717 5570 11918 4284 9448 10936 6057 1621 4523 5679 7647 2755 5644 3706 7720 
3197 8032 1490 1489 1805 3229 153 2952 6924 4907 8308 2160 3392 4833 5220 6346 9706 6358 2388 2727 2942 3352 6209 
1250 9518 703 4517 9143 8528 264 951 6898 9237 9735 11366 4924 6678 11048 6454 6455 6457 1545 5889 5237 6803 
3364 11651 7016 8291 887 8295 879 166 4331 9432 6197 4729 9550 11559 11914 180 561 1317 5501 
7117 1376 1539 2158 2922 3247 3771 4399 4986 6627 7929 9765 1968 
4066 2435 5747 5998 7039 238 1183 3175 3997 5895 5899 
5737 3271 8246 8249 1165 1464 1572 2290 6028 2453 6778 678 1346 
8083 3892 7688 9064 9283 9486 10608 10609 10612 10614 11644 
7298 4566 9167 9442 9769 2100 3271 7681 8391 9015 10993 11745 2076 1224 1244 2246 2429 2430 
289 29 727 4335 10380 860 2217 2805 2845 5433 5931 6510 10383 
565 43 10022 10268 1820 1818 3398 3401 6158 6891 7387 7386 8066 8818 9804 
1851 995 1165 80 175 788 2120 2660 3471 8070 8391 8546 10474 
767 3088 5962 7213 10255 4019 5613 6982 45 3566 3828 10288 
4519 5047 287 7543 957 1174 1156 1180 9443 10447 10841 
2838 5366 6840 10679 120 1380 8024 9649 10191 10321 10856 11096 2345 11498 500 1781 3158 10767 
8082 5802 3511 7759 4986 4994 7475 7651 5863 6113 1989 2855 
3505 179 173 1178 2335 6468 6535 7019 199 281 407 696 764 3576 7446 7786 
4386 2261 8293 7822 4230 269 267 4282 6393 9070 9324 
3238 2455 158 182 269 267 281 515 603 2035 4764 5177 5306 7800 8028 8382 9847 10447 9670 10724 200 
4362 3347 4870 2933 6953 9129 11885 6185 802 5680 6847 262 4994 6485 7897 5632 4035 
493 6053 7853 40 545 556 11506 2948 477 2410 3584 4308 3276 44 6201 9639 
3514 10427 6508 3638 219 7748 202 267 4653 5197 5339 7215 10663 201 5577 10349 11673 342 520 527 1092 3525 7749 
4286 2261 2335 235 278 336 728 3862 4221 5592 5658 6445 6785 9185 10447 
5023 3833 3427 5163 2948 5237 7501 9129 7432 404 1885 2365 6113 
5030 4028 404 804 1171 1499 1954 2100 2325 2856 4432 4481 4957 
2846 4649 10143 1955 9122 3461 1877 11221 2837 9137 11486 11813 1923 4028 7867 9199 8376 11421 
7964 6255 7430 10648 7148 7811 1801 6235 2993 9512 
7173 7781 10554 10550 4124 7364 8709 1105 1576 2129 3348 
1732 134 632 996 506 1736 502 1165 1529 835 1526 1211 
3247 158 173 257 330 887 2261 2335 3639 4221 6772 3525 
845 173 336 2042 2437 6990 7694 8291 9978 761 7720 7774 54 188 2545 3504 
6184 727 844 1490 1489 2520 2660 3004 3413 4196 4649 4749 5030 5033 
1150 1807 2155 995 3881 5947 2381 4592 1824 67 564 
2174 2248 3338 3345 4590 5998 9712 10972 2949 3594 11240 
6130 3684 5236 10913 5333 3276 1072 10777 727 873 1016 2290 3067 
2525 6471 8106 1242 4903 922 1367 1608 1868 2313 2592 5648 5853 7001 104 7405 
7365 9994 1842 8152 8319 10780 1827 3975 4966 5437 6251 7066 8960 10280 10232 7159 1269 
1974 11524 860 1614 2158 2658 2660 5517 10364 10486 10870 1407 2249 10363 12010 3227 
1304 67 662 1819 2217 4183 4517 6540 8092 9755 5721 11411 11568 11732 4190 4218 4631 5556 
2010 1017 4139 7720 4509 56 1119 2865 3088 4981 7866 8013 8416 
6017 1614 2545 3939 4303 5163 8042 9448 729 4777 4702 9712 11922 1376 6734 6518 
3306 2174 2173 10855 204 166 199 244 281 412 652 3324 6165 
3478 7243 180 4225 8951 4328 6740 6132 6468 311 3862 199 281 233 7306 4296 9921 
2284 3271 9400 7964 56 9133 2217 1100 10279 2219 5846 11735 5746 11733 8070 9037 9129 2410 10147 
3679 6346 8820 1954 2005 4645 5194 5379 11807 3389 1940 1027 5728 
7346 8778 3632 4443 6754 2948 7680 1165 9096 2172 9909 2942 6780 
7557 11021 5163 7317 10228 3240 3276 4700 4702 2413 11499 
2922 2153 10433 1338 3413 4097 4649 6666 6901 7185 124 1497 2427 
859 11561 4308 8485 8709 6357 8960 55 153 564 1180 2265 2952 
2222 97 805 873 2216 2437 3671 10383 1073 4841 3743 9534 
4684 333 359 643 733 2085 4278 4598 4599 5038 8024 8785 590 636 6461 3408 
6458 1089 1165 9533 1477 4776 4835 5163 2170 2308 890 2312 804 
6753 2410 2949 7354 959 1363 1366 1516 1649 2293 3918 6158 
2830 118 1212 3780 4129 8433 10408 11511 4907 5351 6057 2746 
6159 1011 1499 8663 5772 7400 12028 6018 8428 2100 824 4757 794 1971 1993 7613 
5664 1089 1377 2545 2883 3276 4041 6461 7536 7978 8070 8777 10168 10562 865 804 3634 4639 4662 7994 9818 
2295 2147 5038 9885 11313 56 2157 2587 2126 10327 341 2454 436 1146 
436 3070 4502 8360 9459 4893 1338 4516 5556 11575 36 1006 3578 4786 7684 
288 11270 29 2320 7617 10092 1490 1489 9951 5311 1374 2344 
3241 380 670 2261 2342 4880 391 2372 5567 6722 336 574 3920 9944 4764 233 257 330 406 3910 
4131 464 2751 9522 10635 1361 3344 5319 6901 8342 8529 8563 9939 10495 11249 205 1496 3664 4464 5561 8107 8619 
5589 596 1447 789 2124 2529 4555 5695 11369 
6371 1346 1360 3389 3975 4909 6057 6138 7809 7992 8307 8308 8754 9210 11612 
6372 1987 2557 7769 3925 7224 8100 833 3542 3620 3622 4335 1428 3870 5763 7459 9583 9659 
953 4308 1548 4357 5963 7156 8998 9356 10280 7159 7405 
7993 4822 3210 3517 4357 4592 4868 7403 9329 11338 1849 
7032 6571 9623 10290 1062 7662 5163 7461 5571 5582 7135 
2877 7666 5970 11536 3777 10844 10777 2410 7709 10632 10006 871 3344 10378 1680 6835 
8086 2002 11904 5881 3441 4006 3352 5800 7291 8070 10069 7263 6100 
7709 3709 7153 3845 4266 4267 6760 5885 10959 11878 6218 5584 11784 6914 10206 2166 8883 1499 
2972 4323 387 2180 2347 4281 11346 725 8140 3931 5924 134 1774 2850 6174 2740 11358 
6002 9133 6791 729 6465 9549 2149 3404 3664 4152 4234 
1404 62 4935 5648 6718 7838 3177 9252 2324 9167 2267 5963 782 1319 
4371 9926 3103 3905 5036 6814 8313 8405 3997 1080 2921 3841 1564 9925 628 2240 2775 6478 7908 10094 
4683 333 856 870 862 874 1302 1323 3999 4318 4997 5642 5869 6790 8729 8774 9007 
6350 819 7237 8145 1361 1499 2273 2410 2949 3428 6024 6102 6113 6905 
6715 938 3035 5648 6718 9419 9527 4675 2867 5968 1487 1728 8627 
7853 2660 6319 11146 3684 8749 3227 3226 7148 5387 10648 1640 2688 
7410 3900 2878 10235 11509 9396 2500 4482 7641 2590 8242 8523 11358 
4295 8547 380 287 257 330 4690 7128 8291 8403 11954 550 235 
4418 205 2171 2219 2217 3271 8526 8591 10055 11023 11024 11263 9602 1516 4167 6480 7170 11358 10184 7468 10206 9038 
4006 311 602 1268 2532 3554 4006 7252 1842 182 1824 
6717 1838 2167 10037 1897 4077 4828 9866 1529 2221 6311 
7007 6778 6777 1647 3401 2652 3320 4255 3931 1056 1333 1396 
5927 8116 9994 9732 1118 1832 11231 729 1024 5865 725 
3383 166 173 336 407 588 2342 5222 7226 7841 10854 175 3471 203 216 199 287 11365 182 270 282 292 309 386 513 528 530 534 548 597 696 2037 4641 5297 5463 7569 8449 8837 
1890 1298 7165 3484 3504 3776 86 2303 2317 11561 11837 139 1589 4799 8548 7448 
6532 2333 2597 4903 8307 829 2147 4907 5754 6897 8308 9855 11840 
8101 7095 2430 2219 5161 8496 4523 5453 2101 8520 2660 6186 3975 4491 
4998 9421 11873 616 422 12046 562 666 981 1945 3127 
1399 62 788 1024 1512 5876 9040 9104 10917 11356 725 
880 359 804 1089 3085 8352 333 54 120 7678 2351 675 924 1316 
7808 1576 5720 10037 5754 3615 4077 10280 7441 10232 4358 
5562 9157 2957 5049 8355 533 1361 8563 2117 2805 8855 9384 11754 
5614 1260 1486 3322 886 1165 1646 2126 3035 4318 8776 10327 
2263 1428 8358 56 2333 8307 10869 4927 2865 5884 5754 7172 1556 1836 2218 4924 6315 3202 4803 1121 1560 10812 11529 8651 
7502 11612 1363 1366 1490 1489 1499 3940 5038 5433 7232 
1188 132 373 1373 8151 2462 2009 70 602 3641 5054 
1384 1018 6040 6220 6603 8546 10303 62 436 2005 2025 2065 2515 2602 3322 4903 6865 7073 
3668 1389 11342 918 1752 3404 11803 2180 2340 173 233 1499 2217 4468 7146 7939 3430 3507 
7275 2474 3622 6103 8070 9060 6501 1180 2796 3344 3413 4028 6036 7024 
4928 2826 2837 2848 2853 6859 8066 9888 10236 366 698 1948 3436 4449 4593 5058 
6664 4220 11234 1779 3210 4175 4905 903 2129 2392 2920 
5373 6154 9018 11883 2839 6662 500 1069 2636 4388 7385 7484 
37 7020 10777 12003 3166 7 84 1075 2856 3276 8990 1772 3792 4649 6113 
1046 8251 372 682 5345 6774 9443 10449 729 62 166 173 2349 3925 7267 725 1482 10065 5030 9499 1011 1096 6678 946 3056 
3114 8391 10175 11943 3925 10799 8317 151 1658 2138 4582 
7660 11905 11907 2806 7712 2510 4130 5038 2198 3876 8769 2720 2557 5437 1572 3227 
3379 180 7786 4088 244 199 9945 166 2222 5157 515 
4858 390 813 1954 4482 4540 4627 5307 5420 7022 9294 
7359 7470 9133 1477 3271 3755 4050 4776 5174 1265 1358 1916 2596 
3798 643 193 1771 2248 2393 3033 3214 3422 4263 6642 7065 6186 3936 7274 8763 
1359 1011 1130 5058 6174 7232 8079 8359 9733 62 134 
1521 2532 749 3177 68 4223 9335 134 7053 1049 1061 3743 4602 5603 610 2188 
487 3753 10785 10621 10788 9461 11881 7553 6318 8067 8591 11691 40 10783 11760 10758 10620 100 8457 
2055 10172 1408 9392 595 804 2497 3162 2679 7121 3247 5578 1075 11722 11368 6864 
6646 804 905 4360 4432 4481 4631 4957 7039 7827 11627 8070 
5572 2092 3632 6205 578 1477 4776 7238 8391 9606 10062 11979 2410 2949 
3301 3484 1226 381 1923 9199 10573 10892 11553 10291 4799 3554 4225 6469 788 1954 3721 11982 10224 4581 10351 
3191 6932 7975 5038 7159 4532 4993 8073 4833 7167 7193 11670 10032 153 
8102 9576 3344 3684 2560 7742 7604 2217 11818 6027 6891 
1386 62 727 995 2791 4436 4432 4481 4555 4957 5169 7516 7781 9448 9876 5420 
6749 2135 3113 3633 5163 9952 1638 2545 3684 7038 959 2607 
3090 2372 6774 278 1150 4764 380 7016 939 175 173 246 292 1176 3471 8485 10447 
7009 7781 10715 11358 1056 4994 3795 5420 2364 5381 5578 7837 
4542 257 330 1181 2261 3551 3580 4926 5507 10838 2878 4690 5981 6773 1186 4028 6121 1030 4382 1916 2773 5556 
7994 1849 3294 4419 4907 6361 6746 7002 8031 8308 8998 10123 10981 5495 
6906 2863 2019 2862 5500 5322 9335 4015 5642 6195 11833 8671 995 1063 7185 11818 
2047 6751 7994 8078 4981 7866 56 1212 5038 5351 7288 10188 
7114 9350 11153 11148 11157 11161 11495 2217 5056 1075 10463 6883 
4637 736 1923 2255 6869 3754 3141 333 6449 328 636 689 942 956 962 1274 2081 
6175 3913 10786 7838 8333 4683 1165 11110 9376 11358 2293 2791 2878 4167 5953 6518 7170 8893 11805 5103 7911 9653 4940 9793 813 725 3438 9971 7185 
3026 5163 10768 141 4090 4971 7931 8380 4146 4813 5781 7883 
5286 482 2548 2791 2925 3277 3664 3684 3776 4167 4986 5204 5231 5277 
4134 728 313 7856 287 11539 5567 3505 5891 1860 12033 4154 10929 7187 2545 3769 4864 6431 256 11374 6541 4809 
5638 1307 7009 11672 7322 1448 8589 1380 3027 4524 4963 5497 628 4164 4785 7232 
7836 1602 10587 10661 7124 3997 8047 8350 4644 8161 
6741 3238 944 7939 3681 4925 8883 11781 1512 3931 8504 5882 6663 2424 5289 9755 1034 8491 9930 
6570 10414 1075 3817 5882 8504 11231 10836 11273 11494 11604 
3635 514 520 1317 1411 2028 6303 7453 8743 10361 184 
5528 995 9321 11048 560 1165 788 2155 8079 1011 1075 
6123 2144 4800 6024 9163 9562 11368 5796 1065 2217 9952 4746 3622 
5276 2430 2217 484 506 871 1516 2429 6856 9702 502 504 
1440 2865 4035 5214 6683 7165 8548 11130 11837 2807 3648 5161 10296 11763 
41 2925 1132 727 813 1075 3067 4695 11309 10550 2920 10378 11790 531 788 2158 5237 7667 
4069 5253 375 2600 2517 199 254 298 358 516 515 527 528 2047 3463 5244 5306 
6161 5615 788 2077 2727 4335 7299 793 816 1024 5960 6324 2153 
7445 11586 9249 8200 1325 2427 4129 6273 2855 3984 9525 10087 1646 2597 4252 6777 11979 5456 6250 9930 6255 
287 29 1879 2117 2293 2364 2490 2850 3684 6456 727 2217 2290 5759 
3661 269 409 3232 6574 7958 191 249 315 767 1180 3116 5144 6711 
6645 804 1679 1681 2429 2431 2493 2499 2691 2688 3578 4352 5521 5735 
1722 1064 1575 1578 1062 4482 6678 3541 4875 2527 11436 
1579 1424 3442 68 134 785 1079 3684 4028 4517 6338 7883 9104 9106 
2283 6681 56 2676 7992 2755 7455 1212 3948 11532 1178 12025 439 1180 
1377 12080 11449 11450 1620 9509 434 2420 2993 9512 6142 7115 6513 2930 
3095 149 166 175 173 235 281 354 368 652 1198 2372 
4384 710 11347 10172 10321 2340 8787 2372 9443 257 317 330 3777 
1889 10189 80 1477 2120 2152 2410 4776 6000 5998 6540 
6655 894 1242 2210 11873 11875 5437 11388 3276 4593 6466 3442 
1645 1001 7302 2919 2928 411 2182 1736 9456 1735 3824 1900 11912 9822 533 2853 9556 9952 1470 5997 1013 942 5325 4786 542 2972 9454 3097 3367 4289 4783 7536 
2270 2078 153 2952 4581 1360 56 813 1020 1212 4284 7933 6746 
8185 2739 4417 5785 5972 3792 6368 8956 2602 2333 2551 3152 6357 3147 
2205 2951 2151 7284 11309 11471 486 7193 84 5323 10232 11839 10316 
7886 6296 11209 2862 9816 10408 5383 8476 7362 8555 1923 8832 
5135 9563 8066 9459 452 6106 9499 1972 2230 2410 4529 4540 5556 8884 10672 
5226 727 2958 3067 3277 6673 6406 4593 475 4751 6217 
6466 1100 3053 4588 6318 8835 8972 9648 9771 10917 7106 4590 10007 725 
1701 1165 1971 1993 2848 2217 68 1062 5300 5420 7614 10531 1069 10380 
1262 8151 3227 10780 6627 815 5578 7402 9659 10141 7297 1064 3664 5347 6028 6174 8522 9037 9974 
909 11542 4870 6485 1089 10575 10856 766 8429 6525 1579 2383 2988 11580 6086 1754 
1642 73 118 2321 4146 5224 6549 8324 10280 4506 68 995 1831 3347 3383 5740 5964 8321 
6616 1180 2816 4810 5923 1905 11588 8504 804 6509 7571 8024 
8036 1860 3554 4006 4903 6645 6930 7604 8194 10258 12107 
7751 1917 2230 2878 5556 9267 9412 4124 2640 3295 4442 
1175 3544 4064 924 1316 5646 2392 6064 8513 1146 3615 11932 2106 4911 7324 7571 9424 906 3050 6746 5012 5031 8139 9984 3502 5049 5056 11095 
2853 4098 1805 4028 5140 5324 5323 121 7977 3415 1514 
2489 4154 7534 92 511 3426 6024 7408 8743 9163 9562 11509 182 
1047 5466 7205 5985 5012 3094 4214 1502 5211 813 3985 5768 5909 4940 804 632 2467 2305 3307 7193 11240 
4757 9129 2948 11132 469 1902 2587 4074 5756 6821 7048 7686 8950 9557 1556 2485 4225 5445 7287 
4705 9192 10204 6846 7142 10959 10936 10501 5595 11145 8905 9951 344 8368 
1866 11143 6645 8836 9192 11178 1590 6291 4028 4138 6102 2668 4656 3436 5420 5429 9037 4076 3693 3664 6142 6157 5274 7167 6028 10129 952 2888 4268 7292 1147 4106 6876 3067 7135 2416 725 1132 6518 2453 
3498 11916 5139 5350 7989 179 175 173 963 3471 4653 5339 5630 
3502 281 378 564 647 9968 10724 257 330 1943 5894 179 728 1101 1672 1682 4343 7543 9467 7955 
6178 727 1863 3569 4360 4432 4481 4957 7462 9359 11317 6673 7432 12088 
8285 2976 4154 4205 4432 4481 4957 5399 7124 
3226 1178 3642 7221 8028 8382 9775 10322 180 392 4645 9552 7786 11868 375 374 
1421 1274 7324 9017 333 4064 1380 2081 3085 72 782 6777 7598 
2269 1369 2313 4311 4870 5133 10710 2114 2126 9192 10327 56 8518 8787 1944 2755 3727 11368 5894 10776 6822 
4058 2185 5584 10290 240 199 509 515 526 524 4798 10630 11371 11376 
4660 7900 333 1212 1360 2739 4040 4237 4417 4540 5891 9192 10232 1067 3399 4985 
677 8079 8829 729 9952 10547 10552 727 2904 3267 8577 10976 44 2410 6201 
3603 2653 181 281 383 438 1165 6444 6741 6747 7016 
678 3247 9028 987 6160 995 3004 6292 2542 1584 4432 4481 4957 905 8928 3344 3784 9253 2535 5517 7551 9103 44 5058 5366 6201 8577 
5028 6696 1069 1363 1366 404 9734 7475 8925 2636 3954 
1335 75 7401 9094 7073 7459 9608 836 3315 1798 4028 4048 11677 2881 2373 3133 
4594 333 2081 12091 317 870 5061 5174 6831 10233 9007 894 3368 7782 10237 703 3615 
5142 452 472 725 1497 2144 2217 3622 3939 9522 729 2615 3053 5876 6980 
948 1860 1950 6977 2452 3335 10118 11589 10036 829 3427 10837 8903 6902 4530 1951 
6735 2126 2597 5038 10327 1003 4818 2381 2538 5947 8998 10037 942 1212 4308 
6105 4154 4349 2364 7252 8504 11911 1171 1885 2325 2365 2856 5736 6637 6673 
5124 8236 4169 1338 1062 6898 1165 6952 7664 3401 452 7659 8066 
3584 9192 9917 12079 175 963 1550 3471 5222 1939 9467 199 489 8744 11178 257 330 2261 11538 
3104 10334 8548 10631 1939 540 712 5674 11529 5931 7193 9147 9518 10495 1747 5645 
7716 1807 2379 5741 6755 1499 10269 1607 2217 6918 2158 4116 6859 6174 6338 
204 2108 9342 2279 6233 2064 1381 2217 10206 2658 10648 5366 29 
56 2315 3112 3823 2502 1496 3155 10085 8342 8353 7975 4309 2272 4276 7673 11358 6106 9335 2410 2453 7684 8966 6026 
3605 6089 204 1206 1317 6431 10696 11379 11914 180 222 281 368 520 1066 1176 1277 
1727 8114 1086 2142 9321 10446 11612 5556 8865 8903 203 80 
1011 10377 264 951 4560 4702 7742 2545 4006 4335 1842 3554 6618 262 320 628 9980 62 7859 8416 11256 
2029 183 6583 8151 9371 9372 11846 310 56 423 829 1441 1445 2393 2602 
5045 436 829 1212 2746 5038 8307 8854 10053 10577 11414 11905 11907 3931 
3806 1756 9418 9430 199 6446 6440 3862 4225 9836 11914 321 336 6046 180 
7825 2388 9962 9866 10037 10159 1700 2118 6057 9655 9671 1590 
5518 4330 562 610 733 739 745 2280 2515 3755 4278 
6725 4432 4481 4957 6150 10665 8350 8499 2126 5831 10327 944 1923 
7719 5412 9930 2350 5420 9332 1499 2144 2453 5735 6455 
5743 7736 11774 672 1222 1923 2117 3454 3483 3902 3912 4278 4774 4963 4987 5219 5221 5678 
5728 9666 2475 3035 3277 6742 1664 2166 4124 8420 8076 9669 2660 9967 
7176 10096 10097 2960 3389 1075 2015 7115 8577 10446 10587 11517 
3996 222 265 280 392 470 5298 7250 8211 8212 8370 11014 
6782 2153 7026 7363 961 1049 1061 5603 7611 1876 3213 
4720 328 12091 9419 11589 2910 4726 8024 8735 3050 3423 
455 2171 2217 3164 3426 3451 3534 3606 4028 7237 8237 
2463 5323 4947 10168 4649 6518 4268 8577 3002 92 9721 12005 1620 7356 
3807 9814 10359 2568 4927 6165 6925 173 1180 1756 4419 9552 
3504 179 188 4653 5180 5339 7215 227 521 1066 1107 8706 9900 180 233 254 246 296 287 321 311 281 2044 3243 4282 
4861 811 2277 2279 2636 4074 4311 6277 8950 10113 5322 488 
5493 1661 5420 8840 727 725 6901 1477 4776 2410 2452 533 
2000 9659 1075 2373 3133 3391 4124 6885 7659 8193 11221 11422 5610 3973 11818 84 3925 4363 4649 
5941 743 788 1165 2949 2957 5152 5908 6452 6460 9248 9253 9448 1076 
4050 3026 7193 412 1819 2261 7588 9387 7039 1399 238 
2772 4911 1360 2089 3723 3984 9192 8709 2388 2470 4870 
7636 5535 10227 1477 4776 9816 2727 9227 7498 7601 
2078 6127 9820 9994 3016 3641 4631 10203 3226 56 3684 9659 953 2660 
7778 3259 9964 10597 2653 8368 8316 5921 9310 9763 2099 1534 3931 
6534 3808 788 4363 6325 8015 8079 1522 2348 2659 5497 6885 7797 
5129 4277 452 1049 1061 1381 4783 5603 7073 11479 3684 2108 9448 11992 
4037 4644 1305 658 1383 262 2599 3146 1436 11787 1451 1306 1330 
6273 6123 10020 3584 6875 10019 10136 11694 3396 8065 5387 6250 10112 813 
4012 2129 5082 6138 3231 730 4231 229 2147 1212 2602 3615 5163 5357 5894 2461 8358 483 482 1184 3294 4266 4267 4581 5351 6897 6977 7864 8440 9882 9899 10152 10852 10936 11799 1550 2454 3665 1272 3290 5363 
2044 3579 4244 4308 5038 56 2278 2865 5351 1212 3152 
6917 4364 6841 5364 5736 3397 4082 5214 9037 5926 995 
1715 68 1869 3288 4124 5578 6901 7121 7153 10141 9293 9497 11358 11037 
3808 1291 5462 5717 5731 173 333 471 1136 1866 1932 
492 40 44 62 813 1165 1647 1831 2354 2420 2545 2673 2727 3227 3238 3271 3416 4688 5964 
5567 533 1396 1903 2219 3247 5960 6029 6107 6913 6915 6922 7764 11048 11720 
3975 1361 8563 1094 2076 7393 216 9204 3470 11074 6785 
3799 9290 727 6306 8135 1062 2453 3247 3277 964 7147 3684 9260 2410 173 2475 4360 5986 7223 7353 7781 8632 10196 1205 10206 11312 875 2219 
6402 9994 840 8577 9866 1499 7385 7864 8078 8550 9811 10037 10774 
7664 11202 9284 1490 1489 3442 4839 1859 10214 7232 6518 
1791 83 134 264 951 1549 2204 3741 3780 3863 4223 4339 4901 5120 
1801 533 1165 494 9172 1621 11358 80 2120 8577 9038 
8237 4360 6850 9627 2626 2702 3263 3700 6849 4482 8520 11370 
4114 1066 4222 5253 8172 9231 10399 250 251 365 2055 4221 5244 5252 
1119 7513 11453 1940 11405 55 1520 5963 9517 3345 3389 
8252 9084 4028 5800 6338 6683 8546 11446 3485 4006 6195 10168 2791 
6277 10795 11094 3541 7072 7661 2264 5045 8379 3560 3288 5497 4317 6540 3722 4841 7837 11358 4432 4481 4957 
7178 1105 9210 1165 1703 2467 2470 3210 3502 4175 4868 5819 6008 7036 7072 7992 8884 
7429 3622 4266 4267 4661 5120 6328 6605 6607 6840 10134 10135 10470 2545 2655 4028 7385 7386 
4588 4517 810 6505 6742 7458 7681 10014 11479 4603 2329 
3833 180 208 351 423 733 3728 3768 4278 5061 5136 5174 5177 7686 11053 11344 11346 235 9866 
7170 1428 1921 2503 5411 11464 7939 1075 1361 1647 3684 8563 
8002 9396 10215 2965 3485 8299 9037 11035 4480 9962 11497 1869 5909 3441 4006 5420 
3356 181 223 251 347 652 887 1043 2042 2342 4180 5222 5402 6940 7808 8291 8293 9827 9838 
4101 245 281 4243 10361 7128 4590 8972 1165 2958 3684 5366 5763 9583 11048 1076 2217 5794 3112 
1495 1499 1522 8408 1514 4251 5497 68 601 2971 3534 6311 9745 765 1436 
8067 2727 5570 6923 4634 6203 6775 2453 2806 8505 11918 2986 1949 
7812 3427 1950 11136 6522 10315 2746 3368 2515 4554 1579 
8311 7159 4907 4311 5947 6289 9866 10037 11837 5703 6313 
2131 8288 10315 1369 1520 1548 3974 4308 4574 4911 7939 8200 8290 1473 944 3389 2277 5963 11575 1842 56 
7691 8324 9210 1502 10232 5947 3615 9686 1587 1946 4910 6283 
638 964 2221 11977 366 1661 3881 6637 1614 3271 4028 4116 8015 2410 4070 10860 1076 
3533 5144 8403 3165 333 2081 4042 9928 9925 1199 869 175 
3050 5260 5601 9120 5325 6859 2898 4940 11357 476 4048 9018 10944 6221 
3982 218 8650 11836 1663 8148 8737 11076 3897 1171 
3488 365 180 257 330 196 311 2600 4796 7453 179 181 
5950 708 1075 1165 3684 4360 4432 4481 4957 5169 6501 6958 7254 
4612 985 5706 311 721 1222 1228 6574 7937 6109 6780 
7041 1056 9992 10286 4802 7142 7448 6597 8416 2393 2529 5696 
5358 2364 2856 7099 8839 8855 3485 500 1798 2739 4417 9802 1819 
7078 2758 3622 11911 9967 2388 1072 4702 4986 4989 4994 
1313 6778 7939 1969 4284 6777 8568 2515 150 4040 4237 
947 4118 4357 4532 8111 9462 145 3367 5480 11796 61 
3239 8520 872 199 7755 417 2876 3862 5177 375 10655 6541 158 6445 
6347 819 6105 6459 8244 6914 6915 4124 8159 7882 10705 
6149 1049 1061 4028 4870 5150 5603 9040 1024 4054 4151 4335 8709 787 2545 
1788 2492 5009 7781 10122 83 2025 4339 6760 3227 1888 
1780 8516 3393 6988 8944 9317 83 264 951 1463 4339 7804 9816 10962 
4379 8883 264 951 1951 5420 9507 3925 2791 5865 3685 
5610 12020 10408 2280 8785 9760 736 8024 10191 1067 3082 5944 7898 
4927 410 612 2786 3812 5947 8417 8998 3170 3759 764 1102 1176 1194 2372 687 
5220 472 2171 2437 1298 1516 4829 5059 6780 6907 11818 12005 3254 9661 
5532 570 1073 1165 1891 1972 3508 3684 3708 10780 3458 5325 
2712 1512 812 4839 8882 109 2453 3247 5193 3391 3827 4124 4268 8881 9626 
6827 7292 11958 9728 4648 1459 4821 1306 1330 1089 1194 
2339 8600 11244 84 2154 6155 11326 11247 1750 1073 1499 1001 1006 1090 4172 4340 5497 6028 8301 8299 8303 8342 8355 8496 
4377 11630 264 452 727 871 964 951 1640 1954 2554 2727 2753 2856 3227 3475 3926 6233 7781 10303 10562 12010 1165 
2636 788 1135 1147 1545 2249 6901 11243 105 7046 708 264 951 2554 
2514 1647 1661 1607 1734 4704 5499 5553 6149 6672 7470 8534 8929 9393 
2251 2210 11612 1212 1860 3304 3737 4284 6933 1272 10232 56 1576 
2447 2914 3018 3361 4661 6713 7321 8319 8550 5120 9270 9952 2144 92 1499 
6489 3247 3344 2410 2948 7467 725 1165 1499 2230 2323 4432 4481 4957 
4680 333 9925 1302 3684 1499 5163 8829 8883 2636 1967 2217 10286 2437 2453 8550 4028 
6140 1995 5893 783 1302 1380 2324 3035 3085 7793 11313 2455 3347 3803 7174 
538 7135 3621 9846 2727 43 3702 6203 1652 2995 6119 6338 8253 1086 3000 617 6895 1016 7967 5367 3772 8066 7659 
3255 159 344 961 974 1823 2609 2951 3238 3312 5470 5667 6183 6777 7047 7939 8031 8516 8884 10315 11007 12011 1752 5650 7287 8127 8307 11471 2393 4035 5631 8709 8274 944 5074 10316 829 2467 2772 997 3168 4367 6809 3290 3571 5556 6754 9612 1801 2783 2998 
4873 658 646 665 1404 1923 2775 5148 5764 6297 10919 3227 2771 
1163 985 1021 1039 1065 1143 2727 3067 3441 3442 6455 6457 6581 70 87 533 813 1234 1962 
997 1841 3442 6683 68 1106 1719 3392 4154 6805 2609 6138 7363 4903 4909 84 
899 3338 5364 2002 57 4086 4425 10759 11358 9878 11901 
2014 6100 6092 2965 3540 6913 6914 6915 8070 9874 8155 9488 4977 10069 
7519 6778 8688 2772 11807 2388 4311 4357 1935 3780 4040 4237 4284 4907 5445 6931 1549 5470 6897 
8291 7712 3217 10715 4008 7876 9866 3347 3427 7781 10585 10587 3633 
4285 8577 2410 4028 2557 729 5947 2300 2305 276 3975 1165 
1442 9775 114 9666 166 173 4143 5357 8555 12112 4645 7448 9443 10770 6471 4963 11537 1088 8626 4799 5915 68 2420 9181 8709 7621 2369 6285 4284 11379 
1551 9902 3427 4482 11358 2217 5017 8972 68 1516 2450 
7482 1602 3271 5150 7347 8990 9522 9668 10934 4593 1346 
5123 5876 1016 3401 9015 7765 7604 452 3940 4977 729 
7052 6938 8990 5457 6724 7386 7763 11994 9816 1064 3925 9518 1772 
4485 297 1487 5869 9952 7248 8546 9733 1016 8340 8784 9773 5366 9721 6840 
1581 708 5763 7161 1801 5796 1322 4329 8014 3442 6914 68 
2107 1335 1497 11509 7513 8624 93 788 4432 4481 4957 
1664 3063 6875 56 1381 2126 10327 3247 10013 1888 9496 2658 81 9037 
5660 6859 5736 1072 8683 2213 7237 788 632 841 1382 2308 11416 3550 5192 5584 1917 
5162 453 2379 2554 2758 3541 4847 6451 6538 9332 9733 
6642 895 1664 3112 5747 5998 8934 3743 3418 9129 9249 7065 905 7386 
6043 2660 4839 12124 761 8194 10870 10288 2222 5164 5163 5865 11998 3280 6186 9685 7058 2835 
7783 4411 5378 11570 11807 6746 12020 9192 11092 3389 10952 10455 4074 8950 
8072 10213 1955 10581 1954 7468 9518 9574 7147 3450 5736 
3918 247 319 281 684 773 8384 9191 9231 9413 9443 9943 201 246 
4190 246 564 1178 1199 3180 6135 6468 1794 9418 10841 3127 
3481 387 2074 5042 5462 10790 7792 4296 179 287 1180 3082 6626 9181 3639 7939 
2111 1051 11139 93 2269 8619 1338 11920 2937 1054 84 
7503 1363 1366 1521 3054 3398 9291 1534 2878 4409 5741 7475 8628 8627 
7556 1923 11305 8070 10747 10131 1589 2217 8506 7285 7448 2305 1408 3541 6395 
1173 3717 4363 2347 11356 2790 1658 2217 11218 8530 74 1361 6636 8563 11008 
2495 10206 92 124 2219 2217 2971 3394 4210 4649 4959 
3593 182 235 764 888 1045 2342 7016 2372 5139 203 1180 216 281 547 4221 
1138 315 1212 10089 3861 7867 12124 992 2393 5931 8522 64 1893 
6932 1062 1960 5082 8269 5746 7968 8470 1165 1204 1460 2100 
1127 1263 4907 55 3931 6746 7284 6209 3275 4118 9559 
272 1512 2607 8081 8934 9189 10547 4940 29 1361 5058 7613 8563 8701 10214 4077 453 9679 10409 11356 
6487 1736 4179 5999 6011 1923 8135 9199 9556 10609 3622 10387 
5372 2381 6923 7718 9321 9977 9585 9767 11736 4311 8970 9012 500 8663 1011 1613 3361 8998 9089 9540 10122 
4021 3176 5179 5180 11380 417 11006 228 233 650 686 
4446 6625 7153 5860 3528 3529 3643 3646 4028 6177 8889 
4361 10380 10849 2806 8490 12080 264 951 1075 2025 2853 8355 2658 10808 2675 3088 6777 7387 8299 
6875 11486 1001 2401 2409 5598 6465 9377 2387 3092 3226 4432 4481 4957 6780 10013 10229 11509 4923 
1309 62 1322 2856 2878 3067 4268 7563 9549 9899 10380 10556 727 1075 2217 5736 
4713 281 2084 2527 2561 3246 3329 4907 7241 7675 8308 
7388 1334 2067 4675 6134 6525 7324 8787 10321 1274 2456 3411 
3236 2557 3781 630 5736 11394 7822 292 407 511 3810 158 204 548 1277 5177 
5781 9518 698 2025 2453 3428 3568 4266 4267 6627 7223 8066 8196 
375 1955 30 1062 2064 2652 3320 12080 366 804 2349 3560 4028 4786 
2848 9281 7752 9889 1499 6854 5736 6273 2652 3320 9802 
7329 4646 4222 1165 6054 4363 11800 4548 11584 4160 9952 
3712 12005 3417 10715 9555 2545 4560 3427 3419 6784 5717 3259 
3222 412 7421 201 215 182 252 519 580 607 1294 3064 4238 6535 10349 157 2393 4222 227 180 246 
7710 1728 3814 4798 5672 6245 7198 9697 11876 1705 5370 6957 10535 10788 4316 2811 7651 1662 
1144 2660 3227 9962 10269 5381 62 1018 2658 6338 9294 11259 500 2636 3242 4028 5587 7484 9801 
4404 6197 269 1295 4883 425 9432 11371 11481 5502 623 
5012 6273 3359 5120 404 1363 1366 1491 2688 3632 6250 6696 
7326 7859 10152 10785 11086 9037 9797 10677 11128 12080 1396 1244 
8029 9192 4925 12043 1860 4592 2478 2766 11178 6783 6781 
5578 585 687 1758 4124 6322 6862 10014 2269 3227 3335 3507 
910 1374 1831 2994 2995 5964 57 62 813 1640 1780 1827 2765 2993 4086 
79 2210 9866 10037 8970 56 6746 10280 4412 45 7812 1502 4358 4410 6274 2383 
8146 2590 4546 5854 2218 2219 2217 2971 3292 5163 8985 5186 
3761 4795 11537 6785 7202 7016 9836 9995 10178 6816 193 734 2339 2343 11065 11538 
4650 5237 7611 333 606 1499 3411 3902 3912 5117 5355 5356 5648 8102 
2717 6879 109 2837 2853 2914 3018 3021 5014 5120 5151 5193 7148 1056 
1944 8317 5736 264 951 2557 12005 12004 1018 8359 3253 109 5193 11240 1072 
6013 10645 729 1664 2156 4154 4617 7073 7252 1322 6339 2658 7185 8828 6452 8350 10062 
4413 11230 11584 6725 262 304 1324 2599 3301 3613 320 2860 628 2529 8225 8767 
106 18 28 1062 5324 5453 5455 6078 4828 160 1147 1396 1648 1841 2156 2292 2615 2805 5323 
2519 855 1165 3684 4540 6131 10554 1272 1954 1955 4695 9157 9448 6920 9464 9518 
3617 1189 5350 5894 7761 9775 1253 175 173 246 271 267 350 1166 1178 1180 3471 3638 4230 
4704 3394 4210 4482 7614 761 2878 4509 10952 11273 8555 
6318 4069 9052 9702 8577 10861 11019 11681 1073 4106 9037 1396 2320 8062 7966 2217 9486 819 
6485 813 2219 3401 3453 4205 6322 7024 9906 2373 3133 4028 4649 4766 
5004 829 404 1590 4627 4911 6210 6912 8998 10415 1860 
6640 804 995 4748 5237 10069 3322 3792 6522 2856 5367 6462 6506 
6304 2500 3684 817 2496 4649 4914 7368 1575 1578 1640 9770 7384 7317 
548 4923 5961 2758 5746 6568 9768 9782 11878 43 725 1075 2353 2533 3247 5049 5763 6100 7046 8583 8814 9157 9724 9994 12096 
105 18 28 1499 2144 2217 3426 4028 4649 5746 6677 
7438 1298 1946 1996 2437 2501 3290 4414 5005 5194 6283 9634 11828 
1971 3397 4356 4500 7931 4432 4481 4957 7994 9447 7263 
6313 3938 7115 8836 11554 6096 817 9952 5981 5979 9518 10241 4732 
673 4588 6528 11911 44 6028 6201 10059 4785 11787 1477 2152 4776 6311 9262 9418 8403 6905 6691 
6736 9262 11612 1314 3763 4323 6138 9963 11794 950 1477 4649 4776 9755 10069 2557 2660 4588 
3300 393 218 4225 246 407 4863 1180 235 4795 5222 764 7267 
1993 4416 3931 4421 7628 8499 9355 9602 9603 2751 8307 1777 
546 4939 11243 7346 75 788 4560 6641 7524 4288 10774 1147 6651 43 6905 9909 9415 2794 5365 6158 
4539 7016 1027 5728 11552 9964 7019 4938 6785 9841 10000 1226 6469 292 7454 2340 7324 
632 9686 7725 44 2410 2727 3163 3315 4082 6201 7967 8990 
4952 11737 5632 8466 11358 10380 9104 3845 366 1869 5741 7499 10451 2931 
3585 659 742 10841 1882 1096 8384 412 8650 9183 11525 1562 5724 9418 175 
6781 1165 5799 905 1031 1062 1638 1869 1897 1948 3247 4038 4150 4866 
4843 2217 2636 4349 5881 6980 8984 11048 11132 11352 1859 2293 6075 1340 3954 6502 7022 10901 804 8934 10214 11312 11706 2099 2213 3271 3693 9781 4309 
995 8292 3147 3554 3984 5351 5596 6614 8518 11511 3347 2126 2277 10280 10327 55 63 1212 2739 3389 4417 
6944 1258 3878 6448 3496 3845 6452 7641 6501 995 1960 6027 7264 8299 
6423 3615 2114 2797 2985 2987 3931 11842 1949 2984 2986 10280 3840 8555 10232 6781 7939 1075 1870 
6811 1346 2993 4649 5231 7163 7602 7934 8433 9462 9512 
3763 1512 4645 10990 550 9552 200 8485 180 199 419 2342 3176 5177 3165 201 520 9191 407 1194 6179 1277 4684 9150 
584 3684 1147 2164 2554 11196 3985 6518 7911 3413 2621 5766 8070 1590 44 3322 3791 3795 
2059 7977 10268 11370 2925 10913 5736 9601 8303 8300 4276 
8259 9100 3413 8840 10581 10728 7089 9555 11715 9724 10364 
3785 12056 614 1144 7001 7986 9418 10178 10396 198 2180 3214 5878 6608 
490 995 3404 40 109 475 725 1512 1678 1767 2205 2217 2374 3684 4649 
7904 1713 2850 2379 2570 2636 3461 6026 7148 7628 7662 10363 11095 2378 
7455 8061 11237 1361 3695 5716 8563 10825 1335 1647 3595 4154 5237 6885 9574 
6071 10315 1499 10677 10785 12124 727 725 2138 3057 4074 5665 8950 9030 
3816 173 1096 1275 2567 6135 7235 1135 1288 6502 6919 10354 
4188 246 235 267 257 330 380 396 2042 5350 6541 
5256 718 1593 1064 2557 9028 481 1165 4239 5433 5985 
1750 3427 5736 5735 5476 6874 1512 5448 8206 8884 83 1462 2353 4339 8546 10630 
4174 4545 8767 5207 8358 246 2498 3541 3774 6657 10507 
4055 254 511 2035 7118 7453 8743 930 5294 9191 9240 5157 6432 580 242 9465 
3613 1212 2538 2587 3451 9192 9952 184 319 405 414 729 727 725 1499 2055 4019 4240 4649 
3257 3234 4006 7364 6273 727 1621 4844 160 2379 5003 5006 6751 9486 404 6696 7662 2580 
2869 5645 7000 2147 5644 1834 2173 6522 8152 8307 1234 1962 5596 2388 4833 3276 5074 7939 2142 9761 6645 
3601 5735 5736 7729 11207 187 3226 5482 9493 411 3238 
1662 1831 5237 5964 6448 6450 6451 6457 6460 10762 11284 68 3994 6339 
4326 3275 10376 341 436 2597 3368 6138 8000 8461 8516 11963 
3913 3414 4041 7679 734 208 643 694 736 3765 4261 
7780 9338 1575 1578 9253 11783 4234 7073 3743 1540 8352 2100 
6760 1064 1485 1698 1879 2117 2348 2353 2805 3563 3560 3568 3572 3580 3684 4213 4245 5747 7044 1075 
656 4638 2384 3004 4649 4702 7482 4700 62 10446 7973 3664 7700 55 1940 6982 7461 9878 10554 2993 9512 102 5736 44 2289 6201 4833 
8076 6325 8840 11992 2725 2820 6273 9673 7724 11359 1955 2393 2636 8839 
374 7299 30 1165 10649 1135 2249 6898 1062 1381 2349 2453 2557 4649 5876 6036 6678 7073 10364 10368 11509 2373 3133 1338 1361 1387 
996 1506 5596 7914 9210 984 4911 55 6210 11254 11256 4534 3485 6359 11313 3088 9357 2378 2388 3931 4308 4870 
4824 2592 382 564 614 1178 2342 2827 3180 5062 5144 5157 8247 10075 10449 11491 
5727 9422 11943 11483 11883 9997 7762 2658 671 1436 3100 1439 
4631 311 9849 7446 709 2261 1178 4230 6177 9996 782 
4632 725 1030 1049 1061 2475 2806 3843 5201 5573 5603 6914 
4855 3595 9569 7438 3096 5131 5736 5998 10972 381 5735 1647 5721 
6188 4963 2027 5876 6322 4805 5032 2410 4190 4218 10092 4986 1477 2152 4776 6110 7475 8520 2727 5863 6027 7684 8299 8966 1049 1061 2453 5603 2733 5584 5059 8140 
3646 7543 289 329 604 6626 8680 10172 10447 603 257 330 
4549 10235 4561 5977 4482 6149 8934 6502 4911 5584 
2785 116 194 195 783 800 848 1403 1406 1451 1454 1458 1771 1866 2741 3439 3909 5436 
2978 134 738 796 987 3413 5876 6339 7073 7551 9332 8359 1016 4046 
5231 475 4751 4746 8195 510 847 1194 1436 1445 1449 2596 2775 5680 7720 853 
5558 820 3277 4283 4841 5570 5632 6455 11202 7876 1827 7662 2427 533 
7613 1474 3352 3441 3442 3539 4010 5107 5151 5448 8070 8183 8507 8866 
5490 1521 1647 4688 10528 545 556 1122 1468 2406 4006 
2800 4311 7587 10097 3931 3068 9012 2388 5387 9090 118 
4219 4902 5740 7073 7470 7524 7534 8070 8504 9022 9248 9249 10605 11208 11991 7759 5366 6781 11639 
825 6843 961 5042 2371 6778 1945 5642 7612 7891 8024 10173 10498 3364 53 3041 7525 1329 1782 2592 
7655 9525 1634 2453 2853 4939 5515 8546 1545 1879 5315 
6274 804 1879 2117 3940 5736 7774 11509 1376 5876 12077 805 10727 
5958 2934 4267 4266 2439 730 4094 4592 10495 11717 6928 7939 3147 9547 
2919 3054 8342 124 1069 1871 2218 3344 4444 5735 5741 
3376 3232 166 2372 8295 5288 8793 182 281 11629 10890 8291 
2208 3387 4028 9756 1993 6462 8504 97 2217 4702 10726 995 
7229 7400 8832 1158 3684 9157 10979 9290 4432 4481 4957 9288 10611 
3618 10359 175 181 180 204 220 223 251 199 311 385 584 1154 
368 10851 62 995 1499 4266 4267 30 7964 6092 2457 2727 4268 6958 6611 
1510 1870 2166 6111 2015 10377 63 5461 6781 8307 949 2453 10280 
1608 7918 9018 11160 11627 68 987 1734 2219 2217 6627 7151 10206 10693 10726 4048 5963 10341 2660 3227 4028 
4802 359 683 3389 8742 10411 1274 1945 5646 8764 10498 891 900 2603 3182 7324 
6010 1477 2152 2957 4776 7751 1997 8045 10671 10600 755 809 5736 8066 10957 11245 
1574 63 661 4329 5461 813 1065 4746 5360 5754 9113 10852 11133 11575 5218 3878 
1708 4993 5880 82 84 1069 2213 5056 6897 7635 11095 
1767 6976 6835 2626 6619 6650 7783 264 951 3427 83 1713 2126 4339 5038 6874 8355 8555 9427 10327 11506 
6493 7237 4217 4634 7135 2024 4273 788 5504 2217 7929 2349 4975 1516 
1975 9097 9492 4096 8070 1782 4048 8806 1798 9541 9589 12065 10944 84 10648 10943 
2259 9192 1360 2597 6778 8555 56 11561 9761 2147 7647 2065 3725 4870 9994 11803 
5940 9927 2239 8097 9797 9891 11672 1453 4675 6185 1064 8522 
454 10170 490 1923 2104 8357 8484 9199 4649 1830 8675 39 1056 10364 11754 
4120 396 5596 6027 8909 1996 4757 4766 6324 1798 603 10440 10322 11836 
7029 1615 2144 3475 4661 4939 6983 1062 1165 1499 1572 2373 3133 3247 
2479 10091 10495 11787 428 213 513 4702 5658 180 393 7748 292 524 597 6477 7089 10294 1096 1775 11408 10396 10834 
6264 3277 2652 3320 9803 9802 10589 9525 5393 9129 10913 3290 3584 5169 
6141 4911 727 2597 4229 5357 6736 9067 3257 7759 1842 8903 1827 
7841 5521 1614 2155 2158 2350 2850 3863 4028 4352 2658 4181 7385 10122 
1663 11449 1234 1962 3249 3485 4154 10497 68 10168 3878 4516 7252 7332 
3788 1277 392 415 532 255 182 203 199 292 311 1090 1096 1531 
6219 1879 2353 2358 2958 5043 8512 2292 3362 5865 6102 9157 2230 2348 
1635 3271 3664 7046 9037 68 381 11831 11832 11536 1477 2152 4776 
3350 9181 199 166 1512 4764 7267 9185 5188 6944 2261 11408 4251 
2570 100 199 709 166 2544 8594 5531 1831 5964 6142 3820 5639 
3570 234 1502 1574 4795 175 215 939 1996 3350 3471 4653 5339 1096 3329 4669 9828 
4164 199 295 451 639 9926 612 2085 3414 4325 2261 672 2343 4278 
4430 687 1167 2053 5072 9148 9925 262 2921 5330 5899 
7589 11943 2290 3776 4128 4455 5909 6111 9816 11366 12088 
4956 366 729 1147 1322 1499 1575 1578 2144 2320 2820 4028 5324 7252 8990 4702 
7520 1361 6150 8563 10906 2221 4268 7932 8078 12108 1856 5561 8201 7804 
5778 1968 1974 2010 699 7185 11800 1516 5556 1013 5325 1571 1482 5152 
195 7458 7634 1062 1981 6678 1343 3322 8550 11509 29 2915 164 
5902 7684 8966 7127 708 1957 4539 7264 7374 9247 9248 9250 9251 9252 
7409 8037 9926 1436 1757 2771 6300 1307 5628 5630 9927 
917 9156 233 372 4328 470 524 652 725 813 1490 1489 2437 2805 5420 10340 3401 57 3664 4086 11449 
3271 205 2878 5121 5736 9219 162 1075 2273 9157 11359 8041 
2839 2114 2340 4997 120 122 333 359 675 897 3137 4690 5765 5963 6138 
3275 3180 6426 10890 173 282 257 330 652 709 947 1178 1185 1497 2261 3176 3664 4262 4664 4764 5776 6132 6782 6830 8295 8385 8386 10364 10994 764 940 957 7019 7543 8541 9532 210 520 524 548 3748 4240 4331 6165 6181 9418 663 935 
6097 3337 7467 11627 2545 3988 2809 3668 7477 807 820 7264 2645 778 
4477 262 6065 2234 7995 1905 1525 11410 11992 6195 3703 1075 1605 5738 
7154 1587 1819 2652 3320 3926 1075 1396 7319 1488 3777 4832 7536 
3691 2147 7159 7838 9247 188 173 182 281 358 407 524 709 5288 6468 9443 
8053 3397 3416 3753 6123 6287 7252 8175 8176 1928 2377 3396 3519 3614 4580 4752 
5125 3925 5161 11943 452 3664 4154 5105 3514 6026 7441 
1827 4929 2658 2660 3227 1165 2652 3320 1946 6283 10131 
7587 5365 1491 1600 2217 2791 9646 2853 3632 8381 11067 7142 
3281 11526 3684 7611 6108 1602 164 8443 7108 12005 1816 2117 2153 
2271 533 995 1165 7073 7687 8079 8836 2855 10780 84 
1057 713 3475 3615 5272 3677 55 963 1136 1590 2085 4851 6982 7855 8904 784 800 1261 1326 3026 3085 4992 4100 4487 395 734 749 2666 3904 3936 4324 4936 4937 5465 8650 10789 10841 11918 173 233 1212 3337 3755 5062 
7175 4592 4911 3931 4540 6746 10141 1105 1165 1502 2219 2597 5351 11590 5608 
6269 8709 5882 6138 8196 10039 10211 805 2217 6802 9481 10780 820 880 
1269 62 112 784 792 782 894 1018 1073 1075 1165 1491 2151 2246 2660 2740 2921 3321 3389 3994 4132 4992 6029 6174 6277 6351 
5377 500 1338 1381 2099 2171 2471 2557 2761 3109 3211 5164 5848 6834 6873 7657 8350 9370 9501 9603 9602 10364 10917 11023 11263 11401 11764 1614 2154 2344 3543 6232 6540 7662 8054 
5689 643 1278 1616 6780 2828 3224 5865 11465 2823 8520 3552 4335 11467 
5465 1218 4480 3403 5736 6938 8934 2249 11446 549 3127 533 4783 3335 2878 4006 
75 6865 9948 10144 10023 2290 7000 8932 9352 16 9574 
2094 995 4459 10783 6027 11256 1094 9239 8404 4551 7505 1474 5420 3779 84 7156 7724 6883 
8156 2598 2878 10726 5736 6922 10245 2217 6915 7104 4432 4481 4957 6905 
1765 11228 6274 5445 11309 1946 6283 9290 10231 10981 11202 3226 11087 490 1713 2607 6250 8066 8489 10866 3442 83 1338 3227 4339 5420 
3452 871 1516 2254 3929 4505 5081 7303 8196 9064 9964 11566 170 533 3347 961 2592 942 5009 5023 5497 6905 7688 
3469 3899 716 7215 9070 11615 1091 5695 178 188 595 
4910 4132 11595 396 995 2277 3389 3975 7073 8307 8957 
5616 5736 9521 3684 610 2393 11680 789 2212 5330 769 9868 11695 7470 
6461 8200 5608 2485 2734 3309 6057 8307 6359 2272 3792 8998 829 
5628 9816 5747 10777 2501 3341 5996 6275 4234 7536 8066 1607 804 2361 
103 18 28 10018 942 5815 9154 3322 10339 7325 4340 4571 4986 5033 5231 6338 9248 
1677 81 1016 9206 2269 1863 3238 4298 4299 7523 9189 
2908 3441 5145 6931 7364 7377 7402 8196 2580 6254 124 817 1165 2353 2878 3563 3684 
6302 805 820 880 959 1464 2025 2064 2519 2956 4209 4884 6673 
6567 871 1335 3344 6901 11249 1024 2554 6899 3684 9573 9574 4911 6232 1147 
6271 925 934 2545 4565 5220 6233 8299 3684 6036 2427 6452 3418 6615 805 
1820 1678 3684 3711 5163 3231 2383 4814 11837 1942 4911 56 1165 3223 3225 3722 
1628 3436 2217 10823 68 1281 5535 6578 6577 9061 10761 
6024 3778 11639 2888 1678 1772 3574 3684 8550 11368 727 841 1132 1382 3845 4154 9952 11148 11475 
968 7742 7073 3322 9802 10726 10365 4335 11471 1056 8693 788 
5131 10090 1049 1061 2453 5603 9100 9971 11656 452 10591 7662 3196 
1258 62 91 2410 3442 4702 4978 5844 6990 7387 7781 
3240 764 7016 206 199 407 2035 4331 8501 257 281 330 1419 6535 158 201 392 4156 
5264 880 2751 2949 483 807 837 6802 9386 3391 805 
7187 1075 2533 2646 4169 4170 4203 5049 5805 7073 7368 
4970 1147 1647 5483 9930 11883 411 1132 1468 2878 3684 5457 
7302 1221 2765 3514 4035 2210 3931 4006 7360 8353 1474 4151 4911 5679 3347 3441 3554 
86 1987 4130 8632 10120 6915 7628 5381 9589 2615 4046 8043 5735 1615 18 28 10018 2449 3550 4432 4481 4957 6028 
6381 6765 4509 3128 3569 11696 2048 8660 3151 11626 1832 1180 1579 9183 11770 8516 
3553 7857 8485 11538 417 5345 10724 11869 173 257 330 2342 3862 4225 4653 
4995 9448 1119 658 665 1060 1167 1374 1404 12087 423 5158 5202 6288 
5140 452 1879 2925 6571 7039 8504 8556 10913 9573 2410 5497 4986 10214 3752 
1787 701 2164 83 205 262 1075 1165 1381 1396 2490 3684 4028 4339 7781 7908 9250 10647 805 
6881 1001 3684 5366 2217 3113 1381 6922 11368 6914 1499 
6475 11317 3315 1081 788 7534 995 1661 10560 10561 3664 
1279 67 366 727 804 1018 1075 1132 1499 1879 2064 2117 2159 2291 2607 2856 3477 3845 4335 4661 4649 
1111 56 3276 5038 5884 11511 55 150 2597 4419 6346 
3882 199 653 5568 5579 7755 11014 5366 10163 
5932 1499 8408 11818 708 1024 1072 1492 2949 5763 6027 
3126 2380 788 7358 7541 1496 5497 8408 9948 1258 1614 2217 4116 6232 6556 10922 2615 4959 3438 2921 995 2915 9272 11587 4987 150 328 1945 2158 
6939 7251 1024 1165 4340 6603 8070 10006 11368 2976 9538 
3769 8445 1180 201 457 963 10724 234 5139 9775 439 173 180 709 3176 7241 9181 5177 3639 11559 9443 
2688 10437 488 2278 6683 9021 5972 109 480 1086 2938 4565 5193 5395 5863 
3674 181 182 311 6135 6715 8695 8713 9443 10322 11481 564 
5280 482 962 2522 2597 2920 3029 3733 5378 5422 5831 
6488 725 6026 6650 1516 1955 3845 7623 1477 1883 2152 2567 4776 4802 5364 
4341 4179 205 1461 1464 1727 1879 2617 3247 3277 3338 3345 3798 6319 6700 995 2025 2027 2501 
4823 10286 10900 3633 7203 2315 1728 2501 6858 5985 5324 
22 4 8457 4599 193 614 694 693 737 734 1936 2074 2180 3765 4327 4598 5736 6816 8672 
377 30 678 727 804 1073 1165 1272 1396 1499 2025 2027 2453 2856 2925 3410 3404 3684 4028 4661 5571 5582 6204 6571 7035 
4121 233 419 520 659 742 963 1088 1412 1422 2342 
5428 535 628 2771 3224 8312 629 1754 5936 3147 3368 
2565 2949 7420 7684 8624 8966 995 1049 1061 1197 1396 1477 1516 1831 3322 3711 3903 4077 4776 5603 5964 6465 7275 
1240 62 894 3399 3999 9421 9792 11580 2827 5163 3684 3902 5971 
6021 747 2418 3428 5325 3918 5741 6647 6102 1849 2979 
8084 2550 6875 6755 2819 4802 11411 4255 8504 3681 3752 
1745 9132 109 5193 5876 3930 9290 10861 11309 11721 83 264 952 951 1772 1956 2580 2994 4339 4816 7157 8010 8248 
8198 11212 2388 6923 7470 10039 3840 2739 4417 3088 3392 7864 10152 11169 2799 3953 
3809 173 1412 7937 8445 10099 257 330 4225 6535 9443 
3333 427 267 380 3631 3755 4221 4240 166 180 520 652 1134 1885 2365 6880 2345 8053 9574 
5946 708 1594 6028 9607 4360 6213 8196 9823 7402 11815 7752 10317 11818 
6576 836 4980 7820 9332 1335 1428 2421 3057 3109 6901 
664 2291 8286 2554 8605 817 9270 12078 3743 964 10635 
7376 2467 4520 8009 11612 1165 1646 2827 2910 3088 12043 3792 5163 
5517 3541 11387 533 3753 4907 7165 7166 10785 10976 11054 11727 4118 6853 11128 11760 
3279 4629 164 1490 1489 1776 3554 5038 6932 7619 8307 
1242 5704 482 2410 2774 4516 4827 8934 9729 5701 68 1831 3185 5480 5964 6212 10013 665 
353 5848 10440 11092 11263 56 109 725 1381 1499 1733 2213 2217 2597 3247 3845 4077 5193 5437 6905 10232 11509 
3260 6931 160 2205 2607 10268 10587 2386 3477 8583 9380 9816 6803 1516 8466 1056 10585 3568 10317 2819 5009 6775 7038 7039 10588 11715 8520 11312 11368 1165 2288 8478 11309 2135 9888 
3185 11838 7193 8709 11062 11078 153 2058 2952 5755 6122 6571 
3027 1049 1061 5603 1549 4653 5339 4786 11471 9802 9225 1885 
1423 2139 5608 5012 9210 10936 3290 10232 1646 10280 4358 3276 11313 11338 73 5954 4927 
217 3277 10203 2027 4658 6140 11368 3227 6455 819 10156 
6721 4027 5379 5386 6356 7166 7193 10332 6209 4253 9012 
3357 4721 4737 166 199 235 524 652 2035 2342 4278 4801 
6431 5163 4349 7252 9285 5374 1468 2766 2032 8520 11806 1069 2219 3954 
2100 303 1215 734 5062 56 3780 3368 9431 1212 614 829 4903 2147 6138 
3655 338 1145 248 269 409 3936 10790 4324 181 267 10696 
5289 995 727 725 1075 6934 10235 11244 11247 5497 708 1006 7427 11248 10032 3845 6114 7158 9751 
865 4074 4564 4565 4989 8950 4104 4986 11494 54 2315 6017 6110 7951 
2926 6723 124 1333 1353 1363 1366 1491 2204 3109 3632 3877 7079 8079 8381 807 
938 10503 1490 1489 57 4086 3780 5351 5954 4028 12043 4994 8747 10280 9211 
2867 2174 2373 3133 3250 3276 5056 6730 7121 7640 7781 8916 10597 11047 11911 1335 1834 2811 4114 5437 6897 
1210 6864 62 11818 5214 5514 9572 5800 63 2410 3347 
6382 1010 1528 6990 9048 2956 3212 3693 7611 7187 3428 3246 6933 1969 6140 3603 804 2976 
60 5425 10525 8040 10108 1565 1667 2235 2236 2238 12 6893 3414 3419 6779 
2147 6333 10981 4028 9054 56 1946 3727 4628 6283 8111 
3573 1273 1277 3529 5288 6741 7548 7590 7958 9119 9191 10107 11394 11559 185 416 1317 1384 
100 2208 77 18 28 10018 5963 4425 8902 3969 4074 8950 5891 6122 3783 
4244 6502 3165 710 1805 9791 10585 6134 7986 10890 2260 5724 10691 
3604 417 432 963 1411 1412 1417 8761 407 233 380 4238 173 3324 
5426 531 1482 1499 1512 1734 2386 2452 2946 5219 6024 
4259 4311 7838 11173 235 2772 8009 281 1178 4690 6111 6138 6468 6746 8032 8541 9071 9532 10841 
2578 5895 5552 3124 1324 11410 5809 3185 106 3146 1595 
4298 275 374 653 3122 3176 4282 4579 5180 5588 
6794 977 1075 1473 1545 2121 2452 3792 5876 6008 7063 7078 7185 8587 
6959 995 1497 7073 8070 10364 11818 3227 3277 3276 4028 5736 7114 7482 7700 8504 10081 2660 4588 
6770 1121 1560 10913 5996 3860 4767 905 1100 4777 5316 
3845 1496 2485 11813 5522 10812 3079 1488 4911 4091 4516 5754 7254 9761 5351 4432 4481 4957 5360 10959 9811 
65 2239 11967 1459 11383 1755 5680 5695 11549 13 6086 6294 7009 8405 9928 9925 11672 1456 2769 5330 
94 2544 106 5881 1812 6694 18 28 10018 5107 1094 4562 10532 10069 1831 
7159 2544 5762 6703 2652 3320 5264 9888 2862 1075 10571 1499 5848 
4348 2660 205 5395 5396 6029 10364 956 7777 1298 1322 
2253 5085 84 2993 4048 5163 6119 6256 9512 6212 1178 3862 4225 4653 5339 246 8403 6782 1186 
6479 6138 10869 10626 2739 4417 3931 4230 10879 1590 2652 3320 854 
5687 6597 11542 11821 1436 1447 2884 7618 8037 1441 2004 2006 3144 3172 
570 500 804 1016 1069 1468 8359 2108 137 3247 4284 4687 6338 7752 1185 4234 7838 11218 3845 9332 
5395 503 9820 10072 3391 6409 6952 1512 1468 4124 9514 10235 
7094 1352 3250 6057 1870 8954 10776 4911 1074 3931 3088 3615 5351 
7965 4132 8136 3249 4432 4481 4957 5515 9249 10087 11612 
2057 7766 2373 3133 5176 8079 4649 9856 3441 6496 6580 6852 1831 4150 5964 5011 56 465 10006 3794 1499 2865 3413 6897 10230 3854 9495 
4148 8347 9448 205 2453 2775 3277 3892 3893 4154 4649 4950 6027 
1502 205 8147 2356 2820 3607 3684 5231 5325 6805 4947 8827 9247 9888 68 5556 813 1831 
5704 940 4811 10891 11103 11374 7241 9994 2597 2545 7509 
6746 1165 4223 4234 6655 952 1075 3531 3688 3684 7668 
685 44 1496 3344 6201 8042 8342 9101 9189 11898 140 11818 1499 
3701 281 10246 9150 529 10000 216 182 292 324 513 591 1096 1176 2037 2043 2372 5345 6179 10533 204 311 696 2342 9071 180 5240 11379 173 233 235 267 515 
6626 804 3315 8070 10168 1923 7973 9199 8352 9224 995 3622 8092 10812 
4119 1456 4419 4532 7448 3570 3816 4092 5456 5552 6113 6111 8073 10924 3276 9335 
1615 1520 9977 2406 4686 1545 4649 10646 9486 1016 5366 6835 9721 4980 
1638 1678 1868 1954 1955 4441 68 4929 2452 9518 10715 
6000 2025 9359 3247 1165 3966 6633 2453 727 12080 747 1955 905 11818 
4070 7543 5687 9950 233 425 1614 2158 2344 3227 3354 5311 8299 
1492 175 173 180 281 963 3471 6944 8877 10381 63 3176 4282 5461 7366 1299 5648 
5877 2357 732 736 3422 3936 9544 2534 3762 4330 5717 3036 
5007 8998 7623 12034 404 6696 1832 8883 3076 6342 11052 5282 7050 3870 
1155 55 153 477 1212 1272 2597 2952 3931 3961 4074 4284 4311 4634 
1156 55 73 6278 6952 10979 7400 3277 205 2949 4225 485 1346 1605 
7688 9020 10126 10118 1502 8960 7035 11689 9021 10981 5556 4406 4392 1946 
1130 9626 9625 62 1090 2217 7095 1512 888 1277 6944 8695 
4354 10172 11048 267 2214 3231 4517 6746 7187 7364 7401 
6297 10265 1069 5736 7445 8070 8619 9571 9573 5333 9246 9250 
7570 10919 9937 2048 3997 10060 1443 1893 3417 7817 9417 
861 477 7733 8810 5908 1801 1885 2365 3389 6210 4311 3391 4425 4833 9390 9504 11838 11840 84 
3129 3301 8023 8430 1456 3175 11266 257 330 2261 6660 215 709 233 150 631 3367 8070 2545 11767 1516 
5457 4028 6387 7475 9960 805 916 2972 3748 1062 3584 533 
6456 4783 813 865 942 1954 1955 2609 2908 3067 3845 4094 8504 
4703 1289 10063 675 5765 683 894 8024 328 5944 5923 359 2081 8775 10498 1781 2441 3672 9210 9419 2307 4666 8733 7364 8734 5648 3082 938 5566 5695 7452 1015 4985 
681 1516 1523 1529 4269 4541 5846 5879 9199 11512 44 1314 1367 1923 5058 6201 7571 7875 8595 8597 
658 5284 10945 246 1227 1532 281 5658 6689 10652 7252 1243 7016 5286 44 1696 
2959 6920 6626 701 6273 353 1091 8726 4222 132 693 
2256 56 1182 1165 2114 2129 2126 3790 4027 4146 4540 4581 5534 5725 
3371 193 166 222 253 266 469 739 1140 3895 4094 4993 5684 5750 5751 6182 7159 7202 269 6172 1156 
4277 1468 2624 2966 5980 2626 1577 4502 1467 2501 11494 262 297 645 1448 1773 2529 3124 3301 5695 5696 
1769 2023 5381 5397 812 7774 9964 9816 83 1777 3413 4339 7073 10023 
2598 4658 4544 3584 103 1772 2409 4560 9377 9952 4649 11363 11818 8619 10013 1369 
4649 8024 2324 8772 4064 333 4717 9937 5935 1056 5934 7568 8642 10109 
4136 10990 199 648 764 1045 858 3862 6944 6390 205 
6822 2342 3436 9532 4041 10214 987 1056 5556 6140 7526 
1730 4777 4939 7701 84 1499 1615 2144 3271 102 205 476 1818 2410 
4187 6045 9925 3032 9928 10934 3227 4935 4335 6603 8546 9802 2224 6515 6521 1740 3174 10715 235 2342 7828 8951 610 
5133 6277 4349 4458 7614 452 727 1073 1165 1476 6028 6453 995 12010 7906 10759 
8095 8422 11447 3438 10587 7470 10317 9241 9920 6944 4262 2055 9143 10638 
7339 8842 11054 3632 4163 4445 3925 4964 3541 4875 6875 1234 1962 6447 8469 6874 8860 6414 
6167 727 1075 1879 2117 3684 5584 10546 10774 11217 12096 7358 2667 
6166 727 725 1499 2353 2791 1361 1381 1614 6024 7640 8342 
238 1064 8535 3743 1971 1660 9406 9400 10645 8317 729 10647 9332 10650 4783 7185 9811 93 1024 2545 6691 6725 1018 8359 11251 
8081 1978 4468 7745 7865 9970 10646 5831 3975 5082 6209 
3125 4154 4565 10563 11331 8070 9666 9280 11612 9115 4900 7274 7475 150 9492 5885 1548 1499 2082 
5785 9878 10232 10700 700 11570 2283 6901 4028 3539 7762 2248 
2307 10317 10585 5894 84 788 4907 5346 7544 9485 2151 9302 2949 4270 
1191 62 4117 4130 5237 7859 11236 1981 3711 8784 8092 2488 11518 3845 6027 6651 8809 9877 8342 
4137 292 377 572 4222 8291 258 696 1178 1756 3638 5139 10724 2372 10396 5184 7926 515 894 1260 
4181 1520 6626 246 396 8957 10069 1176 804 1180 4205 
7384 2379 9587 9977 11736 1165 2320 7441 10101 2064 9772 2380 7335 1885 2365 
4481 6525 297 2988 4447 7571 10856 2883 3825 6442 6530 620 2340 
4920 6988 8934 9362 10396 366 533 1038 8070 8628 9337 10269 11123 11818 
3725 189 233 392 3638 173 278 2342 5184 257 330 7016 1096 11537 7748 10294 10299 8356 508 524 11857 11914 6046 292 180 
1153 393 4129 6626 380 382 764 252 8650 189 9775 7116 11491 11492 257 330 2335 4240 6226 5437 10280 
6434 1981 3398 788 836 1018 1338 1376 1407 4197 7237 8359 4833 4978 
1643 68 1512 4802 4988 2652 3320 8939 7658 959 
4030 270 1417 4222 11538 6952 5350 182 1819 1277 1422 
4667 333 359 3026 6130 7120 7568 8884 10571 6475 3035 10498 3227 
7125 1195 11077 3965 8908 8101 1092 1277 1736 2388 4939 2217 2318 10069 
5966 1713 1477 2152 4776 6547 9555 9556 4028 9802 10214 
5858 6020 3032 701 1080 3301 3164 1376 7252 3684 7400 
5811 7470 10776 816 833 3247 4571 5159 705 905 1499 
1186 62 112 1407 5033 8665 8674 9042 1689 2204 3240 
4891 1086 1516 4512 9605 11358 3394 4210 366 5058 11273 2909 
5662 1406 3414 4882 5717 5731 7958 614 1866 3066 6441 4227 8394 672 5684 1136 636 1180 7014 
7900 3931 11766 11769 3222 4311 8960 1741 10879 11323 4387 4398 6247 6375 
7228 10585 10587 2856 1158 1363 1366 1491 9283 5497 8079 1338 
1185 62 84 729 1024 1064 3276 3477 3665 6778 7483 8958 11818 2204 3226 
6211 808 3539 4907 5204 5483 6943 7535 8009 9712 9898 
7501 1363 1366 4800 6024 9163 9562 10812 4169 5453 5747 
4790 3862 7534 7274 359 2345 3116 3242 10780 810 6706 2625 4164 9952 
3013 4190 4218 7073 533 1512 2217 4077 7022 4028 10069 
1485 8070 3539 4116 6232 7135 9486 1614 4028 68 1499 2645 
2252 56 485 1523 2217 4466 4541 6577 6635 6973 7153 7247 1165 1605 2727 
663 1945 4265 8255 4090 2421 2888 4726 3485 5848 9424 9713 44 6201 7022 9341 813 5800 4432 4481 4957 10069 3352 1831 4360 
5680 3744 1307 1436 2771 2921 5734 9927 1452 1773 4626 9980 671 11880 1080 6597 8416 5612 645 8554 
1329 5876 5954 6518 730 4311 4986 9533 1818 2783 3615 7918 8998 4129 77 6746 8350 1870 2005 9338 5875 6924 7284 153 2952 6302 9201 
6499 1649 1879 2117 2353 3279 860 4835 10364 4649 
4686 2126 4661 10327 2538 3147 6678 2612 4903 5351 7185 8920 453 4885 5615 
5684 11876 8070 11972 8593 11821 1937 4287 10314 649 2452 9733 10648 10931 11490 1615 3125 7132 8960 9977 11048 
1276 67 2453 3383 3391 3632 4335 5882 7489 7623 8979 9129 7216 2373 
2189 725 2636 2658 3322 4033 6506 8342 3533 10496 11470 7073 452 1016 1165 1971 1993 2221 2217 2668 3271 4471 7252 8981 9335 9754 9971 10062 10814 12083 1497 8263 
7368 7002 10495 1212 8333 12043 5894 10631 3554 4870 10786 11062 7470 5891 
5971 8489 10518 1477 4776 11025 11612 729 2213 4028 4638 
2493 92 10550 2888 6028 9406 9422 11358 4025 5759 4986 7783 
7033 1056 1877 2320 7867 9280 9712 11290 5882 7121 11810 1631 10113 1128 9291 
4590 2992 333 856 910 2524 2525 4951 4984 5765 6475 9017 9792 317 874 2827 3169 3999 8387 9773 328 1877 2410 
7230 4028 2747 5333 8918 3146 1761 4644 5848 1165 4197 1387 6110 7184 8671 10364 1147 2204 5453 
7940 4364 6762 7683 9802 6261 1818 3315 4700 10203 1814 2557 7041 
5657 6315 7165 7193 10971 4040 4237 5347 7172 606 3985 
1806 9441 494 11702 510 1491 11642 2727 11363 1496 84 
1654 83 1396 3276 4339 5324 6174 6227 6339 7219 8512 11896 
777 260 5573 6740 8695 9970 6386 1162 166 764 8888 378 9204 11374 11538 2389 46 4618 5584 266 
2488 1049 1061 1955 5603 7623 9210 4560 3843 5201 160 472 1482 3684 3779 6898 7460 8978 10364 92 1158 2363 2856 6024 9163 9562 10013 8014 
53 1212 1836 3720 3725 3901 4592 150 4799 10389 7967 11 2126 2219 3722 6052 6318 
2975 2409 9377 134 264 952 951 1147 1572 2064 2388 2921 3067 3937 4783 4833 6028 6338 6746 8512 9724 
7817 3368 1805 3389 4414 10852 1588 3347 4398 7553 7812 
2300 147 2673 2373 2452 2958 3133 6159 10109 11697 1972 84 9293 92 
3654 281 10399 9920 5247 180 326 1222 1384 1386 3579 4672 4686 
5134 452 710 1049 1061 1159 1505 3107 4786 5237 5603 
6116 820 837 916 3240 7412 1165 3622 3831 8903 4028 4256 4560 7489 
437 1118 2515 5891 6122 7615 8433 10232 1863 3684 36 
6469 1147 725 1647 6506 2949 8876 8671 6602 11737 3743 11217 5268 4588 9039 7497 11375 5162 8675 6958 
3345 1405 9003 5136 6897 9982 10053 652 1215 2086 5222 5943 10695 194 4263 10789 387 3218 4387 6315 6843 7164 7165 7166 7958 166 222 266 1137 8511 
5522 1658 6276 6805 566 2171 2590 3545 6958 7662 10759 1923 4028 4986 5318 5420 5677 6027 7729 8087 8903 
1201 1946 6284 1212 5699 12043 4506 4507 64 11838 1940 3633 7441 
1509 4491 8323 63 1511 2393 5461 8244 7193 9462 11169 2515 8698 
277 6339 2540 727 1075 1132 1478 29 7114 788 2290 5150 92 5453 8728 9811 105 9295 3426 6024 9163 9562 3937 6673 5455 8731 8735 4169 5366 7366 5865 1648 6251 7529 4308 
7236 10241 3632 1147 2888 4588 7536 6092 8499 5800 7754 
4125 11408 406 199 235 281 393 910 1226 1253 2081 2342 5291 7590 8119 8459 
4478 906 8742 6530 1089 2340 10498 4447 297 2345 7571 
5977 1490 1489 2765 8520 11818 2100 5800 8709 841 1382 5058 
3708 2073 614 8053 3757 5334 6173 5648 7452 2093 2107 11633 
1997 2217 3753 8155 12118 7274 8702 10255 10364 500 4268 5561 3541 4874 4875 84 
863 2354 3912 6831 9933 9935 3324 3483 3559 4330 54 9932 10199 924 1151 
3607 175 173 258 3471 3528 3643 6432 250 8415 9081 416 
873 1879 2230 2264 3174 6981 11529 2898 6323 9335 533 813 3541 4875 3227 4688 11447 
4280 2410 4443 7073 1436 2153 10184 11358 5763 7601 6409 1428 5779 205 3617 
6740 3554 6398 1490 1489 1949 2114 4535 7535 9646 10981 942 2697 5324 
5481 11005 2774 4201 4902 7124 2633 6799 9707 12107 11678 1893 3615 
3895 235 311 764 2342 3180 5636 7218 10724 11166 431 2597 647 267 257 330 378 2261 3127 4672 7384 8951 9191 
4408 269 315 303 326 351 1180 3066 6182 6728 7048 7686 7937 
3237 281 3757 5334 7822 8830 3862 7116 11867 158 182 199 233 246 11915 550 
5015 804 1512 4554 8934 9359 404 3684 4360 4432 4481 4957 6234 6696 725 1131 2949 4458 5420 8066 
7251 1181 4903 4927 4988 5643 6897 7142 8110 8195 8333 
7959 1824 3277 9806 9354 5268 2850 2141 4839 5909 12064 5366 
2672 11499 2372 10792 5184 7475 8247 3574 3845 10206 109 5193 3427 5480 
945 57 63 1548 4086 5461 7291 7459 8015 9452 11159 
1165 62 1348 1361 1614 4113 4830 8563 9802 2279 4358 
6005 729 1477 4776 6840 9270 9556 9964 10062 10364 1678 7252 
998 727 1075 3410 5420 952 2291 3067 4695 4702 6028 6174 8355 10364 4335 4349 
6442 7180 8112 6206 1363 1366 2937 8503 8504 10849 841 1382 1018 11368 
4346 10528 7601 7604 2727 6092 7602 2776 3224 5036 643 11767 
6568 11313 4989 5445 2755 8307 5754 4358 6897 1606 11862 8628 6982 804 
2250 56 4911 3719 1605 3117 894 974 8152 2081 6525 9421 862 2524 2525 4042 5301 7571 11541 5595 2068 
4663 333 829 2217 3413 3940 4263 7973 8467 9017 9427 
138 944 24 1196 1216 1842 2767 4311 8998 7815 7818 4129 7864 10280 5507 
3741 3348 6471 2967 8308 8616 316 883 173 257 330 3389 8688 8998 11152 4221 4308 6567 11256 1096 4419 3151 5345 
1383 3514 4468 4578 2755 1589 10571 72 118 1587 10209 10315 11397 12043 
6692 5979 6149 7879 905 1728 1850 1878 1886 1925 2508 
2948 6949 4225 8650 3271 3684 3845 8577 7951 3743 6547 7524 7528 
4651 7062 10285 6979 333 1089 1039 3931 5862 6769 8516 9786 2340 8386 9040 6195 511 
2950 8921 10816 2388 1373 2116 3147 4028 4690 5868 6924 9183 9484 380 546 2551 3389 4125 5796 5867 7543 10363 11150 175 425 3471 3984 4129 
3049 10919 3146 7448 11169 855 3129 4386 7298 1194 1590 
4601 1926 780 4785 323 537 910 1071 1323 3284 3399 6130 7525 8660 404 
6232 2597 7301 807 949 1499 1954 2254 2813 5163 7405 
7466 3303 5978 7078 9955 1338 1381 1396 1407 1499 2535 
763 3631 11799 8520 4870 45 6683 12107 6056 2811 6540 11998 
1526 4907 63 4423 5461 8308 8518 8957 10280 11612 2685 3514 4911 6777 8998 5584 6111 3975 4581 4402 944 5865 8520 11453 4311 4392 4419 4406 8032 6209 8870 9950 3723 
3997 8574 227 1085 3180 3417 4168 4491 4880 5252 5253 5306 6445 6874 
7572 10384 2392 4972 1450 5696 7819 8998 8985 11646 11769 1777 3975 5263 5936 6597 6777 8613 6958 
3814 180 1807 2652 3320 8556 9252 216 618 10653 10720 
1826 1499 6205 5999 6273 8499 6452 7489 3322 1804 1062 6254 11048 6778 2658 
3793 3862 11537 281 887 5345 292 3180 9418 10441 180 266 235 520 2342 4222 7267 9443 10696 
541 8927 9448 8357 8484 3277 7022 43 1396 5736 10417 4649 
1537 10991 1520 118 1212 7812 11529 9728 4865 2772 73 
363 11048 2437 1332 8350 9332 30 725 1010 6452 729 
8274 11906 4592 3386 8998 8696 8317 4870 3541 4833 9840 7867 4700 5480 
4662 333 8562 3182 8013 10766 891 900 1274 1945 3050 7891 
5485 544 1001 1499 1525 2013 2483 6562 7849 8081 8707 
2428 533 4400 7712 4649 5141 7468 10671 2353 11963 2904 3267 8070 7617 10092 
5224 610 1165 3025 7324 8777 5566 7607 2345 473 930 953 4077 8504 903 705 
1394 10235 9021 5495 8285 10482 10879 3290 9215 10971 11197 12043 3307 9952 2333 2388 2417 6313 7167 10572 72 3484 3974 4231 6614 8292 8956 
4946 995 3271 5164 2791 9694 366 1272 3410 4517 7252 8196 9037 1863 
7185 1075 3045 3304 6273 9448 2379 6540 8070 9623 2856 8078 10062 7759 11911 4028 6895 11219 11783 2017 6181 6982 10172 
6955 3312 5204 1165 3208 3776 8990 1075 5570 11389 1016 2501 7101 11356 1409 
1272 4472 67 155 1165 2697 2818 2851 7252 8066 8350 8934 9251 9977 11110 2273 
2821 8688 122 1259 4911 6314 8292 9866 10037 118 2126 8960 10327 
3042 240 618 764 855 895 1045 2254 2614 3397 3584 4233 4690 5214 5571 5582 6626 6762 7623 8355 8663 9129 10364 10703 11315 432 1069 3277 6101 8979 
3647 233 392 1533 2342 6477 7808 9443 10456 11629 11869 7646 321 709 2372 8327 
2233 788 1921 2126 10327 11464 56 804 11333 2489 3617 4911 11818 3630 7745 6777 3051 10677 1165 2217 2597 2675 3633 4700 4702 7317 9374 4130 8555 1428 2453 2542 
74 1364 3937 7402 9802 11440 2214 2545 5865 6111 7401 7819 8204 9355 9801 8520 16 1212 4911 
3530 1499 4800 9574 10066 11616 3227 4324 5199 1540 725 2758 8990 9349 1062 2079 3845 4658 1516 1615 4028 4939 11320 235 269 281 764 1145 1936 3936 4278 4598 5930 7729 7901 9532 
7088 2675 5437 2167 2313 8960 5351 6690 8998 10577 5962 1074 
3372 607 166 266 512 1533 4672 5188 8370 10447 2040 11801 1142 
2247 56 829 1298 3210 3723 4575 4581 4868 4911 6184 6778 6777 7083 7115 7470 8307 9866 10037 
6954 995 1165 1955 2117 2290 2457 2607 2878 4077 5736 6669 6673 9154 1498 1614 
1505 3674 3648 2538 1870 4468 1024 1212 5351 1075 3113 3276 2772 4833 
964 7647 353 7016 7202 182 764 2804 7986 8695 8791 10855 180 2329 4516 10946 4645 55 804 
796 50 109 2219 3418 5193 1772 4566 5049 1165 2230 2727 6217 8477 
1146 62 1024 1016 1072 1135 1322 1361 1614 2158 2249 2344 2349 2545 5319 6174 
5736 678 729 5163 8355 688 8934 9448 9518 11368 804 2217 1954 2230 3684 7368 9447 10413 1075 
6349 1954 1955 6647 2474 4028 4340 7711 10812 5736 11470 1661 7077 8144 
5263 2900 1940 3210 4175 4868 6368 11234 9460 3733 5351 6777 483 5754 
1246 2994 3389 4074 4402 5379 6356 8702 8950 9221 67 63 2993 3981 3986 5461 9512 
1665 3975 8960 81 482 2890 1016 1072 1477 2449 3550 4776 
5399 7607 533 787 6958 8546 10845 504 1177 2364 4929 5848 
1266 67 452 1772 2453 2667 3398 3560 3572 5996 6029 6560 7268 8136 8208 8490 8749 9029 9037 9448 9509 10380 1590 
1245 268 546 70 2318 371 175 173 963 3471 425 
6863 995 3238 8490 2117 2348 2353 2395 2533 9157 1010 2935 2958 4978 5578 5997 6675 9724 9952 7577 2490 
7463 3664 9157 5740 8520 7130 1340 1466 4170 10170 4125 6026 2494 3554 
5965 3843 5201 9596 11111 6850 1647 6849 1109 1157 1236 1321 1341 1355 1383 2596 3673 
2393 9042 98 4432 4481 4866 4957 1165 2421 2727 102 761 1185 7291 
3724 189 246 1027 1176 1180 1165 1615 2732 3208 3681 5144 5728 
3311 182 235 728 1096 1410 1419 4225 5658 8652 7928 311 6443 2320 4331 9166 4028 175 173 
5533 533 4208 3554 3622 4657 4783 7894 11062 1049 1061 2820 3684 4006 4028 5603 8493 10023 
1007 756 961 992 1741 11062 1758 11255 5480 7405 10334 5954 55 5214 123 4067 813 11256 1298 
2122 1024 1407 8784 7536 93 336 4028 4588 5497 8577 
4780 1708 6086 9653 671 3281 8999 1754 2882 3144 1119 1644 11821 1755 5695 
854 1801 2995 7024 11290 3170 3391 5899 10991 1474 84 
5279 3404 8776 482 910 6651 6780 9267 937 10410 7876 
7073 4488 11095 2393 8663 10382 5366 6713 5120 10587 11513 7073 7577 
1265 67 807 805 1073 1381 6029 6898 6952 7976 8665 
2213 810 2410 5318 5365 7503 11818 9105 836 1024 1054 1376 4517 4648 
6953 995 2379 3684 6813 7364 11858 6627 9754 9795 2965 3316 1165 2305 
5393 1423 3667 2178 3229 8399 9186 5933 4772 4773 11855 
6763 1526 3780 4077 5693 10509 11387 956 2379 7132 7662 1547 11358 2707 
8014 3856 4357 7712 9952 11612 2126 10327 10141 6777 6897 3368 5194 
6258 8204 1512 4255 812 942 4077 11003 2221 8350 11208 1662 
5160 453 2727 2901 5058 6206 7368 10068 9928 2212 3514 4035 6483 7925 8097 11767 11827 2776 3162 5072 5622 5623 5628 10629 11579 
7340 1234 1346 1962 3147 3784 4369 4592 5038 5496 5671 5740 5826 7363 7580 7788 8104 8283 8358 
5823 1346 3368 3925 9706 11663 705 1212 2129 2515 3147 3835 
1032 2173 6461 4387 8844 11976 3389 55 4401 3141 3149 
8153 5169 7022 7073 8079 9583 11370 7430 3363 7429 2217 7331 4547 6901 
1437 205 304 1068 1602 1713 3664 4028 10743 4003 8518 2954 10605 10786 
5016 404 1032 995 1647 1925 2117 2366 2437 3113 3441 3560 4006 6292 9239 9422 
857 725 8477 5876 8512 9786 5987 10377 11333 4231 10750 54 727 952 3563 3413 
1678 995 1064 3149 3030 4935 11794 7452 5893 2988 80 
4399 1069 6497 3304 8433 4340 6174 8671 1105 1121 1560 3295 4387 4442 5378 4911 5351 6778 286 
7120 1090 1870 3630 3984 8009 8202 9137 10232 4455 7712 
5169 1247 4279 2532 3768 3809 3066 3414 6831 738 796 
7435 1396 7781 5497 9574 7710 7121 8862 1325 7252 10979 
7891 10777 6390 8165 2774 6848 9888 2921 1707 2545 2920 
3923 211 257 281 330 956 1056 1939 2129 2261 4253 4994 8234 9070 9951 10420 11652 11670 11756 
3667 666 239 4243 883 963 374 407 419 188 9484 392 
6563 871 1361 6901 8563 3344 4830 1512 3622 4116 5736 11231 2081 
7467 1338 1381 2156 2348 2510 2533 3186 3441 3442 4661 5420 6678 6952 7831 8520 9293 
3497 4509 3676 1016 6137 829 6029 1373 177 474 6266 6119 8357 
1631 5054 2281 4672 2524 2101 3117 6026 319 1381 2688 4028 1016 6027 339 514 524 
676 69 11628 1529 5735 7978 11071 44 6201 80 2120 5736 896 6859 3120 4028 
242 1860 5333 81 1024 5376 9560 93 1516 4335 4340 5331 8671 10229 5542 6862 6863 10144 83 4339 2101 6627 1016 1615 6311 6339 4939 7752 11818 2217 8355 8359 9804 68 11604 6109 11120 404 2751 3550 4356 9734 29 5480 5954 6865 7399 8555 12066 1049 1061 3561 5603 4973 5030 11446 11452 4947 11315 6891 8862 2137 57 4086 5800 6647 8546 1888 6107 1135 9577 5736 7387 7729 9441 
618 3383 9293 10280 12107 11768 10780 46 725 829 1935 2373 3133 3426 4129 4544 5351 7185 8134 10313 11251 1165 105 6673 8829 5420 9733 1474 
370 5420 12004 2217 3783 30 1490 1489 1955 2453 4432 
6903 10454 995 1075 1165 3347 6571 11494 1819 4959 5164 2019 
1964 606 2634 7156 6491 7163 4831 89 1842 5954 9402 10232 10757 1875 4577 10535 2320 4035 6914 9556 2099 11405 2820 1086 1849 11570 4383 7724 
6897 7783 2354 7536 4700 11903 1776 2557 11818 9574 2214 7187 4786 
1524 63 2379 5461 6165 6626 7017 7939 407 4870 11173 6095 
276 678 1772 29 727 1075 3247 3304 8070 205 952 1499 2437 3684 7614 8918 10812 
2190 3504 5858 56 1939 5363 4040 4237 5954 1212 2126 10327 2865 
4294 4263 6182 7008 351 7958 5136 5293 11242 3122 267 3931 4240 295 
3778 5222 282 5350 1096 2342 5139 7857 173 8356 228 338 6836 10297 
3446 11181 3427 2333 10093 11130 10415 11092 4826 5522 5633 10619 1130 8998 2388 8876 9866 4419 8357 8484 1942 1499 6982 11960 3389 170 4488 2294 2904 3267 
1263 67 4028 1614 4113 6232 2155 2158 9227 2965 7662 8045 1871 5127 
240 4661 7948 11818 4649 5517 93 860 1491 4742 8359 29 1381 3247 5159 4432 4481 4957 1859 
4695 5351 2057 2111 12107 5378 1266 1946 3304 4019 4040 4237 4311 4911 5616 8998 855 4087 9952 8134 9192 10936 5437 2920 5584 6522 1212 4455 5963 1842 8604 6247 6113 11612 3665 341 4909 
3499 180 529 564 1176 11380 179 281 524 548 663 
3066 995 6861 148 2249 6092 6102 6174 6603 6905 7046 8546 8671 10364 
4299 1946 6284 4062 5038 7364 276 1360 813 3571 12107 2320 3113 9952 5957 7743 8883 1165 12116 8555 1462 8941 2765 2005 
5912 2126 10327 5616 12102 2157 5495 1695 8548 8651 4040 
2788 2448 1065 5828 10069 11479 11566 11747 3260 11159 2410 10065 4432 4481 
594 3117 4042 5642 3902 7570 11998 333 2340 3408 4693 6745 7678 3427 9448 4717 7607 10715 9952 8787 124 264 951 2081 3413 6899 8079 
249 10267 964 4588 1361 4466 8563 8920 1724 11818 11262 7078 
7721 3580 5620 1499 3563 3567 5996 7781 10817 3560 3572 5747 7039 3514 9866 2640 
6732 4077 6051 1875 2147 8234 9147 2126 2597 2746 4911 5161 
4881 5736 7148 8810 6948 10648 380 5587 6922 7264 8902 
2921 6944 10203 10981 124 708 727 4649 788 995 1016 2217 2353 5319 6052 6174 
4388 992 2342 267 1067 4764 6944 287 333 396 1176 1180 3347 7048 11935 1064 2785 
7268 1756 5351 6822 3147 4577 5360 7287 9547 1180 1212 5478 6571 
6497 3315 2820 3413 4870 1338 4028 4947 860 5766 5800 3352 4831 
1886 4387 8960 8998 85 4581 12020 9357 3250 3942 4903 5320 8653 153 2005 2952 
4853 2129 2230 2515 4554 11663 8709 11159 381 1842 4035 6983 10129 
2128 7533 94 12019 727 1391 2126 2147 4574 5038 10327 11169 
3988 11637 1422 11394 11629 6432 224 11738 384 12057 
1005 122 1499 6822 3931 7973 55 810 4387 6343 6356 6210 86 1211 2303 4833 8516 
1695 1361 2174 8563 9678 1834 766 2771 4691 6294 7861 1436 1477 2142 
6527 1640 6961 5989 9730 836 1979 2108 2545 3322 4649 4168 
8184 2328 2364 3389 3414 3631 5057 5111 5902 6444 6774 
4555 3769 7267 7986 306 8384 1756 7646 9444 8385 10361 
6551 5319 1363 1366 1387 6905 1353 1497 3398 1335 6891 
555 43 804 1016 1170 1333 1343 3093 3322 3354 4588 
1619 68 124 1062 1165 3247 4457 6100 6775 9196 9293 
6544 6029 8936 5998 1075 2032 4231 12095 2501 5747 10777 
3094 149 181 180 227 199 260 281 1096 2044 4221 5184 5577 6090 
5126 1073 8071 9623 2213 533 3779 11475 452 2452 8923 7929 4077 4268 7951 4649 453 
4570 1272 1728 1879 2862 3500 4891 5126 6558 6988 8934 9638 9647 10249 10288 11586 727 1954 2481 3427 4889 6678 6898 7623 8583 9157 11309 1634 7364 
7235 1756 9074 9162 1294 1162 4056 4907 4989 5607 5776 5947 
3220 387 493 2143 2400 2717 3768 4228 4739 5074 5194 5343 5596 6056 7362 8234 
6440 804 3684 4702 6472 6958 1130 1165 8079 1521 1488 1979 5989 
5368 1075 8480 500 9482 995 2626 913 912 4192 5030 
7182 1194 2599 3185 4432 4481 4957 5764 6474 9644 10919 
1963 2287 10844 89 1875 2121 3632 3743 4028 4753 6778 9777 606 836 6324 2373 3133 
220 4103 8881 2325 727 904 1396 2254 3410 3711 4077 4923 7254 8512 10918 
5229 4786 6244 475 4751 4783 5058 3238 8577 11575 725 3931 7973 
4347 283 421 2960 995 6113 396 7142 7973 7470 11689 
334 1065 2012 4177 6164 2631 2580 7979 3753 6221 9239 10677 1499 30 
6386 4335 3271 3664 8556 8628 9490 1075 2353 3410 7219 7609 
2958 295 451 652 1206 3556 9443 132 199 265 292 336 375 548 580 603 650 1142 1198 1756 3180 4235 4801 5184 5222 10107 371 4240 6541 2887 3910 4644 
4622 327 332 385 577 623 2028 3579 3583 4236 
5863 804 2538 3164 3780 6471 8328 9951 10209 11553 2005 2865 5351 
4271 1381 1407 2204 2647 2883 3144 3240 4130 6024 7073 7317 9163 9562 10364 5030 8665 9000 3074 11194 10227 1792 2988 6546 264 
6952 9424 6509 8024 4268 7534 9574 11288 5882 1016 4266 
3313 10528 3119 11368 201 5286 11738 4593 6179 1006 9115 4864 7822 180 
3547 173 393 652 4690 4795 11371 257 330 2261 8797 
4154 259 278 295 399 407 428 451 580 1882 7016 7748 7749 8356 
1086 1056 1782 1997 9525 62 75 4169 4835 5212 8066 
2228 1105 1391 2538 4574 4709 6683 8515 9149 9352 10446 56 264 
7371 1165 1899 2104 3427 3850 3895 4168 4360 4482 4661 
5478 3936 4598 8763 533 836 8079 788 1376 9766 3174 
6068 4246 4009 6923 2164 2597 12107 3615 10039 2129 9329 9952 
2229 6619 4903 4907 5351 56 705 1212 1860 4312 6777 8009 10776 6781 7470 704 4506 8954 10037 7886 10693 8015 11356 
369 30 727 725 1018 1073 1075 1147 1165 1678 2025 2027 2101 2117 2322 2453 2581 2856 2949 2958 3067 3227 3315 4028 4223 4335 5049 5237 
7700 3144 4028 10314 10585 10932 1505 6627 6922 9280 11732 5533 6273 
1420 3449 5161 6657 705 10461 63 5461 1874 5768 6334 4308 8998 817 
189 8147 4353 5209 1920 7274 7698 29 1062 1381 2915 3247 
4397 788 2198 5735 5740 269 1618 2167 4516 8990 771 1923 9199 2920 5741 
3171 995 1993 4514 4638 6581 7262 8934 9720 10087 1799 
6579 1338 1981 2249 11048 1165 2727 3477 4700 4702 5163 10846 804 
5979 5163 6918 8352 9422 2545 11455 1376 9925 854 863 2348 9518 3312 6028 
4283 1614 2155 1396 5876 9443 7400 3674 5174 2093 2107 
6792 1717 3391 5046 11221 3540 11638 3541 5556 4006 5727 
6328 5300 7526 7534 8932 10917 824 3227 4028 9564 9802 11613 6859 
1741 82 1094 3534 5420 10302 10780 84 6464 3322 5736 
1503 404 804 5998 6625 9734 10581 8466 5741 73 2636 
6991 1049 1061 1614 2154 2158 2344 2792 5603 9192 2793 4117 6029 
2546 1056 1869 1667 2652 3320 7994 10550 804 7039 5736 
4292 1344 1496 1513 2217 3417 3469 5162 5559 7684 8966 10166 205 4702 8529 
5369 2135 6988 7022 8624 500 952 727 1075 1499 1879 
3589 2373 2652 3133 3320 4808 175 173 652 963 2029 3471 5222 208 387 610 
3219 2568 9464 11994 1111 3290 3605 4786 6138 9581 11298 10844 6928 10744 
7352 2746 9330 1212 2639 3089 4868 5038 5445 7393 7562 9054 11663 3942 2515 
348 3247 6938 9685 1062 2027 2126 9225 10315 10327 2144 11086 30 1911 5030 6554 8398 10526 5033 
4633 11481 332 623 2028 281 11378 524 2352 9119 9443 9532 11104 930 2517 7202 7808 11649 
5794 1396 703 1075 2934 3689 5570 6571 6733 9246 9249 10550 10864 5497 840 6158 12126 3401 6495 10777 3322 
3489 3227 6024 9163 9562 11629 179 175 233 716 709 3471 7128 
6744 3395 11309 952 1075 2720 4700 5049 6028 6662 8692 8840 8968 
68 3899 14 1232 1499 2144 3879 5330 6024 9163 9562 11631 3247 
6707 6948 2758 4050 4508 1512 5819 8649 5216 7152 9540 934 
273 29 8750 30 92 1062 1381 1468 2064 2453 2645 
1511 63 2114 3615 5461 6309 6931 6395 11524 995 1272 2136 3441 4006 4357 5420 
3599 175 173 257 330 963 2342 3471 4653 5339 8449 9919 9968 515 204 
2176 730 1075 1512 2126 3615 4649 4702 4903 9248 10327 
7923 4525 1923 7867 7906 11307 7142 3931 4507 6683 8998 
7357 5033 11818 4358 4911 5038 11358 2388 4565 1212 10232 
1852 5360 5351 10894 1923 3035 8787 3082 85 434 675 
1100 62 788 1381 3344 9052 1499 4517 4588 10555 68 2217 9811 8381 
2778 114 3783 2889 9617 2092 2117 2353 2645 9498 1075 7876 5033 4517 6029 6678 
3802 247 280 299 5298 5732 7215 7857 8212 8386 180 
3784 607 6393 6572 9394 6948 275 618 197 931 1381 
7221 1132 3416 1147 5497 1361 1614 2149 3937 4649 8563 
7476 1344 1396 3469 10700 4124 5487 12036 10932 7041 1772 
7958 1824 1860 2005 2381 4137 4870 6057 7745 7761 8555 10037 2147 10280 4138 4986 
4751 11174 10163 11629 11868 9443 9181 351 1378 11867 1259 
3368 709 764 2342 6468 7986 9919 10443 12037 2029 6664 166 199 295 451 1004 2035 5157 6785 7222 8680 10252 
3127 3322 5894 6471 704 1165 4040 4237 4581 7587 7838 2676 2961 2129 8985 
5095 3886 4517 7252 3419 4098 2888 4432 4481 4957 452 1069 
2573 7073 708 3550 8805 134 1016 8079 9909 9733 1024 1130 3413 5989 
6724 9845 2453 2856 2995 3013 3113 3247 3560 4169 4488 4783 5082 6983 7038 7160 
7051 11803 2129 4514 4443 5366 10341 7144 1723 10225 10809 1938 11955 
3717 404 6696 173 905 1955 3378 3568 3638 3772 6491 
3771 736 2105 2534 4327 11381 3933 626 11065 614 3762 3773 4279 3936 
7513 3238 5100 8726 10700 10701 1661 2878 3322 3764 9888 10917 
254 9498 4927 4909 4924 6787 29 3088 10138 10774 11509 1212 
3622 550 199 4795 4851 5139 11165 11381 11629 184 196 182 407 689 4650 5776 7888 10223 10447 11374 311 
2022 836 6990 2963 1772 2155 6174 6958 7536 9525 84 
6637 891 900 5773 6321 6460 8106 10597 11054 9952 2354 
7195 1481 6897 2126 10327 5031 5480 1124 4870 1473 6212 6285 2549 4151 
1796 3666 6071 9835 3819 1736 80 2120 1735 3700 6027 2229 4364 
1374 3777 3344 5453 63 5461 11511 531 2147 4911 6822 9210 9559 3987 
5260 9902 8469 9422 995 1165 8726 482 782 3942 5351 5378 6054 6633 9139 546 2381 1105 5504 
4393 11967 1436 1438 2051 5653 7431 11776 5845 9868 1447 744 752 262 1773 3224 5020 5022 11410 802 2580 4593 5330 3129 4364 8313 1080 795 1761 3482 7428 7852 9804 11672 1754 11127 2599 
1094 62 1490 1489 2353 1407 1806 4649 1396 1648 1772 
342 210 233 4690 7750 8415 9430 631 3904 30 394 
3671 1361 1497 7503 8529 8563 9574 873 2217 425 9009 7046 8823 871 
5731 2217 2888 3410 6213 8138 11436 10933 1361 2410 7578 8563 11446 1396 1652 9839 678 9837 11465 
2180 2538 3504 6314 8513 8644 5644 9032 5645 11223 11866 95 813 2876 
343 3259 6850 1984 2406 5169 7876 9464 11287 5163 11181 
3577 173 201 257 330 577 3064 3127 4225 5350 584 10696 647 233 5457 5509 180 181 9900 1180 2335 10841 175 308 764 3471 8171 8172 235 357 4795 4851 6717 10724 11836 7155 9946 281 650 1568 5288 184 
4788 952 1075 1879 2212 3276 6322 7400 10069 4911 6778 4221 7755 11537 1775 9250 9253 11439 359 10321 3364 
6773 1496 7604 11539 1074 1695 1970 2431 3344 4419 5497 7458 7536 11099 
7819 2538 9706 3392 7097 2381 9192 1587 10888 6490 11335 4911 5947 
1840 5735 5736 1736 2836 9104 9106 452 11304 80 2120 
5726 9027 9175 11454 660 680 2234 3276 3394 3684 3739 4210 
4945 366 788 1065 1135 1281 1512 1640 1955 3684 4349 6113 6111 7027 7475 8183 
6244 819 5319 810 4829 10206 11462 807 5354 6151 8506 
6950 995 1477 4268 4776 5561 9793 10260 10351 11263 2410 5916 8990 2605 7460 11818 10187 
5705 1801 3426 6915 7311 9295 9564 656 1135 1885 2365 2727 5364 6755 6914 7274 2855 
367 30 73 137 304 320 1615 1946 2027 2064 2154 2158 2219 2364 2796 3247 4117 5060 
1089 62 452 804 1016 1545 2154 3354 4649 5058 5224 5311 5365 5746 6232 7694 8340 
2313 84 2410 2652 3320 3838 7484 7697 7951 11516 12014 7968 
3662 181 428 4697 9174 10252 173 1419 2042 2342 6046 6191 319 311 
3243 240 524 7822 10533 292 5658 11637 158 6396 10246 10534 10749 
1977 1946 4404 6361 7818 8998 10981 87 10626 10628 6375 11085 11132 
7508 1955 3292 11998 2254 6655 9447 4432 4481 4957 1889 11824 3684 3217 4761 11721 10383 1879 
72 5583 1212 2126 8709 9952 10327 4466 4581 16 84 1019 8687 9044 9269 9357 
433 596 5809 7475 10677 2599 36 262 2212 4517 4124 7330 8893 10780 
6942 1039 1338 1814 3108 4649 6100 6174 6650 7185 7460 8671 10859 1407 
6990 1049 1061 1879 3217 4432 4481 4957 5237 5603 7614 7623 8535 10275 2162 2217 2856 6560 11522 3843 5201 10726 
326 1197 1614 2643 6453 6460 6678 2475 2144 11452 1602 1923 30 2658 
5892 1427 4841 10785 9052 5227 10739 2082 2136 9391 3584 1128 4409 9111 10799 2219 
3670 2548 4222 6440 199 1413 7888 4324 5075 6221 197 5739 
4581 8106 793 1477 2152 4776 303 11055 2074 8107 1247 5163 11936 
2709 109 1381 4480 4709 5019 5193 6325 7668 8591 10206 10344 484 1726 2273 4802 7022 7724 9227 3630 7504 
5852 701 1080 1194 1321 1324 1355 1436 1453 2048 2596 
4849 1373 1520 1534 2438 1711 2318 3792 8726 1361 8563 10250 1740 
234 1528 1017 1016 1505 1713 2554 3683 11057 10808 10825 11886 29 51 84 804 1056 1381 1499 2217 5033 5367 7966 9055 9750 995 1165 1477 2453 2791 3073 3084 3881 4234 4516 4776 4783 
7787 1548 2876 3227 4947 5741 6373 6914 6915 10358 11571 
5964 5991 8984 2250 804 3349 4041 4245 6415 905 2424 729 1664 1728 3664 4182 
1081 987 62 641 702 3622 4335 4340 4598 7077 7152 8359 8763 10892 10919 
6317 1466 2123 9106 3461 9821 3711 11612 3347 4466 7460 
8172 2277 6278 3227 5480 6119 9559 10318 6120 7089 7284 
3795 3862 4225 7618 173 3954 6596 649 4509 4406 6137 6248 8680 10981 
4094 8028 233 564 7267 9968 396 1180 1156 1611 725 2293 2373 3133 7894 9951 5164 4335 
5219 11312 860 1075 1772 3664 7073 7104 10814 11075 3684 4231 2889 4041 8512 729 1381 1615 2353 10364 2104 
6838 992 2079 3347 3389 4077 5351 5378 6635 6791 7812 10021 
5230 1477 3542 3622 4776 5120 6841 7119 10054 11494 9041 475 2938 4746 
3575 2055 5106 7842 181 1195 1756 2035 2044 7016 7222 11379 5245 5491 9986 9119 607 631 1088 3244 9071 
6048 2233 2234 2237 2688 4352 7553 1965 763 
2286 2949 5215 499 6027 9022 10648 11612 804 124 6982 10069 
6922 5483 8070 10722 1024 7364 10651 10265 6841 5467 9250 4432 
2490 92 2485 7858 1853 2609 4556 4688 5405 6027 6670 8323 9177 10747 
4716 341 2717 3505 4871 5033 5038 5445 5496 6746 7759 8504 11570 2515 6295 2173 2142 6946 
3128 829 4253 8089 12106 150 7975 3231 5351 5428 7536 
1958 5538 3579 2261 1086 6869 2517 4221 84 1725 725 
6998 9538 4349 8520 9335 3684 9929 3336 6878 1051 10759 4009 1649 9046 
3370 166 299 547 2041 5222 10447 11537 670 4851 173 255 603 3920 6541 8327 8485 
7541 1381 9522 3247 7659 7664 8070 9486 10364 10368 11523 5517 11249 2155 
7571 1755 1871 4994 5661 6952 9830 8535 11912 1449 1877 3997 4593 
1575 2025 2538 68 1407 2645 4885 5058 5366 6092 8665 
4238 2545 3550 11625 3848 8470 1972 2727 7039 8639 205 5348 
6363 2833 2855 1381 4130 5876 8024 11475 9269 3182 979 9802 9555 813 4835 6119 
1498 63 5461 6933 10093 5643 7400 11803 8516 5961 7159 
2947 953 3779 4692 5997 8446 9398 1734 2544 7302 1751 3537 3664 5499 5526 6006 6453 6462 7473 10588 11858 3532 7582 
5883 1259 2373 2609 3133 5763 6657 8015 10280 11818 2560 
7833 1598 2264 5735 5736 5740 5741 5781 10280 11121 11446 3336 3449 2645 4443 4571 4582 7684 8234 8966 9449 11556 1939 
6193 8560 4745 4744 6322 10029 1299 1968 1974 2010 2733 10043 3799 8368 12019 
3548 183 180 203 216 199 292 548 1066 2035 2342 3176 4282 5184 5191 7748 7749 9070 9218 
5730 1501 1499 3560 5237 11896 4649 11282 9596 11741 678 10777 1272 5365 
2120 1516 6645 9994 2437 9866 84 3514 8516 10037 11539 
7814 1772 2805 3245 5420 7661 9037 9576 1584 3442 4700 6627 7385 8512 
7157 1836 2470 3088 7038 7838 12043 1096 1882 10664 10534 9249 4460 
1083 2269 2905 5741 9391 2935 7161 9802 10863 4443 5796 84 4124 5324 1615 4939 7132 69 11146 3322 68 5736 6914 7827 10931 5556 5090 9347 7156 7724 246 11626 178 8518 9436 425 11100 10390 2491 2815 9925 1167 4645 4225 8205 1443 8845 4653 5339 3224 6142 10419 3335 
7490 3408 4000 6251 9055 1348 9866 11405 2921 3615 6777 8754 9421 
2110 4092 5420 6859 8355 11133 7659 3878 11154 84 205 903 995 1456 1885 2365 2379 2409 2820 4649 4702 
1104 55 1849 1939 1940 2277 3390 3389 3452 5148 5963 6144 6363 7159 
1249 67 1064 2290 2358 2888 3410 3567 3560 3568 3572 3580 4077 4695 4829 4841 5632 6655 8046 9518 12096 8069 
1869 2278 3408 4392 4717 10598 11836 4425 4308 4814 86 2303 7193 11980 6546 4418 9357 1946 2739 
674 3442 5584 6174 8520 804 905 1499 1649 2217 2791 3277 4540 5376 6233 7252 8352 9555 10917 2881 44 
4040 281 865 8504 3324 6165 9150 9444 524 2342 614 
6825 996 7904 1075 1381 7147 9802 11452 1016 1782 3289 3684 4028 5796 6338 
2476 1006 5085 9583 11109 11159 11240 8066 9253 8107 92 
6289 1490 1489 2937 4028 4593 5497 4566 10817 725 8056 8079 11240 6383 
3296 3417 11890 169 4098 202 764 4221 6197 5222 2261 3996 4679 281 4729 10361 
2775 4968 3247 4455 9556 2222 4904 6745 4077 114 1075 2994 3230 8702 9952 11048 2658 
5080 8749 4364 2219 2217 2658 2668 2695 4849 7004 9037 443 
890 10317 11204 11606 2636 11786 103 3337 5963 10290 4074 4363 8950 9357 5933 122 9952 11494 60 486 3827 9951 1525 1499 3389 
5936 10869 2908 4540 5894 8234 10280 4911 4357 5650 730 
64 1439 5622 5630 10629 1436 2877 4624 6300 9928 11521 7009 
2874 1548 3238 4146 4506 4535 4870 5319 8613 829 4989 8284 3101 4357 5379 11085 11794 123 1849 2993 4907 5799 5865 6138 
3111 2751 2948 3591 3603 6027 6637 5883 9493 11194 11245 150 4536 8466 5168 3845 
2009 7181 3345 7493 829 1003 5645 9133 56 7187 2305 
2224 56 2597 4710 4911 341 2461 4311 4907 10313 1263 1860 2602 
852 656 1178 2424 3686 3862 4224 4225 4741 6140 8602 12127 3154 54 1089 1380 2345 3247 5038 5420 5800 7615 10364 10962 11333 11416 948 992 1482 2383 3126 3135 3870 5472 6134 7582 9030 9532 11111 11290 11960 68 822 1165 
5601 1766 3763 7452 4598 4608 1248 10199 10330 10684 11861 782 11612 7324 8557 
8071 1954 1955 2658 3684 5163 6982 7688 7743 7920 9139 
67 2529 3325 5688 9016 646 5330 8150 9433 14 262 6086 8305 11579 
8284 2973 5228 5736 8108 3823 4363 5578 5735 7121 11446 11451 
5889 5069 4584 4278 10949 6816 2525 8786 3998 3999 9395 5708 737 3449 
862 3089 8810 1212 4743 5351 7587 7838 8516 11502 1790 2333 3147 5038 10232 1502 1996 8307 10889 1849 4129 3797 8992 1694 2167 2538 4458 4911 7452 8977 2609 2515 4419 4516 6846 7825 
884 3584 4392 5377 6356 150 4314 4313 5952 6333 6335 9434 1860 2126 5915 10327 11133 55 829 1680 1842 
1078 62 1072 1371 2101 2598 9312 10290 10917 11048 11368 
6780 961 1346 2437 3389 4137 5412 6781 6897 4870 10280 2369 11338 1234 1962 1502 
1241 1946 6283 6322 8109 725 10444 3379 9733 68 4907 5037 7662 1923 2379 9199 
3711 4254 4487 5944 6509 2324 11580 4675 8785 9933 1565 7240 193 614 2307 6475 351 1866 8763 194 736 1380 7014 11381 3448 7679 5048 359 
2219 56 829 3392 5445 7761 8244 10259 10705 1212 2157 2772 6897 4094 11173 
1829 3615 4007 7393 8754 7644 80 101 336 650 887 957 2120 2147 2356 2747 3422 3507 4132 4690 6436 6535 7937 8474 9070 9443 9532 3165 940 7050 9418 704 5184 6359 6778 
2823 119 205 381 1281 2501 4297 5881 8205 9576 8328 9270 
5514 533 1001 7770 11446 1165 11737 11754 3584 3664 4474 11482 5219 2252 
3176 6323 3428 3584 4749 3792 8032 3227 5387 6746 9357 9878 153 2952 
6138 7440 3245 11894 5998 8117 2971 8876 6308 790 799 2449 
3228 311 257 330 4225 7543 3347 4035 7386 9951 10778 11626 6740 5695 281 1421 2234 2335 11549 
6665 3756 11078 3931 7939 903 1080 5695 3013 3563 3560 3568 4695 5330 7038 7039 
4335 1212 1102 1436 2491 2596 5899 6300 7897 8417 1499 5680 9925 320 262 
34 1352 8134 10037 5 705 4907 10952 7115 1212 3368 11356 
428 2126 10327 3840 3931 504 829 1212 2305 4581 8307 
3102 2167 4094 10936 4986 8998 2675 8234 6746 11062 10577 5456 10582 3276 267 2388 
1230 4989 10879 10898 4784 7470 7774 10259 1842 5102 7448 8073 1827 1838 9572 63 5461 4358 10445 
5330 788 2292 494 727 725 3684 3845 4988 2557 9154 5163 8535 2373 3133 3315 3413 5367 
1438 3276 5387 2379 6627 9487 10232 10570 10726 7664 8108 8466 9488 68 99 2217 6746 7132 7662 10206 11447 1348 2219 8299 8300 
7152 3343 3417 4649 6933 7712 8687 11942 1100 2658 3354 7020 7274 7867 
3641 6197 216 292 324 883 5292 199 2342 180 
1636 6646 727 1396 2921 7448 9962 8941 10869 3461 5884 5885 11169 80 
6969 9686 1016 2452 3783 4853 11048 5631 5790 10197 8955 
5439 542 1381 3398 5989 6874 8079 9273 9697 9698 841 1382 1714 
1506 671 9983 6683 2437 1803 5378 6897 73 2388 896 1949 4423 4870 7505 10420 
3549 1178 4222 10953 199 293 257 330 8384 203 182 663 935 175 1064 3471 
8164 2283 3389 4398 11569 2247 11427 3792 10069 2920 10376 11338 
6429 4535 6272 6403 6409 7448 4870 813 3550 6028 8805 10023 9685 3971 9165 9383 2290 
4450 262 1307 5022 5330 5552 7910 8945 665 1404 2409 4242 6610 6895 
5534 560 2217 3240 3664 4443 5521 6029 10929 11244 11247 6797 11604 5381 3376 
6533 865 10677 10390 5082 6905 11358 11368 6465 1065 3584 1272 
1594 68 84 1075 1165 1397 1862 2148 2149 2379 2995 3004 3227 3684 3979 4639 4662 4852 5049 5448 5736 6028 6825 6938 7104 7157 7662 7664 8070 8766 
4274 2301 4286 5638 205 3568 5909 7458 10235 11132 11522 11526 11642 7519 
4997 643 7001 423 3555 4335 2153 4028 725 2410 4702 7073 987 4649 
3233 1499 2230 10060 158 764 897 2261 3180 5974 7822 269 
8200 2410 4783 9374 9401 10062 11943 8147 10035 5848 7385 3702 
2994 2636 6267 11215 8810 6513 2652 3320 3227 4399 5114 7664 10122 1069 2471 
3945 5345 214 8295 9174 9921 2453 3845 7132 9486 2937 5664 10803 6445 10745 804 
3321 764 9968 12034 12035 12037 198 7986 2342 8168 9552 311 3760 734 1115 3936 5062 643 9810 175 199 3471 6982 7759 1146 10854 7222 
4421 4242 3474 2596 3879 9926 262 1436 1280 4231 3684 9518 
2130 1502 1895 2676 3615 5679 1836 56 3347 3913 8555 929 3727 4357 
3069 3684 5848 788 1460 11263 1013 1130 1335 3089 3617 10850 10849 
5622 4968 6887 11312 902 4577 8642 10069 1299 1314 3951 4657 6781 6777 
5874 11380 6303 709 908 930 945 2261 5106 5177 5581 8385 10447 10724 
214 1755 4547 10317 11309 11416 12080 11292 2064 2475 10141 10235 1911 10759 11957 29 1499 11509 1955 
6298 816 1016 1075 2452 3398 3416 4028 4709 4870 6233 6495 6591 7073 7707 
6755 959 905 1728 2032 5994 7203 8121 9653 3663 11578 3376 
4735 1777 2167 8028 10172 10890 3504 7992 5351 6215 6777 11586 4981 6781 6897 7866 349 
7723 4540 5052 6775 7477 8498 9284 9441 10023 10608 1512 
1055 10096 55 3861 6210 9976 4358 4993 6349 7633 2317 7156 8744 11796 8903 4146 3942 6212 5480 
2880 564 3127 9532 788 3684 8070 123 2305 3276 8111 8301 8303 8555 
4579 9453 4642 875 1034 392 8403 4156 2259 4664 326 2342 303 11936 315 741 7957 
5577 9896 10001 1238 2104 8357 8484 5541 1960 2406 10238 10669 10882 1863 5393 1235 6121 9449 12104 3322 6958 1651 2230 8708 7581 6573 1611 995 10023 11356 
2105 1477 1827 3974 4592 4776 5397 5644 5763 6645 7602 8496 8932 10129 
1427 4444 10587 4392 72 1640 285 4774 1755 678 540 
2211 56 1212 2126 5445 10327 5267 3722 6292 8134 8709 
3135 2515 150 2247 9657 3276 9038 11552 7384 1506 8504 2885 4028 9560 10559 
2789 10280 11224 8321 4634 704 4308 3975 9357 4255 5387 8956 4911 11223 4907 118 2388 
4401 11550 4084 596 1287 1309 1375 7852 10106 262 2596 2599 3427 9928 10108 558 
3363 166 182 244 199 265 311 281 524 548 3176 4243 
3688 894 3224 3763 8595 2910 6138 7568 2313 2410 8045 4547 281 8387 8785 
7737 1614 2158 3336 1514 3921 9914 3174 3913 4955 2410 2904 
6173 2096 2101 4028 8255 782 3763 9963 1211 1016 2064 2485 2862 6886 
6339 8709 8972 10647 2914 10649 2153 3622 3880 825 788 873 1842 2249 3178 3344 4152 5300 
3780 6977 193 328 867 3141 4281 5715 5896 7338 7773 8107 8787 9845 10769 11900 7264 1923 
1779 83 1062 1075 1387 4339 6678 10235 1272 2230 3870 9248 804 1468 1485 1512 1519 2856 5865 6502 6571 9247 9251 9793 9908 
2209 56 2157 2477 5954 6312 8134 804 7193 7838 8555 4040 
1515 191 2180 2347 10024 11346 10952 5136 6616 6777 8307 
3803 180 281 6944 887 213 216 292 513 597 2037 5296 
4349 282 652 670 862 4801 5157 5222 5297 5350 8293 8776 8871 10724 5139 
2899 979 1945 3931 10710 10766 1319 125 1529 2126 6835 7895 7973 8024 9088 10327 3344 9012 727 6359 9357 12006 4152 3227 4335 5378 5480 
1038 1407 7459 8340 10364 62 74 755 809 1024 1073 1075 1322 1396 4267 4266 4661 
5139 6571 7601 8577 952 4471 11644 788 6922 9189 11031 1468 2995 9037 9605 2410 9335 3174 6875 453 1013 9040 
4598 303 569 992 2186 2566 3752 5378 6111 6209 6210 6356 6359 
2082 1031 1664 1728 3319 5996 7759 8504 8587 11066 2676 
765 1322 1277 1491 10841 311 2249 10696 524 2342 6024 9163 9562 2027 45 181 636 1384 3579 222 281 6046 11869 3773 385 734 
1004 2166 5388 9885 55 3727 5379 7600 7824 6374 4308 6027 4074 7812 8950 
4359 264 725 788 864 951 1024 1018 1132 1818 2542 2572 2575 2998 3227 3436 3478 4130 6029 6339 7321 7751 8079 8391 8987 11194 11326 411 2373 3133 3226 3303 4420 
6117 1879 7364 6560 8757 1064 9818 727 1075 1481 2813 3427 
6368 2100 8627 1076 2076 4949 5059 5989 2292 3303 1338 
625 7717 1950 44 725 934 2935 5848 6201 5634 1407 2378 
6486 9179 2129 829 1870 3389 5074 6777 6902 8998 9952 6897 1212 4911 
4973 1212 1646 2609 3615 7838 8435 11338 2515 4094 8829 10886 404 
5824 6932 5445 4910 6887 4909 5357 7470 7573 10053 12030 705 2005 2609 2772 2858 3294 3961 4040 4094 4237 4903 5894 9706 
7367 10317 1165 2254 3247 3845 11159 11638 11640 11642 11791 
534 435 3277 3904 3755 7797 43 387 952 1018 1075 1331 1338 2027 2101 2333 2373 2636 3133 3233 3343 
4105 728 1176 4222 1436 4221 7838 10495 233 281 659 709 742 1444 2147 
5401 2217 2888 6780 1707 4802 6109 11509 10069 10671 1381 2025 
2090 7175 9518 56 1955 2939 3684 4615 4986 5038 5882 
4304 205 1072 1165 1436 1516 1614 2154 2420 2887 3746 3832 4457 6055 
4491 295 451 2042 4729 8657 8713 9119 9919 9968 
4128 895 12089 4893 7039 10339 1734 258 267 281 888 2042 2260 
6425 2184 813 2889 3672 3727 6778 10423 2900 9546 10280 11474 10401 
4176 4197 9416 1396 2135 6102 205 1869 2696 5747 5998 
1301 6224 7964 6455 11061 4482 2410 3925 6026 7960 948 68 5882 6905 8203 9295 
6476 788 1949 2727 4700 4904 7843 8350 8391 5992 4835 
531 1464 2658 7602 2271 2269 11509 43 6027 1031 2660 
192 1987 7820 9349 92 995 2449 5033 6905 4702 6113 8934 1016 
642 2406 3174 6465 9659 44 1923 4917 6201 9033 9199 533 4725 
5607 7002 4598 6933 625 10330 737 736 10695 5164 11056 11368 11476 3773 5717 6840 614 734 1136 
2434 118 2993 8561 9512 11196 3389 11254 4124 6027 7692 9878 11169 3517 3554 
2755 3389 8960 9801 2553 3975 2539 6256 6404 9878 10913 
7428 3396 1320 2064 3997 11133 11171 9395 9927 11540 1436 7897 
2638 103 1056 1086 1634 2291 2636 2993 4695 5307 5509 8749 
4712 465 2467 2597 3246 3656 6310 6312 10037 10501 10572 1212 2746 3368 3780 7838 8134 341 436 3782 4903 6224 7047 8089 1259 2865 10280 10296 1165 
4290 2345 2885 4064 6093 6475 6509 938 5646 8423 8430 976 
654 995 1736 2076 2217 2888 3322 4028 4154 5166 7611 8298 9037 44 1244 
628 6041 6398 7978 11290 4715 10849 10850 1130 1477 2449 2791 4776 8079 2545 453 44 2554 2727 
7022 1064 2805 3292 3560 6760 10023 10372 7781 9816 1347 
4394 8246 3931 4386 2852 2078 4903 4909 4907 6897 8307 12020 286 2333 
2756 112 2889 4519 5324 7977 3854 10203 11814 7470 2855 5387 4311 
4652 1361 1491 4460 7503 8563 8671 11932 3632 8818 333 2962 2471 3082 2431 
4701 2421 7709 1497 3413 5143 1381 3554 4661 4649 4853 5319 328 913 1343 2353 2410 3622 4987 6102 2082 
7857 11433 1646 1842 11316 11906 3389 2739 4417 6349 6285 5954 1777 
4938 366 2350 7994 9363 11884 11984 3959 5648 5953 6718 
7512 10528 1361 1923 3664 8563 9337 11818 7353 7420 3743 4986 5058 
634 10913 44 1018 1468 2285 3375 4649 6201 6206 6390 7528 8990 
3623 187 4223 6914 6922 7104 7178 7252 8064 1075 2117 
4675 337 1062 3772 6840 7751 10470 3514 4661 3342 3620 
6122 995 727 1165 2545 4588 7121 7510 7611 9623 11995 
3334 5881 579 3881 4987 8485 9150 9448 9920 550 9395 764 6880 9773 1067 3997 8387 12005 333 6472 5188 1490 1489 6324 8871 
3650 6438 7543 8384 10031 173 233 199 281 524 548 930 963 3862 
5507 10858 533 660 813 3541 4028 4255 4875 4940 5259 6233 8070 8466 8789 9227 9403 9435 9441 
6279 805 916 1461 1464 1955 2254 3247 3332 3560 4628 4695 5163 5736 5747 5784 6004 5996 6012 6751 7039 7668 7994 8934 9422 
1336 2126 10327 1838 2470 4358 11612 7159 8518 9994 63 3931 
2920 2217 124 1062 1165 2153 2652 3247 3320 3684 5904 7252 
4936 366 619 3312 4432 4481 4957 4053 7917 10666 10671 11625 
2248 1158 2856 7614 8466 4700 11215 84 1842 2222 4432 4481 4957 4986 6513 6662 
2063 180 10841 4222 1411 6944 287 5047 3119 56 7838 8810 2173 2313 
2085 4197 10743 1018 3286 8497 11831 11832 93 1072 2108 3550 
2970 7401 1798 6910 4485 9332 10219 1612 8818 134 264 951 
3692 5139 325 457 1176 7202 173 235 8415 10308 417 7749 7748 8606 11658 203 199 275 415 524 6182 10299 9443 418 
6132 7159 2292 11240 2364 9952 12078 1212 3843 5201 8324 9499 11224 10377 
8195 9778 2388 4988 5163 10160 7791 9090 9091 4311 8998 
1060 62 805 1132 1499 2652 3320 4231 4835 5453 6982 7022 7121 
5990 730 729 1944 2652 3320 3819 5046 5228 5275 5604 5735 5736 6024 7126 7943 8064 
6871 1006 1087 1193 2060 8619 5472 10624 10931 11494 
7008 1777 1845 2878 4907 4911 6471 10495 2515 4554 2221 4200 7565 11173 
1407 2349 4370 72 6746 4715 992 4126 2126 2727 10327 2485 4308 7287 9790 10141 
6162 3226 8350 4028 7073 8092 794 5162 6092 7683 12004 4839 9449 10543 6778 6777 2027 3357 
639 11368 8299 6601 6602 7264 7965 10912 44 3277 6201 9189 3602 8740 109 150 601 1012 1615 2219 3067 5169 5193 6800 7237 7684 7960 8966 9252 10726 9248 3684 6324 11818 4904 7559 
2835 8024 1781 2324 5944 1390 7324 9071 2098 675 1274 3408 
5010 404 1272 1512 2213 2308 3926 4627 4841 7364 9734 
6125 727 3442 3684 5420 6292 9909 10538 3800 1075 1859 
6319 1075 1554 2205 3113 7781 9157 9679 9952 6835 11972 
4798 1664 3112 8934 2049 1842 10023 905 475 4751 5126 
7752 3043 6639 3400 5763 7468 3664 7854 1516 1640 4986 9576 2636 4940 
6902 7176 10087 4370 8624 4028 1361 8563 7521 5366 995 1165 2920 3322 4649 
5343 1658 5325 2660 7482 494 533 1086 8671 6755 1707 9335 10535 6627 
6341 10768 9395 10724 1396 6673 1165 4476 4702 6028 9952 3707 11240 1477 1987 4776 6977 8520 5433 9104 10812 
7939 5120 7148 11606 12124 7811 2658 2950 2636 11612 2222 9804 3279 1798 2660 6024 9163 9562 5030 
2893 6725 3684 5263 6346 8032 125 1548 2976 3226 3389 7284 8744 8754 11158 1723 
7006 10481 10069 5556 11596 10214 3322 1923 7142 9199 9811 10758 
2632 105 1955 2837 7661 7665 11509 11487 6321 6456 453 1003 1073 1397 2126 3831 4152 5357 6029 6326 6678 6887 10214 
2704 109 672 1477 2890 4774 4776 5193 5865 6905 8932 2213 9712 
4130 731 940 1180 1756 8709 8890 10841 246 380 1096 
5860 2931 5762 6325 723 708 4428 5126 8144 4752 787 
8110 3295 4442 5596 7470 7745 8516 10776 10280 4902 6897 8307 3561 5351 7287 
4860 388 3608 7189 1373 744 829 1212 2865 804 2470 
7056 1064 1106 1977 1987 2410 2751 4266 4267 4268 4529 5497 
4403 1827 407 417 419 7016 7768 5613 10097 3502 11506 
4214 3174 1744 2261 2342 3551 7142 7543 381 2005 4035 2485 2501 3347 1658 
4092 3528 4642 10272 10792 199 260 235 311 1027 1180 2372 3180 4764 5144 5728 
2524 5170 6745 9935 1089 4740 7324 7567 10498 5566 104 3902 3912 4064 4717 5117 6064 6116 7571 9933 11398 6575 1274 
6124 727 9816 10032 11912 2471 3632 5535 8237 9723 7979 
608 1381 1396 3270 2380 9129 500 453 836 11456 9490 10069 1516 1016 
7257 2547 7470 3088 9321 1182 3152 6024 9163 9562 2144 12043 
2971 4386 8009 8990 10899 11414 6778 5038 9878 134 264 951 1502 1499 1777 2218 2277 4566 5480 6056 6354 6359 7636 
3468 7128 894 3055 11704 328 8387 400 11165 3862 9395 359 8024 175 
6751 5570 1075 1272 1497 2217 4266 4267 4661 7104 7252 8624 8942 11315 905 2753 4593 8344 
5121 452 804 995 1647 2217 2949 3664 3743 5367 6321 
8186 4358 10495 5674 9918 3169 3755 2340 3514 6745 8020 8024 8387 9925 
4225 5237 5440 5593 1138 5443 10039 10037 205 813 1118 
661 1165 1477 4776 9252 44 1468 2410 6201 6206 5844 
2892 2452 10659 1477 2898 4776 7549 10799 1333 1615 9037 3548 10787 
7713 2457 5367 2210 3301 3413 5163 3224 4377 5072 6224 6781 
3172 2991 6781 6212 8595 10321 1369 4611 10203 10280 5351 1301 5480 2277 
5970 4655 7221 4225 963 3175 4653 5339 5680 5899 9928 11115 11672 995 1944 6958 1075 1165 2117 
5905 5763 3069 9678 3617 4170 5989 9583 725 8926 708 2249 
3787 173 201 226 278 257 287 330 515 621 610 643 736 1411 2372 3180 3862 3904 4225 4952 5939 6468 6732 6880 
5801 2597 3975 11173 942 949 1028 1346 2167 3164 3295 4442 5894 6138 7745 
5643 5750 6843 4933 626 6172 11342 11331 11861 3439 3957 3958 10790 1016 
4820 6462 4256 2660 11048 788 2773 4388 4688 4746 8701 
5881 7097 731 1499 4649 5351 8334 8998 943 6212 8324 10626 1062 4425 
6598 1238 4041 4269 4649 7461 10268 10554 10550 10727 9591 9965 873 1012 2217 2971 3242 5396 5989 6627 8300 
1284 1521 4800 4805 4819 5032 7232 8719 10165 2104 8357 8484 10206 9196 9863 10168 11048 4700 2660 68 2293 
3567 3347 2685 4035 11212 579 3529 10511 509 548 653 3769 4906 5337 5345 6427 6430 6778 7887 11408 342 4880 4411 380 470 524 3576 5387 6437 11394 233 4811 
1327 2706 5000 7939 1212 2560 9706 11356 7992 11918 73 
644 3354 9189 1713 4167 6206 6232 7170 10636 7676 1147 
3958 8837 887 1176 1277 6944 267 7857 1290 1180 1270 1273 299 182 
4416 564 1882 3180 6925 10272 10890 4981 7866 1756 8200 8646 764 5351 10396 713 2173 6746 
6666 3050 3026 3284 3364 3825 8024 8785 9000 9193 4447 902 
2298 84 727 1103 2453 3092 6318 6901 8188 9262 3622 4276 8391 1428 
4065 262 780 1120 2599 3908 7305 8394 9925 1269 238 1355 5070 6300 3879 1246 
5249 478 3767 5763 7541 4688 1647 8079 1499 3619 5305 8638 11818 788 
949 2364 7099 64 73 3967 4087 5378 5947 8324 11883 1549 2167 2305 4755 
2012 550 6438 7155 6535 6897 9391 56 8334 11511 3147 
5992 9556 729 6409 6571 7614 10206 2727 5358 3485 4028 5033 
7116 1355 2817 1324 3224 3175 2815 5895 1089 1380 2340 2345 3634 5566 
1396 3877 68 84 2219 4028 6186 8587 9802 9977 10184 10206 5324 5519 10225 10648 2153 
4864 7838 2538 10821 1472 4209 11964 7038 1925 8366 7363 10618 11528 2697 4550 11140 9674 
4063 10361 2372 8667 199 550 9865 11629 275 1150 4608 
263 29 1499 1798 10648 804 4702 6627 8391 1477 2152 4776 
1044 62 97 134 1073 1387 5794 6338 6627 7669 9157 4150 11194 81 6027 
4880 5058 9583 387 816 1072 1075 1381 2347 3622 4702 6029 6899 7073 8079 8665 
7165 6416 6027 9280 4986 7475 1086 2378 2776 3686 7134 8079 9285 5680 
5520 6915 10811 7147 3984 6913 8299 8903 3227 4803 11787 
1563 1777 73 2746 2885 7002 7374 8677 10037 11864 1212 
3280 8671 164 10364 4517 1072 3227 11358 2413 4649 1056 2217 4702 5333 6338 8359 9157 810 
4962 412 636 3936 3414 423 6441 614 612 9628 10330 10317 11204 
5648 1512 9572 7838 4575 632 3250 6057 7470 10482 1263 
600 3674 10696 11914 6626 7857 257 330 5350 2758 2765 44 6201 3312 3419 3681 
1334 7992 614 643 672 3769 7001 6441 4575 417 1491 4328 5584 10272 3684 72 887 2035 2260 4331 
7717 11263 1499 4870 11818 1964 2727 5351 8010 8070 8316 10062 
5741 672 734 1000 3414 10546 10552 804 7736 3684 1016 
927 2580 5876 8814 8068 9332 443 3404 5763 5766 7604 9295 
7137 7183 11202 1955 7670 7876 11312 2832 3783 6028 1396 1772 2353 
6366 1715 12096 7759 10235 5783 10415 10208 12095 8428 813 
2473 2805 4702 6678 569 828 2832 4077 5033 6952 8675 7252 8512 
972 3727 11174 1741 5325 1893 10334 5915 73 999 3210 63 
2157 4109 7475 8300 3681 3141 1272 2386 4986 10777 9060 5736 9270 11713 
4407 374 399 406 449 524 4690 1882 6944 11347 267 
4808 460 467 995 1165 2096 3781 6206 4648 11851 2101 5882 4154 7432 
7907 1728 2640 3112 3858 4649 5578 5747 5996 6149 7121 
7678 3812 5169 6221 8504 11727 11725 5766 8205 11048 1499 1545 2217 3335 6875 6905 
7677 9042 3089 10991 1491 7387 7385 7386 12078 3632 6723 4388 
6522 867 5715 7364 11358 2452 5736 6481 6530 9666 2307 3126 2597 10495 
7936 2410 11199 4197 4783 9955 10820 4742 8070 8700 9227 1807 
7707 9793 1508 1955 2791 6754 8318 8686 10677 10873 1516 1645 3858 4665 
4289 749 4717 610 735 2097 5042 2188 7782 3214 356 1281 3193 7053 4223 4649 7458 11948 1390 1774 7121 7234 4228 11818 1843 9544 644 10576 2070 9431 723 1147 1247 5717 2727 6203 2411 359 5062 8466 1287 
6880 1011 1024 1016 1094 2410 2431 2545 2791 3003 3814 
4645 995 1477 2152 4649 4776 12124 11818 8577 788 333 
530 1062 2217 3370 4045 4552 10727 3277 6678 9284 44 725 6201 2144 1272 6404 4986 
3088 4028 149 175 181 180 374 375 773 2042 3007 3471 
3783 193 734 1396 1936 2545 2558 2786 3141 3240 4337 
3579 515 714 2342 6715 6944 9070 175 3471 8028 8280 8382 8384 8485 8695 10598 10890 199 516 6446 7857 9443 11538 
650 5746 7264 1499 2230 3951 6982 9501 2144 3260 8504 44 1572 6201 11494 9899 1497 84 4335 5323 
8169 6593 9172 4581 9321 2637 9704 10517 10648 11482 10485 
3555 11494 175 3248 3471 278 5706 1180 2372 1156 4764 
4003 452 727 1075 1165 1396 1512 1575 1578 1661 1954 2213 2881 3779 4231 5420 5578 6028 6571 9955 10917 
6941 995 1772 2358 4649 5570 12080 6213 9953 11702 3433 1516 11203 1064 
7551 1396 1613 1818 1955 2219 3972 5848 6456 2727 4006 
6688 8577 9835 9837 2155 2816 4113 6232 8253 9000 1396 8077 10321 919 
2177 95 1212 3427 4004 4911 8698 10935 8308 11590 9259 12010 264 951 
5009 404 1987 2607 2809 3277 3817 3925 4482 6696 6941 6948 8165 8583 
3492 5213 9968 9978 10172 10841 235 395 564 1004 1030 1174 4764 5068 5724 7393 7550 9438 293 8695 7800 173 287 940 4807 4863 4864 9418 179 215 3151 4862 4156 4645 9846 5568 8580 10222 12012 3114 7128 7017 
5599 1361 8563 1165 1545 3711 11099 11498 1073 2545 841 1382 5648 6045 
3791 180 457 1477 1496 1516 2152 2491 4028 4776 4880 4870 4965 
5792 804 11095 11370 1499 4702 5736 11691 703 9623 905 
3971 2057 8954 9981 9613 8751 696 6789 216 2033 4809 4851 11341 515 520 647 
819 2717 2545 533 725 1056 1259 1508 1529 2313 3276 5437 5595 8555 4574 10010 6338 53 10214 11129 
2673 2280 3420 2085 3581 7185 2328 7903 11193 1767 5136 9431 1490 1489 
4859 2342 4124 8793 10028 391 2658 2660 2688 3277 3838 4724 
4342 3004 8619 7185 2554 5497 6901 1056 2153 2344 264 
1296 7858 7859 63 2116 2538 3302 3780 4454 4911 5351 
1899 995 3109 6174 9249 85 1640 2217 2410 3684 8504 8990 4661 11715 
5274 482 828 1064 1073 1165 2135 2645 3684 4340 6931 
7360 1212 1502 1870 2126 4972 7838 10327 1646 1746 7393 10841 4592 
2837 8787 3035 2340 3050 7324 1250 120 7209 2345 4447 3931 7568 8764 7112 7557 9017 4911 5942 10498 5689 6982 
4871 9153 3414 2085 387 672 734 1302 2280 3035 6740 10789 11565 11861 643 1136 2342 
630 11539 6995 11866 6822 6983 3743 2283 8556 44 788 2727 
3568 1182 2470 939 3211 7759 3944 4726 7187 10087 185 11064 1165 1661 8078 1860 
4419 1883 262 1095 1287 3224 3612 5072 1436 1255 7776 3300 2212 9868 
7547 7142 10777 3189 5747 6874 6875 7966 8741 11368 1398 1831 1967 5964 
3680 1756 3329 3770 7591 7592 7594 8960 9329 387 618 1115 3180 7014 195 380 4224 7200 1866 2381 3975 
7163 2348 2535 1075 1338 3410 4335 4649 4695 6029 8236 1387 
6001 2949 9583 747 2554 4516 5556 3478 7966 8862 7252 1970 1968 1974 
4061 8688 2739 4417 1212 2485 3392 7812 3211 4308 812 
3087 10696 257 330 1317 149 9986 281 1756 2372 3862 
1493 995 2856 4234 865 8526 1062 2452 2727 5578 11818 5333 68 890 
1033 3461 3389 6281 11980 55 6343 6690 3931 6210 1523 4541 5480 1946 2277 10981 6212 
576 3805 11661 5882 6138 1016 1075 5277 8694 2437 11026 12004 8466 
793 7142 705 8437 84 725 8818 11148 1678 4082 4357 4649 4989 6138 6217 8820 9845 10557 10812 11048 11159 2554 8079 8990 1297 7553 50 7536 
5642 701 1321 5028 10919 1436 1449 3224 9925 628 9216 7428 
5658 1713 10183 4648 10184 606 4035 4077 5470 8307 9462 9706 
1002 2467 419 4690 8377 9044 10232 10280 10889 632 5378 1893 7400 1939 1954 
7576 4547 8876 9227 1528 3931 7470 9802 10776 2138 1460 9106 9857 
6276 805 837 4688 9797 5847 10785 12086 1614 5740 11792 4113 2485 5437 
7516 1361 1497 1496 1977 8563 5807 2427 8342 1498 2269 5497 
7753 2658 2660 5120 10581 10752 9772 9977 1516 9767 10362 9585 11736 4266 4267 
2097 5497 5736 2173 2410 10859 810 3622 5819 7664 10214 4978 11358 84 
5480 1595 2217 2895 6243 9802 10805 2176 3088 7038 12107 2108 2437 
2061 4118 11717 829 56 2865 11506 6987 1646 4989 10232 8111 
5106 452 817 1013 995 1352 1361 2435 3413 8563 9754 1477 
3992 550 764 1075 1167 1199 1443 2658 9071 223 393 7867 5726 7424 10286 1119 1139 1281 1716 2805 2820 3752 4160 
1307 1719 3881 6907 7604 75 2452 2727 4473 4994 6913 6979 7114 
912 4531 4981 6777 7866 10023 4592 57 4086 6914 8518 1089 1831 5964 
6295 865 6465 6462 11842 2379 6244 6746 8350 11595 4797 788 
7207 2648 3851 5863 11509 1491 3975 4074 4581 
7872 12014 11083 1661 2117 2121 3113 3370 4045 4552 6318 
668 44 1075 2340 6201 7324 8255 8787 10498 11146 793 1490 
2159 150 944 1360 2147 2247 2388 2597 7002 10824 11684 56 1548 2515 10952 1996 
3132 886 1274 2827 3085 1605 2515 5878 150 5301 5894 6822 874 2173 5765 2597 9006 1074 7759 11589 2126 2867 3368 3999 4318 
1981 3398 6092 9293 10844 11509 4169 4649 124 810 1529 2660 7783 84 2219 
46 4979 5876 5578 1016 2293 2660 6603 1798 2554 8550 1165 
1514 7195 3303 4077 9796 5019 6387 1429 56 1212 2126 
5782 698 725 905 1512 2213 2308 2921 4077 4234 5556 6905 7022 7781 8520 8577 
260 1465 1491 1613 6024 6025 7604 8408 8619 9163 9562 29 871 873 
1149 11943 12043 1836 5271 5674 1522 3850 6635 6637 8504 1939 10495 4040 4237 2910 5566 3182 11580 8587 3776 5237 63 5461 
5102 729 871 6571 7966 8144 11705 10560 725 804 8955 
2576 7858 7859 10152 2181 4702 11323 9186 533 106 10671 
2294 84 1346 1360 2219 2381 2960 3270 3389 4700 6777 8504 8754 8958 9127 
547 180 3180 3350 4225 43 44 1882 6201 369 656 4702 
4045 3845 6633 3427 10155 8624 1879 9037 10861 10588 
782 46 1062 1954 2386 2373 2379 2437 3133 3277 4432 4481 4957 
1709 1555 2372 336 8406 8485 1096 562 1166 4795 82 4929 4947 2545 
7873 1661 2823 5584 6905 8470 2219 11111 3550 6654 9106 7252 7797 1745 
4710 2592 10208 2333 7838 1996 2079 3615 3985 9448 344 1590 7039 
5155 3315 5763 453 5526 5985 7602 8934 9250 11021 2230 
1612 10776 1842 56 482 3501 5595 9866 7073 8550 463 829 
3477 238 4242 8487 701 3675 1436 6468 8090 8386 173 924 1095 1316 1773 2437 5682 9928 9925 262 744 1298 
6432 813 1499 1512 2153 3622 3779 4028 4649 4885 4963 6462 6905 7142 
6291 4382 6874 4363 2230 3551 4926 6407 11132 3684 6412 8079 5997 8481 788 929 1647 1728 4566 7894 8132 9820 11058 
262 4458 29 5366 10509 2064 8701 9555 6637 2166 1954 7966 5578 7039 7121 7668 8066 10141 10777 2501 2640 7252 5584 6110 6111 
5136 6540 729 3354 453 2545 3413 6978 7468 7692 8204 9574 11356 11680 
2881 1683 6158 10055 10906 124 1661 3370 4045 4552 7126 8408 
853 2369 2277 107 9012 6209 6353 6210 3389 55 4833 
5928 9952 1834 736 1936 2853 7252 1086 6777 6905 10757 
6099 776 792 924 941 1316 2842 11433 3931 7142 9210 1326 
5273 482 10405 1064 1165 1614 1879 2117 2230 2254 2348 
7025 1062 1499 2373 2501 2918 2982 3133 5445 5763 6024 6155 7077 8810 9163 9197 
1229 1371 828 1064 1499 3113 3684 8196 9355 67 727 1165 2217 2437 2727 4025 5433 
1070 2411 3631 9121 11977 6256 2993 5570 5796 6258 6351 9512 10800 11732 69 5961 6266 
7080 6300 12128 3281 9928 10106 1073 1499 3753 9518 8155 
2164 56 2597 12043 829 1212 1923 1360 1491 9866 
3777 173 257 330 631 940 957 2261 2372 4221 4225 5047 6433 7128 7543 8385 8386 10994 
3781 193 315 4278 9810 725 1641 3031 4911 8504 8577 5174 
3538 328 3026 3448 6475 7283 2307 3126 3763 4675 8787 8817 10768 8785 257 330 1302 4669 6773 
5862 5448 6213 3511 7659 723 3845 3894 5620 1634 2249 
4773 7417 1713 6102 7475 8010 10932 5229 6234 7966 11644 
527 7475 9352 6940 233 267 287 1180 4645 5139 6785 180 336 348 
3998 508 524 3464 4880 6214 9428 11339 11481 7326 9119 
5265 1499 2147 4649 5324 6905 9122 482 788 3227 4648 4700 5323 7783 
3448 2195 4106 170 443 729 2340 2420 2539 4076 4412 4947 5038 5954 8903 10280 
8061 3931 5074 6777 7759 10280 10981 2937 5891 6645 6905 
7010 7073 1916 2820 3277 4028 6113 7536 10317 11204 1056 
1870 139 995 3931 4925 8655 1805 1923 86 2303 4253 7167 10407 
1030 485 2079 3722 4911 10208 55 1576 2116 10232 3985 
2687 3925 5736 2545 5221 6017 3129 8317 11818 109 1987 3428 5193 
7069 4124 9143 1069 6273 9564 7665 2452 2881 9644 1885 
4497 374 412 561 4328 4729 7016 3325 7857 9433 11614 9631 
1400 5843 76 619 1515 2017 2481 2513 4549 4889 7584 7667 8070 8684 
4049 7986 11382 11787 6468 4764 8247 12035 2372 4221 395 8650 861 199 
359 10550 11745 30 205 2645 5081 5347 7752 905 8066 1955 2453 5584 
7337 11590 1234 1962 7152 7759 8504 7142 9556 3517 3684 2809 4963 
4439 286 495 992 3830 5441 5495 5674 5973 6195 6822 8322 
4420 262 954 1113 1306 1308 1307 1321 1320 1324 1330 1355 1436 2596 2599 2679 2775 2776 3301 3686 
6112 2716 1075 1171 1396 2117 5865 7364 727 4658 5497 6673 9525 2290 
2797 8709 9866 10037 11173 3152 3449 8234 4146 5915 6285 10039 118 
2158 56 5493 4902 6777 8307 11803 5947 7097 974 9149 11413 8324 10280 3147 6209 8263 2597 6363 2333 7187 
1823 235 2342 3116 7992 3041 3066 8504 9321 7051 7142 7152 11085 
5974 730 948 1641 1922 2908 2956 3246 5229 6627 7129 7675 8322 8365 976 6575 
562 725 1497 3344 5497 2101 205 366 1512 9549 44 
6375 1298 5420 4028 10922 9853 2958 3845 1477 4776 4986 
6441 2386 3477 6212 11818 8671 2353 3684 10022 5736 10646 11148 1073 804 
535 865 5842 9448 2455 8081 10992 1844 2344 6024 9163 9562 10269 43 6875 7637 8833 952 3057 4517 7752 9571 5038 
6420 1516 1499 5163 5584 2117 843 4116 1614 1799 
3689 9383 448 4883 9900 2033 298 250 180 1279 1882 2352 6431 
5652 11066 606 2379 3895 4657 4911 5865 6571 7167 7664 8070 9441 
2916 124 2621 4124 6481 7659 8197 8195 8203 10861 11363 11818 9962 10654 700 2647 3315 
5472 1106 5759 6905 6673 10867 5420 1381 533 729 9549 1499 
2528 1363 1366 1692 3632 11776 8884 102 2536 9977 9767 
7408 4806 2240 3613 5036 7897 10579 4691 5031 5163 5958 1307 
3082 6562 8123 1903 7752 4028 149 181 281 199 365 
3303 8580 9418 9443 3995 235 2372 3862 4156 4225 5157 
7016 9210 6977 2449 3410 4702 7781 10851 6111 1056 2921 4444 5316 1697 2410 7400 11749 1396 2727 3271 
3773 173 216 233 257 287 330 4690 5658 11362 10250 199 245 
4270 6302 8317 9335 205 1490 1489 2217 4517 6254 6273 6905 10777 
2552 6522 2467 8082 10677 10206 10726 264 951 1812 11240 103 
2127 3276 4028 56 4870 6795 9866 6777 829 1499 
7706 4432 4481 4957 5023 9230 10759 4255 6755 1508 4482 4841 
3342 8619 9113 166 7401 2029 380 182 4851 4161 246 326 
6885 8546 1132 1147 1165 2217 2449 2942 3304 3684 4028 4347 4649 5420 7963 10528 1711 2364 3404 3795 4006 8550 11818 3247 4805 
1737 82 4649 6905 8350 12083 1615 2149 3664 5319 7752 8624 
6115 727 2117 3089 4649 5056 5237 6760 6861 9518 10382 
1774 6952 8010 9441 83 264 951 1073 1075 1491 1825 1879 2027 2217 2291 2437 3247 3304 3441 3679 3681 
545 43 44 2380 2758 3277 3771 4464 5059 6201 7264 
3610 672 734 1147 1161 6740 10308 181 736 5882 7050 10032 10780 5556 1274 3126 3959 3964 2660 3240 5381 10790 4700 1159 
2484 1062 3795 9951 12124 9493 1298 9141 1381 2104 8357 8484 2437 11812 8638 92 
3659 1487 764 180 552 562 672 963 3862 4729 5139 5301 5350 317 3082 
5688 2235 4425 3931 8688 8696 646 4311 4387 4398 2739 
8267 3041 3389 5556 5855 6982 7759 7918 10141 10870 11969 
6227 804 10364 807 814 1861 4649 6024 6092 8619 9163 9562 
5333 2658 3227 2660 4256 8749 494 6319 7968 10022 3954 7274 2222 11960 10113 
7296 6372 8555 2466 11539 6683 9866 10037 10280 4907 1165 
544 11195 43 3427 2554 7079 9230 11356 11707 3315 3878 5311 7153 3413 
5995 1477 2152 4537 4776 4702 6691 7073 7108 9668 755 809 804 1468 
7593 4581 2667 3024 6777 3231 5480 2392 3931 9612 11769 
652 9787 11604 44 3461 5103 6201 9441 4783 8316 4335 2217 7601 11298 
543 43 727 2064 4661 4702 5584 5664 7185 7831 10979 
1235 8881 4581 6138 8771 12079 1185 1376 1477 1601 2133 2410 2431 2453 3211 3271 3283 3312 4776 6113 8206 8829 9955 10785 
1553 68 3743 4120 5915 6024 9104 9163 9335 9562 10364 10780 3574 4516 
2486 1165 1923 2126 4702 4786 10327 1512 1663 9796 11818 
7458 1335 2453 2637 2727 4928 5876 6041 6092 6948 8234 
4869 1955 1075 1396 2958 3410 11033 3940 11078 387 1819 7792 8962 
1024 3684 6009 62 1717 10474 5497 9573 8516 3271 11475 11680 5994 4154 5596 6958 788 7459 7460 8237 1335 3401 4980 7669 366 
7431 6594 11048 2545 3984 7142 1298 3578 4539 10478 10936 11975 
5530 570 788 1165 1298 1490 1489 1499 2437 2727 3276 3477 3684 4077 5420 
4737 731 3379 4746 1664 7128 2400 348 433 2342 4156 4241 4811 
3922 6565 211 564 1178 1186 3127 3148 6437 6468 8650 9502 
5491 8940 533 1056 1482 1499 4169 10013 10364 4800 6024 
4022 228 513 515 597 764 3527 4795 6944 9444 5157 8327 8485 10447 11729 
4640 620 1781 4447 6788 7568 10856 6530 333 6028 7039 
4815 807 805 2545 6416 1031 1499 2217 3539 4028 5497 5721 5882 6217 8990 1664 8066 3537 
1054 4491 63 708 1212 2114 2417 2515 3226 3389 4649 4907 5461 5595 
4324 7238 3804 5570 10062 10069 11874 4432 4481 4957 264 
7168 1086 4544 3426 1648 10013 8193 8186 5453 4700 8350 2130 8823 9671 
6053 1199 10890 12037 1180 3151 727 3881 4588 4593 8477 9332 
4994 1879 2921 3043 3210 6603 8355 10265 11839 485 1955 7104 
2246 3277 2217 3427 4028 7135 9962 10630 2660 84 3485 7661 
7826 2135 7199 7245 7252 7208 1590 6777 10798 10896 4911 4283 
171 8317 1062 1491 2064 4571 10409 995 7142 1499 2536 6957 1798 1923 
5613 9557 620 10732 4432 4481 4957 6931 4318 3549 6157 
1768 83 264 727 951 1075 1086 2156 2217 3930 4339 
5006 404 2452 2581 3109 6696 7604 8299 8671 9951 729 11217 
4842 1863 4455 4459 12036 3095 5710 366 1331 4649 11551 9488 
4056 11217 11509 12083 322 2453 3570 10774 2293 10069 1119 7504 7859 10152 1614 2155 2158 2344 2554 4833 4870 7445 5651 7611 8350 11874 
5527 1196 1216 2269 7914 3956 5015 995 2379 1064 6958 2431 2692 4802 
617 4154 2903 44 2727 3664 4783 6201 7536 9259 11818 1090 
167 10276 68 1396 2217 2453 4516 8591 10812 11896 807 
5476 10780 11356 533 2172 2410 2851 4184 6913 6922 7079 9820 11448 11911 
5650 614 736 1203 1499 2359 3483 4146 4287 4330 4836 4852 
7271 6777 3061 2799 5038 1259 2602 10423 4040 4237 11413 4468 9402 1196 
666 44 731 725 804 1506 2545 2727 3238 4432 4481 4656 4957 5162 5533 6150 6201 6462 6742 
3354 166 233 246 287 446 764 3862 4238 4669 5586 7822 8382 9156 10724 11077 
4591 862 1260 2524 4985 3082 5646 8387 9017 6466 10122 333 6461 2305 981 
4905 6577 6948 10820 10979 11363 810 4946 6205 9293 10364 11059 3427 366 4571 
651 615 772 9955 2105 2357 5065 44 6201 8024 1367 2910 3082 8906 
257 5163 84 29 3845 5033 10364 11883 504 2751 4033 7073 11612 8189 124 
4391 288 1067 2827 3723 5715 5765 5891 6028 6718 6746 
6704 924 1301 1316 1380 1468 1781 3009 3048 3050 3085 3126 3177 3189 3776 3912 
156 2219 5420 1322 7460 11518 4702 25 1477 2410 4776 10726 
7485 2683 7600 3130 1346 2392 2920 3210 3231 3418 3503 3615 3856 
3326 7112 10664 8386 223 9222 9174 199 7050 7557 7592 7594 10604 166 180 257 
930 8810 1827 6527 1842 3514 4311 4357 6138 3975 4131 6746 6210 7159 55 8998 6209 1549 1587 4425 6356 8960 1589 4423 10626 56 1805 4907 
2852 121 3322 1034 11166 11626 4156 257 330 5184 1273 1277 1295 9204 
3491 457 550 281 930 1096 2342 3055 5588 6132 6880 261 10221 7221 2029 179 292 353 6468 
4325 1488 1636 2126 2167 3722 4019 4592 5038 6918 8516 10327 10631 10936 12084 1003 6645 4930 9335 5495 1935 7812 8320 
2401 7838 7274 4581 6838 3250 5875 533 1939 2485 6778 4122 11506 729 804 4977 11251 725 
5152 8493 9248 453 1075 2027 2364 2452 2646 3410 4223 4800 6024 6571 6678 6840 7577 8512 9163 9562 
665 44 1335 2727 2818 3270 3343 4661 5311 6201 6206 8340 10906 11452 2410 4130 4340 4649 8281 
4085 199 246 369 377 382 395 1178 1186 1419 1562 1644 1756 1882 2054 3119 4304 5750 6784 7019 7592 7594 
2462 1075 3344 8355 10227 1614 1010 4571 6914 10265 11577 4986 11487 5258 8299 5033 5159 8591 6113 500 7258 264 951 1016 2727 3155 4649 1571 3895 982 995 3778 
1641 1075 2117 6678 7121 8355 12096 8829 2155 6027 10636 1381 1499 4649 2544 4444 
3947 2293 3054 3088 4571 5916 7604 7274 10467 2128 3779 1999 7654 4077 11525 3127 4645 6867 10990 
4702 3399 5301 8387 12091 1260 2827 7068 328 2081 5971 5869 
5768 1075 1374 2566 3119 4616 4903 5282 5352 5357 5596 8432 9975 10408 687 7506 
2864 3931 6350 3777 10164 1579 7193 10898 10759 4062 11766 122 125 488 
3322 7328 526 2335 6437 7326 7593 8356 10652 524 203 8580 10653 257 330 199 247 508 509 1066 1222 5350 8361 10443 219 254 296 2044 8706 548 5292 11394 7748 7749 324 360 516 521 4684 6477 8626 180 5577 10294 
5117 7967 8298 9126 2082 11992 2153 5763 805 7601 7604 
6452 7970 4868 852 891 900 906 5170 11093 2545 2266 4347 5556 
7578 8107 9659 1460 6905 11634 2727 5058 3664 6512 6901 8350 9802 
2140 56 95 7470 9866 6224 10037 10280 2017 4129 6687 11918 1587 3615 11877 3648 
3991 1251 2317 3392 4870 7855 1955 3931 7156 11169 223 1317 3514 4234 4883 6477 7901 8580 
3776 180 199 311 1262 1420 3151 3243 4764 5246 9432 9986 11731 11782 11914 
7180 1119 1675 2212 3908 4377 8945 10109 11767 12051 
2018 6471 4940 8426 6874 6982 9706 1212 56 11169 10280 
2068 11353 1923 9199 2410 5556 3540 9583 11487 8489 3881 1024 
5931 787 743 865 1798 1887 4498 5038 5324 7977 8998 11032 
2689 1512 11705 109 5193 2660 1496 2410 3630 6158 1615 6859 8507 2294 
864 4170 627 11653 3684 4873 804 2420 5800 11818 9079 1054 1967 11030 76 11837 57 1523 4086 4124 4541 8032 9335 1934 5763 7604 61 3622 10437 11387 1887 2153 2719 4308 8481 9265 10227 
2526 11356 4028 782 8066 8787 9811 3126 4265 104 10189 4064 4733 
5005 404 727 995 1049 1061 3410 4516 5420 5584 5603 6455 
3532 709 5502 183 524 1279 2028 4225 4837 5245 9968 9970 10951 181 385 564 707 4795 
6045 4819 813 6262 11358 2420 4929 4947 727 804 1075 2554 
12 184 199 372 524 3 8321 10461 11862 550 4156 4224 4296 5190 7017 
8192 3437 10825 7509 10062 10980 2392 4471 4489 6907 8200 
934 5038 56 1212 6982 7855 6777 3975 4911 5480 9866 10936 5954 3389 
3487 419 175 173 257 330 887 1180 3471 5350 5741 6134 8812 10172 764 1090 5049 6924 
4230 435 1882 3233 3326 7958 10493 235 280 311 584 2342 5732 8247 
5448 541 3925 9093 9584 8317 10799 3833 2508 5985 11071 8818 10042 1065 
4356 1969 2771 262 971 1436 2491 2596 3276 5680 8037 8312 9928 9925 
4075 5954 8925 199 267 395 764 942 1034 1154 2342 3389 3529 3584 3862 4709 4870 7050 7646 
3767 173 216 266 267 287 292 281 361 764 1096 3176 4222 6880 7016 7808 7857 9071 
1169 1378 4077 4911 5667 7364 9706 9866 5495 11612 1512 56 2173 5038 6309 2470 5650 6982 804 2305 2333 3147 4540 4909 5878 7838 9192 10097 10141 11918 4284 
2108 3852 8592 2607 11879 10603 1165 9470 2129 5479 5884 6637 2921 8810 94 5102 1499 2739 4417 
2136 56 205 822 1477 2147 2152 2183 4776 7146 10599 84 836 1724 
3572 175 181 173 180 227 258 278 269 301 647 709 1096 1155 1673 3176 3471 4243 4282 4348 4701 5180 6438 7016 7045 
3705 234 295 380 451 607 3148 9029 278 281 470 3094 7857 8871 8903 9552 173 180 199 292 509 520 526 547 548 696 764 725 788 2035 2037 2372 
542 443 1923 43 1954 3277 5448 6273 11710 11764 5169 6874 7363 
5780 698 2230 2452 4234 7073 7108 7503 1381 1915 2904 
5693 725 1075 1338 3684 5542 2027 4432 4481 4957 7876 6322 
6287 2994 4783 2364 2890 816 1024 1499 2993 5797 9512 
7218 3347 3514 10705 7992 8307 11539 7565 8200 4035 1118 
3847 4225 3305 199 252 1073 1865 7611 881 2204 3410 4156 10906 200 10267 9587 9767 1772 
4635 2004 2006 3050 3172 7571 7981 9792 2828 6461 10498 1071 2539 9419 3082 9000 9005 
4211 2230 2076 2080 2373 3133 4335 6338 8671 6859 264 951 
2440 3052 1140 1866 6441 1083 8817 9925 10043 5648 5164 
2142 11096 5882 11345 84 1497 3023 4130 6901 7729 3361 1812 8275 9137 
6478 950 5283 3040 2523 7068 856 862 894 4042 5301 7902 8786 12046 3039 8102 8387 
6387 3931 7142 5570 8883 2157 2597 3780 4907 5352 12020 2129 813 1165 2005 3290 6220 6346 6897 8308 10280 829 9133 5437 
1629 173 233 8295 257 330 963 7235 11376 11913 8501 287 182 6436 215 8652 10449 178 614 5501 5345 564 175 3471 7112 10724 6045 5642 7539 2351 3038 
6246 807 995 3692 3693 6504 8990 4309 7039 8934 2881 2545 
610 3413 6024 9163 9562 1010 5433 8525 2293 62 3401 6206 7729 8354 2421 6750 8189 8504 11788 11808 7604 4120 
1405 5552 6762 1194 2791 76 1306 1330 6899 1521 1520 1529 2554 2993 2999 4825 5796 7838 8079 8350 8554 9512 1146 2660 
6390 2888 5367 9952 788 1171 3315 5763 8079 11818 11883 1371 9951 
3352 4222 281 166 885 3755 11538 2261 2335 3468 256 647 887 2342 2372 3862 7018 8445 9443 9921 9991 2035 5577 
248 1477 4776 29 725 1132 11675 8665 180 6436 3082 5345 
232 8829 11612 29 727 1396 2217 2453 3247 4649 4986 5882 6905 6931 7184 7346 8299 8520 10913 4700 10726 
1555 782 924 1316 2844 7890 11234 11309 800 73 1326 4323 
1744 1955 83 1090 1165 3277 3572 3580 4339 5420 7617 7876 8066 
7645 3777 1488 3389 4832 5480 6777 8957 9705 9878 3780 
3973 5252 7018 220 251 308 370 517 1279 1420 580 7491 768 2044 9986 1066 199 307 358 
6326 6807 7655 9846 11074 9901 10292 5426 1418 9104 804 
860 7939 9321 6329 1499 3347 3514 4517 8619 6354 6357 4035 6377 9417 1272 10280 
6267 11363 2878 5556 6725 6913 6914 6915 6922 11269 805 4268 
7754 1516 1883 2230 2452 6905 7142 7973 8408 9755 11358 
3329 5588 166 177 216 199 292 374 392 406 652 1096 3638 6774 7857 8485 282 335 
3779 193 423 643 940 1006 3050 3248 3544 4006 5776 7048 7646 
5120 3473 1242 627 1499 4360 4432 4481 4957 5420 6292 10087 12080 10967 7536 9395 3831 
69 11494 1147 10597 6119 7317 8350 8504 2995 3391 6982 
6524 1360 2333 5038 7287 8307 8516 9866 10280 3211 10037 804 1170 2515 2281 7662 7664 8499 
3931 204 219 227 11055 5501 438 580 927 11339 11985 
5310 490 6475 8775 9925 3035 3284 1299 2827 1083 10041 2910 
4818 679 5352 813 730 4040 4237 11313 1182 1923 6568 8520 11965 2277 8307 381 
3480 7199 7201 7202 7244 173 2037 4764 7245 292 5292 
7336 8045 1234 1502 1962 1996 2876 2984 6325 10160 5556 
1490 788 1615 4939 6028 6322 7729 9448 2993 6835 9512 3312 9335 68 4028 9018 
6377 4833 6210 1870 3276 1387 8107 7536 788 2904 3267 4517 7237 5058 8079 11312 9733 3940 7073 6119 4907 
4251 205 727 4839 8520 2230 3427 4028 4276 4400 4432 4481 4957 
7153 1772 5578 11606 5056 7978 8070 9239 9890 1075 2410 2727 3795 
4749 672 1774 1866 5057 5731 1944 5065 9431 1360 1837 2085 7400 9192 
587 788 1496 1812 2149 9549 11124 2452 4923 8298 2652 3320 1615 1678 9037 366 2727 7729 11818 3584 5736 
868 2996 7385 9353 9908 10932 12083 820 8490 7070 57 4086 
1815 80 940 2120 3519 4580 4807 7050 8695 11374 11624 
5734 678 2251 3346 4432 4481 4540 4957 4965 5799 6404 8990 
7662 1490 1489 2217 2823 4986 8490 8876 11446 11702 11992 5736 7127 9699 11358 1540 
6409 4256 4485 7622 8067 8408 8577 8955 9593 1814 1818 2545 2660 6227 7484 6700 9685 10363 2909 8903 842 1010 9241 10263 11351 2670 4959 
509 8833 1165 3404 3664 3684 97 42 366 995 1018 1073 1075 1338 3514 4777 5318 6338 6928 
2275 84 1171 7252 3344 2258 6780 4466 7684 8862 8966 
4375 267 257 330 4331 4911 10136 4263 7306 2410 5185 7016 11537 292 393 1923 
6309 3276 5645 4783 6332 8535 1477 2152 4776 2820 4028 5482 7264 2410 11240 
3676 10522 1096 6944 10299 5463 11986 4250 8807 11378 11857 219 231 927 1531 7454 728 
4402 262 1436 1468 9712 9928 1525 1520 6324 2599 3686 
779 3344 3684 46 81 1343 4033 6042 6221 6481 8253 8355 
3484 7241 10136 11537 173 269 11629 175 216 246 287 
2836 9994 7470 5893 1056 1336 3727 675 11584 6191 120 242 1302 1176 1180 6099 
3595 173 3176 555 7016 4729 10724 181 2042 4240 180 
659 2218 7601 7604 9583 11886 1614 2344 44 4977 6201 9189 3753 461 
8107 2669 4514 2333 3147 6251 6897 7163 2305 10889 4087 4387 4040 
1938 3210 7112 5072 5478 8503 8504 56 715 1212 2126 2147 
4799 8340 8632 2878 560 995 1647 2921 3800 8101 10922 2076 9802 4517 
7946 1820 2410 2449 5497 6253 6905 5163 2153 5045 10302 
4240 5365 3769 380 564 1178 3007 4733 5157 5345 235 2342 7822 10724 
3652 235 2342 8247 764 3769 10890 180 201 228 509 548 604 10724 11729 203 728 1096 4224 529 10792 
4700 7044 10147 12044 1869 4245 6138 8480 7916 2597 8111 5428 9133 1825 6687 341 
4585 303 7048 5136 3116 3684 1075 9227 11451 5420 3066 326 3232 
6757 957 1086 3769 5190 6569 6626 6851 7112 7543 8343 8501 9418 10077 10891 10839 
3889 1794 9156 3165 412 4331 9418 9430 235 275 292 515 4282 6035 6944 10359 
1968 5453 487 5449 6243 11643 1812 10807 8619 9343 7185 
2279 9777 2888 2305 3290 3770 3792 5324 5495 5163 2213 
6787 974 3931 4911 6138 5351 6777 11234 11799 6778 8568 
6405 2751 3322 4505 2325 8504 1490 1489 1333 2358 4980 
3880 2860 6134 10604 4645 7857 10839 1380 278 5112 201 8024 7570 
30 5258 6638 6833 1570 1592 4230 6612 11589 286 7536 11570 11587 3862 
4266 995 1075 1165 9448 12108 9184 4154 8862 9450 854 863 6029 10645 
5454 3226 3227 2660 8064 6269 1396 6755 11883 533 4154 10224 10312 
6925 4649 6234 6029 11368 1018 5387 8015 12005 4516 5083 
6814 5646 10710 3085 8053 2910 4726 8777 6718 979 2098 3763 
2549 100 533 4028 4588 6895 7473 7700 2668 10032 813 1647 2545 5800 9591 948 
816 3684 7324 7570 9017 9518 3030 6509 333 7571 120 4091 5049 1887 5033 6259 6111 7386 4783 9210 5163 2271 92 
935 4816 6473 8935 3664 1408 1942 3674 4841 4911 6777 9725 10280 
1373 5725 4833 10377 6777 5352 1942 3723 3756 72 4907 5754 4870 2597 56 7855 3942 1212 85 11256 
983 11992 9518 11368 8070 3779 8499 62 788 1272 1614 1668 1888 2453 3227 4340 5497 6158 6379 
2257 2475 12096 8087 9673 1396 7623 84 500 6028 4571 3276 
6270 11509 836 1322 1332 1981 2559 3622 7601 7604 10280 11818 725 995 
6 2 30 1499 2144 2217 2727 3458 3539 5497 6905 6913 6914 
5074 1460 1752 6026 7024 8520 3684 5800 7781 10409 533 3193 4028 7802 11358 443 4870 11120 790 
7525 2545 2888 3053 5876 7073 7966 8298 9793 10558 11251 1376 3684 
7858 2807 7864 8985 11143 12107 4087 4592 6291 10584 6295 10152 11891 11982 
4057 2844 3146 5330 9937 1459 7890 238 4629 5364 3905 782 2740 4124 2126 3368 2886 1182 5667 4850 3427 5680 10629 1754 8599 1454 5351 9417 1860 1302 3144 658 1259 2305 3125 6121 6597 7142 1212 
1311 730 2609 2865 56 5360 2005 11877 2333 3147 72 4911 10235 
5959 6056 7838 730 1996 2126 5740 10327 3839 7120 1502 2131 
7682 8535 12029 1499 1879 2348 4440 7316 7577 7615 8381 11110 
3011 500 725 995 1075 2217 3271 5497 7445 7783 11048 
7014 1923 8861 11080 11970 5800 8311 2570 1056 1695 3931 4900 5766 9335 4028 4593 
5346 3348 499 1641 1647 2077 2198 2782 3156 3750 4986 
4833 4421 7497 10816 1955 5163 6080 4048 7823 6110 1492 2222 10363 10943 6119 11853 7811 8806 5416 2636 9256 
3752 173 431 1298 1816 6487 7161 8066 9481 3894 2545 7611 9015 
3753 173 287 336 652 930 1165 5222 5356 5397 5747 
6101 3560 7614 11217 727 788 2660 3227 3550 9239 9435 9802 1477 1614 2545 2658 3226 4776 
4839 4588 6471 7624 9127 10015 381 948 6982 7142 7670 
2435 1199 11351 952 4079 4432 4481 4786 4957 8990 2409 8347 2410 
3106 5273 1377 4460 11763 3230 6920 8534 8535 11529 9518 150 2727 3845 
222 1476 1069 5030 7297 5050 912 9866 12095 29 1859 8506 3344 
8307 5420 3560 3684 4124 4432 4481 4957 6267 6571 6678 
4017 11242 228 199 3176 4746 5339 8010 11559 475 
4899 561 2804 3350 3959 4221 5345 7684 8966 2076 366 
991 865 2136 5231 62 2217 9262 7358 788 5736 7412 8079 8143 9248 8627 
6767 4225 11506 5645 1918 2717 4709 6285 11358 7621 8321 960 
5339 494 946 4041 6958 11494 11962 1520 1525 6048 11422 3684 
247 912 11818 29 804 1106 1298 1512 2312 2827 3563 3560 4028 4077 4649 5497 5800 6028 6678 
5360 1069 2657 3123 3867 3925 3934 3954 6404 6673 11518 
1382 5038 7876 12080 2269 3436 5000 72 11732 6509 8557 3631 6209 153 2305 2952 4223 6273 
5903 10051 708 3937 4702 5989 6102 6400 6905 7551 8079 
62 13 352 1763 2234 2235 2275 6294 6300 8037 8405 
5001 4514 2167 6919 5838 404 6696 10280 5320 7932 1075 5049 2878 3227 8079 11313 
323 7073 8056 1322 1376 2101 4797 8263 8637 8640 9532 11673 11764 6102 8470 10443 10724 10792 5177 8577 725 2557 4649 6029 447 1514 5819 
2193 167 1054 1090 3845 9964 9391 205 6149 1923 9199 9579 1196 1216 7470 97 656 2138 4986 
6379 1477 2410 4776 10645 1147 5420 6028 6835 8483 9380 813 4577 
2049 3961 2131 2934 3310 10280 56 730 2147 2333 2746 3615 3913 4284 
5482 4028 7742 11847 12005 3051 1165 1615 545 556 2904 
4273 4118 10039 262 614 734 2105 2280 2424 3308 4608 
5437 1165 3389 3684 4516 4702 8118 11146 1069 3227 4329 7942 10032 865 8067 
6809 1933 2545 1734 6691 1071 1825 6150 7875 7902 8024 9395 
1904 5341 6209 1138 2993 7360 9512 2360 2597 4911 9012 56 1381 9820 3725 2791 1955 9787 10358 2410 11467 
4793 6742 5724 7630 1199 6174 7540 10841 374 10953 4764 
1456 4221 940 6444 293 8382 8695 175 173 1180 3471 4040 4237 2807 
6404 1920 5497 7698 788 1335 1477 1499 2152 2452 4776 
1482 5492 1046 7187 11358 1934 6913 2545 5885 7470 10037 56 829 3988 
1112 6762 1474 11718 5763 7073 4661 11363 6678 3539 1525 11691 8845 9752 3622 8505 1545 9753 6100 12095 11265 903 10719 3458 
2102 56 341 2126 2515 2746 3368 5608 6194 6822 6932 7165 7411 8747 9032 10039 10327 10332 11763 7422 8516 1212 11837 8943 8831 4556 10037 
6784 972 1360 1499 2393 3633 3839 4074 7966 8555 8950 10852 1234 
6143 1464 10043 784 4992 6028 10215 5049 5420 2652 3320 8550 9165 9623 
7343 3739 11319 1165 2135 2254 2813 3395 3684 9816 10317 11201 
7797 5596 1556 10313 10316 5437 6897 3942 3723 9878 10121 10280 
902 6633 6953 7783 1094 57 4086 6218 9486 11945 2135 
4329 625 2093 2107 4584 7679 9017 11065 11712 6659 322 3483 4595 6859 9556 267 735 
2101 276 1212 2460 3347 3615 4581 5237 6777 7248 8286 11475 56 1065 4284 4994 5038 7325 9706 10280 
7133 2150 2856 4393 4464 10228 1075 1736 4028 4702 12006 
6096 3684 9448 7475 1165 8490 10409 727 2101 813 2823 
2663 952 2753 2922 3926 1512 8010 9555 4829 2379 7578 6113 
3734 3862 10285 292 425 203 524 4238 5525 7748 180 
4834 3519 3918 4580 1381 5364 366 2878 6859 9557 2607 5420 8106 
2667 6589 4441 8978 2676 2755 5679 10376 3277 6111 4272 5683 11084 2453 3389 4517 108 1798 5324 6212 10648 7837 
1402 72 56 730 835 961 1003 1197 1212 1298 1346 1520 2079 2157 2167 2216 2333 2587 2772 3931 3942 4284 4611 4657 4924 
6806 982 1993 2353 2636 3105 3681 3752 4360 5163 6277 7079 7443 8359 
3758 1673 3769 4664 5205 5345 8327 180 228 279 301 
5335 7509 494 708 995 1396 1523 1664 1923 2076 3112 3277 4541 4649 
339 7895 4483 8200 1165 3410 5948 8355 4588 9680 62 10913 173 257 330 482 560 1018 1376 2557 3073 3084 3416 4649 5865 7106 7510 9584 44 93 729 2261 4708 6113 6201 6958 8520 
5565 1348 2005 2126 2597 3615 4137 5351 6471 10327 11589 
4328 4019 3344 1477 2152 4776 264 951 2410 8934 6885 
5271 482 10571 1075 4695 5578 942 4223 7781 8512 3684 
1183 5556 5953 11446 11449 11644 1474 4400 6121 10206 4255 
2600 959 1615 7563 8818 9391 1512 2515 10791 4874 6522 4523 6111 8358 11018 3541 3013 1016 9924 
4698 1121 1560 2597 3780 4581 4902 4909 5038 5357 5495 5754 8308 9951 10021 10408 3389 9210 10977 2602 341 3392 5387 
3267 1065 5310 2597 482 2602 3514 5891 6122 6834 7187 7745 
6904 1118 2065 7992 10093 1171 1338 2888 5085 8236 12107 9733 995 1960 
7715 7274 1499 6948 1685 2885 3368 3494 4909 4907 5437 5445 8009 8308 
3768 387 610 736 3904 11439 672 1115 1136 1866 2180 7501 208 11274 1881 11344 193 2074 
6733 942 2325 3239 3277 4340 4455 6135 7553 7831 8317 
640 1054 44 755 809 4190 4218 6201 6894 11911 8884 3058 
6636 910 4997 1302 979 3035 3082 5646 7875 9419 893 
4569 963 2850 4947 6905 10235 2887 303 1194 3066 3389 6182 9930 5974 
4583 516 527 707 4249 5106 7888 9137 10448 11119 2352 
3051 730 1234 1870 1962 5437 11333 4909 1346 1369 4091 4146 7621 10280 6931 10656 704 3161 4358 6777 145 1620 
6091 2551 10280 3585 4870 8518 1772 5049 8504 10232 9555 9951 725 1075 
2011 1579 1860 2157 2470 2477 2602 4138 4284 5038 5894 9133 9631 12004 56 829 1212 2078 2084 
1486 3276 8015 2545 8079 6718 9556 10600 5547 11451 68 7404 
5829 712 5074 5891 6690 8153 9259 11032 1075 1361 3664 6522 8563 
3501 5169 5691 380 8630 4060 175 199 639 1172 3471 
7145 7781 1396 1955 2453 2863 5865 6029 6174 6678 6898 6920 9518 
4785 8595 400 3085 4669 6851 7902 1781 1945 2081 3031 471 4322 4598 891 900 902 938 963 
4471 9417 10232 6181 6944 8384 10890 7470 287 336 5724 7857 
3278 164 381 8443 9733 2515 8818 2373 3133 264 951 5152 10645 836 
3704 2055 180 324 513 547 1066 2037 5658 6944 7199 7200 7201 
3080 173 287 4682 6342 10172 3862 4225 4645 7986 396 2261 9070 7199 4701 149 421 773 5572 166 
657 813 44 1100 6201 8990 9189 3413 11353 1132 1143 
7695 3247 11999 1506 11098 1920 2878 3290 5214 5456 6123 6289 
7590 3551 4028 6292 6566 9165 10351 1468 3550 4560 6681 7024 
38 4705 6976 788 1499 2427 6901 10812 1474 3436 10351 
3309 8480 8234 10123 4028 6359 6429 7531 11158 9357 166 652 1039 1193 1870 3335 3389 4311 4423 
3349 166 177 474 1184 10977 1961 1994 3862 4225 5437 7520 7981 7990 1711 5748 
1267 1923 9199 11552 6369 1056 1836 2545 3227 4308 4833 5961 5988 7560 3981 3986 7553 
4016 11379 295 451 2050 4156 5157 5184 515 199 652 1043 6535 
3611 865 1165 4124 9448 11881 181 311 281 2042 3277 
7854 1640 1814 1820 3519 4033 4580 5497 6028 6885 6905 6913 6914 7104 7652 7701 8350 9446 
5352 1700 2118 2164 5357 7864 10437 6822 9547 727 912 1075 
3737 7536 9885 193 640 1136 1827 2449 4325 4598 5048 6441 
3332 7712 166 10570 10572 10573 4675 5566 5648 6718 10043 
4541 641 8906 1771 767 2594 2601 626 9890 2921 4675 2307 3126 304 
2197 2811 84 2881 4986 5448 5497 6321 7752 8470 9741 2230 995 3427 4516 
2680 7386 9042 2660 7261 7387 8253 9037 1086 2217 3539 7132 10206 
6893 9129 9400 10155 9958 10069 3550 2956 1062 2348 1490 
5361 10022 1477 2152 3752 4776 504 7652 9533 4702 500 1072 2136 
329 10715 3404 1512 3862 4225 7623 7781 8070 9449 9644 443 1812 30 
5235 477 9896 7859 11796 11129 2184 4532 4907 5480 7815 7159 1870 1597 
649 1758 4644 4649 5691 1167 44 6201 5552 681 11845 
641 11470 1332 5507 5763 6875 9332 44 6201 668 2753 3940 2498 3109 
6823 1798 4028 4700 6119 8107 9951 996 1735 1736 2993 2994 3154 7024 9253 9512 
1554 4091 8489 9556 2002 2453 2570 4802 5556 6678 1482 3398 4661 
6072 770 4060 9210 1274 2198 3512 5355 5734 7324 8053 8777 
4227 850 2491 6509 9925 10919 10023 333 675 1080 2497 2887 3997 4833 5710 5765 5895 6829 10498 1121 1560 3165 898 1476 1590 3324 6982 
3596 8658 11559 181 4130 7453 180 201 204 319 5290 6431 995 
1930 2231 4245 5721 6502 10680 1917 4167 7170 7174 8446 8466 9509 9952 
2847 3485 2219 8148 725 2082 10409 7263 121 1016 6901 11960 
3347 7543 5658 7016 8356 8361 6944 166 652 6880 1045 292 524 561 4282 4729 5292 5577 9150 555 647 1756 2342 
508 56 1212 170 5038 6113 8810 5674 10725 6933 9210 42 1477 4776 
2692 109 725 1165 1499 2217 3541 3684 5193 9486 4268 5632 11818 683 942 
3748 180 216 293 509 526 524 1096 1180 1418 1419 1426 2035 2037 2318 4672 5144 5188 5658 6179 6880 8386 9164 
3541 10366 995 11088 524 11045 11055 11394 4649 7326 308 281 8169 5247 2028 2035 11379 11481 
7079 1072 1165 1614 1645 2410 7185 8624 8671 9999 10062 2344 2796 4335 
4293 11358 4091 8101 9143 9574 8903 2064 5058 6109 6901 6234 7142 10788 8902 6164 
3544 7902 175 173 561 963 3471 10772 2471 4783 6780 7894 9952 8013 
1084 1259 1836 3554 3615 3674 7021 9866 606 6247 9582 
4241 311 564 1145 2372 4653 5339 7199 7201 7202 7244 7245 
5413 3335 5604 5800 7505 4399 11551 1754 1791 1474 5881 4617 9480 10630 6121 1438 7477 6323 510 5330 5653 11821 10392 3748 
4760 1487 1599 1934 356 649 8053 1944 8021 2135 12048 1955 6948 918 
3181 7802 4419 5480 2167 4833 2539 6746 8032 10909 153 2952 6212 9559 
5097 10844 452 1075 2387 2791 3271 4028 5163 7458 9821 11992 1477 
3609 181 218 234 258 257 330 577 581 599 598 1317 1568 4240 4645 4669 5368 6090 7857 8247 
3925 204 298 385 508 2035 2688 2851 4230 4240 4352 5244 5252 5402 5501 5848 6179 
2910 495 1035 6245 2162 366 2605 124 1056 1477 2152 4776 8082 1736 8466 8686 2453 
604 1075 6174 8087 9802 10141 10658 10751 8193 44 84 747 3881 4028 4649 5304 6201 6206 7536 8066 10214 10997 11516 8466 11368 865 9538 9659 10081 5736 2791 3622 3951 6203 6994 8990 5516 
179 6454 395 942 1298 5420 11358 7121 1105 1165 1212 1942 5008 5351 9417 804 3684 
7927 3964 4765 8316 1777 2287 11544 11584 3014 10328 2602 
2448 8934 11474 3436 7341 2315 92 1024 6780 11251 1831 3271 5164 5964 5891 1916 
8323 9444 10359 10360 11648 9293 10604 11368 9666 9443 10322 
2156 9666 11612 6875 905 9270 92 105 725 1841 3537 
231 10046 29 1865 2410 7880 10509 11800 3473 205 2545 3692 9058 7577 
906 804 6742 12095 57 4077 4086 5535 7662 8840 11653 12096 6571 7540 2218 3443 10302 4432 4481 4957 3533 9497 10206 
1363 2660 6718 10227 5954 9357 56 829 5387 7855 3931 92 11509 1132 788 8092 9878 11636 6678 10013 10364 
4310 4222 6429 9240 257 330 633 1307 3468 4341 7128 9926 11096 3525 3528 
484 452 725 3892 6901 9556 10474 11643 40 366 1485 
3907 804 942 4709 5351 5445 6138 6471 6781 4829 4907 8009 
7231 5325 9140 9861 1298 1390 1642 2772 3344 3521 4200 4553 5911 3343 
338 10109 262 30 1062 10921 11251 8619 9518 10867 1180 
3678 193 3116 7937 188 1180 3066 3232 4235 6182 7958 9443 
2133 979 5646 7875 7902 11201 11580 84 1490 1489 1772 2837 3247 3684 4802 5420 6558 
3710 1194 6035 173 199 257 330 524 1178 1180 2261 2491 3175 
7535 1387 2399 2379 2557 2889 3391 4335 5678 6603 8070 
3903 4263 4608 201 199 281 351 764 6774 6784 9552 9921 10839 1176 1180 7221 269 267 257 330 2335 5930 233 
3513 257 330 1034 4795 5573 9250 9834 9842 10322 3441 4028 4156 7386 260 
177 1863 6291 6295 9660 2915 3362 11945 1387 725 1496 4360 4432 4481 4957 10460 
2007 606 11256 8111 56 1182 5445 9321 4491 11950 5441 11877 9885 5884 8941 11313 5038 
8239 2652 3320 3427 4566 4695 4702 6157 6760 7073 7577 7896 
356 2747 30 1464 1499 2027 2064 3247 5030 5033 7073 11509 11922 8499 8512 10774 11920 3227 6835 8355 1075 4923 5324 5323 10812 
6238 811 1038 1302 1399 2234 2240 3035 5897 6616 6963 8023 9422 9890 9930 10680 10684 10830 
8257 2751 3684 4169 4658 4649 4702 4805 5032 5266 5876 
8234 2837 4094 10965 8017 11313 2683 4253 7502 2609 12068 5595 
7837 4077 8799 1605 6914 6915 7104 5556 5507 10069 11356 
6080 10355 952 1075 1298 1772 2453 3247 3684 5759 6982 2217 727 1056 1381 2820 
3554 175 246 1178 2989 3165 3471 3773 6342 8247 9532 11052 
7422 1315 1298 1939 2065 4909 4907 4985 1360 7712 8308 3931 6471 
7013 6174 7132 7659 1056 9449 11818 5736 9556 7135 9962 11639 11642 
4153 10734 6318 4702 6206 9585 3582 5516 1734 7073 235 2342 
1378 1075 2231 5800 6977 3584 68 813 1069 4947 6575 9127 
6858 1292 2878 1010 1955 5364 10917 9738 8490 10841 2117 4923 7630 8684 
1171 5367 1777 1868 4702 5897 9126 11818 3024 4037 10922 6138 56 8709 6628 643 8205 8173 11148 2417 3417 
6303 10635 3260 2774 725 788 2791 3664 4702 6028 7237 8520 1376 1211 2660 
5178 1396 3054 6905 1734 10919 1443 5651 1407 5054 464 610 
3447 170 820 1075 2353 2395 2453 2805 4077 4702 5420 5763 6028 6277 6627 6905 
5962 729 6232 8628 8750 11475 1505 1971 3664 6853 7827 9549 9551 10622 
399 725 1499 1522 11466 9499 11443 1361 6905 8317 8563 8818 31 1017 2410 2449 
2968 871 5991 6905 7299 8092 9549 9888 11356 11575 134 904 1024 1016 4593 4805 4835 
581 1477 2152 4776 10062 8107 8990 167 2409 2727 4638 
6834 3451 6746 1491 2277 8832 10481 6110 981 1836 4581 
3739 5971 10856 2827 2910 6541 8871 246 235 281 520 764 4644 5139 7543 180 403 524 1027 5728 6944 9829 10466 2342 7857 9071 9444 10724 11266 199 374 382 407 
6272 7073 12080 6206 1016 3271 4783 725 2727 9952 6102 
526 9395 3026 4726 2449 7510 4028 7729 1499 3067 6673 359 4705 11368 8092 1615 4116 2158 12100 5876 725 11941 8024 43 44 6201 5460 683 
1562 382 431 3556 3404 1212 2417 3835 9866 11281 2305 2602 7815 
1410 3648 7387 7935 2126 6723 6897 9863 10327 2865 10991 56 2597 68 
4817 2437 2545 5535 11317 366 995 2410 3418 4432 4481 4588 4957 
6242 7470 3393 8490 11816 4627 10932 8749 7968 2158 2344 10636 10554 10550 805 2597 3692 3693 3780 
4750 643 3728 6816 9246 9251 351 698 738 736 796 1010 1264 2105 2453 2534 2645 3483 
1850 704 1468 7187 3147 7992 4907 4870 11085 5947 56 10280 10936 7163 
5827 829 2210 4035 4575 4911 5012 7427 712 2515 3748 
7956 3290 5650 10280 11126 11160 1824 6778 8651 12085 2214 6690 8365 9989 
3235 888 158 182 235 267 257 293 330 2035 3468 8291 
355 953 9486 160 1094 30 1069 1381 1888 4109 4169 5033 6029 6678 9571 12095 12096 3467 
2362 1824 4168 5214 5863 11794 1860 5250 8728 8731 10828 1916 2005 4313 4907 5453 6057 6505 9952 92 1920 
6231 3925 873 2144 5535 807 805 820 880 1499 1545 5517 
7453 3227 1333 7489 7430 2660 3054 8627 6562 2658 4388 6892 11604 7692 9252 11220 
5843 715 1212 2126 4040 4237 4284 4833 8555 10021 10327 11973 1165 2597 
4625 4981 7866 1027 5728 9290 11052 11073 11963 281 8695 10691 12112 
5143 6338 1075 8628 7430 453 7468 7670 4407 810 6140 1407 1491 1528 6174 1363 
3346 209 233 407 3119 4645 7786 8386 9838 10841 166 311 2515 3056 8743 244 
7322 2675 7129 11570 3769 2746 3963 10674 8234 8424 7187 4916 1234 1962 
7963 11280 1836 4963 11230 7855 1833 4047 3238 9802 11158 
3980 216 199 292 419 524 547 548 995 3243 4690 4795 
2048 731 10312 11234 1212 3295 4442 4708 6734 8653 8677 1468 3404 5360 5445 6470 8516 10936 56 829 2865 5074 5164 6897 5596 7287 11803 11963 4577 7745 3211 11413 3931 
7149 2658 6885 8070 9802 7132 9137 9488 2367 7659 7968 3227 3984 4911 11677 
4602 3232 3248 3329 6084 7015 7937 8382 11935 3066 7048 10789 11166 326 3327 
8290 3271 4800 5848 6024 6901 6983 9163 9562 9882 10513 11818 3174 
2801 3494 5378 8432 1590 4907 5343 7159 8613 118 3794 153 2952 
5486 4783 6322 545 556 9262 12005 708 725 1361 2410 5876 
6768 3271 7783 1361 8563 8692 3934 7153 11632 961 1497 4077 
6719 9443 5293 10724 1166 9071 4664 4729 8327 8385 8386 
4900 10663 7978 3277 1075 1165 4432 4481 4695 4957 10265 11992 2320 8624 7770 8803 2217 725 2453 4419 1801 3151 2218 10355 
4697 328 817 898 950 979 1468 3035 3141 5566 5648 6189 6718 
6447 2909 851 6720 5320 9037 4432 4481 4957 3427 5800 
3690 6725 295 451 594 7990 180 244 246 652 2645 
7292 1212 1378 4667 4833 5437 6750 4028 4458 4870 1165 1836 2739 4417 4581 5199 
7250 7079 10568 3438 8959 10954 7274 2393 6920 10302 5771 
988 62 453 1332 3271 3344 4267 4266 4268 4356 4593 6018 7073 
5985 747 2217 4335 7604 8092 8671 9583 6885 788 1322 
191 6905 7348 8350 1465 2406 10525 29 4649 8546 11363 7252 12078 1381 3632 3648 
598 5556 9093 6206 6383 4309 4986 6027 6547 7684 7694 
3552 175 2804 3471 11382 233 777 1769 3127 7857 173 257 330 957 
3726 374 564 1027 2342 5447 5728 6165 8403 9793 11358 173 3165 4645 8247 9302 2488 4241 9532 182 228 349 583 
3746 626 8102 235 304 303 1445 1456 4795 5157 6944 
1724 9418 11240 5043 7031 82 1165 2475 4455 6780 6885 10013 12095 84 404 2716 7400 11159 7932 10562 880 
616 9952 11225 708 1075 6109 6174 10339 11446 3226 5482 8079 44 2727 
4554 356 701 754 855 1265 1436 2379 4065 4624 5031 5036 
6262 924 1316 5365 7274 9486 2099 2276 2409 6982 7142 
2901 1212 5916 7745 8516 11159 11864 11963 3347 3595 3876 7142 8769 9994 11965 
5410 1916 2805 4033 5666 9335 507 10615 3436 8090 4631 2820 5942 
971 5833 62 1888 2214 2646 2820 4056 4335 4497 4516 
4526 292 524 1150 1212 1272 2035 2055 2807 4222 4331 5214 
4821 8634 703 10352 11221 1780 9210 2364 3391 6292 7709 1499 3097 5497 6905 9802 
3546 177 204 233 296 315 281 336 353 1384 2035 2047 2989 4343 5525 5914 
2894 995 1075 2117 2204 3410 5163 7252 9950 10302 9154 
1139 11411 1520 3544 7722 64 4907 5954 5894 7712 1827 1842 3315 6831 
6090 727 9518 2791 4482 6742 7402 2423 2857 6027 10397 6988 
6353 725 1224 3664 3684 4006 6222 6958 7331 7536 7704 9189 11071 
6077 1605 7187 11368 9210 10280 9492 5894 2388 1590 3615 4581 4357 8516 4419 6924 10232 11612 1218 8045 5074 2934 1075 12102 727 3684 1824 4885 10825 11818 6453 3777 
5284 10538 4517 9238 485 1073 6028 6217 9673 1075 3404 3684 5455 10982 
1141 64 86 2303 4146 4311 4532 4870 7448 8055 9976 
1649 1360 1106 3778 4432 4481 4957 7077 8556 56 708 
7954 1818 7132 7973 11691 8845 8070 8148 4283 10086 10465 9584 10967 
4816 2545 2919 2928 1468 1954 3752 10656 11312 1953 6674 10215 11638 366 11405 4803 9556 9669 1955 1956 3427 9492 2783 2758 6029 7751 4830 7837 
6330 9024 725 1361 2277 2488 3791 4821 5523 6209 7752 8122 8563 10442 10528 11169 11679 11943 8298 
2162 712 715 1121 1560 3088 4019 3449 8985 11130 11838 6676 1491 4881 11338 95 1747 10232 11795 5445 
613 5763 1332 3771 9227 788 2513 10184 7108 9380 44 2727 
3178 7636 7951 10006 6746 8064 3337 5963 10316 5796 1165 3276 2388 11089 9488 
3121 404 1167 1308 1327 1490 1489 1825 3441 4380 4644 4940 5026 5033 
3681 731 4019 4592 4870 11169 1393 3147 8298 9547 12107 173 2597 
6089 727 996 1075 1396 1655 2353 2410 2607 2820 3748 4006 5420 5800 6206 6678 7252 8577 
2126 2173 5954 11826 94 3684 2862 1165 6920 1888 1955 5366 4816 8520 
2851 121 198 257 330 396 1212 2265 2277 2342 3389 4656 
7714 1499 1888 4025 2217 10780 5169 10184 10726 4124 4335 6627 8550 8701 
1723 84 693 10982 11057 11203 1868 4324 10364 6627 2328 4593 7551 739 2569 2878 9335 
2611 2976 1075 1772 140 548 1490 1489 1614 2155 2158 4690 4241 184 105 
985 62 3539 3606 6102 6901 7153 7601 7683 9391 1018 3017 
3277 164 2557 8443 1332 1376 708 2554 2153 10214 788 
2536 788 7237 4028 8070 1512 2871 7024 12005 381 3174 6027 7142 7152 7115 6831 9137 1130 100 4947 11939 8520 6212 
1985 873 1072 7578 10873 7237 1018 1499 10780 84 727 2292 
4578 3925 6230 303 1056 1614 5136 5706 6027 6182 6944 7048 653 
6742 952 4223 5056 2025 3776 6029 6028 8145 8359 10531 3684 7536 9803 11604 
6165 2328 6781 1499 6096 8009 9952 6775 6905 10849 9103 8577 9643 3780 6852 
7324 10671 1466 6234 9335 4963 7073 2349 1652 2837 5325 6952 
7724 11741 4432 4481 4957 1512 2449 7142 5046 7867 9248 4702 11960 5050 
3722 173 4240 6477 7221 267 281 375 393 1096 1533 1672 2055 3489 3920 4343 6430 8386 8406 
1217 788 1156 2342 4645 4682 4690 6181 9222 4265 6329 8024 11094 72 3035 9457 11048 6891 6203 3398 6206 9189 5367 988 727 
2891 10622 3717 9802 11499 6910 10847 2183 9876 10198 4490 4455 2878 5604 
5933 2746 3310 9706 2865 5493 11965 1499 2064 5422 9856 12068 730 967 
4832 1064 10961 7038 8851 11863 7039 7966 8066 4350 5663 8213 5522 1874 2383 4657 
435 1516 4028 3049 11722 36 80 2120 9338 11071 1658 2349 2545 
7611 3276 2097 4278 4327 6777 7470 5573 5710 6342 1523 
3703 4263 7001 11867 3290 3931 5954 6138 6300 7955 10280 11394 180 295 407 431 451 
6100 4432 4481 4702 4957 8624 10630 1049 1061 2082 5603 3186 8725 10530 5497 11048 5556 8477 11839 764 6158 
3906 201 204 308 311 591 2035 4236 5243 5249 7218 7469 8171 8370 8442 9119 
1123 5074 5891 10869 10971 6777 3246 7193 6683 10232 63 2739 
6243 5882 2652 2850 2855 3320 3396 3584 6874 7263 8082 9977 10680 8259 10215 8111 6210 4491 2383 8299 
4157 6155 6682 7947 8581 9566 8204 9553 205 3370 3692 4045 4432 4481 4552 4957 
6828 7855 6568 9866 6982 9777 2408 981 10037 11224 7187 8461 7448 
2896 6174 7929 8546 9176 9908 7951 8148 1062 4028 5453 6221 6840 11897 
4343 1080 1194 1309 1375 1436 1468 2053 2775 3162 4644 9925 10919 262 
4357 1095 1452 6300 1114 2491 262 1449 3997 1436 751 1324 8589 4756 2599 9928 10629 859 2776 1080 
3685 287 6393 173 336 6182 9552 6033 182 4233 5776 8485 8761 
3230 1512 2277 6359 4421 9962 188 7990 11165 245 6435 180 257 330 278 1940 
3709 7611 7857 8626 3862 173 180 415 927 2019 3319 
1137 64 63 153 1516 1687 2014 2952 3231 3554 3602 3940 4414 5461 6309 7400 8092 8698 8740 
8154 3226 6119 7321 2222 2660 4256 5164 2855 3227 6186 6107 
990 3389 1212 4357 2388 2126 6138 10327 2746 5038 11511 1182 3368 85 949 11803 12102 4592 11558 10401 3818 2876 12043 9807 6309 7470 6586 
1234 813 4981 7866 5351 5584 6897 5360 4019 5754 7115 10208 12010 
1244 1550 1259 4905 7168 5264 6331 1556 11612 2540 6253 11946 3818 6846 4392 10129 76 10952 5360 
199 4702 11356 29 1499 2545 5220 533 6875 8550 3692 124 
5810 9866 11078 705 2470 3511 5894 6746 8009 3294 3383 4829 4841 
2387 10817 956 98 4028 10979 11851 5366 5796 2993 9512 6480 1780 3779 2995 
5537 1130 2379 7966 8070 8133 9189 10214 10820 1298 788 729 7232 10819 
3335 1473 10454 166 182 234 281 6379 6568 457 804 1180 1477 
1361 9994 1212 4911 5352 6778 6777 8810 10280 72 9866 
6916 995 3582 7019 11900 1274 1955 2393 2729 3413 3684 4695 
5179 4503 4593 7072 7641 7827 8862 9060 464 3097 3833 4777 10255 4268 2453 3551 5933 9820 10397 
5268 482 1396 2170 3532 10358 11298 12111 725 1054 1075 1661 1716 1736 
3829 1016 2437 5162 6590 7200 8628 182 205 3396 2248 
8321 6678 11509 6777 6982 7684 8966 7274 10208 11612 11788 
77 11981 766 5899 8593 11767 3427 3684 5595 9816 8200 1510 
3550 175 1180 3471 8251 8657 2372 9532 10890 380 6774 1199 4810 10140 293 
6813 985 5759 6905 8298 1021 1039 1069 1361 1496 3611 8563 
2581 8433 10755 1302 2340 3035 3276 5566 8024 9518 10670 7571 4717 7798 8461 11584 2267 7678 
5138 10032 1512 11159 11251 7509 11415 8107 453 9961 905 
3085 181 517 638 3638 6303 10724 527 11376 251 3579 149 
3944 213 292 509 526 524 581 647 1794 2037 5292 
3970 220 230 269 324 365 517 1417 1420 2035 4249 5253 8172 9413 9443 199 370 1393 
3067 1955 6155 6502 6953 7536 12095 148 871 2101 2249 2349 5023 5467 
4796 2101 2522 2910 918 9272 5169 6628 10550 11359 7577 
2953 3251 5796 10870 127 2174 9671 727 2005 2173 2142 10931 
6728 4577 4581 10129 949 9887 10232 6234 2078 2084 6645 9952 11676 4902 8307 
5690 6635 6637 7224 7787 8100 873 646 3664 5688 1407 1024 725 11345 
6597 873 1474 1512 2217 2410 2881 2905 3684 3800 4077 4234 8470 
7270 3958 8122 8320 3674 5736 6027 11907 3725 3379 2393 
646 44 996 2117 2393 2545 2805 4688 6201 8079 8520 9189 
2912 569 4649 4786 1016 7185 8619 1381 7073 9951 10047 11240 
2482 1171 6982 92 1361 3227 8563 6110 8903 1825 4649 10794 419 
3084 3441 149 181 204 231 235 416 7276 10940 8386 201 
5359 5578 6109 4041 10820 5366 3684 1018 1073 3743 6840 6905 10812 1477 4776 11818 500 1024 
4318 6846 1075 3312 4649 4800 5736 6024 6914 9163 9562 264 951 3413 
1079 8200 64 1165 1942 3776 10408 2173 1860 2174 4138 3658 
4262 1473 2324 2340 10768 11234 770 4675 5118 7324 7571 1089 4225 
1793 3693 6148 7183 8627 9727 11182 11696 80 103 366 2120 2881 3227 3664 3856 
3995 8626 2342 2400 4221 8327 9443 182 2372 4729 8516 
2863 12107 123 4833 122 1590 3290 3389 5810 6212 8032 
3317 3413 7073 2453 10368 9840 4786 6102 9564 1379 166 1147 2557 3255 
1809 4268 6248 10122 11387 725 5561 9899 11785 3113 5865 4077 5507 1146 
2601 6905 124 4649 5876 9103 3322 3271 3664 1132 9802 105 
5240 11448 3584 1523 4541 10235 476 3427 4364 4968 5169 2373 2560 3133 
6142 784 792 782 800 1026 1299 1302 1314 1326 2740 3058 
5944 1499 1713 4516 9422 12124 10719 1512 2727 4432 4481 4957 5163 729 3684 10081 
2666 4471 11653 2364 3791 11353 2993 8263 9512 3315 6119 7430 11180 11682 
6454 1324 1358 2596 2599 2776 2340 2491 2771 3030 3763 5072 5158 5118 853 3124 5935 
1419 7684 8639 8966 10508 11110 2230 68 8345 10786 11449 6938 5516 4268 
2913 124 1062 1928 3368 3534 4364 4649 5881 6113 6123 7771 
2541 1607 100 1477 4752 4776 5570 8470 10922 3743 7499 8465 11680 
2472 452 725 3664 871 1497 8671 2452 3951 11612 1361 8563 11249 804 5033 4805 5032 7073 8675 92 8577 11240 1430 124 3426 9811 6160 7185 1072 1512 11031 11214 
4363 1557 262 1080 1436 1773 3686 5072 6300 10919 11114 2599 4377 9928 9925 2212 
5789 703 1165 2032 2231 2501 4315 4988 5163 5747 5996 7252 7668 8534 9720 10119 10703 10979 11366 
5702 4994 656 706 1078 1086 2406 4255 6447 1062 4803 2204 1075 4695 9952 2353 3186 6755 2348 2533 8236 3043 
7406 8430 1307 4870 8903 2313 11169 1916 4304 7859 8306 10445 8308 1646 
3742 643 3765 654 2531 193 734 739 2280 3324 4882 5062 
1232 2994 7104 6480 11363 727 2217 4702 3664 7963 9999 11839 2727 11356 3827 725 2005 3092 3413 4907 5058 5865 6627 6901 6915 11290 4588 5364 1772 6075 7960 10976 1501 4929 68 1512 2216 6965 
8260 5263 11690 4911 10232 10280 10437 2783 4308 4423 5480 
7215 9431 6587 11169 2406 3386 4599 5941 6574 8672 1211 1646 5556 
11 11840 64 56 1935 2114 4907 8133 9952 63 2739 3554 4417 5038 5461 11777 3 
223 1024 1018 29 1016 1062 1072 2064 2217 2673 3247 3356 3413 4033 4409 4443 
3633 2081 2144 4661 4649 9129 7261 2867 1086 2410 2634 4160 4636 
3892 8403 257 330 11914 204 520 215 219 281 1317 4880 199 548 3576 300 1066 11867 887 4764 201 242 
605 1772 1075 3684 3161 7075 7853 8092 6602 44 995 
7938 8965 10122 10816 12066 1798 2660 6248 11883 7132 9802 7399 11215 12069 
4203 3862 11538 4222 1277 3114 5188 5658 6396 7215 8878 235 2005 2035 3151 5596 6440 7187 7749 8538 8606 9181 9183 9191 9443 10447 11836 11965 
2417 9181 6780 816 1166 4015 7957 11818 533 8079 5882 2427 6324 6628 
3751 792 1299 3050 3085 4739 8093 12084 2666 11591 6157 
5612 5898 620 938 979 1945 3050 4075 4698 4726 7966 
7681 9866 5956 1502 9799 3349 11544 11686 11353 7187 2126 9012 10327 2501 
8004 1876 4392 4414 8870 10981 7815 7812 2739 4411 4419 
6052 5645 7684 8966 4487 1960 3113 4443 3541 1516 788 6075 
85 6120 6137 84 1783 2159 2660 2739 3315 4047 4389 4417 5420 6119 7142 9355 9623 9802 11883 11945 12006 18 28 3881 4721 
7750 8467 8481 8398 1516 2474 8025 9037 9396 11358 4986 6322 
2027 56 477 2131 2878 6585 1705 3840 3953 4253 5740 7517 10280 11723 1942 3310 5507 5853 6576 1949 7284 
4641 334 3165 8660 9532 11347 1025 6626 607 9920 10172 5710 6425 6782 8713 10890 10272 10222 5724 
5351 1121 1560 4833 6811 10936 8688 3684 10952 12039 2294 3276 5163 8504 9952 
211 10382 44 92 366 807 805 820 1713 2409 2727 6201 8504 9189 11993 29 404 2645 6495 6696 6905 7130 7710 9754 
4423 257 301 330 524 630 650 653 670 686 1155 2261 2335 3176 
1178 1298 7274 8520 533 3541 9525 1512 74 6852 264 951 1072 
7871 1917 4802 5556 1662 3979 4899 5448 9269 7252 5909 
6357 8350 4124 9952 10363 2652 2905 3320 5535 6647 813 2636 5319 5497 
7068 11201 11202 2667 6958 1069 3276 3427 7385 7387 7386 8520 
350 30 83 404 1196 1216 1407 1828 2025 2027 2230 2411 3395 3484 4339 6234 6696 6751 6932 8209 8535 9448 9734 10170 10364 10827 11174 11260 11486 2645 3247 
3025 141 4971 5932 2388 4611 5037 8307 10160 8111 8306 
7631 6901 9332 9952 6506 2921 11764 3271 7664 2957 7604 1477 4776 
3721 180 199 292 324 281 366 764 957 2037 3568 5157 
7061 1065 1856 1916 2019 2147 2646 2915 3632 3751 4661 5354 5357 5608 5794 6778 
7131 1274 3025 4447 7571 10768 1075 3404 8587 8504 5828 1390 1477 2820 
7933 2660 3227 3863 5120 5381 6713 8319 10991 2690 2914 1798 3020 4130 
3542 8327 6438 8251 254 10000 3465 10456 10361 1104 180 201 199 336 407 417 
4993 8403 939 3284 3423 8777 7902 1071 10710 10524 5642 3126 422 
7053 10283 1064 5043 1465 4077 8408 8619 10901 3537 4050 2424 7611 2785 1322 1407 2249 8504 
4634 11911 730 11877 3389 11234 5875 2004 2006 3172 6831 8775 328 1274 2102 2867 3399 5642 6189 
2092 6566 7022 9659 10132 6292 6633 8556 11083 93 533 1024 1073 1075 1176 2217 5164 7316 7419 7604 
4835 6921 7536 3231 4138 4153 4154 366 1614 2353 3019 5986 7577 8556 
5415 9464 5293 5472 2026 7550 9146 511 728 1672 6567 6772 
6082 9570 727 725 956 995 1075 1381 1396 1499 1923 2217 2660 3227 4649 4695 4702 4752 4835 5033 5289 7142 7185 7614 8070 8535 9951 10726 10917 
1865 2727 5024 5365 8764 84 1525 1528 2217 7135 10528 10726 7570 85 328 2410 2580 6576 8785 11078 359 1274 
5763 5390 1499 3684 5420 7364 11896 688 804 912 1575 1578 8066 8550 
7103 6449 1080 1320 12050 1102 1309 1375 9927 11400 
3999 1178 11987 8761 257 330 2727 2324 2883 906 394 8024 7115 
4564 1281 11740 3755 10434 303 733 3248 7811 9443 10396 5831 9418 730 
3184 2005 4907 6822 8032 10280 153 2952 3367 2305 3389 4411 5387 8111 
7633 3981 3986 11287 1477 1801 2152 2406 4776 9396 5497 
6108 10209 9464 11479 9952 5115 7050 8028 764 3417 6181 4098 5163 11085 10780 11084 8307 2660 3413 3975 5351 
5837 715 1605 3276 3449 4284 4708 6750 7252 7412 9820 
7307 3102 1954 3097 4028 4466 7024 2437 4432 4481 4957 1165 1955 10538 
7668 2373 3133 8079 9332 10849 10906 4911 7187 5650 2005 2305 4040 4237 5351 5947 8307 8998 4308 4909 7812 
3189 11338 2539 3389 10377 2597 4907 5478 1274 2910 6718 6902 8787 8957 10408 8032 
3543 175 173 257 287 336 330 3350 3471 3879 7018 9443 
3308 652 5222 11914 377 5184 9150 10443 11629 11868 10724 
7139 1075 3563 3568 3945 4695 5687 9518 10852 12096 10235 4529 5553 
8288 3054 3881 5848 7022 8671 9951 10364 10777 10979 11818 
8131 10241 6901 5862 9979 11723 2410 6885 6905 2501 10250 2159 9106 11240 
2795 11313 1322 1338 2727 813 10619 10022 7159 11130 7167 5386 4833 3278 
3521 677 11738 188 219 218 278 296 9181 215 5345 175 3471 5190 10163 10515 
5760 5642 683 3126 4666 7612 8024 10498 1302 1781 2147 3026 5924 7568 5944 7567 
843 8583 8027 11240 4940 11173 57 1620 1860 4086 4425 
398 11794 4798 9908 10331 10630 11560 31 3354 
2538 100 264 951 2269 2322 2700 3684 4225 7400 9280 9374 11777 
7856 1860 2147 2597 2602 2746 2876 3257 3358 3737 4138 4357 5012 5468 5740 7422 7470 7720 9462 10811 11140 
2200 2073 84 2198 7614 8535 10280 3763 8977 9963 9994 610 804 1326 
4162 3193 205 3238 4649 11818 366 804 2453 3550 6905 7754 10214 1165 2217 2727 
3506 7543 1814 7252 8990 764 173 203 216 5321 9552 
4840 2596 5680 6300 751 6691 8586 2545 366 2159 2449 2856 
3916 3527 9070 204 281 2047 4795 9183 9945 10322 11077 11629 963 1861 
867 1240 3626 3929 4006 6905 11814 2916 6029 6627 6793 9037 9374 10069 10979 57 1064 4086 4486 
2911 1212 4432 4481 4957 5736 10596 1371 2660 3401 4649 8354 1024 10013 11363 124 
2618 8082 6673 6905 105 1772 7104 5561 11209 10206 9625 11363 
4896 366 6628 6631 4617 4752 10844 3378 8471 8641 1477 2152 
5993 1736 1272 1427 1519 2501 2749 4028 4357 4897 5673 5690 6605 10234 11084 
6134 1302 784 782 848 1299 1326 2733 4629 4992 7452 6637 9529 9866 
2239 84 10351 2410 6028 4618 11124 452 1387 11604 2218 9977 9104 2660 2658 3227 
8191 3684 9952 11087 11368 11992 11998 2379 2545 2862 4028 4648 5009 5164 
3232 3931 407 11867 158 222 235 267 257 330 686 2342 5525 11629 8580 175 179 173 188 
4182 7197 8426 11173 235 1849 2342 8152 11085 1548 4423 
2443 6109 6928 10232 11129 2313 2388 3727 6138 8577 3347 7838 8516 11511 11963 11964 3542 3622 3831 4742 6326 7077 8067 8206 6013 4911 2005 4902 5351 5894 8555 995 2292 2358 3845 
2966 9750 9863 7132 8070 11124 2219 10206 1073 1396 6627 10184 12124 3918 9952 5453 8550 134 1955 981 2971 3164 7385 7661 7811 9037 9488 10726 11129 1018 1147 3226 
1729 82 84 632 1062 1572 2064 2135 2291 2805 3410 4006 5420 5448 6029 7073 9157 9390 
6696 1307 4342 8225 10579 8416 1458 6823 8315 9419 3308 1456 
6250 3247 8701 725 2092 2217 4432 4481 4957 6905 11612 4266 4267 
5456 7931 533 788 804 865 1147 1490 1489 1512 2949 3602 4432 4481 4805 4957 5032 5099 5100 5554 
6515 9799 11433 2147 2717 4318 862 3719 7002 8083 
5976 747 1798 2217 2660 3227 3979 6075 7270 7312 7317 
8010 1842 2305 3514 6683 3128 4311 4406 4419 5858 8870 4308 4392 
3672 2261 11717 1275 257 330 1288 9550 10953 295 
3853 228 235 2342 5862 6468 6541 9204 10724 246 8652 8135 10612 11394 
4636 333 683 1056 1274 3423 5646 6509 6874 7100 7891 8787 9326 
198 2554 3426 6683 7662 8070 9448 10019 10917 1512 3449 7505 995 5469 6820 3242 
4819 11945 1779 11992 8556 1780 7564 6905 9952 4702 381 
7150 1485 1911 2995 3599 3887 5164 5604 3748 1621 1086 3684 6755 
8199 2406 2951 4124 4981 5736 5740 6285 6913 7866 8067 9249 9559 11865 2905 8489 2853 6323 
1966 109 3534 3753 5193 7684 8966 10788 1545 1010 6092 9022 3536 6840 4702 9487 6323 10814 11881 4798 
4352 262 701 1167 1443 1565 2328 2491 3904 5025 5027 5066 
3574 580 651 5139 185 173 203 5350 6541 9443 7593 666 2055 182 7543 574 
7945 2765 5848 3404 8299 3514 6982 7966 9416 12117 5113 5116 1816 
2071 3684 5163 7659 134 1018 1016 1387 2545 3322 3514 5865 7623 7700 8520 8670 2727 453 8876 9189 10184 84 6206 
3974 216 182 199 374 375 709 1531 3562 4858 6477 6944 9271 399 1676 4221 
3339 236 233 244 682 689 5177 8695 10099 10447 10891 166 173 222 182 281 564 6626 9443 10172 8382 2342 8028 
5732 678 1900 6554 7614 9951 11897 9715 1075 11876 8014 
5441 4923 11612 727 813 1075 1887 2905 3404 4117 5365 5584 6029 
6686 8774 4997 6761 2081 3779 8486 5646 2067 6117 1071 10321 2295 4064 917 10768 
7140 8912 9541 10358 1086 11290 9347 9346 7724 11851 9436 1819 10759 7268 
7680 11305 1502 2908 9210 10323 10384 12107 2270 2609 3140 6184 7400 
5878 7951 9192 731 8234 8709 1360 4909 5363 9866 10037 
7614 10629 11579 3879 1647 4259 1987 7966 1477 4776 11148 5763 
5895 733 734 2327 2343 4263 4279 4280 4608 5203 5239 5242 
6911 995 1165 1075 1298 1780 4360 4649 4939 7659 7729 11543 
3616 8787 180 246 554 1369 1777 3026 3942 5074 6782 6785 9150 9443 
4042 199 257 330 653 3862 6132 3176 5178 6440 393 
1967 3322 5974 10232 5061 3765 725 4009 9295 9538 4263 84 92 5174 2516 12124 
3528 203 278 281 4645 9552 508 3862 5292 216 1199 2678 4225 
3340 166 311 281 939 6431 4221 10792 201 8504 216 
3490 647 2494 3560 9033 10055 3066 257 330 1499 2035 2037 
6541 872 2221 5192 6164 6901 8619 8777 10786 4485 1477 
6074 2409 727 1526 3018 6610 8010 8070 10248 1772 7391 11818 8876 10234 11972 2273 
4041 199 233 591 2040 2453 4221 4337 4764 5184 5573 5939 6024 6500 8384 9163 9553 9562 9571 9834 411 737 734 736 
2607 995 1396 1499 1512 2144 4006 4540 4649 6780 9741 11818 7142 
7499 6331 8555 4308 1550 8111 11169 6056 2313 3942 4581 
4789 682 6780 747 889 2156 2707 6462 11705 12005 2652 
3955 571 609 953 2921 4231 8293 8485 9150 199 351 548 1178 6477 10789 10890 281 423 2105 3755 
4888 2554 1653 366 4783 7460 7951 7386 2652 3320 7022 
6698 5869 11541 9421 6777 10232 6687 4981 7866 11570 924 1316 5754 
4046 234 2085 8577 6541 4278 693 6608 4152 2616 2624 
1270 471 2073 6925 7050 8092 9824 70 1373 8626 10037 1166 6251 8032 4649 1176 3427 
3276 164 733 739 1520 3389 3931 4028 4598 4870 5796 5947 6924 8090 
3535 183 181 180 258 269 332 414 520 564 623 773 1419 3528 4837 5253 6214 7786 9072 
1168 1474 134 4432 4481 4957 74 1165 1916 4335 8699 
6793 3413 1146 4833 7897 8466 9680 1474 2878 6778 8407 2129 
3686 173 215 228 233 269 267 257 287 321 281 330 357 1412 2035 2261 2335 
5418 2517 7016 9014 10834 5106 1107 9986 516 527 1279 
5075 2998 6543 443 4010 9390 1801 9775 2819 4187 2658 8749 5800 9181 3391 4947 6875 9183 9383 2811 3485 3632 3845 4160 4802 
5173 6122 2823 5891 8020 8111 8338 11508 1777 1860 2865 6777 8555 8903 
3086 149 181 180 199 281 764 1317 4300 4883 5581 6541 6693 7016 
4039 199 308 314 321 425 1066 1412 2049 4672 5303 5306 6090 9465 298 
6286 913 1499 2437 2615 2621 4658 952 1072 1361 1496 4923 6905 8563 
7136 1075 3633 5009 6028 6571 7614 7781 10033 10032 11513 7130 1340 11839 
635 44 341 2597 3238 3396 4649 5074 6201 8070 8555 9523 10053 10132 
4104 1343 1361 1904 2927 3210 6901 7529 8563 1016 1615 1888 9737 205 2101 6027 
5699 1396 10649 1499 725 1135 1407 8079 3045 708 1130 2545 3413 
1325 11918 3984 10869 4154 105 4028 6109 1477 4776 836 68 841 1382 2855 5884 10206 8070 10726 
2020 56 276 346 804 1118 1211 2129 5038 9866 10446 1212 2417 8504 
6356 1171 3449 4870 6113 9192 11838 813 1212 2538 5351 6905 11338 
2861 6138 10401 5719 992 1031 3931 4909 6977 8111 8516 
1703 8079 3315 5908 2292 9802 10227 1056 2024 80 2120 3226 2279 6152 8477 822 2379 4010 1534 
3968 218 6982 1617 3303 3419 4859 1396 2535 4074 8950 1407 7827 9486 1165 7632 9409 2652 3320 
7134 2453 1075 1381 2353 8355 11945 4360 4432 4481 4802 4957 5578 
615 67 2217 2230 2652 3320 3843 5201 9396 44 84 1016 2878 4145 
2771 764 10841 10953 166 179 173 417 3151 3350 4222 6468 9443 10163 10696 11629 11868 11867 149 181 321 652 1419 6303 6440 11658 
6253 8546 1075 725 11604 1062 5882 995 1165 11702 788 7968 11818 8301 
974 62 804 1064 1075 1396 1468 2292 2353 2533 3410 3684 4695 4923 5033 5420 
6684 912 1165 1520 1525 5030 5033 5351 7627 8307 8665 10364 10408 12004 12005 2592 6324 
337 3341 4959 6306 1234 1962 2660 2994 4656 8107 2527 2645 30 2740 
430 445 10940 36 173 257 330 643 2261 7016 8538 10294 
6910 995 1647 1661 2019 2545 2863 2976 3711 3764 4919 7086 
3669 425 188 257 330 939 6440 9552 2261 9963 11353 
4787 683 850 1097 1302 3141 3284 3364 7100 8777 9419 10697 359 
2993 6251 2388 3961 6253 9930 137 500 995 1212 1942 2597 3494 
4949 11465 9781 9788 7038 11252 10405 11468 6339 6318 9621 411 
2544 10071 103 205 817 1165 1396 1512 2545 3271 3276 3684 5420 6952 
4074 233 257 330 709 2636 2660 4222 4225 4645 4729 7221 7543 9443 10308 10466 
3653 3862 235 579 1096 6135 8327 9920 11492 2379 6944 8877 173 199 287 281 336 4225 
3695 180 199 260 407 524 618 652 682 1206 2040 2372 
588 729 788 5763 6905 7604 11612 7664 366 2155 6901 2727 9262 10726 423 1016 1115 1866 2070 2074 3315 5717 5736 6441 6608 11089 11263 5731 
4322 11629 561 1356 9088 267 524 5139 11772 3505 5556 4988 5517 6174 6875 
7879 1670 2219 11841 1772 5420 6422 7860 6901 11943 2983 3045 3342 3416 3925 4154 6235 6866 8466 10248 11095 1736 2805 4255 
7319 1165 1325 1499 1540 2353 2904 3267 3684 4360 4432 4481 4649 4835 4957 5033 5164 5759 
7657 4124 4574 8845 8957 4784 1490 1489 3389 3971 5163 
3180 1212 2597 5158 4074 8950 1146 2305 8111 923 2739 2811 4417 6253 10037 10232 
1754 83 264 951 1075 1352 1955 2016 2320 2791 4339 4554 4695 
4336 4756 5682 8767 262 5680 8312 11114 1024 1016 6339 
3270 162 173 197 218 267 257 311 330 396 555 2335 4240 
4886 366 1468 3112 11612 10032 2606 5985 1728 5991 9287 1776 2640 6908 11085 
6338 2820 8010 3227 10803 2501 4074 8032 8950 2660 8316 825 2670 3226 
5725 5381 9791 11513 5980 10777 11309 8066 11746 11815 5518 7966 8148 11068 4390 660 7867 8577 10033 10032 9104 9106 10111 10240 4516 4940 6386 7089 
5669 6150 9492 1360 1955 2102 6111 6718 9166 2751 6318 725 3226 4560 7073 10982 2878 5319 11273 6151 1016 2180 
2215 84 905 1064 2217 2292 5033 6318 6528 8066 9080 9082 912 956 4829 4841 5050 7614 7635 8755 550 
5637 1212 3684 5422 5433 9994 1832 3404 3674 2609 629 2921 3210 4094 
2599 1820 103 1185 1165 2217 2652 3276 3320 3684 5632 6958 
5777 6111 9553 1499 5009 698 729 817 860 2723 7252 8066 8687 9253 
4319 9589 10390 1510 3857 7855 9335 2658 8457 8944 9802 10624 264 
3534 963 175 650 3471 6229 11242 287 281 8382 1179 
4044 2342 234 295 396 451 764 930 1176 1180 4240 5157 8247 8485 
7760 2417 3615 6138 10587 11280 10024 2210 9448 10446 11126 
2017 56 4074 6122 6746 8950 961 2129 2470 4229 5351 
3083 166 203 548 2342 7454 8743 9070 9150 199 427 256 290 511 524 5306 6445 6880 149 6046 6230 
5989 5351 3845 10849 6885 8299 804 1468 3276 9952 9574 5759 6905 1496 12005 727 725 3931 5767 10177 855 6408 
6810 1074 4911 7992 8499 987 7470 8823 9088 6241 1118 3725 6690 3665 4419 9357 
5261 6954 1466 7185 5237 11920 5364 9270 9724 482 747 4649 
7316 1165 1263 1695 5357 5351 10573 3554 4427 8903 3615 1400 3347 3514 4035 4468 
2517 1073 1075 2994 3410 4830 7036 7291 7577 7623 8702 9349 
3872 1298 201 202 445 519 709 3114 3151 4858 7016 
3225 3458 7366 802 2235 3347 795 5961 7274 1860 4907 
2995 3684 11612 9623 2171 137 10069 264 951 4702 836 4810 9800 2343 2180 5321 8504 204 9218 199 1145 2105 6441 6445 
5417 5480 2865 7187 8516 679 1346 1356 4907 10086 11964 2005 9204 8459 
2016 56 2333 2533 2597 5894 8134 8279 11539 150 2129 11966 
6723 905 3389 5796 9878 1923 7792 7867 2755 4661 6212 6121 
1256 5899 70 5935 927 1373 5184 388 2464 9532 348 374 652 3151 7785 8951 9156 11074 2342 
3900 7202 267 519 2335 4222 9994 11491 201 199 269 378 524 532 653 2342 5184 5190 5351 10724 12113 511 4221 6446 7199 9444 9204 11772 
2521 804 1615 3595 7400 100 3684 4911 7973 995 3940 
6157 782 1728 3862 4225 7744 7857 8107 8614 8903 9017 
1858 3368 4357 11539 2921 2920 4581 10208 56 829 3514 4206 11143 3404 4911 5985 
3759 5345 10466 10576 3414 4598 5057 10516 1203 3770 193 762 
324 6064 8102 9489 205 5192 5865 6111 6089 109 632 1572 1911 3082 3277 4695 5193 5311 8520 8642 
5611 620 886 2447 2456 2525 2816 3399 3423 3825 4447 5944 
5885 738 796 1203 2337 2357 3544 3936 4061 4330 6166 
4267 1468 628 1170 4304 7204 7772 262 751 1287 1307 1773 2775 2776 
4334 3162 262 646 1114 1321 1764 2596 2739 2775 2776 3612 3745 3997 4417 5158 
5608 912 1075 2705 7010 12005 737 2532 4330 4851 3780 11571 5878 7400 5941 6982 7855 782 4161 
2682 109 1086 5193 2820 3870 1987 8118 10812 11987 1062 7662 8550 11960 1772 12005 
7839 1646 5876 2358 1613 4853 4688 10721 11169 2373 3133 
3976 2230 3271 3743 5033 6109 7012 9953 1332 2293 2452 2545 3213 3951 11470 205 
6019 4588 6637 7252 3428 3684 8550 10364 11358 727 2290 3067 5420 4013 5196 
1283 82 84 725 1165 1497 1499 3684 4702 5741 6571 6905 8066 1477 4776 9623 785 75 5319 
2013 56 182 199 281 524 652 1228 1234 1962 2423 2597 2685 2857 3462 5222 5306 5595 5674 6138 6944 
4080 1194 2599 3129 9925 1421 205 1990 2652 3320 11960 
5177 1602 4028 4432 4481 4957 6901 8101 9952 9037 10351 
3523 173 234 275 1096 1277 2342 5139 6046 10447 206 182 175 233 2372 
3684 180 246 1038 2158 2523 4833 5899 11926 12124 2883 3404 2297 2921 3325 
4950 5800 5767 4006 9952 411 7262 708 8079 7224 8100 9800 9951 11812 
7509 10726 1361 2217 3684 4028 4432 4481 4957 6905 7932 
3337 166 2342 3076 4795 6944 9921 561 524 8247 180 
429 2230 4986 6027 3753 9540 8303 3925 9441 4388 10912 
7126 11240 1887 2993 4048 5049 6119 6254 6267 9353 9512 1075 1877 6142 
3972 216 235 353 520 782 800 839 848 902 918 1752 2214 2522 2568 2842 2844 3058 3763 4575 7018 7452 7957 
4872 8520 7659 2290 1967 2117 4695 366 1969 5497 1499 11244 
1289 75 1496 2217 2249 2290 3256 5727 6113 7400 7710 7765 9025 9574 9630 11244 11247 11494 11818 
3660 1096 4764 10322 6975 189 311 3995 4156 6626 865 3277 2894 8070 8867 
7347 1380 1614 1635 3097 4116 4231 5301 8024 8039 8354 8859 9395 10856 11247 11459 1481 
5649 606 11660 1212 3975 11918 2126 10327 1777 4087 8045 8111 10280 11862 1348 
51 1446 2652 3320 11680 1499 8550 1064 1865 8522 9673 11 1165 2172 2453 2837 
6070 9574 9525 6150 7536 1521 1529 2379 3322 3699 8587 9802 2217 
3517 4028 4700 5480 5954 6348 7024 11126 6576 3419 3449 11165 9444 235 199 7986 11461 180 233 
2890 1960 4466 5366 1165 3684 2452 12103 124 1062 1132 3845 5771 5876 
3529 2342 5636 10172 199 278 292 425 3324 175 3471 445 9945 6535 8877 10322 11165 887 2047 11379 
5450 6905 7458 10351 4268 533 3357 11818 8627 4649 5736 7659 8619 7132 1016 2217 11368 
7624 11433 11839 2753 9038 3540 8520 4517 2878 2383 7400 1477 
4204 1252 4598 8947 9706 2328 2085 3033 10790 235 1136 3754 6608 10947 10949 767 2343 
1211 4581 5351 63 95 730 2305 4040 4237 5461 6637 11612 12084 6070 
6830 4833 2470 6897 992 1346 3615 6777 8307 3942 9866 11879 10093 2167 1165 6683 8998 1212 
2608 1340 6905 1143 11818 4167 7170 4649 4702 9623 105 6673 11814 7135 1132 6273 6627 727 
5317 11436 11475 491 1516 2853 2976 3511 3540 5859 6270 6275 7142 8066 
1282 11537 8445 199 9919 5467 8520 1955 5074 6113 8307 10977 10978 2878 10849 2249 2358 3347 5237 73 
6919 1031 5996 11839 1499 5747 6577 1967 2848 5545 5840 
629 205 1615 2545 3240 4700 7412 7475 8015 8619 9088 11148 44 1075 1600 1614 2674 
47 5727 11676 11084 2724 11814 2135 11092 4661 6012 1499 2325 2358 817 1842 
6635 1814 1932 5931 6777 7057 8461 8580 9037 10861 11402 
1184 1053 1955 2117 2291 3312 3684 5164 5420 7614 11999 10265 74 727 1018 1132 2358 6673 8520 8671 8145 105 1024 
7267 11356 2100 2269 6637 4463 2921 3684 4618 8352 8504 11943 1190 6150 9659 
3677 180 281 1194 6113 6289 7591 7592 7594 203 287 
4879 3238 366 3349 6234 7142 1062 2373 3133 5169 8550 5030 
4071 5234 9335 916 205 2202 5392 7694 3551 8170 9904 3315 1721 2916 3022 
4088 244 1451 1454 1456 1667 5664 6441 6443 8906 11346 411 1866 
4222 469 5595 351 11966 10276 434 3795 2101 2293 8550 5497 10759 1056 11405 
2196 443 1062 1075 1165 1272 2366 2791 3276 3477 3664 4517 4695 6734 6846 6905 8029 8535 9165 9422 9821 10364 10703 
5503 552 1512 1526 1587 5099 5139 9584 10784 11547 743 2614 
820 53 3540 9248 1094 1062 5517 8876 1960 7386 7632 7837 8504 8754 3684 11156 
6336 2453 6678 813 1165 1361 1427 8563 11760 6028 7323 9037 4913 7658 5800 
4218 11082 4146 4918 11938 400 9019 10403 1127 1520 3931 
5818 1779 1065 1967 7073 7781 10114 1165 3684 5163 9210 
5869 2758 10219 1798 3413 6109 8504 708 4688 1132 1614 2554 3227 
6266 725 822 1018 1361 2293 2410 2925 3344 3416 3413 3534 3543 3622 3881 4335 
6127 4555 10500 11480 1086 2522 1302 6932 784 4992 840 
969 62 134 788 982 1011 1779 2823 3939 6905 7577 
1532 73 153 1146 1587 1801 2364 2952 7099 10253 3418 7470 10776 3514 4035 11414 
2615 105 11749 500 4352 11604 8829 6662 8066 10387 2545 3242 6137 137 905 6882 9660 10816 11159 11850 
5711 3754 3066 3232 4225 10909 11528 3975 4311 9357 8518 10482 1436 5387 8941 
8249 9767 6044 7475 2763 6713 7271 7385 10256 10975 5584 
7118 9280 3975 4466 4907 1075 1923 2592 3304 3942 4019 4581 4588 
895 57 70 87 373 388 396 406 963 1490 1489 1949 2467 4086 5104 5177 6248 6254 6535 
6843 1161 6673 6302 1827 2765 995 3843 5201 10780 3711 
3190 1777 2637 5074 8516 8998 153 2265 2952 9866 6683 
5400 4028 504 2379 10286 10784 11639 506 3161 9875 3174 4006 6874 
3915 216 235 2342 8327 3277 11811 1172 7187 11224 2305 182 8951 12047 
4265 1075 2358 5163 5420 10265 804 7662 3511 3772 12124 264 951 7121 
3620 1180 5717 180 1176 8626 11055 199 257 330 2261 
607 1376 6777 836 4588 1661 44 124 4649 6201 8010 
7673 1491 3632 4034 6905 8862 10901 3378 10630 11495 11764 
3336 166 233 939 3119 4645 5222 246 203 216 222 374 653 686 
4300 311 728 6431 7857 10812 725 2855 3664 4702 9253 264 788 951 3684 
3886 3520 6784 201 241 252 267 257 330 2327 3414 3638 3955 10790 11379 
2583 103 1075 1516 2353 2820 3867 4695 4802 4923 6571 
4024 199 930 2047 4221 4796 5577 6468 7959 8327 8538 10299 10688 11836 
5623 732 737 736 745 614 626 1203 6779 1866 6441 
7345 1256 1499 2144 2774 3271 3404 3684 4289 4702 4777 5033 6466 6678 7132 7468 
7017 11443 1064 1074 6690 6933 1845 2393 5958 7815 4406 5468 1062 4392 4398 7185 8358 8619 
1192 63 1836 2305 2545 4028 4560 4634 4649 5461 5736 5954 9950 10136 
3124 150 747 860 2410 2856 6111 8523 9122 9157 725 995 1075 
3738 734 2093 2107 5731 4937 8394 2343 2357 9925 193 1264 
335 1287 5642 328 979 11636 5301 7892 4695 30 1083 1772 10423 11839 84 1397 1073 6100 6024 9163 9497 
6587 2005 4903 9735 3338 4040 4237 4911 9253 3514 873 6102 1713 2791 
1726 4903 5357 8317 6781 6905 1069 2746 5977 8134 11751 83 1499 
5348 5890 8903 727 1825 5420 9518 5056 500 6273 11075 
6470 804 995 1165 2942 3404 6158 6958 7073 7252 7536 7966 
1875 3568 4075 85 2340 3027 3126 3776 3792 3873 6442 6461 
3881 203 228 281 380 561 653 2342 4729 5179 5180 7749 8485 
4786 7384 359 1302 1315 1454 1667 1945 3137 3560 4638 5031 7073 8787 
1876 85 614 694 818 3315 3397 4094 6448 6996 8057 8524 9104 10151 
2585 6111 7536 3931 7973 264 951 4335 9977 105 1186 395 725 
614 9556 44 264 533 951 1523 1812 2797 3585 3752 3931 4541 5089 6051 
5116 729 2545 11818 995 1064 2172 4977 6901 6905 9092 10214 
5356 3242 500 11149 11583 533 6142 10780 5487 7274 3322 7811 11071 790 
4068 2486 5763 6326 6495 6750 7077 8493 8560 9024 3925 
4007 4278 287 3248 5047 7048 7644 8079 8511 9443 11629 11868 228 3728 
3614 520 3176 8871 9623 10447 384 4028 4263 173 199 267 292 357 453 529 524 7018 7202 11394 4599 1936 8186 
4002 4880 524 7199 7202 7245 7589 12076 199 292 515 4925 2353 
5796 5646 704 2166 3028 8053 1367 1434 2441 2660 3032 4675 5031 
901 3550 11945 12005 1809 2820 5779 10803 452 725 788 228 246 564 683 1156 1178 1165 1199 1302 2410 2904 3026 3180 3267 3364 3684 4700 5420 6901 7902 8787 11455 12006 893 979 
627 44 1477 4776 6201 3951 9184 804 3227 11240 2217 4516 
4311 264 708 951 1482 1499 1512 2217 3443 3551 4455 4835 4926 5497 
7536 1381 3514 4432 4481 4957 6102 6874 2765 6150 8504 7536 
1379 4028 9878 4507 7232 7889 8655 2560 2373 3133 2097 68 10184 2347 3389 4278 11344 8754 
4545 855 320 495 1923 3129 5765 8776 9199 9335 8742 304 1097 3290 5642 8787 
7209 8918 11048 8334 1614 6525 11896 3035 7875 10437 2658 4907 10162 11271 1132 2933 
4112 205 1212 2388 2453 3664 8352 9666 2921 3260 11818 1234 1962 2410 
203 366 2545 6194 7879 4482 5676 1967 4394 29 1482 3113 7536 8078 2016 8163 2410 2727 7837 4661 3925 4360 1496 3259 4432 4481 4957 6901 6905 43 2353 7185 
624 8152 8555 10062 6027 3845 44 62 6201 7978 11358 8481 7470 3622 11085 4455 5324 
2124 6905 7121 4028 3404 2217 1719 1499 1396 6901 9952 6958 11818 
3482 179 175 173 188 233 267 576 588 963 3471 3862 4221 4225 
3755 216 199 257 292 330 1096 3324 5710 193 203 269 4653 5339 10396 237 
3536 199 1180 5579 7901 7986 8909 380 181 173 261 9070 10308 
4894 396 1102 2388 3426 3997 5695 5796 5895 10913 11369 
6064 727 1075 1879 2353 3664 4028 5169 9666 10265 12080 
213 29 7132 5578 11512 9805 2652 3320 6627 9037 7458 
7564 1863 4482 1430 6497 2353 3349 7073 2025 2956 8701 4829 4841 5558 
6896 4209 6424 7702 1019 1473 2692 4363 10716 11273 4154 
4000 4672 5188 6880 11077 11629 228 257 269 330 927 930 
6446 9525 5511 11999 4797 6691 7702 2373 3133 10007 6024 6495 9163 9562 836 7385 9042 
6718 1836 11529 3079 6777 9951 942 2305 6746 956 2437 4419 8504 12043 2167 2551 4410 7712 
6233 6780 811 1381 3410 5367 6008 6675 8550 2545 3413 
6396 8066 1925 6746 2324 8787 8938 10063 10498 839 6234 1121 1560 3032 4911 7283 7867 
1160 67 3113 3925 4467 6913 10820 7498 11263 6206 9376 4028 9374 10814 
8275 3534 3536 4124 5741 5762 6914 6915 7177 8378 5736 6612 7978 9685 
3954 11374 1277 2342 5573 6944 8695 2041 275 1186 11914 215 1188 1398 
3330 199 764 1180 2342 5139 7543 8247 728 6181 7957 166 3151 6535 5144 6944 
330 725 1132 2291 2325 2805 5420 6174 8066 8238 3186 4223 9497 10571 12095 9685 30 1062 2064 3427 4077 9498 1572 4695 6028 
2909 573 569 1468 1505 1862 124 1499 1964 913 5035 8528 286 4805 
4106 205 871 1024 1016 1361 1496 2453 2661 2712 2791 3404 6027 6651 
4846 8045 9335 11048 1016 2569 2904 3267 4006 7252 2878 5497 9952 5909 7135 8903 11472 2751 9137 5741 6027 366 6113 8550 
336 30 2217 2645 6857 9293 9343 9383 11803 11822 11865 62 3630 
2776 114 1396 1407 4995 8825 11604 11818 11960 1772 2154 2888 4223 
7020 1062 1381 1499 3315 3877 4077 4268 4297 5033 5314 
5886 1075 1322 5420 11240 1887 3130 4649 7536 1512 12005 729 6899 813 
4870 366 3684 8990 9166 788 2076 7684 8966 11818 2387 1024 1165 2100 3664 
8096 7783 4695 2452 2064 2453 3413 4335 6390 6571 6905 9659 
4313 701 5612 6871 10314 10919 3570 262 596 
762 45 205 366 725 995 5747 5997 6958 7611 9118 
210 813 1075 1772 7659 9549 11945 1396 29 619 2727 
5320 841 1130 1376 1382 1981 4700 873 2153 2560 3620 1579 4649 1016 
3331 10684 166 4281 5939 9912 10789 267 1273 1277 1295 2097 
6648 3127 4645 6181 940 5646 9418 10710 11437 11525 898 
7160 5351 10280 5754 6928 8134 1360 2126 10327 11174 2214 3210 4052 
7996 9091 2210 2568 10280 4907 7187 2058 11701 8440 1842 5351 6184 
5720 11358 11818 3951 10006 1272 3664 7187 1212 2568 5797 5516 1501 4432 4481 4957 2387 4833 3916 2509 5325 
557 8546 797 5366 5741 8045 8512 995 1072 3413 7837 
7782 2278 8324 9210 5384 1548 1870 2305 4870 5387 7812 7818 
3426 3049 3276 10868 11084 1728 5991 1240 11356 167 5164 8148 8466 1170 3322 4124 
2669 3124 5480 8959 11154 11353 1506 8998 10411 108 3389 8586 6212 8957 
5548 1165 569 995 1955 2254 3684 3867 3916 4540 5759 6547 6920 9518 9685 10518 11312 1073 1075 1272 1954 
892 4233 11385 2467 5765 5382 6349 6354 6867 7758 9185 5321 55 5480 
333 30 264 727 951 1396 5163 2660 4154 5120 7729 
1371 205 2904 3267 4028 6777 68 4911 4986 9754 788 
5988 2217 4783 1361 3664 3684 6113 6905 7614 8550 8563 4474 8632 2294 725 
4373 795 965 1133 3474 5899 2051 320 766 802 1167 8313 9927 304 5935 763 1754 3124 
6407 6391 7864 9129 9952 10152 11240 11743 4574 6982 8045 8111 9885 11632 
5350 6958 12011 11240 7079 1165 8550 9184 10087 10446 500 545 
6239 725 5460 8357 8484 9663 7459 7754 10968 11240 2545 9583 11193 
5288 6267 485 1499 3684 5163 6854 9518 9666 10413 1165 
3187 11146 153 2952 3389 10316 264 951 3782 2720 2797 1094 6822 
8088 4903 5495 6777 5894 8829 2157 3615 2305 5163 11618 6897 2005 4909 5889 
2791 173 10535 9834 2743 205 11071 10484 8550 7724 1842 9842 1589 7400 1646 8518 7268 
7301 1165 3247 4432 4481 4957 5279 9893 11422 4985 6901 
7048 2133 3514 3619 6244 9971 8066 10012 1064 3404 3684 
321 8504 9184 1514 4851 1866 10198 8354 1018 7602 2217 452 
961 62 68 952 1064 1075 1512 4094 9958 10272 4805 
2862 3674 2305 10626 8698 1523 4541 10039 10280 2786 1741 5360 
5455 8580 9835 533 6840 2878 9248 3671 5453 1062 1713 
4302 3368 2305 8032 2005 267 341 6127 6746 7812 5445 
882 57 727 813 1165 2667 3276 3684 4006 4086 4923 5163 5448 5508 5800 6028 6111 
4004 6285 10788 10869 199 281 764 813 1756 2383 2388 3449 4491 4645 6165 10407 1118 4657 
849 2660 3389 5796 6902 7811 7024 9261 3391 1801 3723 7817 1711 7356 57 80 2120 2222 4086 4125 9058 5800 
897 453 6206 10682 7651 60 205 2545 2554 3925 4245 8066 9930 11764 12078 725 
5864 9733 11221 11220 8550 3227 10234 9811 8921 726 5717 9037 3414 5042 9383 737 1405 4281 
3627 6121 2075 173 199 235 292 1034 3180 9847 10792 
3578 216 4225 764 4645 5345 6181 7986 173 235 275 6936 4764 2579 180 11729 
328 9518 7828 30 1075 12095 8528 10013 9290 564 672 1692 
5982 898 2441 3137 4698 8787 10768 4726 10769 1319 727 1955 6291 10982 11056 
3642 3151 764 281 4238 180 203 213 216 199 292 594 4672 4938 
208 29 201 199 234 205 281 363 385 438 523 659 708 742 747 805 814 1127 1393 2064 2204 2452 3220 4028 4236 4697 5106 5190 5253 5581 5584 7016 7050 7536 
1660 11705 2727 3154 273 7018 7986 8807 257 281 330 1411 2335 
1692 701 855 1582 1661 2350 2373 2471 3133 3627 5556 6027 9189 82 628 2155 2452 
6590 3893 2292 7754 9332 3506 6488 10740 1683 2421 3632 5847 880 
3231 281 2342 11914 204 182 199 313 5184 527 2035 11379 158 201 267 269 
4862 366 787 1614 2344 3845 4116 5736 9556 725 10187 11036 6491 1075 5860 10022 10468 6338 10987 11358 9029 5779 1170 3684 2169 8107 5771 
5127 453 1106 1512 2705 3606 5107 5497 8520 10651 10677 11358 2427 3550 7073 7684 8966 9422 9932 
5926 729 1647 2171 3107 4234 5783 804 995 8579 11315 1499 1512 2554 
5795 1752 3514 5891 6122 6057 10973 6138 10037 9416 2287 
5073 2320 3088 4308 3514 9137 443 533 3551 4364 4926 
3640 587 1178 6437 7215 180 324 1066 10359 5447 182 
6056 812 727 3067 3247 7430 12124 804 7132 2554 7524 
619 1064 3848 11085 11932 9952 5824 5825 44 1468 2545 4028 
1145 67 68 82 1075 2364 2805 7135 9126 9952 12033 
1390 4124 73 3277 7385 1516 2269 3067 6952 9041 560 7386 8082 9042 
5916 12070 3822 12095 7147 729 2217 9037 10671 1234 1962 12096 
7115 3723 5468 1090 4482 4708 7121 7553 9487 10141 10168 11918 12010 
6324 6901 7185 10476 1615 7729 8340 9549 3973 4939 12100 
1113 7031 9623 11702 84 4006 6254 7135 67 500 1165 1801 2453 3622 4223 6029 8550 8671 10006 813 1069 1073 1075 1170 1772 3550 4308 5163 
3328 166 228 281 709 764 2342 4811 4864 8343 267 
44 5777 9830 9834 2364 4451 5782 7405 8186 10265 504 8528 12005 
5 2 1170 1477 1728 1867 2032 2735 2774 3347 3954 4426 4428 4502 4776 4785 4889 5126 5250 5381 5747 5844 6001 6010 6012 6017 6151 6163 6625 7039 
6034 11818 2452 6905 7079 6552 7601 3606 9037 11464 11808 727 11245 
6214 725 871 1363 1366 1361 1689 3398 6786 6905 7314 8166 8563 12117 
2074 6521 84 10403 9296 1868 11100 5457 1752 5046 2613 466 1086 6703 10280 9058 
4854 7368 7699 3684 725 11452 500 10552 366 9486 11642 3541 6988 11358 8066 484 
1942 56 1916 2313 2305 2485 2597 4284 4903 6329 7404 8032 8810 10232 
3630 281 180 216 199 445 1096 3324 3476 7749 8991 887 10676 11738 324 547 
1982 836 4649 84 1075 1147 2249 5056 6501 8550 10531 10966 
6817 2441 4987 7283 8785 11704 979 1274 3035 3126 8977 
2118 6617 84 4649 4129 1069 6029 1981 8504 4752 7468 5497 836 
2427 10812 170 7252 1499 3692 6100 6206 366 1016 1719 2927 3560 3632 
7427 7536 8534 8317 8550 11048 2219 8591 11070 10280 1396 
2086 93 1024 1016 1147 5497 6174 6338 7468 8045 8671 1132 3937 5420 8299 11818 
7272 1194 1265 1757 2596 2886 3224 5935 6829 9983 1287 
3325 1277 5184 6181 8485 166 173 300 3862 4811 4863 4864 
2515 102 205 11030 2141 4617 4829 10286 11464 11552 1615 
1939 56 149 219 366 709 1420 1713 2305 3174 4598 4965 5330 5337 6393 6431 7128 7441 
3120 150 1468 1614 3507 5101 9335 9601 10363 10013 2420 
3551 235 281 1277 1290 11474 10039 4222 11985 2035 887 6626 216 311 7928 2372 210 199 561 
3846 2701 3951 5163 6687 7684 8966 2342 1180 199 6958 8485 4240 515 321 9443 182 524 7894 1798 3810 
3314 10724 8385 10598 180 222 388 663 935 10443 963 4764 166 
3949 1027 1034 5728 8028 10443 10724 10890 234 278 233 287 2636 3277 6800 9767 764 3862 648 6785 9802 8406 216 257 330 
6329 813 840 3013 3368 6471 6982 7759 9210 10147 10446 1935 3840 5360 
4051 1064 2791 3223 3684 4866 729 725 2449 2452 7973 205 819 2153 3271 
5099 708 788 1135 2144 2249 2727 4661 6149 6901 10069 
3433 5420 3684 366 3795 4160 7659 11612 1772 2437 7252 6028 8090 
2856 727 2705 11368 5420 5100 2727 12100 5578 11960 10280 8784 3711 1545 
3323 2035 11913 166 175 180 197 199 548 598 652 963 2342 
8189 3022 3315 6662 2364 4947 7099 2747 7274 9541 10706 
3516 10495 2100 708 9733 11960 10617 180 1096 4251 4835 
5833 715 1112 1118 3514 10129 11143 11178 1646 841 1382 
3186 153 2676 2755 2952 3554 3942 3975 4146 5480 6251 7684 8688 
869 2732 5579 6885 10163 10890 11494 11629 11869 10724 7159 
5908 5033 9343 729 1381 4517 8546 925 1477 1611 3413 
4081 205 660 3560 4841 5348 7783 9184 9250 9549 12095 2082 8550 11203 11566 2312 2373 
201 4741 1696 5134 1967 2958 11240 29 2217 5049 7104 
3545 564 1587 7138 7630 7986 8650 9532 9978 10855 2026 6565 9833 388 3476 201 869 3350 6782 6785 8386 10854 371 173 
6546 894 1212 874 1274 3137 5287 5301 5566 8024 5765 3389 
3586 3007 6468 9775 11374 173 287 336 2261 257 330 1180 2342 3449 4574 7121 
942 61 3389 3791 3975 5480 6350 6359 6902 7824 8754 8957 9012 
3591 689 737 3324 7296 173 278 550 764 3414 3762 4598 4851 6784 552 
6284 816 11048 2155 2158 2373 2658 3133 3322 3413 8550 9952 11818 
1422 3102 9630 4360 4432 4481 4957 7536 7994 9381 9685 9754 
7313 1212 6897 9994 1576 2333 2551 5351 7187 7733 1860 2305 2470 4516 
3173 3840 4907 10280 12086 7287 712 3368 5038 6781 341 153 
1640 2586 1094 10079 80 1476 1477 2120 2217 2545 3404 3684 
1019 11312 1003 11246 3722 6057 7720 11173 1272 64 1165 1212 9210 9654 10274 11098 2305 
6632 891 900 1071 1274 1380 1945 2102 3050 3296 3364 5646 5765 6835 7892 8024 
2564 5163 3113 103 2820 8627 9977 1165 2855 9262 11639 
3515 175 197 235 267 3471 5139 5350 8386 10447 10724 10890 180 647 963 
7840 1779 1955 7614 8107 9295 2557 9042 2536 5199 10636 1614 2158 2217 2660 3404 4091 4547 5056 
8207 10816 2459 2652 3320 9256 10363 9359 2658 3391 4124 6952 
4567 1123 7193 9443 11062 1188 5115 313 2037 2042 4876 
3619 8356 8626 8804 9204 216 509 526 5658 173 206 
875 57 84 952 1016 1428 1521 1661 3107 3322 4086 4483 
4587 1499 3404 3684 8577 311 564 727 725 938 2153 2791 3227 4335 4476 5163 6135 7182 10172 10812 5355 
1504 524 653 686 788 1290 2545 4077 4306 5556 6874 8092 8860 6740 56 199 7904 8632 9518 9995 
5856 5220 1667 5763 6100 7073 708 3074 3940 6092 9802 
3479 281 374 412 1096 4225 10178 6181 7986 175 173 188 278 3471 9552 457 9181 216 199 292 543 8384 
5766 690 1482 1572 4661 4649 8902 10633 10634 10814 11514 11518 
7299 3344 3413 6024 7601 8671 9052 9163 9562 9939 11604 
5709 3722 4019 5378 6359 9612 6375 5895 6349 8960 9210 9021 9090 6209 
611 1165 2230 2656 4588 11330 44 2904 3267 3550 4649 6201 6905 
8238 2755 5480 6209 9021 2673 6875 8649 2652 3320 4154 
8208 3918 3227 3458 7505 9802 10991 9752 2464 2658 2660 10633 
1247 729 75 725 2545 2599 2705 3429 4304 4516 4688 
3540 181 180 287 520 562 894 1170 1317 1419 2035 2989 
3561 1096 246 281 3862 7857 9443 2342 182 4858 6468 
2878 2401 11148 5847 8550 264 951 1381 6029 11218 5138 
2523 104 898 1274 2345 3035 3873 8024 10670 1931 675 804 3082 3189 
3081 149 175 182 199 414 524 548 1317 2042 2352 3471 4653 
2064 10777 84 2452 6029 8550 9060 725 3276 3664 4028 
2677 1212 2766 4903 4911 10280 11006 109 2005 2217 5038 5193 
2444 4304 92 8504 10919 725 5783 7664 2545 708 1512 2101 1094 11818 1165 4335 4649 5497 7121 
2114 6905 2887 3615 5011 9019 9133 3436 4006 7173 11143 9867 94 125 1582 1838 1849 4085 7002 10225 606 1118 1520 1529 2467 
1190 8512 68 725 841 1382 3792 4154 6460 873 2554 3315 7659 
1990 3763 3404 7305 1942 3540 4308 5385 125 6209 6575 9807 10707 8266 
7610 6102 6885 2474 8466 7503 10966 2410 1499 3664 11818 10184 2590 10069 1925 3772 
3963 764 3007 5282 6165 6181 9418 216 199 292 11274 1277 
5093 4658 446 2381 3276 4566 6273 6635 1842 2765 2660 
7210 1135 7553 11749 8990 9129 6092 10364 7419 5263 8200 8701 2890 
6815 979 1165 3126 3182 3776 3902 4064 4075 4726 5355 5566 5642 5689 6067 6575 7567 7571 7875 
3625 3007 4733 180 257 281 330 607 728 1096 5525 7822 11055 
6191 725 1165 1960 2213 6075 6111 6760 6977 7553 7967 
919 2855 2885 5507 10093 2305 64 7385 7864 9772 61 2005 2485 10226 
8265 11969 11972 7274 6755 2819 3930 3691 11653 7670 3226 
2021 5420 11839 1075 10303 980 1031 9042 725 7604 6905 2217 3664 1459 5759 9723 91 4028 5760 
891 7602 6050 7135 11771 5163 3426 10648 9293 8316 3287 
2584 10112 10280 4296 4225 7818 11963 11964 1866 9628 3936 10330 11966 1870 4311 5037 8998 1147 2005 3302 4611 6571 6746 8308 9733 2265 4224 5667 11248 524 2342 3529 
5326 1049 1061 1512 1713 2135 2607 5603 6988 9449 495 2878 6905 7736 9723 11433 2213 
3320 9071 166 233 281 278 2261 311 552 561 939 
190 3347 677 2041 2045 2342 5930 9443 420 11048 29 
2077 93 788 1024 1135 1332 1614 1818 2206 2410 2727 3343 
6399 2210 1579 10942 11528 2305 7400 7864 8503 8504 9613 1348 1523 3246 
2006 1468 4947 5710 8767 2380 2878 3284 11967 1868 1754 84 1080 11369 
4053 238 262 675 766 1080 1773 2212 3082 3613 5899 
3234 158 435 1176 1402 2637 3527 5249 7250 7792 9550 218 3076 3226 
2087 84 124 632 1521 1529 1923 3752 4977 6024 6874 7185 7335 7445 7837 7867 
2676 109 727 1075 3067 4289 5193 5736 8550 12080 12096 
2442 725 1075 1477 4776 2293 9952 12048 2449 8350 2410 1614 2765 2855 3514 
1872 56 804 1212 3615 4833 6144 8998 9417 10039 1121 1560 9866 4423 5351 7167 9012 
3867 1176 524 203 199 4690 1180 3862 7857 392 2372 11687 4764 4221 
601 1396 44 124 1499 5058 6201 6905 7468 9376 10214 10651 
6120 3975 4308 7817 10889 725 1132 5351 11632 2994 6610 3436 11368 4432 4481 
1224 2222 4929 7811 8087 3940 10648 2273 2658 4690 6905 7623 9183 10228 2660 5120 5304 6273 
6818 9659 3347 9662 4035 7536 7811 3514 11800 3238 8576 2688 
1285 550 2820 8627 9802 68 2993 3322 4798 9512 84 1468 1772 5049 5420 8253 
3316 166 244 260 235 564 588 652 2342 4733 5222 9150 
5893 8086 727 1396 1678 2292 5033 6571 8354 729 3606 4829 5420 7905 
599 9623 44 1132 6201 6206 7135 11048 105 3547 1614 4116 11455 708 
432 5448 6206 8709 10069 36 920 3633 3684 6637 11353 11544 11886 1234 1962 
1332 3843 5201 10292 10839 10841 981 2305 2783 3164 5142 
2005 665 1404 5701 1194 8399 9928 11945 4482 3308 6342 2863 3410 1075 
3950 2791 7770 7848 9953 2100 7903 11960 7252 12120 729 7458 6853 
4005 228 281 393 550 568 764 2261 2342 6565 9204 10447 11836 
7287 1506 11169 5194 6056 2878 8821 9888 5851 1646 7945 2876 4925 7716 1603 4515 11329 11472 1502 
5388 502 506 2452 2660 3478 4766 5058 5448 5763 6151 
553 2453 8550 5163 4649 2921 2483 6800 1064 564 44 2727 
6189 3684 9088 9659 9721 4904 8546 9336 4335 6174 11960 788 6755 
6552 1916 10561 4783 4154 10250 2410 7022 2290 7754 8499 10844 3540 9291 
2560 9252 5800 7263 8070 7132 9952 9756 11313 7169 9302 3485 6678 3484 8079 10280 7073 
186 84 1499 1955 2660 6605 11048 2320 4028 9952 29 366 708 725 956 2213 4741 5420 
6949 1016 1065 1075 3550 7765 7996 8122 11181 11818 4476 
6128 1165 1499 2410 4028 4702 5487 6024 9163 9562 11818 725 1170 6901 
3639 2342 8385 8386 10777 281 6431 6944 11772 257 330 2261 2335 182 311 258 267 269 524 
929 4308 4411 5385 6329 6349 6725 7818 9462 10123 11161 11461 55 1350 2265 3665 
5587 596 1080 1436 1764 2860 3100 3570 5330 5695 7138 8224 1307 5680 
4032 725 6552 6901 7684 8966 5163 10632 205 4077 9248 3827 7601 7710 11240 5153 7664 8818 1516 10812 11455 
524 1051 1981 2248 3174 4517 4649 9270 11240 43 44 873 3375 3436 
6414 2452 7400 5333 7585 841 1382 4702 6977 5989 4638 
918 4091 5844 3688 61 9989 2265 5915 6006 8061 8316 153 
7921 1772 2453 3404 4928 6028 6571 8550 10849 4077 6174 
3811 287 4241 8889 10396 5447 6181 415 8280 9439 11274 2260 10522 10839 
6041 727 995 1075 1165 3067 4028 4783 6673 8503 8504 
6036 2791 8702 727 1361 1640 1956 8563 1783 9422 11368 2855 5420 1780 
5434 784 800 1299 2666 4992 7539 1300 1523 2844 4323 4541 5830 8048 
4992 5139 5283 3040 862 6761 6130 3999 4379 422 3082 10191 
7294 1981 3065 3156 7684 8966 8557 5132 5985 3238 11317 4523 4981 7866 
2454 8730 11494 11818 1018 92 4491 5876 8299 10289 5882 
528 43 4482 6901 8032 804 3664 10214 1266 11048 9733 103 1520 10081 1841 1130 
818 601 727 53 82 264 951 2645 6202 6835 8702 
2467 7432 10013 92 1013 2453 4805 5032 5163 8535 1955 5049 5420 5453 1956 
2035 9736 10844 84 1064 3684 4688 5163 1143 1499 3478 8619 
1053 1723 1842 2807 4907 4911 6777 8307 64 960 1576 3554 3128 4903 
4232 359 2553 7678 8557 12063 910 7571 5578 12004 4335 5765 5960 10409 
5696 708 8550 1062 11839 7604 8546 656 1056 7528 9802 
2834 120 359 3430 5736 7837 8024 10143 10397 938 1285 3035 1434 1599 7150 8255 
3743 524 7128 9156 9174 11379 7748 587 7926 764 1176 9443 325 5502 
606 44 995 1678 2452 6201 7314 8166 8550 9490 10409 5015 1165 
4111 235 281 564 764 1180 2372 2378 3119 4837 5306 5636 10514 11286 250 325 
4135 3082 235 862 1002 1210 1940 2081 2091 2342 2524 3059 
980 7992 2676 8998 1105 6329 7284 153 2952 5351 7002 8555 1747 1212 7057 
4689 2210 1212 465 1074 2551 3931 4657 4903 4907 5595 11966 
2597 3622 725 105 2958 8082 2249 2373 3133 11356 727 1135 
2522 104 683 902 938 979 1210 1274 2393 2522 2797 3126 4476 5566 5680 
2849 121 7274 9407 153 2952 6762 11960 11221 2181 8186 6931 2219 2449 3426 4544 11048 11702 6952 
773 1234 1962 7073 9542 84 788 1016 9302 9802 46 3684 
1275 75 148 1615 2995 3226 3664 4388 5381 5487 7430 127 1132 2471 6119 7811 8350 9541 10227 10648 4702 4939 5323 7073 8079 
2042 173 2746 3227 4532 5038 10232 84 1640 2219 2217 4129 
2888 3939 6905 7503 6329 124 452 1614 3277 6028 6571 
4838 4450 11096 366 4074 4411 5277 5894 8950 8998 6209 4234 
603 44 1499 2325 2727 2758 2958 3937 6201 6905 9332 10649 
3079 385 1066 2326 4221 4236 4883 5501 9432 11119 11379 149 2055 2600 6303 8385 219 11914 199 
1066 84 1062 8550 1090 3242 6952 8546 8624 10531 10812 503 
1151 1167 7204 362 257 330 1180 233 407 444 524 4883 199 3997 70 194 739 8725 10723 6303 7491 
7253 4911 1860 4907 4988 1870 3931 11511 6822 12085 8592 
2455 5152 452 1132 3684 10280 92 3322 9332 1968 1974 2010 2005 7185 
7098 9346 7156 11240 2993 9512 10389 6142 9058 1075 7867 11221 7082 
181 411 1828 2783 4432 4481 4957 6194 8317 11368 3881 29 92 
7060 3939 10554 12005 1496 1971 2092 3221 3343 6800 8408 11132 1065 2888 
1785 2305 7470 10777 3290 11828 705 56 10776 4019 2485 3514 
2036 84 404 3664 6528 9734 10730 11893 1934 7632 8070 
6737 2254 7781 12095 952 1075 4215 5164 8355 8522 10719 12096 5522 3519 
3720 193 689 733 3936 4278 610 738 737 796 2347 
6936 3856 7335 9952 9999 9866 1572 3247 3413 7811 9598 11048 11509 1016 1062 
2034 84 725 1016 1182 1499 1589 2364 2791 3276 3277 4122 6251 6571 10280 11612 
3952 1346 2005 3615 8308 9768 215 246 395 1178 1882 2804 
5806 5164 5848 2101 7510 1387 2958 1018 1016 2153 2570 7692 708 6901 
1760 2865 6195 3006 967 2333 2538 4902 4909 4972 5038 5493 9547 9706 10907 11539 11571 56 1212 
7308 3210 5351 6291 6781 6982 7759 11085 11234 11511 1212 2305 
596 6057 44 1244 2076 5011 6201 6932 2142 2230 2717 3962 4358 4540 
592 6882 44 453 743 2557 5164 6201 11048 6206 11356 
6934 6901 1016 2949 3925 4028 5164 6571 3684 4006 3550 
3576 392 417 6774 173 216 228 547 571 609 5188 
5876 731 1590 2865 4963 4988 5810 7002 7554 8905 9133 
2409 995 1075 1165 2453 3664 4028 8550 10550 11368 1772 3427 3684 5120 
8087 8995 3231 2005 5595 5894 9417 2515 5351 5437 3684 
2870 1343 6205 6495 8528 10849 6092 124 140 1338 1381 1387 1407 2221 2293 2373 3133 6069 
6278 1842 2940 5876 9952 11309 810 2758 5645 1069 1465 1482 1499 5033 
3467 233 2210 235 552 564 2342 8343 9831 178 281 457 663 935 1178 
1200 5448 9367 381 2567 4482 6792 8526 8550 11048 6501 68 10648 3664 7558 8070 10206 281 764 6181 6867 166 180 
7884 2983 3127 5378 7759 9011 9532 8541 9846 2599 8780 10172 9952 9999 1693 7844 
3879 182 326 351 606 736 979 1145 2280 2910 3035 3414 3755 3912 3933 3936 6944 7324 7457 8053 8770 9395 
2658 1067 201 2867 3039 4318 963 2091 5971 7893 1165 3684 173 10191 3312 
7305 2783 5133 6144 1212 2005 2305 2551 4907 6329 6982 
1120 1064 1772 5049 7951 3413 5420 6138 6627 8709 9952 9037 68 205 
6018 1508 3550 7611 10055 3684 727 1525 4602 1499 3271 3404 5163 6113 
1758 5757 7284 56 564 804 981 2388 3554 3862 7543 9552 246 4907 173 392 
1444 264 951 7237 8307 73 1018 7683 482 975 1024 1499 2230 3622 4566 6054 6174 6379 11146 11154 841 1382 2005 705 730 804 4788 7966 9733 11818 11924 8015 788 3271 4688 8353 10081 1221 1370 8784 5763 3615 1269 8768 2308 10280 8671 8675 
2596 2536 9042 2727 3845 5050 5367 5960 6206 7073 8528 9332 10918 11048 
4156 235 2342 10041 725 1299 2844 729 1640 8591 2410 1056 
5444 541 1929 3533 4363 6587 7964 10643 10799 995 2573 2914 
2457 3260 1075 5420 1165 747 3560 6029 9541 1131 2805 5162 8912 9159 11262 4544 5453 8350 8550 9498 10013 12010 92 
6210 807 805 820 916 6501 2904 3267 6611 10734 1407 4571 5519 6669 
2664 8504 5763 6121 9878 108 4968 6065 11960 6212 804 
3832 182 12113 200 399 1194 1253 1275 3528 5710 8951 
5943 6029 11509 725 1165 1322 1338 1343 2325 2554 3461 
1197 180 56 182 218 520 804 1860 2037 2342 4679 5658 5894 6944 8385 11879 
4829 366 729 1010 1497 1516 1987 2219 2727 2971 3271 4006 4268 5058 6206 7257 7385 7617 8823 
4263 751 3300 5072 262 304 320 1445 2599 2776 3997 4380 5895 9925 1287 1446 
5817 712 1348 2157 2417 2602 4040 4237 4516 12020 1180 1212 2147 2305 4907 4911 5556 5894 8308 8516 9951 9952 
2450 4649 4695 5420 5882 6322 7577 8550 1491 11048 11243 92 708 1018 
2004 1652 7261 7975 8555 8886 10074 10232 168 5441 4925 7159 
3527 3376 1181 4795 6867 10443 11437 173 201 199 287 
3560 8658 180 173 3862 4225 6342 6446 199 235 257 
8213 2471 5839 10774 11923 11925 3940 5519 9994 6057 11879 3856 8111 
1465 3035 56 506 981 1234 1962 2271 2783 4308 5164 
7679 1499 1728 1779 1987 2409 3349 5163 5763 7475 9210 
3526 950 1945 12005 683 10498 11602 173 233 267 6070 8079 6683 938 
7720 2213 2308 2805 3563 4091 5996 8839 9359 2607 1512 2217 3568 8534 8840 
3747 2305 6778 6165 203 204 292 281 524 591 3180 6181 11379 1194 
7003 4913 4352 2580 6308 1056 10131 2688 9767 9541 6875 
3986 223 235 257 295 281 330 451 728 764 887 2342 4938 7016 
7212 1407 2364 7073 8079 1132 1376 1783 2217 2758 3247 6637 7386 
4577 615 784 869 1275 1288 4598 4992 5057 7890 11393 315 
4258 262 6823 5586 7543 1165 2545 3779 2406 6113 6931 11132 11702 4516 533 804 
5870 3404 4049 4071 5584 5865 6958 7684 8966 11048 2486 7384 
6030 4505 2958 4648 5420 9249 11509 843 1018 1491 3940 7073 2758 7536 11363 9671 
4212 4987 9007 1499 4041 7774 262 1194 6829 665 701 1404 7715 
558 9951 1132 8701 11455 660 1165 8550 11886 6901 982 2430 11048 68 5666 6780 1396 10365 134 1090 1106 6875 2958 
5851 6958 2790 708 788 1491 1885 2365 3322 3404 6150 6977 8079 9951 9952 2344 4050 6332 
6395 11851 1987 2475 1491 2230 6810 7577 11259 4980 5367 
2665 2727 9805 2293 11148 8903 3226 725 1018 1016 4335 
6007 9058 727 1491 3560 3632 4649 5738 6111 6891 7632 
2591 105 452 727 995 1075 1491 3067 3277 5163 5420 8504 10849 10917 11048 11893 
6909 2409 2660 4702 6687 7659 9377 9952 6111 1024 6905 7769 
2559 1491 1027 1499 3067 5728 6170 6673 8731 9498 9833 11893 
2965 134 1842 1955 2420 3259 3277 3417 4517 5981 7432 7932 8534 10913 
3474 6469 7758 175 180 173 189 182 201 199 374 375 406 419 648 963 1166 2261 2372 3148 3471 4655 
5500 3502 8870 11511 3830 5549 2800 1156 6138 10396 8310 1359 8998 9318 
8289 6547 4192 4744 6691 7684 8966 3096 5131 4688 4797 4988 5164 
3512 203 173 278 281 1096 4938 180 292 7857 904 1056 2261 
2439 6321 6456 7651 11251 6460 6464 7684 8966 1647 3550 6875 5453 92 2449 9295 2904 3267 9159 
5983 1062 3684 5366 8550 11048 11680 6958 12005 2471 2545 
4200 708 1056 1062 1777 2305 2373 3133 4087 4688 4702 6158 8550 11356 12107 788 
4778 8554 8599 2705 8701 11896 7268 6859 7207 5420 3391 
6915 1018 2167 2602 3213 3725 4649 5865 6065 10892 3869 4925 5258 
1580 817 2406 2410 7664 56 9613 1165 1860 2129 3684 
585 10013 67 1069 1587 11148 1491 44 4411 6201 6905 4413 11048 73 1523 2431 4541 6258 7692 8998 9167 9646 10227 
1734 83 805 913 1073 2108 2940 4339 5033 5050 6603 11896 12011 880 
5596 2666 2797 5699 2607 7890 10705 800 784 1605 4992 8496 1299 
3509 181 267 363 380 438 1178 1317 3119 3127 3180 5177 6090 6468 
4108 579 564 2517 930 415 1279 250 981 5595 1317 5177 6303 
823 704 1165 4440 4740 8423 56 2347 4064 2324 2551 2940 5445 5495 6525 7400 8111 1860 
6348 10206 11839 828 9956 9058 10785 10630 1499 11048 3753 7577 
3525 5525 201 2047 2342 7490 7543 9301 10855 287 292 321 336 395 511 515 652 5501 6181 7748 7937 8310 8606 11867 173 199 235 524 764 2372 4222 216 233 267 281 
5425 5330 524 614 639 1448 2347 11065 11439 11794 10759 
5998 727 1614 3067 3684 9802 1477 3664 4776 11604 1018 11368 8504 
916 56 1121 1212 1560 6329 3931 4311 61 804 5947 
7395 4075 10498 3082 8255 9326 9424 6525 3050 3873 3404 3085 1301 
2445 2437 5584 11048 11363 92 4705 5420 6174 865 1018 2217 3238 3276 3664 4028 4486 
3476 228 281 431 764 2342 3127 6181 10841 11525 4225 179 173 215 199 267 287 336 457 
1177 2126 2417 2783 3722 7864 10327 11570 11964 12107 1556 2485 2865 5608 8009 56 1272 4266 4267 72 1824 
1012 4911 11511 12107 6138 6683 8365 8516 10093 10879 11963 64 4909 12048 11965 
3493 10778 11648 9183 11437 11242 11537 12056 5577 4645 173 199 
5997 727 1499 2358 2727 2758 3684 4028 10966 11075 1772 3664 4266 4267 5058 6028 725 
6129 784 791 800 1299 2522 2733 2844 3026 3038 3404 4992 
7327 4783 9950 4618 1244 2452 3684 5367 1376 7420 7073 9262 
3472 175 179 173 182 201 233 235 764 957 1756 2372 3471 
905 55 1556 4129 2041 182 281 788 2045 6446 7490 
3483 359 867 1995 2102 2441 3448 3912 5715 8874 11636 734 12058 11704 181 2343 
5433 533 729 1512 2271 2406 2452 4006 4028 4544 5420 
580 44 725 1016 2545 4432 4481 4957 6201 6206 7969 8079 8186 8550 
3511 180 173 201 233 269 281 349 1066 2342 6303 6944 7888 
1142 68 1614 1861 2155 2158 3315 3584 3700 4091 4113 4116 4363 8070 10358 
175 1165 3560 3568 8627 9422 29 2915 7115 708 727 1126 4413 7662 8750 995 6958 9497 11068 820 5453 9721 805 
556 11358 6027 443 9383 506 725 804 2878 8354 3484 11194 
5838 708 1499 1512 2437 3413 3881 5163 5318 5874 6678 6958 7811 7837 8550 8802 9248 9335 
8221 2545 2660 2727 3322 3404 4028 4432 4481 4957 5192 5516 6206 
2661 202 108 166 199 215 257 330 384 515 564 
6055 2844 4643 764 784 918 3048 4992 7875 8140 6896 800 
6628 5646 891 900 979 1274 1945 2295 3050 10768 1605 3048 3182 
1206 3013 3830 5549 8592 1923 2129 5365 8316 9199 10037 
6905 2082 2083 3684 5164 7664 1075 2554 3560 7185 11240 2431 5420 7582 
173 29 1491 2162 2230 2940 4649 6024 6174 8550 9103 
4194 9951 569 727 3684 6958 804 4566 366 10078 1476 8466 10080 2449 
967 6144 7163 3615 63 4870 5461 5875 11368 5757 153 
8190 2373 2888 3133 6321 11048 11368 6456 11509 2409 5366 
2660 108 127 725 1132 1493 1491 1887 1923 2755 4168 5716 7601 10731 
3294 199 235 281 386 415 677 1277 4225 6944 8247 12057 166 173 
6015 725 1332 1491 3277 3540 5487 5832 6875 7132 8070 10648 10806 7783 
1052 452 1075 1165 1361 1499 2217 2364 2410 3226 3227 3413 5163 5578 6491 7385 7662 7838 8563 8829 9802 
1058 67 813 2536 4833 5947 9767 3276 6322 73 1819 
4804 366 1516 1519 2878 4109 5995 6028 6160 8702 9253 
3496 981 1180 3931 10208 235 564 1165 11240 173 963 245 887 
3299 166 180 281 737 780 862 1260 2523 2524 2525 4324 4672 5075 5301 
1051 3684 8416 9518 10671 67 1819 1885 2365 6952 1491 2292 2358 2449 2850 3632 
6408 1075 3684 4988 6840 6920 6958 8534 9518 11017 11702 11758 1381 6571 4786 
5880 727 1075 1955 4432 4481 4957 5420 7664 9623 11263 11368 
5873 725 727 1094 2101 2217 3344 5364 5832 6874 6875 7967 
