0 0 1362 1330 4924 6349 7588 1151 6360 2023 4604 309 3549 3586 15811 10607 7298 13658 13867 1471 6139 15685 3566 2955 8716 791 16224 16414 5996 792 1027 5971 16606 1870 2507 73 7224 20996 13041 1420 13897 9357 22284 8332 1561 19638 265 
1 1 30 4532 5847 1147 10718 11366 14327 14554 14557 7122 7641 9390 769 16867 10311 2724 6635 15849 18832 19249 19250 19251 14723 10690 19370 17359 19332 8123 1952 1405 11258 5020 20807 7416 3169 12712 4959 3214 21119 3822 8435 9724 4283 10332 
2 2 495 663 729 5309 4932 13693 9761 11611 14273 3238 22530 23012 8092 13068 
3 3 2274 1141 6093 14530 7790 11829 5254 17128 11423 21254 11424 4238 20460 5314 
4 4 337 10204 9549 4557 15321 9712 5623 9592 13571 1521 3593 19119 13245 
5 5 6 10 11 14 146 147 148 149 150 151 152 153 154 155 2930 4117 6056 4136 14372 12406 17457 20594 21456 
6 7 79 309 789 733 1395 788 9429 332 9515 10463 1326 2955 10065 1287 2454 6408 14148 5377 11576 16389 4975 1011 16606 17387 5381 1539 
7 8 802 2168 2939 5551 6491 8216 1879 20473 201 2309 22207 4674 18898 22577 3129 
8 9 209 8741 4479 1456 1326 954 1269 3924 3191 9636 16326 14148 16389 17387 326 2788 79 16863 11619 10207 19763 3580 3077 8064 265 3166 18828 7563 
9 12 716 1421 1441 759 21 2500 3396 2248 3559 1382 3808 4102 4323 67 4898 4972 5003 2182 1154 435 5378 5730 5736 5599 5899 4086 6076 6077 218 220 6210 6576 7042 7644 1247 7971 2089 5650 8774 8191 2641 1747 10340 2607 493 7757 11290 458 4642 11868 12862 11467 14443 15362 9377 16254 10523 5223 13138 6913 14052 9134 1286 
10 13 5437 1610 7887 7890 8407 8745 8772 4572 10505 16303 9866 2442 12279 16822 19363 20771 506 6234 12912 8751 21913 18501 19196 2353 664 
11 15 6537 5587 2097 7806 9904 8657 6947 10235 2850 16102 15604 18848 14151 20071 16921 4437 18228 6925 4758 1162 1667 10099 22812 
12 16 1271 1272 1276 710 6914 19171 15474 9052 3168 
13 17 363 5485 948 9443 2614 12279 7749 2424 1706 12685 1923 9140 7275 4772 12735 6038 17334 10752 4339 
14 18 20 298 713 717 5321 4989 7469 10170 1125 5408 9609 14345 6649 
15 19 2412 4087 4804 5914 6397 2025 1919 7285 7328 6209 1897 3605 12668 15150 13222 12270 8649 12522 15798 11983 1641 6942 5641 354 17518 227 18139 12738 20539 426 5723 
16 21 23 606 950 3535 9286 1536 10255 7971 7546 4902 7208 2058 11740 3062 11580 19668 3859 8711 6754 3154 8363 496 4083 2641 4072 8642 
17 22 2300 4869 4870 6027 4635 6028 1426 6084 4089 2947 2093 6092 4640 5600 7669 7675 4105 9231 522 186 6393 18002 18003 2215 16104 2103 19534 12965 19368 11507 20299 18682 4398 6118 14930 11702 22293 
18 24 3265 10448 14872 17429 7124 9619 11810 3106 14855 7062 18836 9019 14447 21819 15419 11802 1658 21623 19131 11423 116 15203 15678 9356 4064 17081 4205 4032 7501 24171 
19 25 595 125 2926 3199 5346 6069 6614 3574 7206 4421 12254 2510 2598 17663 4099 7837 5469 
20 26 27 29 3696 13947 16015 12568 
21 28 429 1679 6010 7653 576 10008 5238 3859 3722 12132 808 20187 4489 2304 24542 2864 1154 
22 31 2874 5263 5327 884 2206 7656 3711 4267 11002 12642 11969 12243 15469 12190 11115 831 15210 16754 9683 10230 16487 17461 3252 16928 2989 237 8529 1106 6002 10360 9602 13794 5239 3048 3320 
23 32 5790 5875 3081 8448 8662 9434 9540 11002 12190 6778 9024 10156 16487 1661 15210 1718 3711 18272 16995 9752 1878 19108 20029 20358 20459 20464 2787 15409 4782 18448 17210 21308 1676 2290 16657 21658 10582 7659 6333 7244 12624 5209 20682 2147 
24 33 34 38 39 3147 3626 5504 13657 53 817 20793 14612 1681 16514 1712 6822 
25 35 4607 1257 17151 16075 20493 22453 4214 21039 18016 
26 36 2194 1770 1065 1950 6180 7655 1959 11228 3169 9265 6777 11449 2957 2724 918 16304 1433 16952 5638 8869 8985 5020 20825 2889 18328 22527 20253 15635 18715 2903 21201 1 5667 1085 2931 
27 37 45 46 48 51 53 57 59 63 65 132 133 134 136 137 138 139 140 174 184 187 189 190 191 27 249 532 538 613 617 623 625 628 634 638 642 644 646 835 2331 2134 13811 10673 
28 40 47 54 5350 103 3293 9374 8985 11141 13348 4003 1491 16717 14569 3866 1616 12477 18039 18815 19581 19779 10313 
29 41 5850 14702 13008 99 16654 17279 17282 13304 8704 15456 16878 21229 24205 
30 42 85 1585 3821 2051 884 7764 8880 10955 11093 11100 5512 12820 16313 7640 5500 18314 5209 10593 5687 10013 12915 12800 19602 2801 8580 17252 19757 19758 4455 19759 19771 19786 8503 12877 102 16928 6330 20667 13072 2413 7754 19270 11574 3435 14110 12947 14640 1431 21070 21114 16573 21148 18633 20138 21666 20598 15210 12372 20002 16532 2140 18293 
31 43 640 3601 1792 3170 4003 9991 11638 11703 11766 11735 12291 13263 1688 1345 5026 1065 5457 16529 5029 2856 17224 3214 1954 2418 11023 16365 9724 15849 19424 8484 4959 19982 12423 21971 6635 9159 13483 9517 6502 
32 44 71 6716 6721 6724 2765 7768 254 10141 9879 4040 6568 1379 10431 14488 1725 15687 15726 4769 3446 14799 730 9426 3212 11495 3264 96 2737 7434 8028 
33 49 1124 9977 979 9697 64 10969 4824 9642 17028 
34 50 1189 4854 626 4161 10404 11620 21093 
35 52 2222 2285 4550 4554 8851 
36 55 62 69 2343 4608 9522 3610 10293 
37 56 2641 10655 6441 3065 2300 3937 5284 13362 14922 14999 3042 6092 2899 14516 11951 6084 4315 17642 20984 6919 15211 
38 58 1702 3246 1906 1902 6569 924 6402 6023 19089 5490 22694 7464 
39 60 1336 8459 5213 13860 6317 21262 21451 1359 22169 18842 14290 21721 19086 23259 22966 4103 19763 17387 17824 19484 8391 
40 61 4282 4284 5580 7901 16043 15124 5822 6766 
41 64 242 394 399 1241 3263 5726 1246 6727 9649 
42 66 7446 9582 4610 7573 16367 10031 4419 5516 21328 
43 67 200 5924 2297 8355 10870 10589 3434 14175 11740 8722 7517 18617 19051 20802 
44 68 297 333 4040 4041 4042 4749 8028 6221 1485 2651 13955 287 8533 327 3309 17817 13087 
45 70 76 4744 5301 6408 4684 8307 4924 9830 1307 2332 1344 11132 11133 6987 8545 1184 7523 11243 4471 11249 1741 84 3463 4378 7823 15149 2451 13434 4799 15783 9965 225 12751 2946 16512 14336 3614 10590 2678 17823 2107 6912 12539 17308 1467 13867 1296 15054 11420 7817 1359 9831 3359 3580 1540 9684 12675 332 13860 432 7848 232 18524 16805 9746 6862 
46 72 9380 8985 2671 5002 15132 15040 12471 8795 1790 22006 1511 
47 73 4394 5012 696 225 8799 1240 8816 423 14148 10731 9202 3175 16512 6862 1410 1266 18784 180 2345 1576 7274 3827 6723 6090 12751 13068 
48 74 1626 4331 5271 5819 576 527 12190 15210 379 5007 1148 9261 4237 
49 75 3141 1225 9876 14430 5524 5914 7107 7006 4390 7993 2406 15121 2150 7923 
50 7 79 1830 1831 1832 309 820 5125 3659 733 6795 569 8092 5815 8138 8583 332 6408 2313 5377 10965 16606 2813 4975 17387 1576 791 6722 1539 12675 19208 15061 9 15685 5343 1894 2053 792 1589 4859 3655 7420 666 539 1098 14287 5154 11948 5150 4180 
51 77 1393 2514 9744 10460 11220 13128 13133 15647 1225 19344 17518 
52 78 3148 2853 4790 15931 14508 1284 1078 4803 
53 80 747 530 73 2458 3911 5860 5971 210 4825 
54 81 260 2748 4587 3499 9406 1106 8630 3489 4640 5121 
55 82 126 997 4656 1920 5756 10392 111 9879 343 10048 18821 3212 3754 9080 2763 
56 83 3616 9470 4132 8009 14393 704 1005 5429 7331 1520 12405 14400 5751 14402 5370 6849 5734 14456 7234 5419 6563 11794 387 11625 14460 9014 8155 14462 14463 10958 14 693 6743 2242 10691 14604 7230 14401 14898 983 13183 11835 15162 12406 14816 16547 
57 84 954 1678 2023 5669 2273 6648 2162 3961 6591 4924 3050 3987 6312 11051 9750 3057 3266 5547 344 12539 1539 7004 3232 1460 219 4582 7353 2759 7046 16326 3566 16364 13258 17312 798 12591 2404 7218 18061 4568 13894 3653 6408 19086 15642 13867 19354 12540 15512 13782 4505 20309 20286 20481 10408 19580 9321 4604 20847 14128 3424 17072 5872 21451 18027 860 17387 22002 21713 12332 
58 86 8103 8106 2302 8107 8113 5494 7894 9868 21549 16942 5375 2673 5949 14711 6128 8903 11476 1103 11558 11041 10855 20802 3829 3841 10484 186 1492 11272 11916 2495 2327 21823 
59 87 620 2066 3600 7361 7512 4600 9339 5617 15702 9145 17290 11743 10563 17812 4 4950 9242 9359 9516 16490 12135 4450 3085 739 8587 2449 
60 88 9905 9906 10785 11186 10170 12232 7142 5119 20484 20080 1746 6106 12339 10879 
61 89 325 352 630 997 2000 2001 3742 68 5290 4697 5852 4425 7194 2578 4644 8295 8621 9345 10462 3820 11633 11955 12770 9693 8553 7860 14765 4424 12088 7497 6728 7768 5602 10701 9233 3978 3378 5977 7139 3679 19255 3026 19790 15606 17817 18702 18821 20032 465 8872 2800 7300 6905 7514 369 8262 10249 9292 7136 12315 2264 21651 11195 13819 
62 90 2552 7429 7726 593 4255 7852 4558 10966 5162 2499 864 3879 4146 267 12358 1995 3695 5392 3 17223 14283 2335 4901 19360 4687 
63 91 4346 8251 7975 1148 776 5053 8857 3730 4610 
64 92 252 362 579 960 2328 2405 2406 3290 3291 3583 3703 4010 4342 3603 6169 4515 6774 4364 5344 7744 3227 2642 11009 430 447 5333 12997 13484 13502 9055 13692 4884 290 15023 7924 9012 10867 8488 5142 15654 19608 6641 3382 3652 7370 9844 9259 5763 
65 93 679 955 2080 2084 2152 2353 3999 4110 853 6703 6761 2498 7531 2760 16550 3998 1128 15513 10583 4339 9503 7760 15909 1233 13736 957 9271 14476 
66 94 5009 6553 9021 10493 8381 11522 14305 17145 12224 6744 15989 4727 19011 1039 7592 19750 7473 12927 20377 18649 21825 22487 22772 21784 
67 95 382 540 2408 3262 1300 4122 527 3592 5543 4610 6019 6240 1154 6652 589 2301 8499 7307 4620 5900 4218 9662 1822 5007 3431 175 10612 525 6198 12044 9719 1679 4288 13408 3136 4021 11487 13329 2304 1440 9401 3492 5599 11924 8960 808 4524 5083 17043 4695 17535 17025 16274 11559 15634 6000 6968 6475 10014 19163 308 3808 1569 15228 6290 19150 9532 9564 5283 5053 20127 4753 18606 10382 2018 1765 2241 2274 143 3928 2302 1414 1857 10773 9690 7982 14811 10709 435 11767 12034 834 19517 162 573 18138 21972 23 3996 3445 497 11799 7640 18869 2395 11850 5615 
68 96 98 1716 2704 3457 7047 1357 3187 13225 13510 7946 12286 7303 15033 15737 13310 13149 15479 2865 17654 1636 4041 3404 11633 3599 21387 6581 3443 8497 9880 866 8295 
69 97 4828 6689 1688 10332 10657 10619 13174 2005 18275 12925 12382 4834 13438 4821 5024 9666 72 20000 439 11531 6810 3824 
70 99 582 586 4050 5143 5264 9687 10714 
71 100 8843 10974 10975 1899 12955 12957 12958 9220 14972 850 2498 4824 
72 101 108 3503 1628 7445 11337 10345 12500 5843 1891 3965 8202 1593 17270 11830 1229 
73 102 4098 10269 8724 6245 11446 1744 5630 18259 19781 11464 11469 20168 13230 
74 103 257 20497 11703 14012 19982 22001 1964 12477 
75 104 338 711 1252 1427 3884 3284 4679 623 4819 4339 394 4772 388 690 2968 3387 7594 7992 140 1723 9119 9454 63 8939 191 6592 4513 10719 1069 2532 8162 965 11344 8324 250 11067 5507 2886 5728 11751 936 10540 4169 12237 688 136 12783 12900 1376 2312 6340 6235 6172 5311 553 13575 4427 9409 13324 7347 14266 1180 10673 13137 11905 15347 1935 374 3258 15731 16125 12048 15875 5865 4461 9805 503 6868 6888 5050 15561 13846 15719 3000 10714 12735 18626 18857 17471 864 3322 11303 17531 2020 17287 13944 7875 19762 19827 19308 19540 19621 3319 17626 5966 19818 276 1546 19670 10209 20588 4039 9431 2295 19619 20215 10161 20713 3222 16732 20941 8566 1294 3365 6065 13708 563 402 3099 11511 15152 3120 21195 18062 2259 21472 21150 5226 20968 10136 9060 14427 4335 21597 11392 3786 2331 3379 21907 9221 10257 705 17803 22283 6891 22471 7916 19900 21725 17652 2911 22333 18037 19709 14599 106 2401 21913 
76 105 5569 1661 4740 9567 11097 4449 11002 12190 12532 6245 4482 3711 15210 9654 15751 16928 2881 
77 106 1548 5354 4202 14026 9864 2550 18057 7044 20028 13478 
78 107 2232 1273 6114 7526 2000 10121 21325 9693 6320 22703 23416 
79 109 442 481 54 323 2425 3906 4277 3952 7940 
80 110 1321 2630 19362 364 15012 18228 6466 
81 111 3395 6828 730 3415 11496 8801 7477 6969 975 2000 14341 4388 6221 3212 8058 2216 14983 15017 4425 1219 15280 575 2981 3679 18104 12599 19052 8028 
82 112 116 3033 3781 9011 11306 3392 14447 9249 
83 113 117 119 124 127 128 131 279 283 284 913 999 570 1052 1053 1058 2239 750 2428 2430 3610 520 4817 4827 921 5800 121 1215 6078 6156 6294 6524 4988 3220 6536 1526 9522 11405 11406 11960 6515 
84 114 342 514 4693 7174 10992 13158 7723 890 15018 16578 
85 115 1389 738 4410 788 3533 4672 12539 1410 348 1395 1898 2969 12688 
86 118 16337 2929 14469 7703 17083 7107 18498 10779 18176 11983 3174 11187 4305 19520 
87 120 84 1326 3359 6252 7115 4805 344 6082 11597 9439 13068 6538 865 8265 79 14336 7046 8236 17576 6488 6753 6862 441 5242 11253 5655 13102 18393 21954 22427 21262 7563 14148 
88 121 322 324 1478 1480 1487 1493 1756 1765 1771 1773 452 11624 1020 5154 
89 122 487 1134 787 5001 16579 625 17287 160 16024 
90 123 2920 1510 10392 3777 6662 11336 4655 13149 5245 14488 6546 7477 18754 9292 7967 
91 125 1408 1412 2532 2872 2886 2961 3308 4374 979 5324 8661 8700 9652 5680 11314 11342 263 2505 14351 7567 16036 848 5487 17287 5995 1194 13839 5845 17626 18057 20692 2962 
92 129 6071 18095 9425 15513 8804 15999 7219 882 17782 5902 9639 15049 553 14422 2278 13468 13115 1233 521 12879 3175 
93 130 766 676 730 9419 3093 4656 17817 20319 23232 
94 135 3684 1648 2630 618 14230 15992 13158 19553 20696 8813 977 22093 
95 141 761 3609 3004 856 7090 87 5031 6762 5641 12698 2066 9549 6414 18803 11743 2025 12103 12610 15594 6325 18198 21268 4494 3514 
96 142 1175 4434 6039 6235 6306 2653 9617 5415 3944 14689 17411 4183 14825 1097 19015 8098 1731 5215 14908 3379 402 19821 837 7911 19994 14593 2396 20668 
97 143 931 1365 750 1526 1527 1215 2635 1990 890 3104 3130 4092 5038 4758 4085 6925 8875 7505 3455 
98 144 3394 4256 7649 8028 8319 9452 7680 
99 145 3269 1356 9524 5516 100 65 13883 14648 1810 3109 3729 15639 6235 1071 1208 6280 18179 879 14637 13825 8162 16039 5001 19375 19084 18596 19196 13498 19542 1712 3835 21508 9620 2322 21476 19665 22651 823 814 843 9347 
100 156 1000 1069 1071 2338 503 3419 3915 6485 1741 8160 8215 6782 9843 4498 7411 10280 10435 5101 14221 9969 5629 11092 7607 
101 157 4924 5963 12539 13247 8041 13258 13867 9756 9634 15589 9625 2348 10414 2586 14446 6252 17588 4582 5894 17060 303 17213 485 3326 2513 12155 7404 
102 158 386 4262 1114 4349 2170 936 1279 7100 3564 7911 7622 7663 541 2338 9503 857 9908 12448 2834 1477 3690 95 7633 2503 6725 2852 7177 13196 13468 1675 14064 14069 10651 15749 11192 16444 16445 2387 64 7201 16584 14802 17102 1769 7219 14451 5184 4496 4774 9652 2986 3998 12567 1167 14137 9320 12940 18685 550 9748 19039 6485 19349 18063 8162 248 19923 5092 142 3013 7969 12063 6153 16169 5629 2872 8959 2278 3538 5945 6340 9915 5311 8139 17605 6614 727 12113 5485 15243 806 17028 4795 21384 13472 6235 21937 4020 6604 16439 22254 944 13498 9304 955 
103 159 394 1016 948 5577 1344 404 8545 14186 17230 4436 1664 2364 5128 19172 
104 160 161 142 8641 11593 9653 11596 10077 546 1342 448 6933 4563 11206 17488 418 
105 162 1332 4442 16995 2796 16917 9789 2154 
106 163 268 270 684 2267 2394 2441 2444 2483 2537 2639 3397 3854 6072 5856 10086 3261 5717 795 10076 10114 10160 1493 1615 14263 8809 17025 67 
107 164 167 2935 5505 1603 1235 435 963 9137 2528 6243 2666 16033 2660 15055 7029 
108 165 659 4166 1712 5487 5817 2746 3139 1175 12026 5559 13811 1933 1579 18165 
109 166 175 35 1340 10738 3863 7716 6399 8389 12505 15350 2349 19798 1113 
110 75 170 5641 1225 4862 8318 4065 4043 2969 6385 874 1373 11967 16335 3004 9612 4986 3880 2146 739 13355 1900 87 21669 5464 4163 5065 
111 168 1051 8337 5134 3602 89 3336 144 7197 16705 18770 368 15280 10545 1379 
112 169 501 791 1072 1269 1534 1930 2148 2745 1488 3222 2458 738 448 4435 1395 2512 2472 4150 6283 3453 388 6945 4496 7553 7878 7956 3041 1712 3007 3094 11113 907 5516 551 11511 1591 10750 617 1123 3625 4513 1114 7476 4669 12403 2291 104 981 3835 9595 4786 421 1657 7784 1737 8958 9375 5858 2292 599 553 12024 3832 9174 14297 9660 3704 3119 9108 6748 3165 7970 1246 1092 7908 2999 2046 7590 142 2134 338 402 969 7840 10180 1596 18630 2883 476 13290 14427 8901 4186 1192 53 7443 11227 1275 1872 4498 275 19833 5187 6888 18588 4183 990 1175 2322 5376 14696 13694 3099 19540 12237 17471 7206 19518 64 21207 2715 3253 19923 25 20028 296 19621 18845 12880 18799 1935 20114 7807 
113 171 135 1019 1020 5333 3583 3606 8509 9802 10222 9514 1932 12545 12802 8656 13331 1321 14883 2698 2828 7370 16112 12158 8807 1163 895 6230 618 5622 3637 18018 3614 3693 8219 14075 3643 5326 447 11465 20259 18852 15050 20812 15316 15018 290 1667 2642 18296 20490 13732 11849 21646 15329 15104 
114 172 11117 8534 4635 9682 1288 8189 14546 950 5958 1340 19060 11554 15839 13835 1842 11360 4237 3323 7938 
115 173 177 179 186 188 1563 1566 1569 2294 2297 2299 2301 1300 2304 2309 805 3430 776 4497 4733 4735 4937 8845 8937 200 2168 9685 10482 9177 9298 606 10558 11052 7719 12261 4231 
116 176 178 9311 4364 1020 2936 16109 2833 225 15026 4757 
117 180 10814 1434 4380 1027 13367 84 8682 6408 2813 
118 181 496 2932 7446 8421 13776 9596 
119 182 678 5844 9275 9277 2327 9682 9395 1878 12815 9770 18859 6455 5220 5274 14255 
120 183 1100 1564 1877 4038 4862 5056 5204 1093 5954 6956 7413 2895 4987 9712 906 11063 6219 1886 2551 2459 12135 6209 9535 9460 6768 11967 11743 14395 3312 11186 88 6577 11836 7329 8163 492 3494 13600 2213 16197 16871 9548 15670 4946 3010 1111 17518 2755 9876 19618 874 17659 4159 19216 20056 20484 5805 14874 4387 16824 13317 348 1110 
121 185 283 6584 9481 12790 13881 14835 5269 5843 943 11306 20066 10994 9430 9363 5126 21868 
122 192 639 4661 3793 2926 1855 394 11095 11985 8514 8773 5901 8173 13643 13943 9230 644 14217 13706 1403 15547 2255 53 5018 2394 817 16113 418 2433 649 11906 18140 5067 8746 17992 883 3954 2331 15387 16036 3063 6306 3374 6065 5049 3894 1517 6987 1193 10673 3097 6904 10218 17299 2859 
123 193 2823 3501 2228 3715 11998 17940 890 5622 4342 
124 194 195 197 200 1528 496 1529 2656 22 2661 1106 2666 2673 2294 1105 3403 429 2825 3680 3681 2776 2454 3632 3936 4252 5380 3248 3431 5238 624 3474 890 397 13565 962 13099 4681 15210 1286 17317 5088 3859 5543 435 11921 22500 9491 8859 5599 18898 3612 8731 9303 2089 10589 23143 6475 2873 2815 22274 
125 196 103 1627 1787 8439 8916 2002 1688 8918 6508 8919 9053 5080 
126 198 2916 256 13156 1175 22451 4661 13491 20623 19371 
127 199 443 821 4655 5602 6197 6801 6905 1972 8500 730 6261 12003 6867 997 3210 3019 7434 8028 6583 17969 14856 2836 19649 7197 2287 11581 674 11309 20032 19361 
128 201 1260 4379 4430 4432 808 13605 9410 1767 1286 3532 17904 1202 13981 8216 12253 15013 650 4365 4023 7718 20889 12002 7971 10531 4485 208 14311 
129 25 1839 1955 10409 6758 9182 2341 2057 12728 5187 313 2203 10080 10796 6395 5938 7586 3258 6592 275 2675 1732 6501 5373 12095 664 2830 7666 13364 705 3099 3329 13701 12048 13722 13861 1035 9060 1579 2331 8179 9656 4144 15266 263 11751 13290 10511 6280 6235 5028 2185 2396 17205 6954 8554 17867 8492 6987 276 595 2280 18588 18622 4696 14696 
130 11 4136 4137 4140 704 4141 13718 13557 19367 14946 6567 19576 8247 7472 19985 
131 202 204 3430 167 808 4463 8972 9735 10734 3040 11947 2994 7066 5673 11615 13018 1401 5599 4942 16522 1436 589 3082 1335 17236 6176 1876 3348 15391 2435 19483 2815 2168 4603 21190 21567 14314 22729 8261 17943 7973 21593 16189 23229 5561 4252 3240 11591 4161 13534 
132 203 308 496 500 926 1317 1061 3221 3442 3529 3532 4675 4676 5060 3517 6579 8408 9261 5777 5443 8 9264 5551 5778 5194 7593 8216 6734 6424 2327 6062 14048 10809 14052 3313 11599 10149 201 
133 205 428 13014 13918 5126 5254 13130 
134 206 1266 3233 2325 5824 1467 6252 120 5383 4703 1011 13560 9703 3360 2354 11597 16389 6574 4684 19098 5893 21713 1561 6668 1831 2169 5872 17507 17776 23634 2507 23531 24212 20996 15288 371 21963 6042 3050 14124 
135 207 209 210 3200 3360 3467 3586 792 1831 2813 791 9028 332 
136 208 365 556 886 626 3471 5630 6449 6790 11981 2908 2248 2970 16688 16811 2027 9077 
137 211 681 1469 2454 2455 4457 4458 6245 8724 10160 12737 7836 6165 18948 6087 19268 8362 4794 21807 6823 10162 
138 212 216 290 6334 7140 8657 8656 10418 2898 447 4085 2696 7370 2405 5139 5333 8996 618 14877 15018 16277 5909 16578 19925 7759 7924 2192 6183 9188 
139 213 882 1675 4696 5668 5670 709 10300 10565 634 511 14359 313 7908 14180 7730 7911 18361 18095 15999 17652 3560 18951 18952 15243 2365 1994 14802 5702 17408 158 16053 12113 20192 18013 10635 5680 22208 8162 2911 2414 22707 13708 
140 214 1374 1375 2775 1308 10296 6031 608 12027 18285 19542 22651 22795 17787 12199 
141 215 551 8193 9147 10130 8545 5719 6751 1076 11137 2397 4202 3144 13533 1861 3038 1308 5258 16052 553 17490 12027 8218 2387 
142 217 218 220 226 229 2246 1878 2247 2248 186 179 208 2249 
143 219 2023 2333 210 16512 12772 13068 17824 21262 
144 221 1520 10104 7815 5 4529 2970 12389 5763 430 13653 8968 24682 
145 222 647 648 1843 6402 8677 15237 4860 15739 7359 
146 223 234 3381 5265 5031 10479 12335 2690 
147 224 228 231 232 225 1133 8067 2209 11849 397 6313 11852 
148 225 3945 10460 12137 1711 6887 17512 20525 5503 1415 23475 2278 15513 16306 
149 227 5792 7987 9897 10572 20001 6956 18527 
150 230 786 1612 3474 3849 518 10506 10798 2560 1783 1235 13892 6840 9024 12637 1493 186 28 4227 
151 233 934 9910 10768 7088 11944 11805 4808 21499 
152 235 624 626 669 1431 1436 237 1497 1640 81 1717 1721 2199 2994 23 3352 3612 5191 3711 6268 6656 186 3435 6696 7437 4355 1566 7938 1679 8871 9084 4560 9404 9406 5003 3654 4622 11181 11327 2807 11533 11842 5849 1882 5173 12152 1981 11945 2224 11425 4331 11770 13340 10774 12363 4346 6493 7818 11104 9210 5357 4200 13078 15974 13045 14110 13512 4639 16033 6642 393 2367 6290 18309 1908 5114 19041 3859 4524 11570 8606 3064 20350 17240 2435 6976 17904 2109 12823 6997 10051 32 1440 
153 236 793 794 795 796 5271 870 308 5272 5238 5227 7393 9825 12493 12495 9690 808 9326 3632 8342 324 194 13862 9473 4021 14534 2248 7640 12665 3339 12379 4587 11252 12000 2206 6652 
154 237 5427 7976 8951 9654 11046 3711 12037 17222 18639 32 20345 15684 18928 21716 20682 13470 6245 22436 19809 655 
155 238 890 891 892 232 896 898 8551 7670 13330 
156 239 3309 1051 2578 3551 5584 6728 7303 10192 10863 10885 9452 8117 11845 3775 7082 4015 
157 240 2651 443 4040 7294 2728 3611 2720 7564 1485 9227 9635 19806 
158 136 3258 7509 3956 8891 8892 526 11158 1035 12531 628 27 4601 13812 134 5226 15285 9650 7222 10209 53 10673 516 5334 9812 11155 63 21595 21745 
159 241 297 887 1130 2377 997 286 3446 3443 4765 3029 4922 4418 658 7706 6221 8399 8533 4377 1298 71 9706 7480 10609 4651 10835 11151 9534 5008 3491 1920 3378 11955 3597 3980 13497 3611 5839 13909 13978 8839 5295 9799 5934 4556 3395 14887 15664 9345 3391 5853 15726 13347 4040 11168 571 14353 14535 9278 1524 2578 15504 3407 12003 7300 3309 10037 1219 9654 9484 12835 2269 5870 6867 3415 11604 13012 6166 19364 2706 5134 10909 12872 19577 253 821 19361 9560 12770 17855 674 4660 2921 368 5245 8058 1350 16988 3026 10412 9115 19552 3853 18849 294 7627 3346 3777 3772 3710 2700 22042 9300 10229 9124 12238 8447 8043 9343 4129 
160 243 9287 9293 10052 10055 6107 10899 3783 11822 11823 3183 11825 11826 8467 10980 13511 1314 16939 2776 2304 2027 19413 4792 19414 10772 16075 19732 4286 19878 12190 13755 4719 13300 4850 
161 244 248 6788 2852 2270 1246 1035 12422 15730 
162 245 629 3994 6128 5461 7834 11360 11229 14742 5899 304 1154 14616 16753 15431 2607 18932 8423 10186 11745 324 14811 20332 1974 3158 20815 11851 
163 246 3978 3985 1758 5000 575 3015 8028 7479 8431 8469 6990 8533 10405 10392 10410 6200 1259 12763 866 2533 14887 289 3853 16019 16115 9838 16724 2651 4129 16758 17972 7497 2769 9381 16988 2115 7121 19055 18849 6058 2216 4520 17609 44 13523 5935 19476 1018 15271 7136 1485 
164 247 285 543 546 548 552 1899 1903 2253 2255 2259 312 2613 2675 13966 
165 250 2033 550 2516 690 2387 8767 3650 608 1729 13852 1757 2321 17170 4939 19542 
166 251 1189 6784 2078 13553 14964 7024 
167 251 6142 4691 3363 1480 7011 15914 4143 4903 1154 
168 253 254 144 1023 674 10545 1807 11730 6546 11495 9426 13107 4310 9419 3570 333 15737 18781 19607 17415 20252 20032 18572 12315 
169 255 638 2291 4409 4940 7862 8231 9119 48 10946 2746 12104 13851 1656 11348 14354 15008 15095 9671 14679 4563 2401 16235 5166 11933 1196 4704 16287 16024 
170 256 3387 3388 595 1076 4513 14358 3001 19509 13930 3780 4601 5376 17957 19900 2916 10597 10306 2911 634 23456 6501 502 632 
171 257 1104 918 1863 103 3866 1237 4689 6860 7202 4287 1619 4444 9349 10308 8791 12471 12978 13390 13396 11703 14323 12381 14638 3899 14805 13593 1 2172 10998 15110 1172 11982 15699 5565 5002 9244 14167 16615 1028 439 9892 11161 19097 13799 
172 258 881 4559 4560 4078 10684 2260 9232 13794 16955 11945 4875 18600 2199 4719 3612 14470 2607 5118 12935 20190 13604 966 22509 9051 
173 259 10558 13398 1288 2882 12267 4218 393 3354 1871 1926 1148 8845 2656 6631 480 2036 8066 11916 6121 
174 261 265 266 267 371 0 1010 1266 1306 1307 
175 262 1058 736 9273 15513 10789 6751 546 
176 263 53 271 273 275 431 394 1579 2322 4169 4175 4183 9462 9466 3755 
177 264 1498 1501 1504 64 1517 51 4016 1727 9889 4772 6525 13839 14359 12893 1732 5469 8973 3745 1729 
178 269 1198 2223 2834 3878 5057 6541 5819 8676 2607 11851 3859 1106 13365 6766 16819 4907 11554 7789 10008 10473 3076 20303 20731 35 21082 1493 21188 19280 6970 1871 4977 15833 1996 21218 8131 1603 5924 17454 7869 1679 21694 
179 0 1670 2028 2029 2042 2188 2798 2809 4892 4894 4103 4478 6668 2023 7485 10590 1306 12675 5383 
180 272 1443 6015 12953 3480 8652 6414 11720 
181 274 527 1603 3150 3608 12945 13529 2660 1626 2534 11670 16847 12965 11980 17642 16555 16551 
182 276 4728 6796 8352 3379 1121 2872 11039 21699 1686 
183 277 7315 7318 7472 11600 9575 6849 12475 6353 14576 10033 13557 22166 16610 
184 278 4156 17795 256 13812 21246 13706 6962 9896 22676 1294 2445 23327 
185 280 1581 954 1266 5971 7048 485 10356 11346 1326 1010 14287 4853 5872 11654 
186 281 2891 9957 9907 13050 15444 2254 12411 2090 4036 15443 16492 6034 11822 17677 12358 4420 17910 11911 4978 10730 1786 17550 7155 9912 4243 2004 10726 6140 13164 2263 11786 15514 4466 
187 282 1037 1366 1367 1369 1463 447 4933 2192 5909 7599 10358 5537 10954 4761 9188 10173 8996 891 10556 14337 14701 2793 6481 12802 
188 286 288 289 294 295 297 305 1117 4179 3415 3264 3029 13546 3446 1636 7197 7070 3309 6724 575 5934 3777 4822 1350 14042 12211 44 3447 3597 3573 2706 6655 13684 3820 3978 1922 11730 6728 
189 287 1033 1043 1785 1379 254 1485 7059 144 2741 3742 289 9458 8533 6261 4040 3019 12769 4755 89 5935 2740 3852 1273 9605 
190 291 11543 9073 13081 13662 2510 14302 3097 5433 3860 
191 292 293 6799 12586 19653 14581 18190 19654 19167 11687 3945 6143 4581 7557 1459 
192 246 299 2727 3978 6655 3187 3015 3815 8028 7479 6990 7090 8533 10405 10410 10392 5695 1259 4179 12763 3026 5411 287 866 2533 289 14887 16724 4129 2769 9381 2115 16988 18849 4520 44 13523 5935 
193 296 1596 638 3558 2407 5653 2291 625 6700 7306 2999 45 5817 2916 10107 7414 1481 5021 1737 10219 10554 2962 8646 4940 11222 2510 5166 3319 4414 3927 1344 12466 6708 3964 8925 3704 2398 6284 6495 5376 2070 13866 13851 13478 1955 138 13927 1180 8749 4202 12735 
194 300 4203 5243 1836 692 3090 7438 1478 11814 496 10378 12499 15983 16275 8625 14610 1493 18995 17904 2249 17460 11325 1129 14202 16642 1409 6736 22210 22138 2160 6366 5114 429 6237 16338 3248 24229 22580 
195 301 331 2288 6799 8778 1892 10948 1670 7939 10553 11175 3145 11179 1058 4495 9334 2320 11005 14346 2200 4536 11927 2114 19204 17861 19317 11350 17518 11637 2440 4710 19905 8696 19906 
196 302 6376 4387 18254 8717 12135 15775 3701 12318 354 
197 303 1518 1780 2035 5889 10244 79 2354 4467 1969 5556 10814 8332 120 13863 5256 14021 13867 1606 13159 219 13383 14986 13102 7588 7110 1460 13707 380 16512 16737 6411 12613 2458 12740 17123 2984 1467 16863 11579 19397 1003 9001 17776 17132 209 1464 1803 12019 8236 8314 11022 
198 304 1340 3526 3528 7339 4333 10642 5663 8534 16753 5153 851 14810 
199 7 1323 1326 1328 1858 2169 2348 12157 12253 9084 6968 9028 9638 3115 6253 1784 4766 11948 
200 306 307 318 321 3337 3338 4855 290 4884 14877 12577 1484 10265 15068 16702 7382 15938 9512 16707 1667 8737 1632 16711 3460 16713 1482 16715 7731 17183 10000 2272 1990 11998 2137 18991 12924 12126 19305 19306 10268 8323 2192 8591 9828 4693 13252 2698 171 3376 7724 18589 9927 4668 1002 10779 2452 5805 11603 4326 4329 6173 8629 4987 4989 8075 12437 20960 18762 8222 15166 7060 1966 19925 16559 282 9852 5466 16578 5694 20281 20957 15018 21455 9258 6124 4799 20006 16520 20638 15104 13485 400 
201 309 332 3656 4410 1456 5096 7626 9001 9146 60 3941 2169 1575 4109 13867 326 14287 5644 11455 16156 14738 6668 3749 12908 14371 4103 16512 1780 16389 12675 1266 8052 16414 1514 17130 1407 18227 15268 9 15778 888 15685 7141 80 210 19960 19983 2333 7110 8332 18663 6126 19643 636 18524 7603 15887 1617 8366 7295 1420 8468 10127 7308 1098 17159 4595 7817 16377 
202 310 3481 134 12302 16052 9559 1759 8367 4419 19900 20803 2550 20704 3560 
203 311 1180 2962 4803 3626 1552 296 187 909 6306 7916 3276 1170 2372 649 5166 139 930 7346 9573 2614 7443 4838 2549 6751 883 1387 8125 765 11088 3453 6621 8149 11370 2986 6868 6917 5582 1344 9677 313 4513 4057 11020 6725 4939 8665 550 142 10946 634 12215 973 2483 138 9815 4312 249 19269 16248 10031 2476 19406 1196 11031 1231 13851 6989 19655 19308 16732 2916 17287 3120 15223 14821 17200 51 8623 6189 543 19296 4062 345 3755 9352 625 19674 15198 
204 312 845 5845 7206 10521 2911 3079 1342 14149 15247 516 3875 16514 19975 15681 22682 6987 
205 313 1982 3704 8203 9645 885 2911 10381 5166 642 3063 2401 14417 5901 15355 4508 9620 5518 4756 3249 11456 9469 5258 192 613 505 1610 8125 6804 6670 2387 19217 3884 4790 3276 19137 
206 314 923 924 1031 2137 4085 1580 3377 7133 9828 1355 960 12255 2642 14306 225 2198 21940 
207 315 4688 4540 1950 11502 11655 2674 1951 2186 14990 5351 2194 13940 4464 12647 9987 9895 10179 15677 4287 18516 12423 12512 9159 
208 316 3089 3830 4019 6352 728 7697 718 554 4009 4982 885 17321 10214 20208 
209 317 156 5101 10435 7689 16244 16731 18110 7607 
210 319 323 2724 3170 3293 1688 2418 10117 10307 2176 11141 6548 12423 11703 9374 13593 13631 701 13437 15809 6275 17645 5460 16615 15979 4688 4139 11458 17917 2334 770 18328 1104 614 18815 9433 11124 1951 14557 18039 18121 13263 20873 1147 8791 13799 10004 564 21105 20592 21805 5020 22397 3622 21785 
211 320 2086 5621 8015 11087 11612 10243 12216 12920 463 
212 326 1865 729 873 266 1828 788 6408 7420 2273 9 3941 14780 2330 4486 17159 16512 2286 3362 10816 18842 1407 11589 10177 8610 15685 10590 1296 11948 1223 22111 20007 
213 314 1666 212 1368 8829 974 6818 2808 660 961 16991 15756 5038 10112 892 20639 4693 18983 
214 327 1379 3710 343 8621 6261 5040 1725 15318 1117 
215 328 10765 12217 14846 14809 7957 17530 16723 8033 807 11509 6355 9566 
216 329 4292 4544 2882 1106 8577 8579 8584 8586 8630 8770 1613 805 3871 12 1090 2089 5673 8671 6291 1353 2495 1878 834 11296 4592 11742 5003 4695 4991 11591 13435 3465 14014 1493 8047 12859 5165 5409 6600 1158 14756 6955 16774 4174 3135 13155 4463 6475 11615 11044 6793 6908 12748 9717 716 3432 6137 19517 1478 1871 1300 7639 14834 
217 330 336 2070 6891 16709 9924 16435 1726 14358 19540 
218 332 838 2055 1326 3296 4014 485 4109 6875 4924 3022 10127 4233 10647 10939 7128 1417 12626 9439 6965 7551 15146 10323 2857 17378 17379 12539 13867 17303 3676 5384 17218 1354 9386 20191 3448 13102 7492 5172 2590 4452 17159 19960 7549 2245 20529 21811 8459 5986 
219 333 1219 5000 658 8351 6067 7527 674 12546 5449 2769 1725 1846 13026 10545 8356 4769 18474 12210 10653 4628 1357 19577 343 731 1339 17865 1524 1794 
220 334 335 583 6858 7237 6641 5442 2487 4841 3541 5887 21567 10169 
221 337 15464 234 5031 14395 15543 5065 9552 16853 223 3072 23750 21473 591 2147 1892 18198 7708 15410 12092 2755 
222 339 5521 13867 2964 1780 1266 10164 14195 20383 8648 7313 4491 3865 22090 609 4924 21451 1514 
223 340 2351 2848 5615 1945 8787 11747 1247 8506 10947 1528 758 2463 13702 7024 4646 19411 18922 5856 10566 177 6144 594 9690 942 3474 3238 8972 274 1245 
224 341 8426 974 15818 15012 18567 10418 2644 3483 21247 9928 5961 14247 2630 22687 
225 343 1201 3024 3498 3615 2965 6867 7070 2264 2216 6724 9224 1507 12088 3285 6261 1728 2378 12417 2651 5977 5701 1117 1379 368 18572 11166 4749 14042 12602 19528 16860 10932 12238 3346 19361 7798 20656 384 13758 15726 
226 344 332 1306 3161 5827 856 5955 3266 11942 4031 12235 13068 2038 10607 14201 13867 3683 3566 7696 1364 14138 9680 16512 16781 13425 4451 219 12864 17595 1575 12539 1336 15313 18023 15268 19083 2330 12675 6408 7277 15512 5988 6538 1269 1309 1471 15915 9357 1483 7110 19151 1858 4926 2592 20996 12138 5992 16297 1803 209 16956 5894 21721 15785 4894 10805 21287 1540 11619 696 9544 16071 1486 964 21537 15984 4799 
227 345 190 936 944 948 951 27 979 2633 625 965 5583 45 6876 4202 3387 11132 5187 189 
228 346 664 715 4308 1696 5686 11145 11854 3998 13178 13180 13683 
229 347 11477 16849 1099 20654 20655 3137 18002 
230 348 800 4986 5506 12200 2897 739 11804 9592 11300 6265 23152 14705 
231 349 1812 1814 3325 3496 4315 3390 4361 6241 3535 12859 12379 12682 6907 15951 16518 7290 14546 1454 522 11460 11507 6144 16754 17705 22123 
232 350 353 2553 2556 6727 7414 11295 4335 4202 1596 12072 10074 15152 12936 16051 16053 16085 17389 11596 18451 10031 19022 19540 13402 
233 351 4489 6053 3466 8808 11426 5867 1118 4785 10837 15117 
234 354 725 763 1209 2555 3174 4305 4952 3973 6942 2355 7774 8039 10685 7892 4043 11679 12246 2147 8977 2315 7830 5196 9784 3145 
235 355 1226 2317 2934 3463 6064 7759 212 1133 232 8816 14920 1321 10480 892 4884 314 7823 22665 12510 18228 9844 21465 6443 5154 
236 356 2492 3952 462 614 9374 4821 11766 11124 1104 8156 17669 17263 4135 1131 
237 357 564 701 5771 5051 7321 1956 10465 10970 4891 315 1081 320 12423 9722 15942 9159 17216 17558 4003 14990 9126 1938 20807 21105 21519 21296 19982 6619 
238 358 10362 5752 7566 11213 13184 571 14353 9085 5907 14770 11577 10926 13347 16452 5449 1502 4304 7779 2577 8622 4377 7947 12599 
239 359 12423 8761 6502 6236 3214 18715 8985 10567 13842 
240 360 2922 6109 6110 6146 7506 5162 11873 14357 13496 19298 
241 361 379 540 5639 768 5649 1615 776 5593 229 3248 17317 18016 8261 3135 1926 2303 14016 10014 6214 2109 19517 20919 1247 
242 364 2318 3294 2569 3571 2137 8588 10069 13327 13583 1990 11037 15435 15819 12616 1493 17401 15018 11238 11156 19583 11101 1667 16578 15320 110 18641 17274 1486 7060 6230 7382 22828 16771 4301 
243 366 136 373 376 505 8604 3365 12237 12304 11304 2621 2509 12502 12106 1861 263 3041 17626 8958 8700 3379 7189 16175 20123 20281 12366 225 20323 2550 9221 21649 4144 3453 12026 
244 367 1093 375 2271 4950 4609 5524 9548 9242 4737 6398 4710 13855 3790 14378 1893 5740 1197 11530 10474 11273 3386 14705 4297 11186 18250 10461 6543 9237 12135 3950 15775 14926 11005 17393 15877 17459 700 170 906 1877 1110 22367 8699 1634 9876 18 2967 1564 16902 17518 337 5408 348 11967 8631 3023 3577 
245 368 369 378 724 2121 2123 2124 2125 726 2126 
246 370 2753 1403 3234 3636 5349 6628 8409 9133 10505 5702 422 9431 16419 13202 18775 15420 3481 
247 372 779 1176 1181 1059 1188 1190 1690 1695 1752 1774 1776 1798 704 20620 
248 374 476 388 2852 3147 313 3421 8679 817 174 3405 8453 595 2961 12758 10651 9985 9642 
249 375 6552 8132 8318 4136 7826 2197 15910 9688 1373 
250 377 900 103 11787 8761 11200 1688 14327 9346 18039 12925 6502 4834 9374 7037 19114 21805 18121 
251 380 2669 1827 5170 2347 2586 7338 20887 6014 6668 5275 14665 
252 381 904 1475 2281 2972 2489 3875 4120 4339 4341 4343 8367 3329 649 402 806 10031 10363 9182 10324 5513 5226 5938 9864 10472 10113 2280 11494 5942 8746 16250 5838 7509 1078 17327 18171 5371 10542 17411 14054 19084 19087 5258 19668 718 19054 20725 
253 383 5472 5473 14392 
254 384 3768 2216 4037 866 5449 5818 997 7058 6662 10972 3404 6229 9342 6067 4760 8447 8784 11545 3415 11195 2705 7477 18108 6909 9742 6581 14488 4922 19962 6197 14770 1038 2920 18024 20509 4660 2737 4697 20032 5579 8104 20441 14800 9291 3212 6261 11315 8351 821 23060 8466 2769 7891 20090 
255 385 3606 10576 13690 13905 12911 
256 387 391 405 408 433 5453 6 5497 4141 2934 2793 8488 8491 8493 8496 1019 8502 224 307 3058 8510 9199 9202 10599 11835 6999 1059 1980 13653 11709 14899 154 14531 14023 14909 10958 16681 3886 10496 15998 4260 19688 4244 13826 19691 19697 20689 9470 18829 16809 18551 
257 388 2877 6764 1057 2725 100 8125 13576 7833 2170 1447 4148 17408 882 15561 1304 18095 9642 15547 1578 17681 19713 595 13924 3145 10286 10369 16027 21858 14913 
258 389 7647 2206 12190 8608 18617 1106 16487 15210 18051 5790 21182 3849 786 5875 2139 
259 225 392 397 398 400 401 403 306 406 410 412 419 423 
260 390 4157 5068 6209 7587 4783 9064 2761 10102 10388 1521 8717 7012 12738 9714 5169 14179 14469 5808 348 872 15673 15414 5911 13273 591 17014 3386 17423 9229 13344 14099 18655 5723 14118 20279 1100 8397 6682 2566 2197 7407 22179 3451 7107 3720 3600 17215 
261 393 3313 4492 4379 3146 4895 3493 3608 5754 5288 1288 1929 3430 3240 16075 9113 9702 1300 
262 395 708 1045 1046 1047 1048 1049 1050 1120 2229 2235 1168 1217 6920 7122 9121 11029 11203 11411 1265 2050 4949 5002 1946 6274 5026 8607 14003 461 12689 4856 15520 1402 18157 17493 10720 11892 
263 396 1077 204 1382 194 4671 435 7181 7286 7442 3517 4218 11226 1493 12162 3843 1442 5799 2867 896 1109 6879 14281 6518 3681 776 2195 3585 1106 16152 2109 2487 15386 16238 14847 3098 13143 7884 785 5520 10964 3358 208 6881 3444 5227 18136 7496 6840 5278 13822 23 19541 13330 274 7222 8310 2481 576 4603 8731 6475 2089 1603 7538 1760 2557 3310 16522 9489 1981 13702 13835 7427 
264 402 404 3295 1246 3253 1712 4852 1905 10135 10136 11031 551 5022 13500 8242 8700 14905 990 2280 8179 20870 2281 22552 7219 9614 22994 14696 22718 4939 23609 23612 17905 22911 18735 
265 407 409 414 416 655 1945 2224 2481 
266 411 490 4350 938 8155 3035 11176 11197 2610 11875 408 15112 4411 10641 3531 18007 16660 19336 
267 343 333 5539 1508 7753 3346 12713 13087 3404 144 15555 13709 730 7494 16976 22847 19319 3551 15859 
268 413 859 1633 2100 2974 2471 646 3596 4118 2439 1647 2811 3225 5001 7632 847 1816 11295 13869 9660 6886 13643 8324 4202 8293 10917 7580 543 15494 17856 6235 644 9653 582 17842 3060 8641 2550 11318 11593 20546 13685 20788 17626 7387 21209 17004 215 8773 161 7154 418 3063 6052 11095 2911 13866 5926 21419 
269 415 5571 1517 15731 6747 3555 5078 5995 1644 5374 
270 417 11501 7331 12359 10847 12644 12678 12954 13516 14531 2735 15197 15949 17138 13183 10003 20786 11451 1176 9538 19917 
271 418 425 438 2396 4963 2550 988 3962 7414 2070 1633 13376 5504 8513 3942 3793 296 816 13930 16361 10536 3319 
272 420 2291 1079 3387 330 2295 6138 6725 2211 13111 7418 386 8925 6820 2166 7455 6614 14422 1076 1696 1035 6837 18031 4414 6874 8139 8578 19540 
273 421 567 703 3046 3728 4057 4356 2725 4701 7180 4819 
274 422 427 7697 506 13886 11099 3719 3385 
275 426 761 16368 22271 10876 21810 
276 428 440 12098 17090 8865 12657 20494 17174 
277 429 435 4385 1250 5707 8014 10421 5799 10439 2248 8443 4181 22025 
278 431 2476 9975 2558 1342 10673 3379 174 15337 969 2911 10113 8796 3626 3276 3295 5258 1363 1562 3284 1114 13376 
279 437 1531 1012 8806 3142 5835 5692 12358 3695 6938 13519 9140 17174 1771 5882 6110 2846 5612 19436 11968 17342 2861 21962 4116 12657 
280 439 640 4056 5664 5878 1045 900 8979 4821 8048 5406 2098 5145 5024 4899 12512 773 12868 9246 18349 7940 1157 18903 8007 3887 3952 13527 15110 20015 323 2674 2862 
281 441 445 1565 3448 2063 1803 2946 791 12710 3360 1151 9736 2832 10662 19643 
282 444 1154 7896 2993 9309 11725 4603 16192 12194 3489 3397 7691 3859 1382 9741 7080 7834 18707 3996 1761 20536 20500 10589 21490 3913 469 1487 20186 21903 12002 
283 446 2435 1679 6630 1528 2925 2103 1945 1537 8983 7788 15126 4564 16522 19414 4747 10149 4729 444 9473 14233 598 11642 655 8315 186 1127 19952 
284 447 1580 2649 318 3606 5483 4207 5333 4342 11037 10358 6430 20153 20826 4548 2822 20738 15532 22355 11536 6313 15104 
285 448 455 969 1657 628 6660 3138 10535 1712 5522 11158 11402 7862 420 2233 883 2916 718 9595 3295 3007 2070 6789 
286 449 1026 4526 6843 6553 9241 5530 8698 10663 9441 2240 7770 4184 16447 16423 19500 13406 19623 
287 450 8247 8454 8458 8460 14816 11323 584 11217 18191 6923 18194 18195 7527 5935 22572 23674 
288 451 755 900 6738 3293 7516 10117 1172 9349 13773 4630 14724 8952 10004 3411 13348 6588 8007 11141 12291 16576 12423 11458 18904 18328 18815 19332 18832 1963 2186 14557 20592 2843 564 21805 22131 21263 21785 22919 320 3959 19114 21647 
289 452 2922 1215 2928 3111 943 3114 3116 1992 520 3121 3123 
290 453 10854 14740 15727 16477 11623 14001 5936 6166 
291 454 458 12724 2058 10026 3396 8828 2640 6570 13964 14243 5118 14585 6393 11016 3914 4083 16239 2299 4398 2226 3910 81 13759 4972 17528 6198 7598 4371 2607 4449 19533 
292 456 488 3181 186 10321 14480 15210 16723 3262 20144 
293 457 459 464 468 471 474 7359 9120 11410 9676 6294 8697 2987 6980 18064 19646 7429 2358 3610 12601 
294 460 462 463 5531 1345 7772 5667 11458 7097 8988 5020 12221 5019 3095 6502 2422 6512 16222 
295 461 3214 1977 5351 5452 5457 1950 1085 1465 9808 7221 8484 5474 10301 439 10836 8300 918 6681 11141 15361 949 10313 6635 
296 264 778 996 1231 1596 685 2489 3793 3560 4533 5156 3626 5331 2972 6138 1244 567 7509 8560 8706 9182 3046 10355 904 1813 9133 14087 13657 13933 13202 883 15547 9887 6884 17327 17582 17626 850 3944 17385 14934 3308 3253 8091 3249 19286 3490 17803 19542 16250 2498 9431 4661 13706 18171 9617 19069 5022 19540 21417 20215 19900 9017 8179 4049 21384 17979 3374 
297 465 111 14278 14973 3026 3985 241 1201 9381 18732 12594 10680 23553 1051 22703 731 2706 19447 10708 3819 6472 
298 466 469 3990 86 3996 7381 8863 4848 10762 4115 1303 15872 4214 7163 12190 4631 15766 8963 5223 7222 6913 5263 18177 4640 4662 4903 8671 1189 9286 5699 8150 3581 19457 7137 12655 17461 1022 14008 
299 40 10745 11203 8985 701 4834 2073 3870 12423 6920 103 357 5460 15345 5019 
300 467 1265 7516 10350 14044 12920 16867 18618 17263 5460 20561 20297 11703 17839 15680 21105 1958 23149 2073 1619 
301 470 9407 21781 1133 3606 5537 23602 21059 9012 17747 22447 23740 7744 1666 
302 472 5173 9074 7025 14673 2283 20670 14243 4315 
303 473 650 1750 2540 2787 2795 2804 4161 1761 4362 10172 4252 7118 11894 8220 12133 13607 13333 12945 3859 3711 4719 4871 9054 16794 2925 13980 1286 3528 11178 3576 237 19755 1235 21424 201 
304 475 4205 3145 2254 11841 6095 7939 9907 16178 17569 
305 477 4405 1271 12680 14184 
306 478 1021 1249 1253 1728 3404 3406 71 3820 3187 3193 4822 5752 4628 5755 5756 6403 827 7016 7769 7779 6828 6060 343 8622 5758 7526 1043 2378 8361 11195 288 12210 12350 11955 2709 571 6221 6058 5584 8531 11336 5411 7860 2651 2115 8533 3742 3309 68 7612 2008 44 1524 4660 1054 130 3212 3602 2568 14887 4041 4304 15156 12602 6339 7061 3333 13246 2265 2765 1357 11974 6197 13082 5934 1038 674 2920 16375 5602 7615 2705 2769 2575 9753 19790 7619 327 18104 12065 17817 13089 10419 12050 18900 17031 
307 479 3175 4579 6293 9028 380 6361 11447 856 9357 5385 16156 14287 16269 16414 16512 7626 17653 3566 4604 17896 17130 1266 17132 13867 2208 12539 3050 17353 1223 7224 12864 8814 19763 5860 14954 4826 4748 6042 15685 16103 21928 5301 
308 480 1926 17025 1989 4011 18898 6142 6076 4695 12290 4143 5238 9770 8825 197 324 2168 
309 482 2838 8874 8330 3950 2611 5319 3605 1473 5214 2006 17511 11564 
310 483 1035 330 9477 2020 4011 8842 7418 2424 1571 1572 3130 
311 484 3032 6849 4244 8247 11501 12380 12764 5365 8980 13415 13902 14946 450 5429 19661 19856 21456 21479 
312 485 6556 3436 1307 1326 4452 7492 16389 699 1010 2788 2458 219 5988 6394 3655 5788 6741 13682 210 3101 10672 4703 3102 16414 20907 1561 21963 16297 21713 5824 8412 3865 3050 2955 9031 6135 4932 3580 
313 486 8157 12468 9374 7618 15682 5002 11982 8985 5341 
314 489 491 4101 103 10049 10951 2927 17277 5026 19982 7854 7556 
315 492 2388 5829 1630 7939 7941 7942 11193 1416 3027 2846 7165 2263 14504 13177 9437 15027 4116 3145 15062 5393 15065 8697 12822 12943 1169 15325 10786 2335 6893 14491 16178 10729 3628 1902 2922 16647 11780 7740 16881 475 4965 3686 6704 6109 1573 4941 6078 8848 3 19764 17172 13191 13588 16736 5428 20479 17009 20321 20494 11665 17128 20956 8403 58 13504 3825 11822 2015 3059 283 
316 493 5525 7896 5593 8000 11591 13404 5631 4682 1926 1090 1615 1836 11889 3340 18016 16774 5288 14514 3136 5683 9520 901 10142 10321 67 14549 3262 3348 560 4194 186 4735 20627 17036 5222 4592 2863 18786 14234 8825 3680 2932 18453 9891 12192 21567 22069 5003 9398 379 14847 3090 1478 22187 3129 6734 1878 9585 4084 13172 22438 208 1717 2109 11226 3939 19571 15210 444 15014 10870 19952 21039 776 11003 1783 4185 22659 1871 7247 3594 4613 19163 17025 19102 
317 494 690 3639 1123 7476 3696 15541 877 16262 6675 3572 6891 1905 18063 17924 5670 388 13811 19143 17652 1408 1481 1140 6065 4049 21384 
318 497 14952 2141 1549 18734 15983 7307 19150 8617 
319 498 1136 1584 3790 2791 6106 13407 2210 8778 4043 
320 499 503 250 6442 6837 2112 705 1935 15542 1437 4196 3119 6080 13852 19542 14045 388 6853 15522 18323 7423 17883 
321 502 504 506 448 4506 2911 20139 5166 12027 5396 3276 20472 9059 20713 20028 19567 7509 
322 505 611 4302 3215 5371 6592 7537 3365 2580 6235 8611 11516 2830 12326 13118 6352 9182 14272 14286 12464 4016 8111 14696 16231 
323 507 508 2086 7221 1131 557 3824 2854 
324 509 3632 1651 9154 8910 12662 633 7381 15096 1679 6808 4702 21354 
325 510 1632 1634 2625 2945 232 1133 5587 890 18331 962 9262 16757 
326 511 513 515 517 4198 1872 8641 17856 10279 12384 11957 
327 512 4220 2226 8210 935 16700 
328 516 136 979 2211 4448 134 3729 526 9431 7414 690 1597 2433 
329 518 2988 8630 9868 8106 3841 20715 20802 
330 519 7758 8273 11922 1426 4330 9717 3428 15767 7672 14380 11844 2296 
331 520 570 5426 10575 12790 818 5252 7069 1765 3628 6587 14181 10726 
332 521 1533 2365 3835 7755 8094 6812 1810 17648 18062 17652 20038 6764 21008 9896 21384 16218 22593 213 981 
333 522 1535 4640 6958 1838 8518 23 1115 2654 4633 8885 4636 10012 4315 2641 2495 10947 5887 3167 175 9961 5699 1314 16543 4635 21078 13895 21003 1154 
334 523 2053 4190 4479 4440 811 2678 8281 1660 3467 4703 729 8209 9031 4813 4109 6126 7298 1378 14059 1827 863 4826 13919 6360 3941 5548 3448 13159 332 5339 3115 8236 2790 14034 7817 9143 2284 11938 16145 962 16153 400 225 1410 13131 16489 419 1331 959 5893 1930 16512 7228 9703 2857 699 16224 4579 5377 3655 16389 9515 873 12675 17824 
335 524 1065 3195 971 4121 9346 6588 12423 
336 525 527 528 531 535 2415 2523 2524 2867 3466 2067 
337 526 2799 142 7596 2532 14101 13215 106 1342 
338 266 530 210 1617 1296 1027 6349 14383 17387 4261 12576 12675 16326 10106 18842 8265 3191 14510 3924 12721 3580 1266 7298 18504 8289 2286 17644 21954 6203 20007 18093 13367 11051 10911 6488 
339 529 10155 10156 2664 10160 2742 13300 12190 1384 14650 3871 16895 4907 5782 6142 15296 4154 1720 10712 20127 5163 15210 
340 533 8590 10547 3696 14399 12083 14101 53 
341 534 45 4878 3329 7682 13059 2581 5942 19881 
342 536 537 541 21855 13576 3930 22557 15781 
343 539 17131 13120 14814 1858 1540 23215 12569 21291 4579 23905 5824 6011 10816 741 2707 11563 5548 12695 8021 1800 699 18586 863 
344 542 4051 3196 169 5063 2219 5498 7313 8648 9651 12834 13217 5979 17130 12782 19960 
345 544 6385 11448 2690 13387 14466 17518 7135 7328 3740 13116 5914 7876 5454 6550 15150 23848 232 2192 
346 545 4411 10958 10520 10458 3531 6337 6009 15144 6215 
347 547 549 550 551 553 554 214 189 313 5581 3328 18838 18570 19390 16053 21476 5187 3884 23526 1363 3696 1712 
348 555 320 1349 3030 6282 5430 7618 3293 8564 7854 2862 9790 9374 9348 10591 2178 3422 1951 13233 13483 11010 1754 9967 3952 13188 12423 801 1131 15460 3438 1946 9978 1433 17639 9507 18039 4217 8985 7221 13676 19110 1956 19370 4721 15973 21263 12115 21415 4101 8597 1157 1963 21368 1172 18953 3274 1491 19114 20592 12627 7820 19332 4689 15499 23057 
349 557 5287 564 1792 10389 4842 323 918 1491 16946 15754 8123 2334 2862 6262 439 18815 13774 
350 558 1724 17742 1296 10624 9040 8658 11932 2832 17595 13256 1056 7856 10911 19601 17372 
351 559 1630 6938 6297 16219 12910 1821 5126 2595 17675 21962 
352 560 1618 4935 2309 1871 444 7323 4463 9911 11591 16047 
353 561 2485 40 1956 3270 3274 4949 5448 3293 6549 5020 4891 614 11208 5406 4130 8007 12901 10240 3792 14029 7098 14704 3886 10830 14823 7516 7701 508 17263 13983 4842 257 18379 18381 12868 3351 15699 4217 18708 4314 9722 19912 
354 562 7752 10191 7128 344 10314 10319 10838 11339 3621 8708 10062 11440 8555 6526 15100 12376 15793 6285 6648 9056 12390 12482 11500 14706 19742 17310 8557 16851 13328 11485 18260 21791 
355 563 855 2614 6804 8665 27 9483 14987 10193 1182 13944 4772 5582 1284 10467 1610 17169 
356 565 3039 982 3041 3453 5373 6758 690 6614 9962 6049 2694 644 17660 15531 17471 5718 6821 3832 4881 4513 9856 16361 
357 566 568 572 575 1339 1781 5922 6568 5752 3477 1725 22273 2504 13442 2726 
358 569 1788 2346 3283 4911 2806 266 2148 4546 12397 5763 699 836 13867 
359 570 11152 6750 3123 17881 5379 5252 2958 23100 4064 
360 571 2479 4015 6505 7303 8553 8833 10141 10469 2728 13234 2000 4388 2269 5411 14488 12342 997 17319 14341 
361 573 1931 3425 2993 1529 1760 3863 7982 8421 3136 6391 7573 4610 2304 4818 
362 574 578 4159 4163 18 2146 4387 3243 1093 2150 11733 11275 1125 17543 13525 302 6376 17347 16497 2527 12135 19119 6106 7376 17233 3554 4987 19590 4989 
363 576 1106 1975 1976 1978 1981 6976 3437 8362 5238 22 12945 8234 7613 8651 16522 19036 10065 18786 17733 3953 13702 2750 19760 9956 12861 
364 577 5780 4823 8105 11942 70 8332 6488 
365 580 10981 12269 12912 8745 7890 15266 948 6233 1284 17273 19818 4422 13202 11227 563 
366 581 584 6 4454 4456 4529 2511 4575 8403 1706 11066 11560 
367 585 971 7556 1155 1688 2334 10497 439 6102 3173 9126 1616 4464 9159 6262 1951 9248 2422 13282 2172 2878 6512 
368 587 1628 1646 1662 1821 1824 2105 2621 3027 279 3426 3142 3546 3896 5188 7069 7130 7430 1710 3 11665 7018 8159 8137 11083 6246 921 1630 13455 6564 16778 10345 5262 17342 4591 16158 3197 6073 16862 11817 17270 11480 17225 8194 3834 15147 24 3140 
369 588 632 3112 3577 3605 4001 4829 2373 5794 544 9167 11890 4387 8687 2025 15710 7708 12643 16335 3527 17233 10461 4588 14761 2876 14693 1014 19492 9008 19527 18156 2452 3609 11603 10785 1197 2412 2791 11907 298 872 17410 
370 589 3356 540 5543 10142 4613 810 10476 16934 6851 5776 10169 3737 7248 21039 776 1478 22287 6664 21567 560 20557 14847 22659 
371 590 1732 7396 3276 646 350 2621 829 11617 5691 12476 12595 3696 13951 3421 8173 14666 5709 5757 11020 4514 10161 5575 2509 16858 1114 6747 21150 53 20747 3572 505 
372 591 1001 1002 18271 9311 22290 18852 23321 21809 4560 3356 3081 2147 7173 9961 19678 23223 3652 13158 16318 24714 23724 13931 
373 592 594 598 603 606 610 616 1873 3430 6672 6674 444 3859 1245 6642 10531 4592 1492 164 8731 6004 28 12198 8005 2195 14683 870 3871 4449 14833 8887 11945 9323 16599 4084 1013 13652 1529 1747 3730 12133 1466 5288 10566 2283 7391 4648 19891 6164 12387 20544 4237 6734 20432 20458 
374 593 4558 5268 6086 12822 12910 6129 8890 2928 9996 15530 10887 
375 215 1294 5124 2520 969 448 3626 2911 5926 8834 10257 10472 13930 330 2407 3780 264 1657 2112 418 2962 16514 9939 10554 3623 3453 10180 14612 17581 19709 2604 3001 1633 350 13657 6306 623 1668 13324 16361 8029 
376 596 2557 10622 2089 230 6436 6627 8728 5782 884 4613 13681 14925 1857 12379 5123 15500 5646 11129 5427 5114 1493 1384 1753 805 7323 393 4430 4845 15233 17190 81 
377 324 605 1301 225 4799 397 18166 5013 7256 212 
378 597 5581 12818 17243 2711 17244 17245 957 4004 1646 
379 599 705 2503 2913 2942 6371 106 2596 1696 8578 10224 4586 6868 2476 3944 1729 649 9671 6234 6708 14671 2295 10535 6888 6789 3284 15337 16036 16514 15152 17531 10938 13478 17832 642 586 2483 4712 18794 12215 6622 15547 10536 10442 5838 13823 7219 19217 19257 3860 19695 2052 6052 2253 19540 15420 9962 13432 19621 5050 129 3222 1738 1731 20704 16051 
380 600 637 1848 9384 17103 13068 2955 7543 
381 601 88 3494 1898 4609 19465 15150 7606 18966 19854 
382 602 574 10085 7140 232 2823 7986 6887 12717 5119 
383 604 1595 3070 5616 2537 8411 2503 8571 5858 11903 6614 11906 12450 8986 511 15561 13735 2278 17581 2365 1993 7874 18095 10789 3039 8017 18390 18361 9148 2270 15769 20038 9180 7583 6628 752 2877 22195 22775 16631 8193 3235 
384 607 8693 14894 11883 14751 5291 2432 8085 5323 23353 
385 608 799 2321 547 5586 1582 6771 3916 4725 8767 8768 4196 10456 5183 2581 879 12248 7722 5581 13621 10969 4004 13381 10231 5648 17148 17840 18059 18179 18285 7219 9697 651 1757 19542 2244 14428 6876 7523 18068 2112 21055 
386 609 615 3536 5090 8199 7274 8052 2585 10034 1801 856 7696 12551 7043 12576 12138 11942 836 5176 16512 13257 17101 11862 12539 
387 612 5356 21265 21948 1670 2004 6182 1630 1286 
388 614 8985 8795 8916 1345 3622 1433 4299 13348 
389 618 9259 5333 17475 2328 20453 9904 11037 2221 1983 12158 13252 6467 
390 619 5162 641 3116 5188 3610 4243 14308 11105 14941 
391 621 622 3816 5916 7536 4464 9488 10194 6548 9725 1946 12467 12468 12789 5351 5457 9246 377 
392 131 11313 4094 2064 7176 16219 5112 21435 21623 2963 
393 103 257 2184 8791 11787 9934 6387 3617 5019 14723 6810 771 5145 6244 
394 627 13113 19536 15191 13130 19676 11078 14968 24021 
395 631 2603 128 1141 6515 11860 9678 90 3686 14530 2600 5843 15147 18064 14855 24 3080 3695 21672 6073 10293 21999 10829 14181 11973 22136 22548 15312 4033 3787 
396 326 636 10608 1545 10613 4467 7048 2345 4180 666 10873 6365 1805 1395 13102 1336 1221 3359 11455 3874 13343 12332 9001 15313 11820 6730 
397 633 808 324 3247 3556 4603 4797 5163 1871 4360 5683 2748 6773 1493 5276 162 8719 2116 1077 1882 5228 10963 435 81 1154 3863 11914 870 3403 11768 2454 1878 5849 12701 4639 1528 4685 5053 496 2226 1679 217 8315 2528 9406 4458 12369 197 5278 2195 4587 1202 10861 22 6908 1615 444 573 3445 2815 396 3248 1287 10365 963 11996 181 3517 1480 1879 4023 19117 15634 5479 16152 11850 5442 1750 2838 2065 1487 2309 5799 4569 4700 204 7573 2932 6198 5288 3632 589 9423 3859 896 16642 5283 4747 1424 12945 10008 1384 
398 635 617 2883 969 4240 5865 2999 565 394 6987 421 2391 13706 
399 516 11596 192 14754 13866 10074 15696 13121 10917 15572 7851 5741 11095 7773 11430 3440 17856 19352 12892 2306 14702 7414 264 20339 14454 582 13490 3884 21054 14245 13268 18451 3453 646 23809 21229 9599 
400 641 643 7922 5490 5249 3834 10245 17247 5882 4473 9995 9481 20537 21868 16597 
401 645 2644 282 9432 5054 19969 16503 8829 11919 11324 8426 1366 21411 9762 8208 4347 18983 16520 15307 7382 
402 649 705 2942 2675 690 7847 394 215 1727 8925 1985 11021 6235 10673 553 3453 10789 4837 882 1741 1504 3405 3832 11192 3484 296 7219 100 9260 17626 885 12048 988 944 
403 650 1044 8140 4645 10403 20285 14647 2754 6726 3869 3025 1537 1761 917 20953 
404 651 9697 844 14232 4824 5772 2152 16765 
405 652 653 7267 1111 1892 841 11301 10743 4381 2101 11300 9893 8565 1530 10744 
406 654 683 10746 2382 10748 3991 4475 143 17484 2424 279 
407 656 1858 1101 1434 1544 5478 2023 12075 13867 2647 9062 10181 2162 
408 209 1969 4487 79 1389 7043 1326 7046 5655 1395 5955 3175 2880 7696 1178 6408 3051 
409 657 3701 2201 2374 7725 1521 11291 4989 375 20082 6542 20897 1258 
410 658 3707 6261 6745 11463 3764 13107 8784 13976 13184 8621 2965 3093 16837 13347 8028 14867 17817 15706 15318 827 144 
411 111 5695 19200 20581 2716 2717 10229 15367 20088 575 14353 3815 4179 7494 3811 20518 20445 2727 16114 7425 6724 7320 20257 23252 19873 6655 23988 299 11959 
412 660 5959 5961 8323 6702 2220 8816 10058 9055 3462 1580 10418 2564 9258 6713 974 13502 15026 1482 8829 15982 9844 16582 4800 11762 18852 17982 9793 891 14701 13034 19804 18487 1648 1966 1133 15018 13158 21465 22493 17437 
413 661 4494 6265 7945 4710 8152 8161 1522 8589 10498 10735 6143 3770 14466 
414 662 1793 1303 4662 5180 6401 7901 8016 3433 4640 1099 1577 10230 10893 1286 4977 8780 3449 10742 13267 4072 1435 12484 14008 14963 7679 2641 15816 6600 2838 5766 5121 2462 2835 2299 15358 4719 16263 2139 18974 20814 4089 16545 
415 665 4151 8773 15898 515 17827 1652 18632 
416 666 668 670 1969 542 3115 4768 332 4082 6160 6685 1826 8304 2023 8691 8280 10996 1406 2217 2332 4311 2056 4031 11598 6253 11862 10415 11269 10438 14474 1223 2448 15448 4739 2946 1539 5889 15642 1606 4467 7004 3488 8018 7313 5824 16389 13257 1801 6574 5592 19208 
417 667 2801 16147 11745 2659 6375 12990 6123 13404 
418 671 2145 4535 11374 4227 1115 7937 15097 16104 3271 17133 757 17497 15334 9324 7555 4083 21351 19891 2093 20365 12370 6958 3396 15332 17003 20524 8150 23876 
419 103 3286 3553 3958 5122 6022 900 6387 5305 12285 819 4294 16009 1349 19176 11010 17966 8300 1958 1730 2073 20720 3355 21368 
420 672 674 1339 10229 2727 8622 11959 5295 4179 8187 7946 7619 8798 16958 5253 9278 21360 443 11123 111 19649 12286 6828 22046 
421 253 3019 3402 3611 254 9839 9189 11846 11858 4769 2264 12417 9342 2504 2836 9809 20032 3551 20932 20252 3212 6745 
422 673 716 186 1158 1853 1941 1629 7138 
423 675 3215 5183 5184 366 2471 2016 213 5908 1004 12638 1854 12893 14520 14522 8175 13921 15375 14746 10172 6072 3576 16318 2785 16714 5763 883 1582 10521 11099 1697 14696 11216 2010 18129 17471 12354 11879 9200 12685 7666 13927 5415 13621 2280 10214 20472 19084 3388 6751 21304 2997 8218 19603 13756 9745 9182 1813 897 12051 15703 1583 2694 10218 10456 23774 22718 19542 10817 10270 2011 22651 22220 6837 
424 676 9691 16482 2264 4040 4377 9342 14441 10412 2700 16906 
425 677 1333 4639 3541 3297 5160 5345 2820 14685 175 15392 12372 17454 896 3180 
426 680 3262 9009 1287 7025 1245 6144 11747 1814 970 17195 
427 682 680 1089 2837 3953 7488 10471 12874 12622 12875 2816 10064 7675 7639 12446 11580 2199 17908 19043 13808 6734 7427 
428 685 686 2391 3704 2872 5103 3729 2112 5166 6065 6904 8059 8644 1579 3453 7453 1738 
429 467 14886 4402 12920 1643 7489 17669 14164 2167 
430 230 1857 67 784 525 16691 805 8681 11615 4489 16274 4200 3352 13094 11814 6559 4360 177 13172 20442 15548 18786 4227 6076 17589 10014 1537 2970 
431 687 304 1383 2067 11573 11360 5867 16729 12975 5106 6383 21607 22188 21973 12874 
432 688 787 2437 2438 2439 4099 7699 1647 
433 689 2602 2796 2104 2802 2807 2206 5509 5688 6316 2908 3471 1760 6642 7705 8057 2970 11169 13554 14174 5173 884 8528 11567 5822 15375 1709 17608 12705 692 18595 11808 10482 8175 12041 9760 18985 
434 691 692 4632 163 6088 11104 1496 12682 3248 15551 4907 15211 12677 2935 1879 11570 6268 10809 4253 3403 8443 17904 576 5272 10305 8205 12750 
435 693 704 3008 8428 11794 12478 8975 9470 4244 1911 6849 5429 17647 
436 694 7524 3870 1131 1754 11141 2176 1465 4138 10567 12272 9390 12978 54 19714 
437 695 485 1003 261 7115 9823 7277 16389 4227 9158 
438 696 699 332 2346 4924 6411 6361 12551 6365 1307 11898 8180 11130 14128 7216 2707 5186 609 5872 6408 2627 14928 5992 14059 5071 12438 20996 1306 14287 1460 15377 
439 697 1220 9411 20811 
440 698 841 2525 2527 6768 1892 2779 620 12323 3740 2146 10879 2771 2566 11530 17512 9930 7021 18198 14496 5931 10344 6786 1373 
441 700 6384 10445 2761 17189 16230 1883 6956 18724 6326 17861 6552 16337 11280 1074 15414 14430 17518 
442 320 949 3887 3171 15408 755 12423 460 1104 6073 8007 2189 8446 19332 257 12115 20676 12467 
443 702 2497 14 983 12338 16710 13214 9312 17585 2242 19281 
444 706 8254 3092 460 2768 8446 14958 6262 5594 4821 11162 13348 2703 1120 12468 11474 4689 1669 3750 10217 7739 11449 18904 16813 
445 707 714 2137 3761 4517 7133 8520 9793 960 447 10860 225 1297 
446 709 6605 3165 11630 844 5484 4498 14861 20583 12199 14428 
447 385 4124 5445 8866 8867 9968 9188 12585 14655 4919 14656 12600 890 19325 17188 
448 710 6603 8602 5585 8821 8822 3991 11827 4006 10883 3239 8042 10913 11387 10512 12692 14009 13303 14431 11874 11247 8292 8373 11834 12038 19383 18102 
449 712 3991 6553 17825 19444 8148 16676 15294 10968 18106 18355 4475 23114 23574 21065 3838 
450 718 728 2225 2278 3368 3422 4004 4996 2580 2447 1687 14905 5374 19230 5942 19860 18409 3830 
451 719 751 765 1175 1905 2824 4202 8796 3421 6412 8769 1872 13825 3453 14794 8215 264 2407 
452 720 3887 12788 1619 508 12291 2186 3899 12423 7377 4842 11200 507 21991 
453 721 3345 3755 6891 1363 7040 5374 6604 10673 7895 20036 3041 3929 8973 3944 21330 12222 8352 3627 17471 4852 4819 2509 313 10671 22951 
454 722 723 6474 12260 4536 8102 15414 1093 15259 21288 21575 20503 
455 726 730 731 5389 6472 9080 5934 453 6396 3708 3446 9458 3807 15838 9278 4129 15649 9085 5250 7383 13310 15851 14452 3853 
456 727 1246 1971 2613 6495 388 6868 1123 5768 6031 6071 3835 5858 104 4320 19035 18062 19593 15243 3572 15730 3388 634 
457 729 733 735 738 740 741 4479 5178 2628 6856 2038 6862 9106 4924 1828 6253 60 2053 1870 4082 8198 12186 4109 811 11948 7588 14290 12539 15774 16297 12675 16299 15512 13860 13614 14287 2313 6961 11183 12031 9703 16764 13247 11382 3467 4684 11674 13383 12704 21713 10824 11706 20007 8610 4410 2337 21583 19763 17132 10207 5521 22127 22284 22125 1364 1460 
458 732 6256 7957 1300 8457 2838 9396 1119 9530 9591 2030 230 7247 5675 10155 5218 13467 10603 200 13877 4214 4271 3608 2206 1878 4682 15180 2529 7910 10360 3592 17391 13620 
459 734 745 14714 8794 1413 4466 3634 20356 20362 
460 736 3392 8865 13519 2600 19747 17174 2861 20690 6750 
461 737 742 2742 396 5094 870 3236 8054 7442 11540 12140 11950 4607 15218 15348 6715 16859 16939 18438 11642 21140 20493 6555 7976 2030 1492 2065 
462 739 8819 9008 17292 18511 5619 15219 7737 17518 12092 574 1205 3537 
463 332 2023 371 2038 7308 8765 1395 6856 3360 10393 1805 
464 743 10134 11033 13336 12128 1533 159 5075 13825 7874 10377 9915 18361 8343 23762 23644 23785 
465 744 2579 3207 562 6406 1291 12494 12571 12960 13195 11339 14562 
466 84 3467 1098 4317 18420 14185 3700 10793 21583 7295 954 17961 4441 303 1467 7115 1307 4509 4452 11619 
467 746 4248 7094 7095 8968 8975 584 11501 11709 12423 10179 11739 11625 9312 16658 2610 10821 8112 13902 16332 5734 1798 4454 19856 4119 6498 21578 11717 18101 16265 2734 23674 21475 22295 
468 748 749 750 13469 1573 8403 8455 11568 3111 6665 14181 20081 19614 3928 21435 15750 2603 17105 3834 
469 752 3405 1726 9400 3916 10635 5858 14422 6266 15747 14180 1533 6321 17408 17681 18279 9681 15561 4249 18095 4669 18570 16053 7784 
470 753 754 756 757 759 626 760 8037 810 8344 11615 1257 4682 179 4610 11384 14038 7662 
471 758 1091 1384 2689 1615 1878 2661 2699 2784 4332 1478 4523 4634 4999 3435 4275 6254 5542 6557 2785 8519 7137 10361 3064 10561 3431 6250 8210 12190 179 4682 2065 9392 3592 12745 3933 4620 5900 2139 15233 4361 8206 15461 6328 15801 4468 15210 16494 16682 3189 808 16770 15326 17289 13016 17623 4216 2641 11178 754 9763 6243 5649 4086 6149 7659 5763 8452 5646 19259 3365 18950 2112 8415 10017 10483 1594 20147 2863 8310 3859 9364 1707 2199 7119 105 14817 20877 3849 21563 21088 11052 7084 4782 19531 12956 15893 673 10342 22379 17463 4502 22640 22641 19757 13704 16928 2206 12858 3605 2147 841 2399 3072 2450 5805 574 16318 16487 3081 10857 11615 
472 762 1964 12176 1207 15110 13456 9078 16663 916 2172 11161 11698 10443 18021 461 23386 
473 764 16643 8962 16265 12226 16557 16585 18551 16809 2501 
474 767 6471 6742 6744 7979 4727 4475 11874 10968 1732 12508 59 9486 4079 12201 4068 15294 8365 15952 
475 768 776 1264 1435 6181 7314 3363 1337 12646 13743 14062 17383 21039 91 1847 2250 10643 23208 6955 10026 1753 23261 
476 769 3979 4223 508 4224 4225 10424 5073 11108 8607 13940 1 14420 14554 5448 12423 1045 13438 1958 2167 2854 17669 2235 13928 7489 2098 2843 17263 22022 22173 18718 5051 3214 196 21971 5020 
477 770 773 775 2703 4721 3173 5495 8046 8048 4030 9126 1147 11008 103 9246 11529 8254 1791 8869 2130 10711 7728 12714 12712 
478 771 774 2389 2390 621 4400 4402 2133 103 6061 6387 7489 8521 9350 775 9346 2334 10240 10350 4899 12779 8477 4299 8601 16021 8985 16394 4030 1461 949 
479 772 5144 2763 4377 18408 16975 7194 
480 103 3214 1616 11260 12171 14557 1754 3412 4287 13139 12557 11058 4899 40 14723 1946 12216 17669 14022 18328 19332 6236 12605 
481 777 1754 3792 6236 6635 7502 1465 5051 
482 780 3029 13800 2533 20569 4599 3395 20714 19053 22089 11644 12763 
483 781 782 975 1259 1506 1510 1348 3378 4015 4017 6166 997 2981 7948 5598 4388 1807 1725 2536 1970 10653 11123 2737 13767 9458 13838 14001 18086 9080 18882 15308 7305 19461 12394 20032 4377 
484 783 2054 4441 5872 2857 479 4911 1221 1801 9268 21625 4221 20007 13912 13425 
485 784 1811 5238 5754 4100 2316 2932 846 17062 22509 22274 3437 4407 
486 785 3428 3711 4740 28 6825 5561 5554 10592 11851 963 13549 12667 14264 4360 16309 16331 9177 6470 7465 16928 18662 2206 1245 5569 6070 12275 12190 10326 20391 9683 8320 15751 2607 21174 324 1873 
487 263 1170 1078 174 5022 18044 10521 12331 1810 634 20304 979 19818 628 15266 
488 788 7313 1296 12751 16764 9997 18842 4487 3536 2347 811 6253 15919 10664 80 856 3266 1488 11948 21262 13201 
489 789 792 798 696 2522 791 2678 5588 1778 2832 11526 8826 13856 6845 4109 1565 6756 14928 5185 14544 7817 14238 
490 790 797 282 6423 12533 9834 13035 17940 8118 1743 423 17954 11009 7634 3463 3464 4342 16425 15307 19844 2808 20334 11268 8208 16112 20006 22230 
491 801 2076 2488 3214 17669 23557 5457 10301 
492 803 806 815 1294 7862 3481 1079 16419 9658 3329 904 160 296 5926 7970 
493 804 809 4844 4845 2435 4846 5867 11889 5260 16819 7647 19877 15497 2359 1245 17025 824 197 
494 805 810 1105 1106 186 1257 496 11998 225 4325 3209 
495 807 3143 6119 5915 6973 11509 10230 2349 11866 12505 17400 17548 7719 4523 20524 2289 
496 808 813 11768 11770 3445 11785 15784 18170 5351 18651 21079 3361 1312 
497 811 820 4768 4467 4926 699 12675 11619 13068 4263 10996 3200 2313 4739 
498 812 1847 9269 13585 6045 4368 1129 1783 2677 11945 11799 1106 12499 18918 5322 
499 814 816 817 534 313 8554 7746 2581 5720 16760 2532 2911 2468 6891 608 215 19709 
500 818 279 1215 3229 8922 8241 18064 12962 4116 17740 17746 3610 11405 4608 9317 13899 5998 6663 11116 14387 15147 3317 10514 15977 14284 17286 13881 
501 819 5406 12605 17306 15361 8046 17751 17966 442 2186 9510 1446 7516 
502 750 3546 3640 12822 11873 8371 1646 5835 4011 5393 5201 10006 2274 4897 9459 3027 8775 
503 695 1827 1844 1848 1852 2332 2333 1467 2337 2781 2827 3050 3051 3424 3512 3516 1799 3716 70 1829 663 2448 3508 8896 1483 1969 8814 1027 9383 9755 13068 1073 13860 5825 4394 6040 7254 1514 17064 14474 14148 
504 822 7141 6411 9006 4924 8366 7518 13721 9589 954 5259 13867 1832 4805 8289 5781 8547 17322 7775 17110 13068 17961 4913 8764 6301 2337 19580 5014 5992 2277 13127 8052 5185 344 6862 1255 10911 19983 
505 823 4358 2068 10540 13708 17979 1935 19670 9985 374 
506 824 826 1837 1838 2656 4083 12055 15437 12198 5856 1978 13069 3194 20013 4161 9136 5228 7919 3788 4902 10343 19534 7171 3065 22274 
507 825 8306 13273 4 2323 2279 15515 574 11300 293 9921 7774 
508 827 2001 10892 3856 13546 9426 780 6546 14090 20032 7183 730 3779 18104 6857 
509 828 1270 3472 1287 28 5114 11799 17735 8812 5790 6793 1878 1245 20408 2988 
510 829 619 4994 8238 8311 8370 8417 8855 3834 1902 17492 6294 9894 16158 18482 13613 9169 2987 
511 830 831 16840 10035 3425 15969 21188 7674 23483 9891 19136 8525 
512 832 364 8846 14896 17571 3898 18270 15320 19925 7990 15820 15981 3192 
513 833 11282 11285 3340 6089 6493 16142 16618 18293 4296 6726 17049 2676 20120 4722 2500 808 12334 
514 834 757 1814 9137 4700 2815 435 1288 13960 23 6258 5856 3136 4218 6243 7193 3248 12458 13365 2524 14048 1978 2065 1873 3859 12162 8612 324 10065 308 469 16033 2135 7066 18898 13167 10830 1181 4143 10346 179 9281 9181 3437 23119 8360 19892 21039 22664 20544 4610 10566 1975 3025 6358 3505 
515 836 1042 4396 4583 4595 4596 3700 210 332 380 6133 6394 12120 12983 11375 1326 9028 3995 14124 14804 1777 11755 9142 3488 2518 792 17229 19098 11621 12481 11706 13201 3179 7105 8814 16956 2593 5257 2964 84 18537 
516 837 839 843 847 849 853 8804 3282 9620 11073 1647 1729 13494 909 2948 418 12222 521 3725 3365 543 599 421 9271 4016 4151 3927 2916 
517 840 910 8432 10568 3154 11969 
518 842 2747 3044 3640 3265 4316 5041 5765 5943 6606 6930 10757 112 11648 854 12030 13113 11897 2020 5298 2105 3197 15514 9168 10786 14984 7124 16407 6208 9317 17348 12076 14447 14981 14213 4459 262 18499 18614 18756 4067 2003 19276 12590 1058 19535 9032 13455 8792 17740 9356 17013 283 7504 3955 20925 20321 
519 844 848 850 912 922 925 940 1122 1124 1275 1277 1283 957 1341 1351 
520 846 5646 4227 4072 9863 11298 1536 596 11115 15080 5699 
521 851 1113 1953 5543 5057 7964 1421 4234 4598 5042 2607 4818 831 28 3430 200 7517 6072 15124 16295 13458 3098 5900 8614 17163 18806 10144 18016 5864 19928 15434 4333 20303 17373 1929 15195 16697 268 17062 1245 19280 7326 6617 
522 852 6933 8223 8436 8451 6701 10224 8539 17458 418 5067 
523 854 116 3674 632 7132 11568 14288 10274 2305 360 5017 6606 16741 16782 8775 10007 6772 18555 10994 12234 4687 2274 10751 1386 11403 21620 8195 1204 22501 12703 21457 
524 856 2918 3103 1784 3105 79 1326 485 15690 2403 210 733 558 8682 14287 16389 4109 4672 326 
525 857 4756 2112 9908 4774 521 936 5092 1444 965 16311 3793 2070 1450 541 3097 19104 7397 9226 9593 15409 9287 
526 858 3936 2838 9281 6734 14255 522 805 17190 
527 860 2943 788 6871 1391 6488 3716 9439 1780 5889 6168 15060 8682 8271 2813 13867 3360 1576 9383 13068 
528 861 3048 4216 23 1611 6164 3403 81 3217 5519 10558 2168 8913 1797 1879 3314 805 11591 1480 808 6838 2163 13505 18713 18869 19099 3146 9911 444 21770 810 
529 862 2956 7176 15185 9249 18554 17881 2944 
530 863 865 868 4477 6082 954 
531 864 871 1593 22923 5087 6833 2711 9017 
532 866 6047 2723 2216 295 12417 6828 11505 12964 13337 13338 4310 9751 13312 4336 3029 15789 16734 17265 7706 18821 4920 241 658 19361 4429 3404 12602 3815 2651 9300 1507 21360 15627 14732 14890 4663 22190 2981 13224 3415 4377 7798 22046 19052 887 
533 867 3316 4446 4453 4501 923 5054 406 10516 1667 3761 5217 10418 895 16571 15988 17017 15819 9199 7714 6313 6806 11750 18983 19106 15487 3968 
534 869 873 339 10323 396 13057 11455 13863 3066 6135 5992 4947 12106 17792 3749 6902 15685 1395 1417 16858 15234 10942 19836 418 20773 5575 19427 2118 2112 4774 969 7874 271 9195 11137 1858 2313 265 21262 2063 20996 296 21138 22419 2876 2450 
535 870 23 3717 4288 67 1871 1611 11945 8342 5288 3310 808 1384 16642 11115 
536 872 874 1641 3554 2355 5465 6768 9966 3605 4291 11225 13556 4989 11201 6257 9389 2014 17269 10242 18475 337 7328 15880 1564 14010 5458 6385 
537 243 878 5615 2517 1719 11894 13731 13453 732 1384 1761 5558 11772 12321 12825 2519 1146 16032 21636 757 20246 7901 6151 20272 5174 
538 875 15242 3741 3207 13248 3796 13843 
539 876 1109 10473 10475 6243 9150 11016 1414 18211 14627 10457 21355 4695 1492 4072 21328 22976 22978 23108 23109 11182 9718 90 9909 23529 6479 19702 1487 22509 
540 877 1121 2653 2570 2170 541 3669 8051 1693 3388 2013 10667 10668 7844 10669 
541 879 883 885 893 4471 752 5485 3664 17648 7256 18638 11853 18674 
542 880 884 998 2247 7555 8903 1542 2326 10013 10017 11335 3849 2668 3143 12144 12145 1222 10914 10941 15211 4929 1976 3722 7057 13808 17046 10495 6245 6825 10484 17260 16998 17337 11468 896 14833 16803 11748 4880 8191 15433 14481 13197 8828 19728 20026 12161 7598 20805 18825 21385 18962 21433 13938 21491 6401 11182 4272 11934 
543 888 1354 3101 838 3847 0 3468 9158 9888 788 11508 2023 1410 5313 485 14128 11948 12675 4313 4684 13860 14527 4739 13867 791 17110 5779 3190 569 16512 15685 17387 11764 18897 16196 10737 4872 6465 6902 792 17414 3467 5786 11576 20876 21262 79 3196 6488 7959 17761 22419 13066 9680 9875 
544 889 4936 1635 233 8321 11647 8527 11649 12441 4614 6045 6314 
545 264 894 1009 13893 6720 8403 5214 1670 3130 496 13518 
546 895 2630 290 9444 9834 13502 10268 1242 13612 3761 13625 4758 3660 4298 9258 11286 397 18098 974 5739 5587 19430 1133 13158 15820 16574 5909 4976 13350 3583 3178 2839 212 16426 7724 11465 
547 897 3384 2112 4016 10513 13503 1625 1741 
548 899 333 6568 7845 4208 8319 8299 730 8028 9080 821 352 3193 21382 
549 901 5276 2224 10674 497 13251 10008 8421 13254 6838 12861 
550 902 1669 377 2098 7712 7728 4828 4688 
551 903 905 908 909 10156 1384 22757 2864 81 2367 6879 1706 2241 
552 906 11967 14363 15257 17518 4390 8228 4387 9897 15775 
553 907 17420 15356 7694 9850 3929 1723 14141 1342 22844 
554 910 2327 1847 2109 11550 12444 10491 12655 20300 
555 911 916 918 920 103 5305 7854 1791 5721 12362 6262 7785 11076 
556 914 3860 3696 7867 1294 1596 363 9850 10555 189 10472 5396 4819 15691 3295 3144 5680 2911 6306 1652 623 3629 18188 10113 13478 2476 11402 15547 14015 425 18644 12412 18884 15747 3046 5022 6975 2156 16514 988 806 10554 1268 2396 4356 2397 3793 17531 2433 7552 2483 13500 
557 915 1044 2342 3185 1761 3465 3485 3492 3881 6851 6424 3221 2199 2304 1537 6921 81 2168 3430 6775 650 10466 15618 
558 917 1288 3936 5778 6784 3154 8226 8627 11041 2326 
559 919 88 5861 14010 841 4581 2147 2399 825 2897 14705 1521 18065 
560 921 16158 4116 643 19791 21623 4897 19341 2846 20426 21868 1254 7460 
561 927 1570 3473 1198 6421 6476 3581 8519 12496 12856 12986 5717 2529 15155 9100 17886 19141 14468 3540 15124 5891 4480 11056 17366 
562 928 8291 8042 6308 14910 5745 4079 17160 18055 14338 12959 8292 13661 17125 19398 18385 17984 7239 
563 929 53 885 11295 8702 8077 10878 13866 5320 15493 122 15572 2255 17668 14245 18451 215 3954 2510 12244 3038 3387 20704 15639 3728 22672 1656 
564 930 2532 2616 2760 3099 3109 4391 4575 4584 1009 4716 4742 1706 5296 5487 3789 3956 6043 659 6354 7207 2244 12893 14428 16212 6593 17516 8246 16232 989 3079 250 957 9850 1712 13778 9260 2553 4890 1030 3244 
565 932 1232 1233 2597 5563 1815 12824 15547 10031 839 3861 3375 7810 
566 933 1603 598 12945 3859 1717 4430 2327 15565 10531 1202 7030 4259 6493 509 17062 4100 
567 934 4541 2982 9411 12823 9177 13729 15842 3025 1109 3612 16040 
568 910 935 1495 3575 1949 3587 4569 2087 6075 6081 444 3247 1288 1286 4603 8899 10342 12000 8983 4430 6062 5053 4102 5899 10473 4747 18221 20186 1148 12499 21643 4331 
569 937 7985 10282 4714 2058 11434 14792 15582 11254 16688 
570 319 15538 7003 2167 4997 8392 12477 16155 
571 938 983 8112 12678 7229 2436 8508 17549 18036 2497 13183 20413 20506 13003 15084 14450 2670 14462 
572 939 1458 2547 3773 1913 11083 7604 15530 11880 583 17719 11066 9628 5397 3634 1365 5831 2621 11110 
573 941 2377 3775 997 18370 3807 1102 22046 21360 887 12964 19361 4418 8485 3597 
574 942 963 2302 396 3348 3354 324 7027 11559 1211 4143 7181 8825 67 16274 
575 943 12791 1204 3735 7430 90 818 16741 2928 7733 12365 15713 13318 
576 945 950 179 2092 525 1878 6194 1493 6825 7341 3310 3087 7344 10780 11693 11921 1154 4200 6576 4154 1717 15283 2294 7573 6144 8329 1286 9009 6630 20997 23065 175 204 17190 1615 9281 86 17810 11645 
577 946 1006 9284 4541 15290 15571 11071 1493 16920 18982 
578 947 5661 7379 8201 9008 16135 7112 2697 18320 9806 348 8026 23132 12814 19654 
579 949 952 1135 2422 10208 13946 14237 10896 2903 15045 918 17141 9679 5594 13392 13348 15499 19549 3286 12096 1790 17359 22496 1104 
580 953 955 957 3165 4916 20212 17279 13846 9594 19335 16654 3225 10917 14790 
581 956 5765 4966 2846 19536 17342 21243 
582 958 125 386 981 982 989 1187 1403 1652 2725 215 1175 2786 2866 3079 3144 3254 969 628 1737 3780 4704 4099 4448 5049 4563 1574 161 979 418 8111 2112 8953 184 8958 6987 
583 959 961 962 430 964 1321 1019 1325 1330 1331 432 4378 3463 4799 4800 
584 965 969 973 448 165 979 1712 15781 9660 12113 8160 553 13552 2387 955 9409 5433 1574 
585 966 968 972 626 167 4360 18452 10603 
586 967 7074 7084 998 7086 7657 7661 2226 6570 8079 3107 12086 11725 14314 10276 18645 23284 23701 
587 970 3654 6435 2699 6436 6437 6441 6468 12748 12995 14682 2691 18985 20268 12745 2482 13288 9734 16980 6554 9508 2672 
588 974 977 1580 895 5151 4446 5951 5270 8208 10232 2630 22277 5959 2702 13419 
589 976 8042 3204 18642 6553 23373 23424 23114 20084 22637 3803 14431 13421 14869 10429 710 16997 21024 712 19563 17339 9692 18355 
590 978 853 12083 12204 2068 7106 4786 15513 10135 1140 14913 17989 8750 1308 4004 19558 7746 
591 980 7178 2540 20148 20149 20246 5260 8731 10064 7791 16843 6188 4610 
592 100 3282 909 5116 5857 7411 2999 1290 608 823 2968 15241 2886 15608 5181 2840 806 6758 2278 14137 5050 18619 248 19030 10031 13004 5334 16215 12265 7461 5296 6761 9767 10467 2675 
593 574 4946 2450 5991 1677 6173 2014 6903 7830 2923 1432 4351 11886 11310 11126 4710 2025 3605 12643 5058 4666 4668 16944 4199 14760 14705 7742 2399 872 14346 1451 18212 1795 7732 17290 9549 9548 6325 2201 5361 4325 15150 13035 5801 16853 4829 
594 983 984 985 987 8287 8346 7233 1066 14946 
595 986 1918 3265 3699 459 2239 6001 6146 7162 4384 10071 10786 9273 11528 11646 4013 12251 4589 5692 6515 12822 13074 13142 9796 13613 4420 9533 9448 2358 14762 6112 2108 862 14853 10605 15847 14897 14960 12910 6073 4340 16652 7790 10139 11510 6346 15457 11960 17419 5426 8425 7651 11110 5251 6497 16948 18233 18457 18680 3018 14717 18064 18793 6980 11690 17174 14663 1009 14181 17013 5252 5089 9757 20039 4897 1365 593 21277 20582 20321 21435 22113 2263 14361 14288 22404 17533 
596 988 1268 4022 1076 502 3704 10218 1652 3421 19900 22512 19486 22682 
597 990 6596 550 6709 563 7887 13215 2597 11194 3276 
598 991 1279 1281 12149 8087 3418 825 15744 13222 1966 1756 16646 8145 6890 15964 16695 3058 11238 9320 3206 15848 1667 2405 797 282 2637 
599 992 3302 3798 3564 4777 543 1322 6136 273 9371 2498 4824 13589 1308 10444 
600 993 998 3271 6212 18919 19411 
601 994 144 2704 11955 14799 730 22201 9572 12211 130 
602 995 3242 394 4516 4518 2799 3623 6560 7443 8666 17912 186 7637 
603 1003 1378 1660 741 60 1307 3665 8764 7268 10438 4778 7269 5898 80 326 1411 8459 76 18392 1784 15288 10502 6126 6488 209 5010 10850 
604 1004 3276 11090 9060 13640 13641 8492 
605 1005 10815 4899 12423 8607 5020 4842 2843 557 14554 6548 17234 16394 12868 439 
606 1007 1014 5066 4952 14036 8305 14687 7283 18800 12011 
607 1008 73 1011 2788 2467 2978 637 3326 2035 5412 838 6636 8270 3161 11486 6317 14336 8052 5781 1467 11654 11857 1829 13867 20619 836 
608 1009 13220 4114 4694 15253 15263 2006 5843 17342 1365 15277 19942 4896 
609 1012 100 623 1657 2999 2396 5215 4254 
610 1013 3565 796 5190 4081 5091 9568 11554 13986 14712 1075 14810 15535 16061 7332 16536 2433 2537 11206 11558 17302 5663 
611 1015 6538 12946 1865 20769 6125 3232 18537 
612 1017 1635 5630 365 2682 17784 9511 5043 1287 11257 13033 18178 3458 7975 6441 
613 1018 3775 4749 18899 3346 12459 2727 1927 8043 16470 10037 2568 2419 3029 24469 
614 575 1485 2115 288 2950 3573 3980 3815 4599 2965 253 7383 3410 130 9572 3391 10131 10419 10960 6339 1728 12872 11151 1219 6905 9080 2704 17998 2662 18849 12238 3409 8028 19447 10703 13089 19790 4769 3778 2743 5764 20252 20032 975 13717 19361 15280 10425 10609 3853 14063 2123 18770 3019 5040 21325 
615 1019 1020 2898 2625 714 6458 225 4625 9965 3192 
616 1022 2116 933 3021 4376 3737 8713 6717 1944 10762 3499 14350 15548 4682 12190 5263 3136 18201 4640 14349 8122 7679 5194 10890 3086 4603 19789 13938 
617 332 3191 954 3941 2062 13068 13860 371 11576 1266 21840 1483 21713 9703 21954 6317 
618 1023 3415 4425 8028 997 14279 14280 2765 3334 13107 
619 1024 3002 2683 3012 3016 3017 
620 1025 3517 560 7045 2309 11895 17601 3437 5238 1287 1493 6483 7575 2065 
621 1027 4394 6741 6753 16350 17054 7274 3827 4596 15685 13127 6901 16280 
622 1028 2064 2657 2846 2963 113 2603 2307 4978 4979 1670 4608 5697 
623 538 1030 1035 628 2070 133 191 2916 5050 
624 1029 3369 11094 4127 7574 18575 18907 490 12807 20364 19985 21075 16455 
625 1032 986 1034 474 1646 1573 1334 1630 10380 9784 1902 11110 
626 1036 1039 5877 7049 4007 10091 11834 10883 767 9449 7147 8144 4345 4006 13450 
627 1038 343 2738 10419 8872 7967 16679 7197 12062 12175 18513 2737 8497 10736 18080 
628 1040 1041 885 4571 6855 4249 8578 10623 10628 10605 7165 
629 1054 130 2216 1102 5753 6857 8028 10609 8621 9458 2709 11955 12686 6828 8533 7459 10410 2836 168 443 3024 9083 17450 3443 13107 8299 18988 2651 3611 17817 2264 
630 1055 4758 1666 7198 13048 5038 290 890 2406 11938 5335 3614 14295 6313 14296 14182 9663 8496 4612 2317 15957 8067 16921 10596 
631 96 1137 8028 9458 730 15649 4769 18821 17817 18449 22443 22703 
632 1056 1407 0 9 5872 13867 15061 10664 1395 18058 10824 16673 371 4478 4813 7298 6636 
633 1057 2396 2401 1186 4144 1727 7916 10163 7180 12269 9637 6517 14077 
634 1059 391 2735 5734 6695 12294 4132 13423 12173 1468 
635 1060 1061 4729 10931 3434 18127 17025 18016 20919 21039 10142 4927 8482 
636 1062 13837 14507 3834 7922 21650 5304 11544 
637 1063 827 3212 3346 1922 1920 2575 14092 4656 14887 6248 1846 2769 7566 17699 
638 1064 1066 4147 6498 6849 8338 10496 11165 3905 12764 12118 13163 13415 450 11758 7331 11451 19599 13718 10831 23211 584 
639 1067 8790 18054 17852 
640 1068 3321 5936 2717 11634 15281 18263 19055 3775 3309 8117 2719 
641 1070 7748 6678 17743 9137 6475 11254 24680 2109 1679 5849 17062 21179 1493 11994 
642 1073 15662 3795 8830 4311 6408 1848 3359 17298 22275 9641 
643 1074 9571 10785 11603 6463 841 17532 2361 13571 4581 8129 14705 5792 
644 1075 8047 8871 12133 15497 9264 10365 10964 22274 4161 
645 1076 1318 690 3144 1035 2236 6686 7453 3421 313 5749 15152 7184 5926 2911 12233 106 6708 13812 6621 3942 8723 11390 715 386 4202 1985 613 19427 4890 3916 13162 19540 5018 1268 2072 2134 19172 19818 2558 21019 6153 20486 20274 20747 19026 16159 19539 19518 21223 12244 548 
646 739 3569 3593 5989 6163 7708 2256 2373 10010 4063 9339 7793 4666 2929 4239 1125 16276 13291 3277 17393 4986 7972 
647 1078 1079 1080 1246 4819 9301 12412 563 8796 13830 5166 7184 13927 20519 23910 
648 1081 1082 1085 1207 9667 18424 5002 18618 4821 
649 1083 1118 3873 5417 6137 1154 261 1518 5663 6177 1383 16545 11384 6363 3787 7373 
650 1084 5217 5223 4501 6070 444 2776 732 808 5646 9286 212 5074 14930 4907 4286 2367 5084 
651 1086 1530 2755 2761 4191 2521 2690 2779 16453 2777 17861 19502 22611 739 21288 8743 
652 1087 1446 103 8952 9132 11668 1433 15506 1946 18815 14805 19779 2425 20592 18121 12382 4688 442 18275 20000 11484 
653 1088 2256 4873 6265 12232 6376 12733 6305 5408 1432 15221 18623 17347 18254 18198 20142 4159 4326 19537 21127 
654 817 548 3075 3704 1599 133 628 3329 625 5187 2391 2911 184 9660 12511 25 2986 6669 5995 6621 617 1591 14178 14427 5200 5334 2598 12237 9221 1712 16140 16180 14087 13864 16858 16287 8827 1737 7418 3097 13766 17531 7847 8550 2112 17968 12356 2811 10209 6904 1175 3253 6065 5749 2596 10135 15547 9811 5018 18884 165 2031 6342 3302 13416 14228 7347 5469 10969 20017 
655 227 2237 1714 4065 10787 10067 15697 16718 16773 11225 10010 17518 6326 11532 18320 15219 2450 18049 19389 10304 20154 5801 20626 7703 2412 1572 3783 6522 8110 
656 525 1090 1091 1278 5554 1148 5561 5778 10985 3474 1847 10889 810 379 1929 1638 13063 3863 8963 8957 6630 589 6076 4610 527 324 2249 522 598 896 5218 13027 6717 1202 16604 
657 386 1092 1096 3650 608 8554 7682 13649 3269 8958 
658 197 5683 5505 1490 6889 6895 4544 3086 1882 5070 2274 1568 10726 12411 13315 13316 3080 3695 13318 13319 9598 13320 6024 11665 2335 1593 10140 5211 4591 14897 8727 5836 17491 13537 3734 3111 6826 3714 19706 11817 10221 20119 7359 14070 
659 1094 4715 18522 2147 22061 
660 1095 969 189 5187 13491 10542 2112 11957 17471 10535 13297 2962 5184 19923 20304 19105 21725 12254 
661 748 11560 6453 1229 14321 2029 7430 1824 2729 6981 
662 1097 1429 1430 2509 2541 2938 104 1078 3276 4551 563 5809 5965 543 5966 2818 5995 5997 174 1035 969 6057 6063 1142 6525 6533 5485 4403 5516 7567 9361 1872 313 3005 2998 10600 12420 8059 
663 954 1098 1858 12157 17387 3676 16389 266 20996 21262 636 19763 6486 1326 12675 16377 21954 20007 8052 20421 609 21583 3115 14313 
664 1099 1222 1310 2151 2557 2899 3065 681 5294 5578 6020 1563 6963 7674 2400 1936 10272 11694 3146 8670 12890 12980 13002 13064 13302 6726 7902 1934 13792 5876 7766 14550 14624 14680 14566 229 15365 15415 15476 2461 15840 10430 8266 7944 17033 444 3271 2599 9602 3849 17664 14999 268 10650 5900 12470 3921 18318 18364 8845 8908 18232 12808 18241 19095 19134 19274 10484 10603 10813 19668 10026 3522 17073 8949 14309 8410 20258 2677 20467 20299 6181 21061 19517 3592 13136 12217 2384 4071 21413 19368 16189 21733 21003 15461 4407 8023 18974 22140 11374 22423 16790 6362 22482 22748 12484 22883 10914 22558 18003 2402 23226 20110 6028 12672 10334 15577 4846 
665 1101 1221 656 1223 1224 1166 209 1434 1539 1540 1541 1544 1306 2964 2669 495 6802 6654 2162 3124 3847 8069 13093 6312 2465 15768 13342 1404 2053 9062 15961 12654 14320 1930 6707 3057 9625 1858 
666 1102 4245 2578 11168 3091 1758 4256 111 11955 10892 10192 10121 9799 
667 1103 4906 4227 16491 13032 17616 884 3310 
668 382 1108 626 3237 1974 831 2621 8128 3783 1630 1670 
669 1107 1216 2196 6571 4384 119 8697 4738 11284 1158 9682 7391 11782 4524 757 1742 6972 616 2991 12730 3133 6258 430 19898 16014 7124 113 3111 2358 3116 1710 11471 5765 437 4238 13391 3695 5392 19971 11780 14872 20321 15193 7182 1227 16694 8923 14491 22404 452 10751 648 6665 2928 5332 1169 1988 15297 11648 14941 15488 5633 19765 17270 11960 5763 2785 
670 1110 1111 3600 3949 1530 5671 872 906 4387 4581 6398 482 3243 2459 11063 2014 9976 4862 10242 14705 15775 2256 6768 15594 7266 11603 2525 11967 874 22367 9814 20808 22999 19659 18522 16450 1892 
671 313 1114 8796 16052 1080 15731 6078 18678 15224 9836 9785 7610 
672 1112 164 4903 5492 5494 8802 7101 5600 5597 4398 5578 808 12766 19328 2500 4115 6393 22697 19395 1679 18119 8410 8863 22423 
673 1113 1944 4562 1302 7222 1115 1838 2454 5505 18067 4981 
674 1115 2067 2979 4072 4354 5153 6570 2820 8363 10255 6162 12370 10026 8949 8885 11431 14500 760 17193 7517 19157 5822 19368 3873 3499 21242 21903 
675 1116 1751 1003 485 1307 569 2813 5972 5986 5988 2955 3656 1359 4582 3709 13068 120 868 6966 6707 12541 2788 
676 314 1214 1321 3715 11544 11978 12036 6597 19826 12158 20388 13487 832 15530 20709 
677 1119 5678 10945 7952 9484 3081 6435 2801 12820 8929 8527 7342 19786 1165 22065 15284 2051 10021 
678 516 2567 3746 8550 10324 2532 990 13923 3343 4338 3365 1238 4091 10715 18588 8796 13478 21195 
679 1121 9073 10349 1096 14433 214 17796 
680 1123 503 2772 2860 1644 1909 3923 6342 10987 11170 12422 10905 965 7969 4498 12817 15909 11421 16765 16908 12951 6371 16760 19002 2170 15542 19943 
681 1125 2279 4063 3418 5641 2256 2608 3318 8282 10879 2521 14727 8001 8280 397 19418 14395 4043 4390 15075 13734 3034 
682 1126 3976 15210 13755 15117 1287 16129 4753 937 24151 
683 1127 1129 2815 3231 3433 3437 4160 4168 1362 9256 9257 3859 1930 8972 7638 10466 3493 4735 4081 2247 11721 9911 5271 4449 11460 2248 13206 3466 5085 2660 13032 2841 4695 15042 13529 10026 2970 10709 14072 4469 13862 13795 11889 16026 8010 4200 4289 1742 16570 11702 10341 2461 2326 14512 16075 13511 324 2838 17530 17890 14771 1878 17988 18056 793 9113 3939 18288 11254 12458 14811 6468 901 18705 8127 13329 19102 4161 9398 14425 13937 7982 13505 1148 1706 3322 1200 6141 10812 5421 10433 17236 7827 497 5426 7273 4549 7119 802 1204 12492 5646 18127 
684 1128 1327 4380 8520 14877 18356 15018 17098 13904 12223 20417 20726 22290 5361 22804 2953 
685 1131 1217 1218 2667 2674 2855 3870 40 6810 103 5020 1172 10079 6548 2878 14379 2194 2902 
686 1132 1103 4278 2881 753 13094 4286 20014 3582 16069 4990 17701 6002 15284 22817 
687 1133 13732 17397 20370 7924 21128 5959 8699 22810 9500 3342 
688 1135 3245 6427 8883 3887 9517 10665 2854 8156 4955 12471 14805 9488 11703 6738 1619 18975 8046 1946 2186 
689 125 25 3118 187 3126 690 3094 1268 5373 6614 3696 2811 6679 6266 3574 12028 2112 7206 10352 3144 3944 2986 2598 13812 17471 1696 3636 4099 2653 19427 19518 3942 3421 15337 20036 4339 2596 19290 21384 
690 1137 5389 8028 10609 13932 6067 11955 12214 7434 15649 17603 1636 10927 18080 18702 6261 19461 3309 1033 15318 327 21474 22042 13717 
691 1138 7401 12672 14930 1302 274 6889 16642 6344 1528 12162 1154 5767 1303 2463 
692 1139 1140 5104 5373 10279 4677 12913 9637 15163 14508 2615 17408 16540 3165 1644 19570 4553 15527 22774 19542 
693 1141 6073 2922 8371 14283 13316 4011 10274 17121 2424 
694 230 1146 1150 3909 2677 6461 8728 4143 4430 7022 12969 576 8771 
695 1142 1145 1114 778 1152 1153 5566 1568 4028 5833 5835 5836 5838 
696 1143 1784 485 4467 873 3191 1805 2984 12675 1870 2330 3128 1581 16377 5385 15777 11576 280 18088 
697 1144 1733 2944 4707 5069 921 6246 1254 131 8205 3834 13881 1918 3033 101 14762 14181 13730 1824 15530 9267 6590 17429 14347 999 19765 4032 11840 20475 9096 1413 16703 7504 11783 17270 5254 8238 12891 4197 17831 587 4923 13074 23713 9665 3130 19946 
698 374 1244 3000 3259 215 5199 3696 7153 1030 778 13145 3574 13727 132 10427 25 14537 7822 3148 3860 5997 2407 15651 6517 5187 6709 16051 13296 1284 296 19308 106 17169 4169 14637 3308 18459 538 21394 2553 21907 5757 11879 22283 10406 1610 4338 20068 20386 5995 12996 5079 3276 10555 17970 13811 23186 19428 16732 565 3745 3423 989 10628 
699 1147 3422 21105 9724 5667 21813 1619 4295 13799 9895 8416 12423 
700 1148 4598 1657 20910 13329 21352 22142 4493 11341 197 
701 1149 5491 1347 7905 10210 4345 9198 2417 15643 5036 13110 18325 4090 3201 
702 868 2465 10323 11764 8505 14148 11420 8764 
703 332 3516 280 11493 7043 1895 1003 5986 210 15642 7141 8236 10152 17819 14148 19671 5898 9158 10910 13867 23381 8200 23259 1391 9357 8814 
704 1151 17130 4604 20996 2204 14248 2337 1395 16389 2949 3260 2077 7817 4579 10633 22958 21954 8314 1221 5588 
705 692 518 7457 1353 1797 12166 6118 12395 13200 67 16282 7084 9719 1603 186 3936 11389 3136 4449 20414 6198 4685 5288 2294 10870 
706 1154 181 6717 6391 9281 1569 379 7307 3136 3859 6840 3445 13329 3339 1436 3425 6256 2109 11003 188 
707 1155 1157 6100 1961 6101 6102 6105 7745 7782 320 
708 998 2053 2062 2164 91 1307 1296 4467 1136 4191 4609 
709 1156 9441 3838 9711 4727 13067 1039 15593 3817 15952 5036 20926 8144 
710 1124 1164 1167 4265 9098 9804 4020 10905 9127 2365 16226 16834 13701 18509 8162 1449 12979 10569 5670 14548 13216 4916 10444 2974 6412 19713 20993 494 2498 
711 1158 7378 5423 4593 11925 8864 5119 7490 2066 620 10862 6081 2449 17233 9549 9609 4989 1892 
712 1159 79 3233 1133 232 4757 5149 5152 4924 3108 8682 11629 1359 265 12613 2515 14988 15595 1178 16364 16521 7698 3586 14738 5170 3468 8332 1852 14191 5848 13357 73 5763 3580 663 3961 1916 19056 9429 5889 2759 3047 380 120 3865 209 12576 20161 
713 1160 1169 3689 4197 5302 864 6073 9894 4558 471 3111 4687 8371 6515 13710 13519 3114 16236 14853 10514 8153 3773 5210 1568 131 8886 6453 19967 11802 284 10139 21480 10966 20103 21999 3620 5882 16219 
714 1161 1677 4108 4112 5987 14575 
715 1162 1163 2626 4092 4093 7731 9170 3603 12169 13487 2823 15026 23764 19874 16391 21009 13840 22812 4758 9986 12526 20726 
716 1165 3711 15755 2206 7211 3205 16487 21688 18797 13155 6779 12190 11178 23529 8060 12518 
717 1166 1576 210 2035 2053 1011 2077 3022 7 4924 1364 11746 9439 5281 485 13867 13102 16863 1848 5384 16512 13687 1895 1606 6636 19423 209 1802 
718 1168 3617 3619 5027 10443 6549 3274 18193 2889 9488 
719 1170 48 1180 1182 1184 1186 1194 1195 1196 1210 
720 1171 3180 1823 3367 3488 3557 3683 3676 4313 2964 9863 5475 14481 15451 16189 6374 19301 
721 1172 2120 8985 12423 13842 4821 8136 19810 4649 19332 
722 611 1175 4009 5576 8955 9745 12921 1595 9099 14934 8109 14943 14696 13298 17309 957 843 15625 10136 7590 14359 2134 
723 1173 4589 3220 10138 131 10139 10140 3140 10751 468 13175 16736 471 11711 11445 648 
724 1174 10408 11224 8748 4595 6285 12572 
725 576 4174 6214 1109 3129 6366 179 3354 5218 10584 3310 1496 14925 20435 3863 5733 18138 
726 1177 2829 4552 5197 2179 5687 396 6207 6372 500 8957 8864 5593 6081 9213 7045 9216 2841 1878 9298 9891 9956 4882 1744 7249 6147 6631 4620 525 11487 1528 11868 11869 12086 12290 435 1612 11686 13023 9287 13025 13028 5613 13030 12795 13031 13032 10076 9275 13404 13473 13524 11335 11803 1300 9770 3663 14072 4331 14215 9717 14216 186 673 5924 678 4753 7894 14255 14016 4227 1202 6144 1487 7640 10365 1676 11117 203 1975 197 2500 7661 14815 3081 3938 1679 15192 15249 15250 8728 2036 11540 3632 11002 15210 2206 1493 15717 2932 881 886 2351 6302 4371 9584 2160 5220 2297 4143 2135 4871 2754 3936 8789 13968 10302 4369 3473 2540 16245 16246 251 16429 16433 2177 934 13620 9581 17052 8519 16789 7030 17062 3146 7250 4268 2606 3921 17633 10162 14037 18060 11950 179 17025 12037 16821 188 1499 18131 18147 1105 3150 18262 17084 13230 4095 18391 11680 10026 9654 12628 8088 12190 16487 2881 
727 1178 4452 4825 4826 6591 6755 2063 4975 8691 9841 12407 1266 10873 1395 4109 2023 2204 15595 13867 741 6363 10662 17096 791 3911 4579 2522 15189 12573 1589 7048 479 792 344 2403 2273 1011 16364 17541 17761 9618 895 8744 
728 1179 1183 1185 1175 1193 1699 1322 2757 
729 1189 1199 1202 1479 1542 6959 5060 7613 2654 3400 12861 808 14340 9404 650 1353 3871 1401 15014 15015 6651 6634 7797 6838 1382 12333 7662 17866 2375 2214 15225 7193 870 6919 757 12808 840 17041 2109 6204 9007 6847 16349 
730 1191 6975 5022 174 4004 806 18837 5726 14676 1078 4498 2396 3005 9099 6974 
731 1192 64 1533 6880 595 3572 4370 3329 857 3916 8986 9587 2081 7663 7956 13294 7219 2174 
732 1197 2456 1239 3981 3790 498 4952 1373 4043 10629 7709 4616 118 6385 3950 482 10102 12668 7569 18220 5321 18511 2323 7010 19355 7920 11679 19482 5723 7925 1849 9549 14761 
733 1200 1204 14407 1169 15453 15761 18142 16362 1573 11711 20582 20596 8865 
734 1203 3621 6612 11380 12447 607 8911 14525 5540 3561 13573 15828 14562 19742 21156 
735 1205 4291 17518 20049 5656 19119 14444 20940 2369 3514 9897 4593 1849 12668 7732 3945 
736 1206 1362 14625 15377 1464 7262 11142 15662 1404 15720 2446 21262 11579 18105 157 
737 1208 1212 2570 2574 2576 2580 2581 2582 6782 6833 7287 9557 2872 12933 
738 1211 5083 5084 7978 1871 3843 11901 11902 2481 3348 1300 5837 8681 4102 8612 17236 9956 8093 18189 2131 4564 3236 1929 4288 4371 5856 4882 5613 23271 
739 1213 4956 1793 18901 5180 5192 18209 11509 10491 808 20205 1171 
740 1225 1230 8398 8075 8486 3973 18442 761 6786 18443 4239 11301 4112 10204 7143 11696 19645 3072 8244 
741 1227 1228 1229 7504 5627 10206 6296 6665 17331 
742 1234 5136 11817 10514 4897 19834 20321 19646 6073 8923 22113 17606 1779 3628 22548 17259 17550 452 2018 121 3781 3116 15836 4384 23407 7359 7430 2428 15800 21875 284 
743 1235 1490 12044 6496 4603 15956 9307 908 1109 2704 8518 1978 17678 9402 6019 4719 2660 1974 
744 1236 1237 1104 5430 5019 1951 12935 5554 
745 1238 1740 6284 14908 4356 11013 6709 4202 18594 13478 10789 13818 19540 2962 2280 15656 7694 19900 21256 13085 18171 17905 13165 8823 
746 1239 1136 1937 5989 4063 3534 231 4494 6325 739 8718 367 11666 16247 
747 1240 1242 1243 3177 3178 6171 8640 1694 2477 4173 14203 4380 4915 12577 15034 15035 
748 1245 5155 6518 5243 1493 12111 2435 11822 4575 11560 4742 1989 5210 864 2729 16522 1154 
749 575 1253 4041 368 5764 2743 3309 2008 3443 766 20032 
750 1247 2155 633 3262 950 4610 7442 6879 7025 10639 594 2838 4023 5083 12945 576 12357 1436 5003 28 589 11889 13365 10342 11355 2195 11768 16040 16925 1105 4879 4927 5525 12458 17354 13160 17721 5499 9648 17530 808 11487 6344 12965 14298 4192 4237 12163 13795 181 2435 4371 3431 793 5683 1454 2160 23 4818 1353 17036 18016 1822 11251 220 16522 201 4288 1614 21932 7601 13374 324 11189 5754 5155 2224 
751 1131 555 14974 2724 11703 720 5457 14439 1688 1952 2002 7516 
752 1248 5236 875 14390 12615 3208 13106 10062 
753 142 161 8773 10381 1741 711 13871 1567 3097 11173 1596 6987 7154 2786 21655 
754 130 3187 3193 3602 4242 1219 241 2704 4015 287 6067 9838 10189 9345 10609 8797 7842 7459 6867 7494 13224 2008 3814 13909 14025 14334 14535 8043 6200 7619 4037 10927 3599 12961 9706 11151 1704 8839 1201 8356 3212 899 12178 4765 19053 7768 18104 9742 18821 7863 
755 1250 9648 3711 14584 15210 15043 16959 13018 12372 17519 3435 16928 6470 8938 19058 6997 20050 389 16573 905 18364 13134 1874 20757 20482 16069 
756 1251 3208 6113 3621 2579 3207 8375 8708 8376 17168 10336 1851 
757 1254 2729 3198 3695 4589 6336 5697 11510 16581 5111 17357 2006 1593 459 6750 
758 1255 1256 6139 2049 1411 2346 10438 747 17110 
759 1258 1262 1263 16483 14693 18844 11347 1896 17472 8758 5794 20843 17233 
760 1259 6221 6662 3026 253 4769 7946 3777 6857 10121 3447 3334 9080 14001 10405 10032 3410 2704 3764 13909 286 254 8028 5852 14765 19244 19584 
761 1260 1261 4359 10271 5514 4088 662 15770 18332 18853 18709 6618 3164 17058 6539 
762 1265 2002 1963 7712 12712 12714 1465 2172 22490 12423 
763 658 7514 1920 1636 111 15033 241 1137 994 2008 3415 13107 6178 18085 3853 6568 575 9192 7967 3210 
764 1266 2857 3712 6126 1003 2880 741 17680 2164 20007 11589 1307 16389 6360 4703 
765 1267 6482 6192 7219 10983 2365 4471 20359 1769 21378 6321 7455 7755 6788 386 752 
766 1270 7393 1555 2168 8972 13261 1070 6123 20921 12596 4372 4154 3430 1158 21849 4867 9499 898 19799 3248 22361 
767 1273 731 1350 994 1357 2008 7640 732 13369 589 9424 9426 3187 3778 
768 1274 7519 1851 11440 3414 11146 17481 3307 19205 1380 11881 12786 6406 
769 1280 1282 1389 609 6486 6488 332 2347 6082 2403 2077 13159 2467 4581 13244 13571 14926 3961 10882 11816 16962 10232 3359 1266 16409 13120 18828 3102 11619 16512 811 10850 5384 7110 696 9429 10207 12675 4992 232 15115 
770 49 1599 2152 3263 6074 136 6469 6954 6962 1861 2433 7822 8249 404 1153 5226 9918 10039 10944 5487 3000 4801 11555 12886 9469 14825 2597 3278 1097 5028 15780 778 15049 9276 1769 16776 2331 17169 4819 1729 2509 6904 17924 10385 2441 13042 15547 18531 3308 6761 5079 3956 2020 6130 9168 19426 2278 7347 15966 143 19994 4169 16330 5714 11148 4549 1737 17626 2986 10638 2725 21383 10555 18884 4551 6575 617 1193 19567 19701 19540 11019 9226 10077 19975 10045 8973 17968 20870 10432 2916 
771 1284 3908 553 7347 2916 3927 10299 10683 11397 14211 5838 100 10673 1035 2291 15337 12412 13927 3944 3319 
772 1285 1289 1290 1538 8232 11157 7128 12248 1475 135 10978 410 7632 7671 21064 13042 14294 1283 2582 18852 19386 16574 14631 890 5285 
773 1286 6121 12163 10008 28 9137 834 13069 19690 1300 14566 
774 1287 13876 10014 8023 16089 11850 7134 22500 19719 22946 8313 
775 1291 1748 8626 8386 11030 8961 9728 13275 13236 14901 9214 9531 15883 4401 14464 8380 13358 7519 15244 8263 
776 1292 2549 2948 3088 3375 3861 5605 5722 6886 8268 2439 10716 8984 11095 7541 2331 11957 8773 
777 1293 16177 16502 8558 17005 5254 12418 3197 854 3965 20066 
778 314 1297 4501 6111 7060 9262 10724 4347 17634 7132 17959 18045 3455 19144 16520 20603 
779 1295 1299 1300 1329 1335 8315 6268 7437 560 2342 18505 2496 18546 2036 6123 1563 805 4288 19707 7066 22580 8181 12262 1490 13512 
780 1296 120 954 12675 9515 10590 3066 2286 1389 9362 1306 3865 5367 21954 13663 210 1494 6394 13560 12120 6317 15120 
781 1298 1927 8319 1063 11819 8469 12459 1704 12188 7194 16042 4377 9291 333 287 17938 15838 6221 5701 1023 111 20032 19577 19790 3443 19552 11644 3446 3019 
782 1302 1305 1115 624 2917 4637 5328 6935 7546 6307 6958 870 4622 10652 10026 6356 11606 5348 5631 4071 15358 2641 17276 17816 5646 15334 4613 18673 19254 16097 901 16551 
783 1303 1302 2917 7548 4307 1115 8908 8910 
784 800 3260 1326 371 12675 14290 1895 9886 1391 18027 10348 7500 12481 9382 15685 3653 9824 8459 1389 22966 9515 21954 
785 1304 1477 1935 1674 3698 7209 7882 9320 388 1869 13216 4148 3793 4349 4018 14069 1184 64 7838 386 20192 5858 6340 4661 18361 4795 12863 7663 7188 17681 13498 21399 20089 
786 1308 21223 14069 21095 23860 23861 5015 1092 165 3922 
787 589 1528 5599 7446 1288 197 204 8443 8940 5593 3859 2249 4610 1154 22213 5283 4603 7539 
788 1309 1311 1639 3427 4031 485 5992 5993 5996 1930 4542 5259 6685 696 838 5824 8412 4546 2330 9750 4926 2053 4768 5063 5972 1606 2332 1870 10850 1734 1830 4672 2169 789 9439 6360 6168 792 1581 12675 2193 11792 5384 1832 15919 14287 3050 16409 3683 8468 16458 4703 12688 15189 10168 13068 16389 17399 1916 11862 15685 17776 12539 5275 10127 7043 1098 332 2788 735 2955 7048 2344 18846 6871 326 666 13782 
789 610 1313 1314 435 1857 2195 950 2776 2557 2778 2825 1549 4490 2560 1529 5083 274 5782 3608 1115 2461 4535 5238 6468 805 760 3437 2899 3310 7045 2748 8581 5044 9215 5062 188 11452 6391 11813 9447 1717 4432 6207 5271 13365 13793 10777 5045 10985 3430 15067 15069 3135 15565 1247 15210 2215 6631 2304 4695 8441 7178 4603 3938 12008 2804 14007 16978 9171 4096 1245 12945 12357 197 5924 4851 1317 17530 2803 11947 11457 9956 3043 1384 3646 6204 1908 12666 175 3859 19493 18138 19702 8732 444 1493 15437 15369 926 7079 861 18922 19457 3354 13094 7636 201 1651 6952 18898 6290 13458 9281 19368 5597 594 21552 9763 858 7971 7345 1106 1882 11615 1679 7432 2970 22482 22483 20963 22577 5276 17036 6757 3495 576 22274 9111 9899 22659 6004 5736 
790 1312 1990 2749 4515 8965 3376 171 3969 8816 12457 4446 1019 8013 5622 7999 2535 6466 9262 6818 12158 1684 8219 5054 8996 7670 
791 1315 2251 2358 2956 1144 1531 113 9092 9140 9297 8003 9363 1200 9427 7998 11481 5302 11586 459 14283 14611 3783 17511 15443 2922 15609 19123 16492 12910 20985 3610 16502 4901 5943 18550 13537 17491 20150 5843 20902 14924 20967 131 14288 18482 23397 2335 23583 3686 3896 
792 1316 1319 2777 5608 5609 14747 5269 3145 14692 5213 3695 4868 1204 
793 1318 1194 2505 2510 1175 104 9637 16181 14689 18316 19632 4156 21726 313 2407 
794 1320 3297 3305 1940 3524 4607 4614 6045 5205 6050 7149 7150 7152 6220 11561 
795 957 1819 2859 1078 2312 6987 3453 516 8796 9182 3704 3387 751 5719 4339 4419 2295 6043 12104 3928 4994 15073 2547 10380 15578 4028 13927 15731 13413 3884 16970 16971 17334 4819 9370 17471 3927 2230 4436 19570 1596 10673 1909 20958 20704 12489 19619 20747 19540 17691 1175 21195 263 19054 5652 2999 20596 10286 
796 1322 1854 4514 4254 17527 10713 15337 330 8827 1517 2911 2604 1294 19975 21521 22103 10673 15547 3629 6720 2018 7281 4013 6095 19628 9785 4011 11445 8173 2621 931 1706 15966 19426 1860 3295 7316 8068 7396 16709 1246 10763 2171 388 2072 4403 4356 9681 13478 24587 
797 1324 2372 3470 136 4462 894 1016 5166 1030 8453 2396 313 10045 26 3723 9887 6038 6428 12045 418 12639 3453 6400 10118 1696 5995 3558 14186 13953 7435 15733 5965 10673 2597 10125 13289 9059 1180 9443 3780 1727 19363 11596 15547 613 11047 9843 2476 617 20457 174 53 19709 19172 14077 7461 3745 7762 21913 15572 1292 22337 22412 19900 22610 12932 16772 5226 4508 6700 21521 22849 8796 12805 
798 1334 3106 3955 8333 3127 3145 1824 10499 2928 6175 2958 18941 14361 
799 1337 810 1496 1335 2258 2202 1025 7481 6076 527 8062 2748 16198 10949 480 
800 1136 1937 5065 9165 8398 1225 4989 1373 3973 11385 7329 11987 11988 8171 13073 15496 5308 8278 7469 2361 18427 18598 4044 17518 19683 3243 9966 18624 20680 
801 1338 3541 7717 9038 9795 1939 11671 8643 17278 18185 12952 8090 
802 1342 2426 4420 5527 5738 7203 4022 438 11206 11386 4471 3295 6708 20344 17015 
803 1343 1577 2587 7214 12087 2319 3065 13792 16983 4640 16555 1978 186 518 7101 6401 4602 4355 19368 12387 3164 
804 1344 553 9409 5396 11377 17382 5373 17394 2180 955 7219 4175 2805 6569 1810 9896 18631 7803 
805 1345 1349 4217 5534 7440 4944 14327 5448 2172 8607 18039 16194 12845 
806 1346 4249 3672 4088 11364 9717 1755 10086 4914 11745 13577 17929 5646 7171 17930 13854 409 1257 9505 10186 5933 6661 5294 6399 20761 8559 
807 1347 10580 10546 6746 8298 16796 13421 17020 14878 22487 
808 1348 1846 1970 2119 1130 2533 2568 2875 3069 305 3315 3410 1043 4920 7052 3856 7798 8028 8299 3285 254 10048 3186 9949 10252 10387 10512 3817 10392 7083 10898 7225 7300 4764 11732 12025 3301 289 2536 3978 3026 14028 12175 10032 4656 8621 15308 5853 13909 6662 15884 3447 3777 9839 9315 4655 19806 5000 4755 17374 9192 2741 19052 3015 5756 4556 4424 
809 1352 1361 1932 1321 4557 10304 14466 16836 1883 12335 1877 6018 2279 
810 1353 3730 3499 6692 11521 527 12132 14298 379 8362 18125 14062 18898 13398 4695 5091 11971 3167 6848 3003 3403 
811 1355 1609 1983 2793 5651 5821 6183 7974 282 797 7133 6230 5229 1990 9965 10063 1243 2085 9360 5038 11518 891 8813 12582 12743 1325 13307 14230 14818 15179 9045 15471 13485 7714 14162 224 15820 16278 15853 16495 3747 10007 12750 5428 6073 6772 15354 10556 2274 4034 14467 18353 1240 18906 290 18045 17959 16578 20251 18641 19802 18873 4625 2317 8067 14660 12158 9262 4395 17183 2637 16649 18540 22167 9135 895 22525 7997 20603 22828 18983 23001 20838 23382 21581 22848 8921 23195 21685 12213 23490 
812 1358 2640 6705 6910 3996 5272 732 6238 12220 15861 8728 11334 14470 7079 11488 8220 
813 1359 1364 1488 6011 3283 9871 10816 6582 16389 6702 232 3179 8366 17820 14320 
814 1360 103 1131 10287 557 18815 3095 12718 1754 20130 18121 19332 3866 614 
815 1363 1872 3560 543 973 2444 883 39 8769 9133 140 
816 1368 2071 362 10372 5532 4976 3603 13740 2535 212 5622 19190 9354 
817 1370 5249 6175 6351 6981 4687 8433 116 2430 9909 5426 1204 10730 15011 2928 8003 3695 15899 11510 17364 14181 9624 4205 9628 5555 5843 7651 3546 2428 4255 6146 11560 17174 1012 20690 3787 9619 119 13753 6073 9626 3773 14530 17270 10829 11908 12656 20494 23303 
818 666 2041 2044 2048 2035 2056 2061 1027 615 3676 332 4447 4451 4452 788 5780 5781 6136 4739 8993 4768 4924 2077 10511 2516 7523 6709 10513 1581 8236 3190 14598 15206 9761 206 1280 16863 3566 13257 16280 9272 6936 1390 16086 17819 2446 14316 10348 3326 15642 
819 1371 1372 3073 4007 4759 4597 7853 8169 5481 9328 4526 10210 5806 10294 
820 1373 2923 4709 5129 7535 2412 9509 9806 14605 3609 18176 1111 11538 6799 492 7879 1997 
821 1376 8573 5709 12048 1726 2171 10432 8785 2818 3000 2401 11555 879 6043 14648 10671 17287 9310 
822 1377 3096 4874 4875 4353 10802 13098 6541 535 11945 2375 7340 19452 6407 10188 
823 23 167 1857 6958 204 3541 1303 4729 2297 
824 1378 1391 856 8105 9383 8332 180 4109 
825 1380 4412 2591 744 6864 3785 4974 16105 14845 14751 14493 22291 4334 
826 1381 2122 844 6906 6907 5939 12593 1211 12194 6421 7902 
827 1382 1384 1873 1879 2838 28 4713 5218 5683 5228 22 4603 8339 3040 16033 496 3585 12565 435 1487 3431 5599 1882 6921 805 2932 3541 5288 
828 1383 31 1154 12054 8315 11929 19702 10008 2223 20928 21069 1148 14737 17412 3585 
829 1385 17190 14811 18898 7029 12013 1211 1876 11842 2932 3517 861 5060 
830 1386 1394 116 12344 1334 10728 5426 4868 23008 23291 12388 
831 1387 8578 9351 1559 5560 137 11295 78 
832 1388 2673 4674 606 7273 10146 4234 9323 15052 650 5091 9404 1981 9717 10612 2135 14255 201 2283 9911 2247 808 2841 17800 
833 1390 1467 441 2707 10145 5669 2325 2964 17115 
834 1392 5323 8377 7752 
835 1395 6422 4924 2467 569 501 9636 3676 12675 8765 19208 3260 7313 19763 1296 11443 2337 21954 
836 1396 5471 8625 3159 16735 8963 6421 3040 
837 1397 2323 3525 3880 4958 6083 6378 7579 8703 2147 8561 10110 10151 9330 3451 15587 17659 17696 11012 4724 2165 7172 574 15321 20940 9592 14601 7965 8501 5306 9318 3085 23050 8717 
838 1398 1406 1410 1072 1488 1494 1589 539 1606 3566 4672 6239 4546 4109 747 6312 5996 4435 9212 8170 5970 1296 5988 5960 15459 1916 9983 7128 5242 1306 7110 740 7588 13198 13867 4813 13560 17372 6862 13682 5343 856 1544 2959 1561 6875 2984 10415 6369 4894 16302 5301 12539 1467 
839 1399 339 11051 11811 11820 2273 2707 2870 5508 14857 17595 17761 12782 18664 4778 13068 9040 14572 1326 4932 
840 1400 4111 13158 18852 470 18045 9514 3968 7132 15018 18228 14842 1352 6723 
841 1401 2810 2249 8681 2620 5271 9323 9324 1878 9325 5613 10341 10142 14753 10026 8899 8712 3493 6520 15577 18617 3078 
842 701 54 8639 8394 6387 8099 15314 15186 18280 6236 18815 4277 1349 1947 12477 
843 1402 1405 7912 7854 8653 11058 7489 15630 11076 819 
844 1404 1471 1924 3232 3988 219 4491 4913 4910 1116 6203 332 838 4082 542 8134 1378 8170 6480 2330 9858 2164 10849 2034 1410 8412 8648 7817 1223 11311 13095 10438 13343 16512 
845 662 5299 12499 15521 13365 4088 2993 17548 1493 23213 2155 6881 
846 0 1407 1411 1420 729 4706 5814 1151 280 11575 309 1868 2023 80 13068 15685 6139 15811 13867 7298 5880 2955 8716 16224 16414 4604 792 5996 17123 1027 5971 5343 2507 209 7224 733 9636 20996 5750 19763 
847 230 7818 2168 3584 680 11847 11109 1106 8617 7978 8181 6268 12745 12195 2400 16821 11976 6241 633 3863 14907 6005 17146 17460 2206 10273 19248 10292 2058 17904 519 16596 1492 4360 11472 17702 828 10853 11570 1721 4113 
848 1409 1797 1108 3547 4714 4095 11360 12364 10459 5649 15013 4102 304 2496 6676 17530 18112 20496 
849 1413 1519 1573 1601 1706 1902 1923 1973 1988 1989 1992 
850 1414 2896 3313 4149 4907 1528 808 12177 3248 15117 6881 2951 5505 15500 
851 1415 1416 1917 1919 2025 3267 4494 5076 574 5503 4989 3945 6041 6155 6519 2165 7324 7879 8345 5308 6385 9549 4986 5506 5740 10967 11015 12502 12668 7450 3880 5905 13309 1319 9897 5119 13632 4804 13802 13022 14251 14254 11005 8687 14997 6418 11967 15496 4212 16370 13763 16412 16653 4715 16655 15319 16488 16836 12717 17083 17518 2412 16841 16497 14469 14010 14705 18156 9714 5861 9008 18719 15880 18511 348 2276 16483 19206 4043 9228 8565 17880 11448 17253 17347 18583 1205 3277 739 20660 16824 7021 7020 10862 12814 9422 2611 10764 2971 21448 18405 15302 15534 15414 19537 17838 
852 237 3576 6778 10325 2151 13754 12928 5610 12046 12190 16487 2529 12915 4857 18971 9190 20144 16384 11002 3612 
853 1417 419 7563 10737 3676 339 9439 8826 3115 1828 10480 8737 11998 
854 1418 1121 1680 1681 1685 1686 1687 1689 506 1692 1693 1698 1700 1701 1705 2007 2009 2011 2012 2013 
855 1419 3057 9841 1389 210 332 4975 2346 8138 9736 
856 1422 1451 2014 2201 2212 1894 7951 5680 8920 1593 10541 6750 3787 4011 14412 3695 19189 6208 13710 5834 20380 20507 15531 12948 19727 12750 570 13046 2112 
857 1423 1425 13284 1248 8385 15430 2173 15863 5323 4652 15883 16105 11339 
858 1424 1603 5228 813 605 4023 13981 3458 3352 15211 15906 15927 4216 6198 14170 6678 3541 15644 6291 19040 22215 8472 329 5730 5218 509 
859 1426 7458 9072 6561 9076 9077 18538 8562 12370 20496 
860 1428 2890 5273 4042 6546 358 9091 3615 15123 8485 15484 2378 2651 3443 1704 4424 19528 3491 11623 12608 20278 18474 18754 20319 12549 
861 761 1263 6934 8565 8567 10200 11565 5795 
862 1432 4962 6303 13644 15300 15301 16537 7966 8480 8280 17797 21533 
863 1433 4131 9329 3622 5897 12423 14003 7712 4688 16316 17008 2186 18245 8400 3959 19294 54 2229 
864 1437 1833 2281 5300 547 5929 1290 499 3830 7710 10989 12039 12575 9818 1810 9682 11768 12544 12729 12000 2375 4797 3089 10851 2180 13762 7778 5371 10349 6593 14253 4196 17245 17403 12113 5015 17421 3302 5016 17787 3798 2715 679 17883 18387 9027 16936 11061 9316 19943 20121 19883 10231 2039 2581 13148 20255 21401 2414 5235 21508 17309 10381 6904 551 16232 21863 21055 2968 
865 1438 3720 5911 8174 8474 9976 12197 12308 10787 7774 20748 
866 1439 2093 2094 7496 12580 3107 5682 23964 2820 15279 20467 3990 8023 1115 
867 1440 4835 10759 13209 2683 17380 17777 1623 18889 8127 1904 1129 18471 12387 5519 11028 1882 5218 8837 13655 
868 1072 2467 7284 8893 5096 8289 10181 1410 7216 4509 6486 4410 12031 1266 11619 1769 10377 6788 10613 1561 485 2332 1307 8281 1799 15575 1098 6011 209 10211 12157 3360 21009 4478 13565 18861 9106 1467 4739 666 13068 21963 2205 
869 624 1442 12002 15172 1670 2042 9668 16572 5421 2421 
870 850 1444 1445 1447 1448 1449 1450 1452 
871 1453 4297 544 14528 14529 10264 9509 13245 20698 12502 7107 18116 2718 15653 
872 1454 3794 4991 5489 6877 6766 7408 5225 
873 1455 1590 2686 2688 2690 5454 1883 5619 9389 9709 9714 11005 11007 12323 4215 13244 1225 8147 16745 2779 11261 2197 11987 17518 17847 7012 3504 18141 16022 3973 3085 13872 2566 17480 1894 
874 838 2627 2631 2943 3738 696 3360 261 8180 11142 9028 6054 3166 13443 5257 16010 4810 868 17303 18393 1820 20175 4859 13257 5781 2056 76 9827 2053 23259 
875 1456 1856 2054 542 2245 3580 6168 1011 3251 10782 5281 4441 13068 5508 1820 16863 1826 14067 17595 4732 6386 14290 3359 5955 8782 3665 21840 12539 23314 7313 3508 21860 9746 23116 1541 8691 1174 3857 
876 1457 2221 974 2569 7819 8255 9262 3054 14877 14247 7990 14230 19437 19553 6818 18228 20603 8813 
877 1459 4080 3973 14581 9916 4667 3331 
878 1460 219 1916 2204 120 1930 792 2313 2063 836 5140 6011 6650 1572 6640 4966 1658 6704 1706 2004 6885 6890 1670 1630 7182 143 9703 6368 9826 9823 2330 5096 523 1420 2006 13728 2062 1784 16389 7338 5779 9680 4748 8547 11289 1159 21138 5872 21954 4911 
879 660 3382 4919 4976 4984 6230 2698 5532 895 10112 8591 12526 10222 15018 17104 17731 3299 15992 10418 3178 13788 7806 18641 8445 
880 1461 7227 1958 8988 1135 4121 15592 36 3899 16300 8844 
881 1462 4869 10755 1171 7761 1493 16629 17587 11608 18209 1213 9154 12945 5053 9578 20205 20075 15433 
882 1464 1512 1514 1515 1255 1799 1800 1395 1801 1802 1803 1805 2132 2252 2427 2429 2431 2571 609 2583 2618 2628 2731 15427 9063 4620 4286 8889 10347 
883 1465 2817 2940 3422 4959 4968 5002 5451 4225 4689 13686 2612 1433 6688 14376 8985 7556 17639 3866 4821 18328 19634 
884 1466 1676 3727 4538 1857 3434 13655 2970 9112 12290 2639 15842 
885 1172 5145 8446 19840 8869 7037 12523 2878 9346 22131 
886 1468 1470 2610 3156 5727 5729 6690 6743 8980 3905 4244 15666 12644 16547 20238 6353 
887 1472 4094 3787 9178 818 583 2861 6957 1733 2963 854 10499 8847 1771 6944 12816 9665 7162 10786 8145 9740 7155 2600 17174 943 262 17675 10293 11586 1824 1658 113 1913 3834 9481 11503 8855 21980 
888 1473 2410 2004 2420 2421 2424 931 2426 1593 2721 2621 3018 3020 3317 1860 3322 437 3332 141 2450 3760 2188 3605 3769 1894 7554 8102 9191 426 10522 7266 11350 698 5619 8687 906 2690 14577 4989 14578 3418 3797 825 15740 5308 17523 14466 5169 170 12200 14444 17518 7450 5671 14469 17087 11967 2897 18511 
889 1474 575 3285 2890 368 8043 11623 7016 327 12218 15021 7477 6842 1357 9419 2865 7357 18820 1502 19289 17129 20242 5618 4041 20656 16165 4769 7497 8466 9753 8500 9292 571 3443 10960 6909 2765 1508 568 12898 
890 1476 1482 1484 1486 1489 4241 5950 5951 2192 2535 171 12967 2451 3377 2198 4693 13158 4010 6481 2642 6183 14247 16578 15012 21101 22277 
891 598 3871 6207 5782 1247 4871 186 8344 2701 5493 7609 379 4850 527 16769 757 204 9447 4192 9303 17637 17688 858 12379 6952 12353 2829 8974 9112 13329 
892 1481 2376 2476 1095 1727 3623 3624 3625 106 1668 2962 1342 215 3626 2913 3627 969 3629 25 2887 
893 1483 13079 84 2446 17054 954 3536 873 2518 13860 9638 11948 868 11289 
894 397 1782 4612 3342 3463 5502 2405 5533 6271 6858 3192 1331 6025 8699 1019 1020 892 
895 1490 5447 5769 8213 12980 20746 20612 11452 1857 21897 9505 16298 1968 
896 1491 7245 7246 585 1168 10301 6097 2931 11141 5351 8186 11058 15849 17669 18903 
897 1492 2804 1608 11768 4635 14617 4088 15584 7648 11554 17932 18886 10036 20111 1651 20646 17166 
898 1499 2413 5650 3205 8237 5520 8239 8240 15305 3579 
899 1500 11743 4159 11967 10165 2969 1258 5528 2150 24177 
900 1154 7800 4296 8859 6392 1044 13045 16314 5519 10149 13435 11945 17202 446 10340 17530 3025 18704 13789 7079 201 2607 11028 9491 19719 8331 7013 3938 21675 6847 1441 5238 22025 4497 22302 9685 
901 1502 2216 16037 3370 2115 3814 7186 21312 1846 22474 18130 4015 5870 3771 
902 1503 1505 8186 11264 11982 11703 13438 10896 4943 8046 
903 1372 1149 1509 2643 5953 5318 7144 7145 7147 9250 9251 12552 710 13882 11697 2240 14006 14009 14123 10252 9929 14945 7900 7366 13019 7720 11522 17020 16447 9235 20926 18840 21169 
904 1507 3611 3856 1794 2216 8262 7444 16975 12350 19767 
905 1508 199 3801 3679 10921 368 2836 1846 
906 1511 1513 3214 1754 7728 12382 1688 395 1065 18424 5026 20465 3441 21364 12700 7782 
907 1516 875 4413 6218 6562 10492 7240 16851 4547 
908 1520 20468 6481 20662 11326 4758 225 11777 22093 2071 
909 1521 1522 2697 3023 6385 10170 1937 14538 12301 5617 11967 15321 15585 16488 1883 
910 1523 3037 4833 8084 9033 4219 9399 3307 8380 13235 3414 10489 
911 1524 2740 10251 239 4015 3599 2264 11166 3026 12872 20032 9080 23426 
912 1525 4287 5406 8535 460 557 10332 2844 12868 439 12423 7516 11484 8628 7093 13675 10217 10443 4649 6635 19332 5182 20676 4003 
913 1532 1664 13851 5513 638 22720 22581 13289 
914 1536 1537 1542 1543 444 167 21 2762 2764 2774 834 576 6426 7134 7137 3185 8020 8022 8410 3844 9602 1493 5059 4274 7681 16041 4227 16920 12945 10914 5883 7788 1106 840 6391 2290 
915 1545 1547 3128 3659 4467 873 6965 10510 2346 11346 10356 7048 2324 7367 10911 1805 15077 1639 836 11172 13428 1870 12675 4082 2330 15377 9357 16414 11576 1056 13860 4410 16606 17372 15978 3941 4180 
916 1546 1723 1175 4144 13055 551 10817 5166 100 11039 13896 6172 10969 5680 1726 5749 10215 5640 6888 3728 18635 8955 10218 14696 276 1121 6596 14794 2442 20979 1596 973 418 1729 17001 17632 
917 626 7214 9284 5192 15433 1303 16943 17027 1106 9863 7657 
918 804 28 1549 2131 3437 18069 6081 13329 12666 1679 4674 
919 1550 1637 5688 14547 6555 3668 17707 1529 
920 1551 7583 958 4176 511 
921 1552 2911 5374 5559 5560 3284 53 2711 2473 7822 7414 690 9743 8939 10673 11590 11905 10783 8958 1738 15229 13811 15349 5110 16072 7581 15547 8773 8215 6400 16874 11137 13478 17620 133 4513 2010 904 8578 17626 10385 18539 2291 19540 20017 20114 20028 20188 20215 19621 20274 15657 15731 19975 140 17451 20747 19539 18884 10942 6286 6065 9959 9310 1078 10549 18501 14825 14526 12595 2510 1097 7463 33 4202 9304 20640 9924 21384 2175 17471 17652 19801 4725 16624 15802 22849 21725 21150 595 14245 2537 14913 21330 7594 21913 948 13657 1604 18044 15355 1175 13945 23186 23404 10363 22581 22682 23699 6660 16229 23566 9260 
922 1553 9187 1337 12446 18172 20186 10853 4603 8825 1480 
923 1554 2551 3085 2650 4201 5999 16412 12313 9976 18591 4494 19292 8489 8318 1125 21272 17233 9926 23981 
924 1555 3449 1949 3485 4485 4524 4592 1873 197 1436 6642 9281 10627 3474 4089 12000 896 9395 175 3717 4879 8972 3314 1288 9473 12980 3678 14105 2058 18929 11507 1608 9447 19400 496 5380 12152 13652 20500 8836 8957 2065 324 6483 11850 
925 1320 1556 1557 1558 7063 6263 4614 7548 
926 1559 3374 5902 1816 8785 1498 
927 1560 1567 3705 4534 7189 4099 7552 8149 10077 421 8076 5686 9221 2083 5267 6501 5726 4166 13478 15547 2171 995 1933 12413 418 5747 10224 
928 1561 1575 1407 9972 10061 10873 11164 0 6011 12539 13068 1545 7375 12540 14287 9322 16389 
929 1562 2057 5187 6286 6306 9812 1668 10464 6917 5577 9182 595 3324 422 13478 1596 1078 5938 1738 248 930 1142 275 7862 3287 19235 642 20803 15347 1403 8098 14508 19540 8572 
930 1568 6431 1786 20925 17674 1670 24350 13455 17259 3220 
931 1246 1578 5228 3859 435 1487 10176 3445 16033 14809 
932 1571 1572 4011 3828 1646 5628 1568 2020 3928 5635 4793 1765 1773 
933 1574 4571 174 973 11295 5709 1187 3453 17266 5226 19081 4422 20803 
934 1582 1583 1586 1587 5636 14495 22411 15247 
935 1584 2150 2457 2449 11570 525 810 6019 11765 3431 6385 4043 14705 12668 2025 4710 1002 5524 10170 15150 4724 6041 2323 20555 16483 20126 16853 19119 9927 4989 17248 23794 
936 1588 4075 13654 16500 11838 18337 942 12345 304 23201 4152 
937 0 6157 789 7126 1494 7420 13658 23634 8654 22966 22111 16326 
938 1591 100 142 628 3623 12024 3746 9221 15298 989 
939 1592 1763 4498 4705 6876 10906 11033 2760 6283 1185 6888 7347 12921 3832 
940 1118 3076 3565 8172 760 9453 12193 9495 163 4284 7487 16819 
941 1594 2766 2789 3420 4690 5940 6328 6470 4081 5630 7456 7788 3661 9137 9162 9252 9392 1949 4782 5263 13143 7137 6496 2829 4999 13795 4574 15043 15222 15239 3651 8983 9036 7883 11976 14097 4273 16318 16320 2816 4541 7702 4047 5509 10325 9849 4794 7985 2027 19451 4850 21874 21921 886 12580 4382 6449 8605 11825 2290 16688 14551 
942 664 1597 9829 7895 3755 5757 12095 8827 4144 2407 263 3780 7040 19900 2886 12420 20028 
943 1598 1600 5541 11927 2521 4536 7006 5826 13279 17845 
944 1528 1493 1603 1904 2970 379 4682 2641 6267 6483 598 5673 1926 2882 1127 3262 9254 9580 9401 4449 3522 4430 12537 10627 1629 14055 3444 11889 1278 5543 7648 6848 1247 4353 9447 8929 3936 16152 1154 1487 8410 4492 17236 208 1466 1148 4463 18232 28 17801 8736 4629 858 17036 3859 435 20500 16551 594 21531 2607 469 3843 
945 1602 5714 8109 388 2180 1810 11482 13123 2576 418 597 3850 7418 3560 14708 9559 2267 3388 516 10673 553 5680 2211 7414 8838 7396 16760 6669 912 10426 17787 14131 250 21055 6876 16301 4498 
946 1604 14142 14573 2516 15547 17209 19291 19472 19900 2653 2916 20966 1504 14359 1985 5103 1668 20131 
947 1541 2273 332 3113 3511 3795 3812 3827 4486 4732 4778 4910 3468 6365 1827 4579 2458 8056 3656 8907 4924 2832 788 10124 10782 3050 5508 11369 6870 11619 1856 2348 2448 10849 7313 9755 12636 1269 1858 12992 9858 11948 13256 12675 9983 12704 10258 13860 856 3467 1803 1410 9636 5186 14745 1820 3115 1784 8756 8691 8754 15189 10168 14290 13079 15536 10164 4992 14287 6871 13867 5185 15978 16196 7128 2522 8204 12573 1483 2345 12460 8760 9028 10594 11654 7959 17130 1411 17414 17595 17644 2918 16863 17387 3266 13658 8134 4182 15313 17110 4826 1364 7308 4805 2337 5963 3191 9824 6386 12570 15268 2806 18842 5816 339 17761 19078 19080 80 7141 6329 13637 2870 14320 9321 3580 6591 6486 558 1056 12407 820 1539 10500 13560 735 1395 3360 6719 11811 865 1924 4894 7195 4975 17213 12540 19983 5788 15685 20007 13096 19208 8755 2063 863 12751 6014 21011 21262 11932 15976 1852 17517 21583 14677 7551 1255 7039 636 17159 20876 309 1471 838 21954 1362 6363 22111 22419 10129 4913 21963 8896 3175 21072 22284 1895 19763 6722 23113 20421 1589 23141 21197 1390 7028 1223 23259 11493 22966 798 23413 3200 23289 23275 
948 1605 3319 350 2537 3281 8984 2520 10536 10542 4513 3284 100 5995 5817 10673 6292 2391 3954 1955 13490 17681 1076 2118 366 7455 13657 15731 18313 9743 17471 628 3144 9108 4414 1192 16361 3007 19427 20235 17408 2916 19621 7461 19540 3510 21384 22682 
949 1607 6379 9008 11347 8718 23503 23308 24323 
950 1608 1611 1614 650 1623 1876 2248 3129 678 3133 3135 3136 2283 1603 3727 226 3837 808 8789 3996 11894 11895 8189 11945 858 6726 14007 22 454 7971 4353 13333 5631 3262 15052 6237 10403 
951 1493 1615 469 11615 6717 8671 861 1857 13458 201 11889 7079 21637 
952 1610 2331 3276 6038 930 5166 19814 20200 1153 19560 20457 4339 9550 
953 585 3372 3899 4820 5341 3622 6738 7502 8072 14436 14439 12423 11991 19944 1513 
954 1613 2190 2384 3150 1536 3154 3159 2409 
955 1616 1619 2854 1349 19332 2386 13438 6798 1946 23878 1950 
956 1495 1620 1077 3489 3519 3737 933 10459 10584 10585 10625 11553 11607 1929 11464 13103 12665 12556 15755 2801 4216 3040 10322 10482 2135 435 1882 3717 19668 3730 8175 5836 5243 3711 12902 12190 17473 16562 
957 1621 608 1644 2757 2760 5232 5234 5246 9025 3109 9974 12951 534 10280 10390 11113 9850 7687 3915 248 628 3520 
958 418 313 10673 2916 2604 264 15292 7133 3299 24848 25 5374 628 142 3453 
959 1622 225 6528 4593 4987 12690 8475 2101 2256 1711 6899 1877 15075 16488 12042 17880 3770 2895 4080 6639 11967 10010 3888 4986 6684 17518 9548 6768 19950 21288 3949 1894 
960 1624 4207 3342 6313 7174 4511 10418 3660 3967 2635 12931 4693 6183 6993 13158 2431 8208 7132 4758 6818 2630 7133 890 5270 5038 3969 14877 18983 2535 9358 19804 19144 13405 1367 
961 1625 15603 10231 21665 14272 
962 1629 2481 2032 10531 5763 5007 10330 742 1245 17062 
963 1326 5281 4813 9487 9439 6668 1645 2955 1410 2404 13560 16083 
964 1630 9283 7399 5836 13088 15871 2600 14136 19644 17174 13710 
965 1631 2973 7984 1690 10691 11451 6 1005 6566 17029 9014 13415 13183 9538 18760 7454 1066 
966 1580 7713 3614 10027 10068 1355 8669 1648 15066 15068 660 3377 11938 7133 8096 17982 12158 16891 5869 5038 19959 15179 15756 20411 20696 10000 21530 
967 555 1650 2005 4299 7321 1616 2903 16394 15852 8157 10665 7556 7889 16021 19332 2856 21307 
968 1636 4377 3210 7300 4179 8500 4769 1379 16440 
969 1637 540 11569 2932 12162 6210 3339 11559 12665 5243 
970 1638 179 1753 1926 2496 1388 208 3425 4610 2246 13427 8457 17413 3136 1478 3608 1822 11740 6773 1154 8997 525 435 1871 1553 527 633 6137 5228 17036 18127 11889 4379 
971 1642 2914 2192 1393 5216 5335 2897 16648 17253 18487 20597 21905 5055 19683 
972 1643 7480 11264 15314 19294 5459 8394 19779 3422 20592 
973 1645 2647 4567 5547 1768 7041 9439 10158 9040 4451 
974 1647 2653 844 7580 4414 4506 2170 13486 4339 16855 5586 4186 6788 882 1342 5246 15337 9647 2445 427 6691 1683 1657 
975 1648 2085 282 4298 3209 3393 557 7839 12115 4011 
976 1649 3429 10441 14443 7134 9022 19411 9030 2500 5600 
977 1651 2309 9489 1945 21175 4794 15126 
978 1653 5448 12689 8609 17251 11208 2186 21014 12627 8597 12423 23255 1265 
979 1654 9284 16241 17324 6256 17325 12536 9447 20811 11514 
980 1655 2160 2067 186 6355 6356 6357 6359 2867 4736 7368 6618 7719 3873 2639 6840 13172 673 
981 1648 7192 2137 13158 9428 8087 4207 3382 4758 3177 4525 5074 290 
982 1656 418 4986 313 1732 1861 3276 2510 15731 18208 3005 7346 1194 13768 5995 20017 3319 1363 538 17287 2364 9034 8796 5546 6400 10050 3944 421 3728 
983 1657 3281 4156 3001 11004 11006 969 1741 11402 3295 3097 3421 12932 13268 7453 184 2070 13627 642 8905 104 13081 6888 8524 14449 10442 9403 15030 6987 15337 3705 1294 16366 
984 1658 1009 9267 9317 3747 10448 12601 8414 7506 19031 20100 8064 8153 
985 1659 11735 4839 6548 47 11673 
986 1661 1665 1874 7342 2792 6926 5043 13167 
987 1663 11467 12926 14567 9530 15813 11283 17173 19507 20331 20351 2443 18272 15523 13754 13545 8970 13370 
988 1664 21586 5166 21521 2433 15547 1142 1344 10946 2614 
989 1667 4321 14002 1012 15154 6714 5557 4941 8848 3688 11822 1989 13074 
990 1668 2476 6669 7204 1726 4472 12356 12237 6725 12836 10426 6752 5757 16125 12095 12100 4356 37 3860 9310 13268 421 22283 20028 19619 13851 19540 2291 4099 12595 6525 
991 921 6515 117 7162 10354 12017 13076 7359 17559 4897 3928 21868 12324 
992 1671 1676 1679 3724 4023 757 3505 4468 1436 164 4470 2065 11414 808 12645 13652 12442 1442 197 1414 16081 11918 
993 642 125 1762 1035 2725 264 4998 1574 688 6883 617 1294 628 10077 1819 958 982 3253 7414 14015 1145 2112 2532 17905 18206 6869 14522 18693 843 6065 9525 161 3927 3484 17015 10917 18588 1816 19709 8644 10135 
994 1672 5689 4708 13825 9180 9866 
995 1673 1674 2477 3998 4018 4020 5504 5689 4049 4786 8793 981 5374 2498 9656 9657 7201 9659 418 3450 17648 1810 14053 18095 1905 19883 20176 
996 1105 5858 9365 7855 1533 16139 8925 6748 10942 17927 3835 
997 1675 853 2338 13576 14913 17408 5092 15665 21834 20472 22515 15527 3698 9881 23667 2772 
998 1682 1684 1694 1736 1739 1743 3058 2272 18683 8829 1966 16087 
999 1683 849 2203 957 2645 2648 3538 965 
1000 1688 2073 3748 3750 7516 10004 13171 10243 3959 4630 8653 21904 16887 2235 2050 
1001 1691 3209 3299 4515 4758 890 4293 1486 2071 16391 3520 
1002 1696 1712 25 1726 1727 1729 1731 1194 1732 1035 1737 1738 1741 100 1994 
1003 1697 3940 6469 3725 1418 9463 8456 1625 9942 4705 15719 7207 2039 6452 18341 10031 3944 20170 20472 22799 20753 11039 
1004 1699 2339 2711 7921 5772 853 8076 922 12500 871 4472 7531 9176 16974 1810 1729 9127 550 16890 
1005 1703 1707 1709 1713 1718 1719 
1006 1704 6583 11578 1716 4769 4749 575 12315 13107 2738 17031 4556 3570 
1007 1708 2916 502 7056 7057 8643 8644 4640 9274 10457 758 1535 1099 13365 1838 7669 3163 8527 12662 12190 13238 13921 15369 4719 15708 12161 16104 6643 2190 14443 11374 3535 16955 
1008 1710 3330 1009 8920 3116 20479 5254 18764 7124 
1009 1711 1002 3740 17715 1111 17181 10570 2271 6385 8685 
1010 1714 3480 4724 4484 11225 10856 18475 4917 
1011 1715 3138 1327 5562 2675 2516 3490 1971 1548 9483 2986 1080 904 11084 3956 1673 12420 10517 563 13648 7882 4183 11344 1999 10673 675 418 422 10635 3755 1095 3560 10381 806 6812 2559 17681 2157 19112 2070 17626 853 473 8423 15814 2299 8532 20564 20114 3463 11303 7423 1123 5819 3737 3046 20725 19054 7585 20086 13475 3328 21773 8545 6986 5264 21913 20968 13364 7594 1633 3263 5680 10521 6071 13963 2532 22956 16852 3629 2039 5513 22581 7184 21402 7862 22283 4852 9850 18285 
1012 1722 2529 626 7084 12161 4222 7134 13384 3581 8667 15003 6028 8022 7758 17904 7119 19357 8060 4719 11149 16466 
1013 1724 1745 2941 3108 5955 2023 265 7528 3266 8045 7958 8523 9831 1539 3436 8052 789 11862 9636 11654 865 14665 4684 13860 8682 9632 4031 
1014 1725 1728 5250 1137 3395 343 5134 730 3093 10960 5852 4256 575 4769 15246 14334 8299 658 333 10609 6568 16719 17969 5008 15318 13107 13978 18702 9458 13716 18104 19577 17817 16988 19361 15649 18781 18849 15946 20656 378 7798 16734 16037 22546 21325 5245 20252 1219 9720 2578 14856 
1015 1730 7516 12467 508 12285 3899 13348 12281 3274 19462 9669 18904 12557 13395 20592 3214 21368 16322 7968 21991 21785 18328 14638 15345 16009 706 23255 103 3959 
1016 44 7386 3391 1524 899 1890 4041 11628 443 12602 465 3210 10680 9691 12374 
1017 1734 890 1020 6122 6124 4378 3715 1326 5508 212 2832 789 1255 339 
1018 1735 8026 15534 19464 21327 21838 
1019 1744 6726 11371 12452 17704 7975 11803 3612 5209 
1020 1746 4616 10918 6550 906 4043 6667 1205 12270 2210 12661 1225 6768 13695 17518 12323 15515 13280 12668 5031 6547 1892 9930 
1021 1749 208 793 4023 4482 67 5243 6299 3489 217 3474 6952 9134 4102 1608 2748 9734 5238 7855 1847 9307 2249 2679 1871 3248 963 9264 10149 497 8612 7406 28 1615 17733 8960 1563 6906 9137 2873 14755 16203 5479 870 17771 496 6630 6095 7226 18138 16033 488 
1022 873 485 1870 1828 3700 1296 962 9258 9141 14780 3296 10438 12539 371 4859 4082 266 1805 2507 6636 9028 210 
1023 1754 2878 2889 2903 2418 3750 4891 7611 8416 6262 1045 10660 1792 7516 1791 8844 18328 12523 1349 1770 1465 1965 21105 460 21482 11703 6805 508 15256 
1024 1755 1760 1764 1441 1767 1772 2901 2904 200 7797 8406 606 17053 13743 13260 942 12267 17061 5153 
1025 1757 1861 4472 4725 4777 174 2580 5768 5787 6593 431 6758 5902 6761 6031 4786 7297 1427 5747 1741 5258 448 12060 5709 5187 1810 4341 5942 547 11084 9182 7602 1538 15747 1599 2057 14428 5234 2648 597 18043 
1026 1758 2920 2921 9784 7226 23474 15172 2424 15217 19057 11278 2307 
1027 1759 12254 19900 3793 17924 13552 10789 5374 14245 
1028 1761 4788 1431 5855 4227 6420 10360 10452 11054 3881 650 251 8206 6775 12274 9447 18824 8540 13023 7341 
1029 515 1769 2968 883 57 6216 2871 1040 2916 817 9639 6071 6725 10467 7874 973 1816 5374 12719 8246 2694 14592 2230 7015 476 10444 1732 1080 5215 15270 6621 19540 18450 13061 20017 15578 719 18599 8842 13963 
1030 1766 1796 1906 2022 2088 2090 2307 2064 2379 2381 2385 2508 1413 2721 2861 16720 
1031 1768 8782 5508 13867 15064 530 2107 16832 10323 23381 12782 
1032 1770 9248 7536 11124 7854 23255 19304 13774 12789 24122 20112 
1033 1775 3370 4770 997 730 1350 8978 6568 3856 1728 5439 11955 3404 3984 2737 1379 6905 9879 3132 6060 13819 7798 10024 1851 358 10926 5040 15596 994 8028 6403 6828 14488 5598 7946 575 239 4655 2000 18024 6728 17186 17972 13353 9189 2704 10037 15649 9605 18104 18821 8531 8485 5701 3309 7444 9419 1970 3334 9348 12005 8533 6261 3597 20032 19552 18449 1043 2740 7779 14765 21925 16524 5290 19361 5539 144 726 10174 8872 
1034 1777 1390 2034 2208 10067 3277 223 15880 12135 1885 
1035 1778 2959 2983 1326 4054 7224 2832 9476 4911 1924 1003 3511 11022 9888 4082 12775 4766 7128 1178 14287 2313 15398 280 16103 9736 7141 11755 1832 3566 16606 1545 4486 1930 1221 5482 15376 4410 12157 11619 17507 6365 
1036 1779 5379 3773 10369 9676 14491 7584 2358 1891 16597 17118 11865 2074 
1037 1783 5161 5165 2151 5118 3003 5174 2656 5892 673 
1038 1784 3889 6499 19763 2 5781 10025 17996 13068 12539 3367 16606 1467 954 19484 836 6756 4568 
1039 1786 6711 6073 4243 131 2335 4994 11713 10071 2600 14330 15217 4034 2421 17174 18124 3127 7740 10140 1169 1821 15530 1144 1850 19791 
1040 192 3926 3927 521 394 6622 6708 278 1727 5749 8539 5467 17970 2910 
1041 1789 674 10249 10251 10253 10254 2231 672 11738 7479 12599 12623 14651 3155 11309 2700 5389 2533 14001 14028 11623 
1042 544 4326 1209 6015 12668 7376 2213 11448 6155 4387 11983 591 2695 6547 9876 4043 10090 19119 2566 2718 22807 302 
1043 1219 246 2728 3551 2740 4041 11086 6546 4256 8034 7425 327 333 3801 384 14028 4052 13716 
1044 1790 1791 1792 1946 1947 1948 1950 1951 463 557 1954 1956 1957 1958 1959 1961 1962 1963 1964 1965 2386 614 4035 9280 9412 2667 8592 12477 11703 11055 8663 11449 3622 8869 1433 14569 17010 6798 11735 10179 6023 4011 16492 2004 12340 1085 2186 19332 769 19462 5708 4056 19114 9944 21785 4891 21987 918 4689 3887 
1045 602 1795 10699 5319 14676 17579 6385 13618 6325 6528 4043 8696 9549 9460 9145 7708 3569 4498 909 19564 705 6771 
1046 1794 3346 13075 8954 1348 9809 3754 2216 730 241 11732 13310 13312 4424 4336 7526 14887 1339 2836 15177 7946 6828 7355 1970 4428 9788 3155 7477 1704 18740 8531 18758 12062 9572 19329 16674 16837 10609 3443 333 
1047 1300 4937 10709 5084 9717 12793 2301 11079 8540 17111 3040 
1048 1804 5429 13557 13584 9610 2930 20620 21479 3176 22862 23781 
1049 1806 4885 16415 4690 15210 5625 20682 6997 20466 13009 
1050 1807 2737 2738 2739 2740 2741 2658 2743 2744 2705 71 4179 1725 4628 6535 10501 5967 4522 
1051 1808 1911 1914 1991 490 2268 2434 3035 3877 3893 3903 3905 4281 4285 5035 4119 
1052 1809 617 1810 3120 264 909 7666 2503 8905 6614 330 969 9347 1738 1657 10413 3302 3308 1124 4586 9969 404 16687 388 7346 2491 5018 9818 2331 
1053 1813 5564 3249 10050 3725 19900 16303 3276 1195 13215 
1054 1815 1816 516 2225 2253 14275 15387 14101 6008 161 5050 11206 
1055 1817 4561 3793 9856 1815 5226 909 10449 17563 17568 17856 18011 161 
1056 1818 1706 3111 10751 3327 11713 
1057 1820 1823 1826 8412 14498 10181 4894 6648 6490 2208 
1058 1822 3867 3869 6976 4835 10446 4587 5777 2710 11953 4738 4161 1288 3859 11591 528 4174 
1059 1825 2749 2849 2850 3224 3227 3461 3462 3644 4673 5266 3294 6947 2626 7009 9378 10133 10760 9188 8734 11946 10259 12562 15 2257 5658 11657 1162 15552 16030 16267 10480 
1060 1828 2790 4486 729 1870 4732 4440 8199 4229 13305 699 1844 2880 9492 3427 9553 788 225 6443 5377 11210 15288 16343 209 11932 265 19763 3191 15105 21954 6961 21262 19148 12539 1323 
1061 1829 6312 16364 9589 11932 15060 13068 8682 13257 17824 
1062 1834 3219 3252 74 4172 6151 6939 7786 493 7791 7812 7814 2206 13979 8713 8627 8994 15235 7456 14461 3306 5247 3612 1165 9683 2641 12592 14748 15210 18371 17530 7538 9702 3584 2932 20009 8432 7169 18344 9136 5043 16770 15655 5409 16142 16607 17701 11149 3541 11645 9586 3072 7640 186 7719 8438 
1063 1309 9636 12564 12675 7375 9774 12539 11447 3467 3260 209 2208 1606 4452 13912 21954 22419 733 
1064 1835 2435 4681 4408 7079 4927 3437 3737 10531 4898 917 5849 610 1440 8408 5084 5271 379 4331 11507 9732 11980 12163 12975 9566 3680 13702 15055 10774 4632 4122 4620 4953 12745 16040 11889 1287 16338 6290 2283 5131 13254 17236 1884 13795 594 5599 18710 10610 2160 4363 17062 6475 12537 4365 19668 13329 12945 11945 2815 18898 7894 522 20768 4174 12458 4100 17036 1154 19889 469 21590 14811 1975 195 21877 
1065 1836 6437 22690 19275 6117 5141 2461 308 23485 
1066 1840 3393 890 4380 6641 1312 1226 5941 12670 11938 13609 14643 432 8956 660 10560 3657 645 1325 10556 17822 11941 12169 18576 1242 15403 13783 3058 16153 13781 18819 2625 15894 16571 12754 21159 12741 15722 7711 4344 1682 22432 23140 2136 11101 20417 
1067 1841 2223 4613 6484 7517 4610 21082 1553 1118 
1068 1842 4096 2463 606 6358 1013 12049 2089 2131 8131 12768 8976 2524 10749 7679 15433 10495 5597 11467 13529 5294 181 7534 3358 86 20019 8722 20365 19421 
1069 1845 6311 8263 4401 8911 10203 11265 3208 2129 12183 12999 5710 13573 11339 3796 14117 2579 11150 3621 8961 8384 15006 15242 11500 4219 8382 8557 16744 10626 14533 13714 
1070 1847 4027 1154 4122 793 10566 1717 1882 9164 5505 324 13069 3821 11591 8859 896 11740 15055 5271 3445 3129 3717 9051 9196 1245 12665 14809 2435 2089 2620 22274 16466 10297 10518 22643 17190 1105 14811 
1071 1849 3277 906 4387 4495 7327 4557 13474 11273 13280 15153 8567 12232 9966 14561 7512 1530 4053 6887 2210 20 16968 11925 141 11106 13993 7283 17838 12610 3318 10461 5911 2200 302 11904 3206 550 2387 7596 7490 2498 14430 17518 20041 9455 20397 4536 6792 
1072 1850 1246 1668 617 1732 1403 3405 7461 10283 10218 1035 9260 53 2911 5702 644 909 10673 19540 20017 969 19900 161 4448 
1073 1851 11150 5921 8740 13354 10489 11939 16161 14948 3741 
1074 1837 2620 2641 2835 2947 1022 2954 3042 2587 3043 3134 3137 3162 3163 3164 3065 4973 
1075 1855 18078 8702 1819 15509 5850 8173 10942 8796 160 5215 8704 4881 10803 7418 2962 4563 2725 4099 8984 
1076 1859 3373 3534 3537 1877 272 1917 141 1451 2551 11187 11225 11280 2791 16464 2355 5620 7830 5987 2450 21275 2967 16497 20555 591 16853 
1077 1860 2003 2004 2006 2015 2018 2020 2032 6589 11788 
1078 1862 3847 1378 4872 3057 2918 14191 1098 9158 2446 2193 2162 5788 14719 5313 5955 3580 1326 1404 22194 
1079 1864 1875 1908 6977 3466 7286 10019 14468 3982 10041 12192 181 245 7880 10471 
1080 1186 2520 2652 388 3481 948 4461 7875 5166 6837 8725 63 6835 5858 849 2509 1097 894 6727 14517 14694 264 15731 10946 1664 8203 17556 16024 16732 17471 13478 6700 17979 19621 19851 13572 16760 18043 19900 13708 17287 19308 12735 19818 20017 21028 21402 10565 1816 21913 3060 5577 20870 1277 22292 21725 19994 3944 23290 19540 6013 23633 20028 7704 3627 11905 13137 14433 
1081 1866 14548 803 1069 19427 1993 12284 9559 15542 24567 17557 317 806 22502 
1082 1867 3064 1436 3612 884 2766 1945 208 237 3352 6493 6496 2677 8632 8858 7938 4787 9478 15014 12140 12705 1499 13033 10561 10484 16206 16211 23 2206 5442 870 4603 181 17071 9479 2792 4330 12363 2109 2370 4171 13094 7113 1377 16083 21468 19926 6137 17521 12372 1105 6555 8088 
1083 1868 1870 663 1027 4263 2035 9322 636 2790 2918 4478 5313 3175 2941 
1084 1869 418 979 1444 14476 9182 4506 17981 18423 940 6442 12280 597 18667 1341 879 912 8554 553 850 9332 1599 13268 4496 857 595 
1085 1871 1889 1901 4203 10611 18137 1287 6243 18547 3466 12991 1493 186 808 2249 6358 11607 2970 6952 7919 19937 10051 175 870 22938 518 626 7636 756 4463 2838 
1086 1876 1878 1882 1884 1528 1158 1637 6004 6005 2262 1287 6010 5083 3982 5380 1235 2666 3585 2160 1864 808 1414 2496 1679 10903 6077 4671 3087 8899 13151 2463 13511 22 2249 6840 15422 3240 8250 1496 7433 208 4489 4977 2260 15424 435 1926 8261 1676 1487 5599 5123 1478 6625 810 179 7928 9564 7981 7577 14216 18917 13988 15525 13349 19830 8913 16274 12537 197 1615 2301 324 4023 1421 7024 3808 1106 9690 6019 17977 21788 204 12987 22274 11129 4937 11599 
1087 1877 2755 4804 7920 16079 2210 10090 13855 18198 20158 1892 
1088 936 1880 1593 1885 1765 10541 468 452 9041 134 19208 3468 5530 20710 19398 9949 
1089 1881 1883 1886 1888 1892 1893 1894 1598 1896 1898 1900 1706 1773 
1090 1887 10713 5143 3097 2259 3894 6987 2072 14573 19821 
1091 1890 3777 3029 7090 7335 3402 7477 7479 2216 3814 2264 7425 4015 6828 4749 7494 5758 975 1357 3404 6728 1524 
1092 1891 14125 1058 3353 452 11423 10751 18902 11304 5249 15101 2307 8070 7124 643 5254 20902 3688 
1093 503 13478 418 15337 15869 12101 16514 848 3942 17389 516 13297 13084 19026 2295 19198 14196 22182 
1094 1895 1800 1784 20876 6365 15495 20766 
1095 1897 9128 4199 10862 1007 6015 8971 11731 4206 12089 1373 1225 13116 1892 13480 13073 5503 11565 8286 14609 10085 5661 2954 14466 348 6682 739 4667 16276 3973 17518 7587 8398 19158 12066 
1096 920 3293 7796 7799 11076 7037 4139 1730 9700 13675 7854 13139 19114 4899 12423 13437 
1097 1907 1933 1268 969 1035 264 3510 2814 3421 16941 2550 13156 20092 23412 18165 17479 19540 2476 22785 10796 2070 628 
1098 1909 11809 4202 3387 1078 8796 1872 313 2916 1194 8578 8116 973 9969 2364 1079 
1099 1910 3984 7832 7842 1137 325 6166 17374 18702 10141 17817 7477 2704 12025 14373 9771 15318 5701 22513 630 
1100 1912 3446 2216 4922 12178 12180 2921 12188 96 2125 9716 7426 13920 17249 18120 2704 7860 14488 2708 13126 6662 6716 14798 4377 23453 443 766 7444 2126 4522 9635 71 11281 11195 
1101 1913 1058 1012 6296 5843 6536 3955 3695 5834 3080 127 4032 17561 4591 20384 3618 
1102 1844 2622 3066 836 1326 11611 344 888 13919 9860 5955 1617 19763 20769 9634 3436 219 
1103 1915 3963 4719 10689 2602 20162 
1104 1386 3140 3142 3145 2426 4238 8202 13181 
1105 485 1916 1307 2204 523 80 6640 4966 6650 6704 1706 1670 2004 1630 7182 1658 7185 8265 4924 9823 4766 1930 9827 1420 5301 4706 2006 1378 2330 5041 1784 954 3360 6011 3102 2313 16389 7338 5779 9680 17229 120 6556 4748 2277 14287 17130 5498 6293 1159 
1106 375 302 5454 5794 4157 4593 88 12698 7498 1711 8758 11201 11720 8470 2688 
1107 1920 1922 7082 1758 1023 8978 13126 144 3026 2269 2769 2704 14799 9879 3777 1219 674 8531 8230 3551 10192 18085 10545 7513 4179 
1108 1670 2241 4103 1306 6901 6902 6160 2023 7485 5309 6756 210 1820 11769 12675 2330 4975 14148 6490 16863 
1109 1921 1925 2871 3848 4209 1477 1810 8391 3704 11139 3536 11948 14026 2157 7808 2171 5677 7004 5152 10664 12775 3175 17369 3580 17819 8505 9515 8052 12570 3850 6933 9271 752 9639 244 14354 16684 15512 12541 20952 10868 15961 16850 
1110 1928 9767 13871 15895 12957 4852 9017 2916 2831 7746 16046 15238 19717 
1111 1929 2218 7582 8596 7576 1337 10186 11966 11615 1025 1384 1857 4613 3048 17662 17728 1939 14925 12470 1487 1127 10169 1257 3522 11003 9662 6630 20315 17866 1148 230 6421 8825 
1112 1931 3339 5754 17061 8506 7973 5554 11233 1618 379 5525 24055 4332 7079 15586 
1113 214 1610 1363 7762 313 567 1180 8545 580 9645 2295 1186 
1114 1934 5603 6287 2297 5958 2534 6000 12483 1480 14616 6357 831 13251 15124 3585 1106 20303 16847 13404 11426 7103 1857 
1115 178 2839 2637 4165 2228 7157 4093 2823 961 8829 10235 10394 2808 660 9143 13422 8258 8813 15018 4537 19144 3583 5909 4693 15783 1242 7133 2625 4325 16891 3058 21108 20653 290 18257 21809 21530 9986 
1116 1936 5593 4274 1493 1822 4747 3146 1679 396 15525 11889 3136 1528 4632 2160 3240 605 226 3310 
1117 1938 4821 7093 801 12627 12423 9601 15130 9248 13799 11703 10284 4121 2856 8985 10313 19249 
1118 1939 1940 3608 9367 15623 12441 6717 16939 6541 12833 14925 2223 3921 7723 5198 13033 22102 4690 22912 6555 23869 
1119 1942 103 4802 11499 4532 15876 12423 18729 1619 17114 2889 17791 770 
1120 1712 4514 19540 6891 2911 10600 13324 516 1294 853 17028 24553 49 
1121 1943 1575 1916 1830 1266 954 10106 3865 733 7128 11563 11715 12539 6011 13068 12675 1545 14191 14287 9322 16389 13658 16364 16512 3448 18244 17387 17776 4229 17110 1255 4826 1223 
1122 1949 4100 4598 2065 195 11945 9137 13329 14475 963 12458 11889 3612 7079 4227 2481 3717 324 16033 3608 17043 6121 2710 5378 22352 11572 
1123 1952 1956 2386 4821 5474 1104 6033 2957 5020 8791 9159 3274 1688 769 12221 12423 6635 2194 12435 17406 7516 706 1619 5666 2915 2862 6427 10301 19332 6180 12512 7701 20676 5182 14327 
1124 1960 7270 163 2530 13070 16729 20612 851 5822 3804 
1125 1775 3409 10141 3026 12546 3446 2743 3410 4628 7948 
1126 1966 1967 714 4438 3299 4325 1240 6473 4437 
1127 1968 1148 4564 5260 4882 3646 15746 7735 7391 2400 5088 4331 8005 6652 186 162 2258 6240 17240 10774 6238 12975 1742 15497 17236 2375 1814 17412 1129 20341 16522 2764 4161 2299 11642 7894 6268 8929 3585 3938 16136 
1128 1969 2049 3047 3266 6054 73 3359 822 8200 12576 2446 9212 5186 14129 11930 3175 8236 14986 11142 11017 6300 6394 8281 9362 8603 15785 344 13867 10148 2583 15887 735 1606 5176 16603 5014 6331 13159 2277 17032 6411 16512 17961 3102 8052 15054 
1129 1972 2001 2506 3257 358 3570 4922 6242 9929 9948 975 10252 2769 327 12175 3807 2743 1846 8319 4769 9605 572 8469 6546 6261 6166 15997 130 286 8043 15617 253 13107 9345 5934 20509 9838 
1130 1974 8464 4570 7716 16243 21439 1013 
1131 1977 5545 5430 8761 12647 6427 11108 3214 9722 13437 13527 13961 2724 15359 2915 2937 9848 323 9895 18815 
1132 1979 7269 5556 11356 2053 8811 13700 4229 5063 5994 1336 1828 1581 14998 17343 5383 15961 4396 15376 4595 18661 20889 6600 624 
1133 1980 11127 11709 11501 12761 10033 13423 13003 19985 12475 16556 21885 22166 23270 6566 22295 23927 779 
1134 1984 1986 1997 9592 482 9966 4581 16446 
1135 1985 350 5079 1363 1854 7360 5103 53 29 3745 1041 13562 
1136 740 1266 16196 4276 16512 18663 6363 20996 21963 23259 
1137 1987 20319 22703 7477 3801 6472 941 21382 2765 96 2008 3779 1249 3415 1485 1846 9572 
1138 1993 1998 2043 2046 2081 2083 2095 2118 2174 2831 3490 4519 5369 1381 6763 2653 6788 11903 3138 5184 8560 2503 8842 16123 447 13419 13062 8488 843 16408 6432 3377 14211 16665 16749 9647 1810 2270 16890 13608 16891 3613 388 2134 2236 2171 7219 543 595 17068 17069 9037 7455 6080 213 16444 9230 17323 5469 18203 548 12265 3097 5018 18319 10381 12886 15051 16218 
1139 1996 2756 14011 1426 16642 28 379 1105 18779 776 5218 805 4328 304 19374 
1140 1878 3061 7829 8089 8177 16743 4214 760 4620 4613 
1141 2005 5024 442 13636 9722 21513 8394 12801 9978 3213 
1142 2010 174 6233 12269 14694 21913 2597 3278 
1143 1775 1922 7139 3443 1728 1357 19790 2836 15318 17972 8622 126 
1144 2021 8096 6481 9143 2340 6183 9965 2826 8012 12107 7974 8813 16578 13158 19579 10418 18852 21280 21894 23025 23223 
1145 2023 1027 9107 1307 2448 4595 12170 13894 6901 14290 16673 9362 14598 17387 4311 17110 13860 11948 1296 1407 12460 18842 19763 3536 8204 636 19484 15120 21954 8353 23413 4932 
1146 2024 2027 2409 3535 3107 4830 6162 2309 6393 7339 7351 7937 2089 8188 8189 8440 2807 691 12815 4072 8532 5271 4270 4083 8802 9030 2495 14564 454 15339 2215 16133 4398 16263 14682 61 13464 237 15428 17525 10230 2500 16176 6847 9069 11580 18682 5682 182 12808 13553 16931 10652 18332 3873 7134 14206 20177 15434 6907 4315 6555 19095 17932 20802 8625 5227 18617 8908 4634 12662 2952 9324 21023 5643 8107 18924 18919 21489 3829 4647 9999 17073 4181 2917 9049 5949 10322 5190 4851 9139 12975 16491 22943 10674 13513 12862 7340 16808 19411 16192 3048 8022 21941 16427 15334 15409 11844 22841 16104 21174 4633 4869 3042 22150 22632 
1147 2026 14282 963 6117 14324 23462 3711 5499 
1148 1593 1906 10602 10605 7032 10649 9668 7165 6130 6893 
1149 2030 2487 3431 2260 11931 2710 13831 6475 750 8192 4892 2454 1871 
1150 2031 1164 4048 850 1444 5611 9630 16498 16209 16226 6340 18091 1290 17710 2974 20852 21839 
1151 2036 2932 2302 16626 13512 10169 8845 3181 10622 5763 
1152 2037 81 2027 2051 5261 4552 10792 2234 4069 20029 21719 5499 7846 1941 7138 3919 18438 22380 3711 
1153 2038 209 2063 1336 6096 11534 13663 13664 1734 13867 868 15102 4546 7128 15105 15165 2164 11253 1296 16424 836 17507 8765 10092 371 2 17161 10132 15558 9680 
1154 2050 5020 8934 7889 4820 3293 9803 773 8598 13334 7321 1265 10690 10443 3800 1446 9510 8435 7037 8761 9991 11884 20478 12467 12423 8916 11484 10567 4891 19332 6738 17965 12627 1956 7611 22368 12216 7003 9978 21805 3959 3169 23358 8446 4828 8616 
1155 332 2518 4486 210 5970 2277 5973 1788 5994 8220 605 8250 4930 1828 525 856 265 2053 6719 12397 1734 13867 6870 1858 873 2790 15685 344 2337 2286 4975 16023 2107 8366 1464 1512 3233 10662 4109 11534 3656 3436 4542 13860 12675 20876 18027 
1156 1415 2200 2271 2718 5055 1209 8470 6398 18 1125 
1157 2057 6342 448 313 14173 8162 4890 3745 7184 9420 13811 13708 3721 14351 5187 2292 2510 17471 6323 20028 
1158 2058 10095 9909 10305 11652 13197 998 
1159 2059 998 7332 8275 8388 1288 208 6889 10089 4458 1537 650 6165 10976 4322 6068 5561 3430 6493 6775 4372 2206 4879 3181 18174 2636 1603 19275 19700 11894 3472 5278 3582 4084 4253 7652 6600 1747 8963 1431 16810 1623 4362 
1160 2060 3327 131 6370 4094 7356 1824 11897 5269 2846 3 5919 17342 7242 8425 20882 7176 12894 21819 16932 22678 2274 570 23445 18941 13189 23247 
1161 2063 4703 6719 1326 1003 6499 1336 7269 2590 2813 8021 3128 9141 224 19778 
1162 2065 7517 9899 11401 17360 18989 13808 4181 1679 605 
1163 882 2068 6624 7840 3244 17857 125 388 10377 2477 17979 15243 18967 599 1408 14399 23830 23251 11473 20692 3572 5208 7874 4795 3564 2134 3650 2911 14802 709 13708 
1164 2069 9860 13068 14138 14801 12539 1307 8307 16326 1326 79 10502 20766 16302 1930 10805 5872 15060 1575 22903 17280 6317 3047 609 
1165 2072 1170 2818 9474 418 6804 4772 10752 19340 
1166 1019 6432 225 4511 18477 19597 23596 5347 22975 
1167 2074 2335 5268 3059 9796 12891 5175 17911 10786 6001 9619 10895 18863 17311 7464 4965 15718 5017 17874 9522 8697 23536 20494 14070 9092 
1168 2075 3289 11024 14875 15280 15850 15851 
1169 2078 4104 4105 4115 6958 8802 1981 9920 15812 13798 
1170 2079 1115 10582 10026 1129 10914 7902 13793 5769 14380 
1171 1704 9452 4418 1273 1807 10892 3570 13107 4256 
1172 2082 4857 7419 8296 20535 21025 10684 
1173 542 2277 4276 4491 4810 5046 6394 9651 7549 5903 4014 7313 10323 8764 10126 3190 6489 1262 10164 13080 11269 2955 16650 20094 20220 9638 17218 5063 20383 8814 20191 3941 13102 14290 12721 22805 2193 3266 17414 14814 6648 23204 20248 21954 23637 16999 19853 21963 15421 18664 3296 23381 22419 23289 20286 22669 9860 16389 84 19935 3488 4732 332 19019 4233 5588 10500 14191 20530 70 1541 4888 9875 24561 24573 8100 23693 3467 3113 1826 219 19208 
1174 2085 2336 5333 9012 9013 9125 11184 12158 13212 13158 18175 17149 16087 22146 974 20006 2698 23423 
1175 2087 1148 3559 3528 6072 4976 7257 16620 16733 17167 20186 18469 4629 18786 
1176 2089 6202 4406 5785 15951 15057 11711 19089 7681 5174 9495 13333 23350 22935 
1177 1196 138 2998 5166 3013 4819 2401 1683 64 8796 1363 6525 2004 6109 1994 5311 1413 3130 20588 4114 
1178 2091 4444 614 3952 4217 14439 9349 3286 2817 103 21985 16651 6217 21805 6502 8156 4030 
1179 2096 2097 342 2099 171 3049 2634 3053 3054 3056 3058 6003 6228 5468 6597 6598 6599 6601 6602 4348 6608 6609 
1180 2101 8945 11679 17764 18946 652 
1181 2102 2106 2055 2107 1174 2955 20931 1056 21840 
1182 2103 1189 12162 12319 17548 11620 17033 3499 4635 19534 9110 
1183 2104 3584 6059 7883 15205 15296 15299 6118 3297 8540 2154 1566 14081 11459 2463 17716 1720 18455 18465 2142 9022 13511 1300 8964 7964 21037 3430 13223 11115 19732 4953 
1184 335 2110 3858 6093 11207 8697 7182 14397 6893 1989 18462 21962 931 
1185 2108 8368 8145 5268 583 15686 19630 20902 1773 1009 
1186 1288 2109 633 3430 3431 3432 3434 4603 444 91 1129 8532 1873 3717 2135 2131 8175 8727 8841 606 4639 9416 1313 3722 7919 8625 1106 1615 3248 1487 4645 3348 808 10977 204 1148 3403 3231 5228 7079 1154 12470 8731 9264 12944 3863 5643 201 11615 9281 4353 12446 3437 5288 1978 7975 10964 
1187 2111 2117 12435 9346 15955 16663 622 
1188 2112 2559 104 3120 5467 5469 388 6822 3962 53 5686 10614 10395 9687 10291 12237 12302 685 3793 6069 16311 2926 13295 15547 
1189 2113 2732 2734 2736 3992 430 23195 23877 5139 20196 22722 19136 224 
1190 2114 498 6405 15259 6106 23180 6785 23865 1898 2147 4710 11912 20553 302 2718 2399 2686 620 1225 12733 
1191 2108 2900 3879 3426 6024 2552 11078 5179 2426 6536 13173 10245 10935 10448 7922 
1192 2120 6860 5451 15400 6102 7820 9247 442 12378 5019 1135 20676 22006 9374 18815 
1193 1980 4555 7763 18282 16588 2930 221 11217 19576 
1194 2127 6114 575 3443 8497 9233 305 1510 9080 3771 5764 2216 11763 13026 4765 899 15650 10121 2533 11623 12211 2231 6841 7075 12210 18572 15318 8028 18104 18821 4769 19361 20032 10189 
1195 81 2606 7465 10792 650 808 12122 12124 4808 9252 13378 11178 2680 5873 8660 22749 23178 6555 
1196 308 2131 2135 3262 9215 1764 15389 12537 22217 12333 6717 
1197 2128 2129 3515 7688 3561 8424 3621 9457 10246 10336 5710 3675 3785 11883 3741 14197 5323 10995 9935 11500 8379 5731 15503 3805 11308 11265 17885 14391 14525 13638 13356 18703 20835 5540 
1198 2130 2133 4949 15874 8392 319 4721 7598 3622 1615 9741 186 3310 9648 
1199 1076 2619 8842 13042 613 13376 8637 15381 6292 885 5110 17856 15337 1810 15298 816 17232 13927 17648 13111 
1200 2134 3942 5522 313 2510 3832 6323 2887 184 7316 1114 7643 1872 8126 625 8343 8646 8749 448 5714 9418 7414 12072 57 13478 7347 13811 1552 
1201 2136 892 2137 2730 2071 4915 3294 4884 5803 4111 3637 618 11938 6481 660 2649 7744 13158 3177 178 3715 18301 632 15018 3376 11547 4010 114 5622 21809 790 22167 
1202 2138 2139 2140 4445 4442 6671 2792 11064 2393 12820 
1203 2141 2142 1721 8336 3873 10738 16327 2199 17555 11049 3357 18373 22465 7534 3352 4113 12877 
1204 2143 5853 11858 12065 1054 5602 2000 18474 10885 6581 10790 7300 13932 4129 3026 11738 18086 9345 2506 7183 
1205 595 3550 4750 5507 7746 8570 7219 1124 3744 11118 17137 8411 18323 5208 2180 18951 10171 17408 20669 22375 16468 20192 
1206 2144 5626 7135 1002 7727 6015 6385 5641 7512 3946 12437 4989 5506 19513 375 16079 
1207 2146 2690 2782 6418 4667 4077 14761 15395 15585 5308 8991 
1208 2147 2791 841 3040 12293 5163 5924 11740 4218 2873 17546 6237 15525 5599 2109 17601 1717 605 2932 4818 13505 13804 1679 396 2089 10365 9899 
1209 2149 4866 172 6600 243 10858 3306 12150 13072 5161 7884 3582 786 3098 9402 17678 7573 1707 9551 18923 15296 20816 16431 16876 15497 
1210 2153 2157 2170 2171 2183 2180 2191 14543 16387 
1211 2154 8328 4714 1220 
1212 2156 2175 2207 5546 6837 350 3696 2233 7805 3964 10045 12563 3453 10413 184 13890 3560 13295 628 2510 12254 3793 17458 17794 14689 2550 1633 9301 1729 9969 4156 4202 969 20304 4356 21150 639 1562 10113 909 6049 18230 17471 12095 
1213 103 2158 1787 3617 5488 6508 9517 10284 6274 14932 15336 15553 7767 467 13249 16945 2005 2940 11458 15635 19770 6275 481 21307 585 11408 2817 22472 18155 22614 13489 5277 2671 
1214 237 2160 3921 14425 13237 4369 14847 1287 606 2246 4895 
1215 2159 2165 1225 6298 15468 18222 6397 17347 10151 
1216 2161 546 2694 2986 2811 543 14148 2164 210 18812 5835 4549 18756 4340 5017 9846 1571 2798 1765 5490 9138 
1217 2162 6408 13863 344 3057 9738 14148 11210 3050 11112 
1218 2163 8617 5272 3086 8025 14014 11895 13511 1857 3184 4252 
1219 2166 5772 14267 18629 14956 9561 11114 14226 7808 12422 20451 2083 5374 
1220 2167 13438 6367 12647 20179 7245 2073 8186 5406 1147 15314 6262 11058 6920 900 5350 6580 15524 21014 1047 21097 6810 6548 6797 18307 6549 7745 2050 11735 22340 21813 3441 8844 12627 557 
1221 1217 507 2172 1172 2176 2178 103 2184 2186 2189 6872 13774 6427 6549 14723 12171 1616 3622 19251 17669 4287 
1222 785 2177 2179 2234 2443 2607 4061 4069 4482 6245 786 12745 
1223 2169 4306 6125 6127 523 10393 9362 73 1326 19318 14148 783 17388 
1224 2173 4974 5731 562 8297 2129 3796 1380 11500 13714 7688 5710 2770 13236 17168 8379 8376 
1225 2180 5376 3215 6837 39 7411 7687 8593 5116 907 4343 718 2818 15378 13229 8939 4506 3046 9850 6691 1412 2532 8838 17170 5670 13861 145 1810 3746 10673 10009 857 3244 6638 14208 4496 3650 1246 16624 499 21508 
1226 2181 3158 12133 1612 12020 7953 7403 15392 
1227 2182 8364 10986 3541 1537 17025 5007 324 3474 
1228 2185 2558 3931 5097 5226 174 6752 6767 3956 12237 2830 4661 3308 402 7184 1935 6592 5436 14015 6306 1732 18316 8772 16864 19308 3120 19655 17287 7762 7509 20461 2532 11090 4551 613 5079 20968 16438 16213 21150 9182 4169 12026 20803 1740 18571 2715 10209 3258 8950 19054 21330 
1229 1966 2192 2198 171 3693 2328 2642 2833 3376 17439 15722 4011 4010 20638 
1230 2187 1115 1099 2215 3143 7757 11779 11434 3163 14349 18974 20075 9102 18587 6401 2384 5294 6092 2460 1022 9087 284 
1231 2193 4576 6480 13782 6040 15778 7277 1576 19197 1581 
1232 2197 5055 739 7826 9334 12361 1641 5408 8631 12610 16609 906 14395 11186 700 5458 19119 20680 2566 14469 21905 21810 1711 3347 12103 1584 657 21802 6418 21002 17253 
1233 2202 5693 1493 2168 1154 5131 7481 17814 4371 6050 19442 3808 16531 556 17113 21294 
1234 2205 4580 4582 7043 5478 11172 2102 789 13897 9028 1777 2647 12539 4410 5381 332 1364 6168 9062 3653 14988 11755 4748 2627 
1235 2206 1165 10421 197 4690 6997 11497 11002 12190 10365 15751 2051 9586 5939 15210 16487 13365 3859 3727 14425 8662 11178 13143 3711 16033 19678 2370 4278 2065 5380 2873 
1236 1395 261 3656 7041 8199 1969 16764 17132 21262 20996 
1237 2209 790 8229 1352 21152 23450 
1238 2210 2213 3971 3983 5408 5659 5905 6792 8587 3605 10090 10460 10461 4053 337 11347 7490 4390 13521 5031 3600 3525 4489 872 11733 19119 
1239 265 1743 1404 1858 8600 8603 8610 1799 13102 9268 7 7288 2790 11579 3190 6636 1576 4684 
1240 2214 10891 8885 13598 8518 12333 3437 8413 9578 20961 2795 201 13798 10114 17074 2195 4362 5593 1945 5228 19117 
1241 1664 13945 15355 1657 3780 17626 2558 20017 6510 15719 
1242 2217 3196 9439 10502 15786 15107 13068 2586 9875 9028 16512 17365 1483 1969 838 2601 6936 6285 6411 8803 2208 14498 12305 18393 4441 22272 7004 84 12242 4894 9487 6301 13257 1390 
1243 2218 18310 18186 8133 13427 2988 870 6194 
1244 2219 3083 5903 7543 5508 10129 6741 10177 7298 4826 22356 8758 10124 15919 5343 7141 24366 
1245 2220 3011 2192 6313 2945 10481 1966 12117 6599 3968 342 8807 12213 15050 5139 13158 15721 2953 9188 16087 2839 470 2328 10557 14877 4884 16071 18041 3660 3178 14842 10418 17506 231 20178 15 2284 4207 714 20776 8219 20324 9219 4612 3501 
1246 2150 1877 4326 7972 2388 2449 1209 6639 6799 1225 9930 4387 12668 2690 6385 14705 9897 14556 7708 4987 2025 1002 5524 4495 10170 15150 14418 11983 14874 12461 17715 8717 9008 5319 13525 11679 17518 11967 12069 21802 15831 5408 15414 16483 16853 20126 19119 4989 
1247 2226 1603 2326 2500 7533 12474 14616 9288 1377 11229 18777 13125 13750 208 10146 19170 
1248 2227 2228 8656 1898 8129 574 3790 12213 12755 3664 2198 
1249 2230 4202 4730 7159 1246 8578 6153 16006 4062 13825 
1250 2231 2700 3475 7225 8358 899 8361 4037 6915 1219 3491 
1251 332 2324 2325 2330 1306 890 1464 485 12675 11948 8199 8018 1576 13860 15685 2333 1359 6126 6408 13158 3101 699 21262 558 2984 9039 1003 4452 22284 20421 609 22419 1336 4109 1456 21138 24363 23289 
1252 2233 502 394 7414 13285 894 10673 13478 9631 6621 17034 10373 1647 17531 142 1933 19850 883 19900 709 21118 8749 19427 1076 4734 22333 22292 22843 10113 22837 17981 23352 19709 
1253 2236 2423 3918 5116 7730 3005 2962 2112 7414 14862 7921 421 2157 8193 848 248 2445 6371 18145 10300 
1254 2238 2306 3079 10789 10796 586 6789 3241 15493 3145 
1255 2240 5219 4184 8395 3469 13108 13109 13421 9241 16447 4597 11246 
1256 2242 3886 7233 5429 11794 15485 6337 20911 21249 22322 18036 1064 19394 
1257 2243 3011 8921 9500 13371 20865 23487 6466 
1258 2244 2468 3249 16303 10045 8334 17850 15875 3944 373 20725 21118 12141 
1259 2023 1518 1326 332 856 668 6408 6163 7210 2014 9172 1483 2628 1027 1072 13860 15115 79 733 17819 9725 14148 873 2446 10872 15105 8930 5170 11792 6126 3166 3468 11356 3422 7043 6411 5367 22710 21721 20945 1464 6829 6014 7558 5385 1858 10168 20286 3676 8052 1296 23259 15268 2217 4859 
1260 1666 2823 2826 2828 2833 3177 5159 3192 1369 13158 3445 232 4165 2340 12158 13419 15562 17098 7196 8096 16613 20006 18852 15559 20490 13484 
1261 1185 10328 1833 3894 2478 7746 12167 18613 2887 6675 
1262 426 5068 1924 3537 3770 9930 8282 12092 13525 1898 10764 6543 11063 15414 10879 4986 1352 4239 
1263 2254 2263 4717 7816 8195 7495 10274 10006 13455 4897 14503 1786 9726 3014 8003 11105 8775 17128 
1264 2256 2369 2371 2373 2374 5528 5529 1564 12102 12103 5058 4450 12301 5423 11347 1225 3045 302 12232 4326 1892 17522 272 3277 2355 2146 2791 3554 602 2147 14395 15496 15994 8696 19438 13810 3243 4986 1031 906 8335 5127 16693 3539 15410 5408 1002 19327 4163 9737 20864 19119 12814 4987 8977 5454 3823 16853 11925 13855 2971 578 18198 3318 3525 15743 2150 1415 9897 
1265 2257 11465 4511 4347 12726 5054 2328 3657 3439 13422 
1266 899 2264 1054 13444 8784 12594 18433 14373 10121 3024 15555 16471 19361 1728 15857 16124 23650 9693 1510 
1267 2261 4950 4593 6376 88 7892 12160 1898 15673 13273 15414 17268 9516 8567 8398 3085 4201 7142 15594 13855 11925 15438 20126 2213 11106 19203 9064 23333 16337 23441 3045 23308 6398 
1268 2265 3404 9080 10703 571 13879 17603 18449 11336 11463 5602 15606 18572 8872 
1269 2266 5078 5817 4427 7362 595 2171 5747 7684 6321 2559 4661 1810 2484 3613 15547 8193 20017 
1270 2269 327 2981 13716 4037 14887 1846 2287 674 4769 15231 11660 13026 18821 18572 21325 7514 18104 3754 8319 4377 23924 
1271 2270 4708 7219 5456 129 312 7002 5858 6812 18063 17979 
1272 1366 2272 423 228 892 2284 225 2192 2535 110 212 7196 7198 12255 3376 12439 4241 11657 12897 8208 15320 15018 8130 5154 
1273 2275 1905 10905 7956 3789 6675 3165 5668 10859 2353 17939 10135 7411 5704 1123 14750 2498 595 19824 9977 1000 10363 9347 
1274 2276 2361 3341 7738 3504 4300 88 6385 800 14437 4964 15673 3525 1892 9460 
1275 2280 4513 133 1712 9182 402 19994 11040 16982 4504 18831 989 1418 
1276 2282 10514 1058 15371 17569 283 6590 12601 18467 3734 2421 9598 12303 
1277 2283 11432 576 220 13862 17801 16821 16033 19231 19913 14993 20617 4619 1441 1620 22938 22934 23915 23457 12774 
1278 2286 1027 3827 5592 9001 15595 266 13782 17776 17576 1011 1576 15313 6139 6394 14384 9382 6363 2943 219 12540 6636 4703 1407 1494 10613 17369 12654 5814 19088 1539 209 9 12613 1269 9886 20248 2404 1895 17132 1410 10590 7277 19983 21262 7563 2522 2325 21963 261 733 309 20983 16764 12019 9515 577 501 4768 14153 16389 1362 8236 1460 13663 21451 9736 21902 1307 23275 22169 265 70 4924 9738 1306 863 22992 4595 13335 3738 539 4813 
1279 2287 2504 11937 11955 13820 9879 6905 8028 3378 6728 10121 19433 7139 13978 21474 23416 11730 
1280 2289 7222 808 5822 22353 2524 15001 245 
1281 2290 4222 3581 10953 11180 3150 11702 12451 6028 3122 14758 9266 16657 1663 7598 4398 8519 13370 7167 15233 884 9954 15003 20805 13072 14145 23032 12858 1599 6725 1699 20255 9582 10517 6136 
1282 2291 2292 2295 9864 1647 5738 2725 1193 5199 7414 12320 8892 17802 
1283 1596 3942 5858 7700 2396 1552 3001 8796 10917 2423 9230 8746 1885 2112 13864 14342 12244 7610 15270 1872 15707 15547 15337 2433 15420 1187 6621 3284 1035 8723 6987 3626 374 894 13376 1982 10673 17856 2070 17488 6065 19540 10783 19709 19975 8706 
1284 2293 2298 2632 4475 5401 5450 8365 8835 12508 13110 12552 5501 712 6308 14699 4345 5491 3677 6744 8259 13019 6737 10210 17700 17984 2382 15294 21825 14869 10345 3111 22457 5213 1773 14858 4896 1009 1771 15027 18287 2426 862 6665 9846 1571 
1285 2296 13176 6190 14445 13514 12547 10578 14468 20458 3237 20898 10585 11476 7530 
1286 2303 7175 10490 186 2246 5045 12745 1288 2168 4195 8097 4355 11996 18016 12987 208 20148 4541 1025 258 14056 8625 
1287 553 2938 625 394 2916 5115 9431 4514 14772 3374 10673 15869 17766 
1288 2305 2308 2310 2499 3183 9092 5835 5566 9781 9427 
1289 2311 2312 2314 595 64 2134 5485 9772 857 7663 476 7622 9915 12063 6727 6812 2498 4708 2270 9320 7362 981 6521 2473 965 
1290 227 6016 2542 17797 18965 5058 1100 18504 18966 9709 17909 
1291 2315 2320 2929 2718 3883 1886 492 1002 5204 4864 7693 8305 6015 5723 10105 7012 4710 1373 
1292 2316 2319 7721 9508 9511 5492 3499 10234 10650 1245 6630 5891 11866 1462 10343 12935 7119 11889 9102 5543 15362 15363 5597 14930 5102 7323 6092 16344 5228 13610 4640 19149 17712 19368 8774 6120 12529 20053 3065 
1293 1500 7595 8501 5617 9509 11297 1521 9549 4108 16490 
1294 2329 5044 5045 1537 3489 1553 9754 10931 2873 11615 7640 1882 4613 11559 1441 2455 18014 18138 784 11895 1105 22659 768 23203 
1295 2334 6805 4943 2425 12205 4003 15754 1147 20812 1730 
1296 232 5372 341 5941 6723 9588 9590 14162 15018 3224 4966 18228 19430 20649 11101 11938 20777 314 13487 790 
1297 2340 2839 3364 9407 10093 11632 9378 5435 16082 22290 
1298 2341 553 5334 448 2396 9310 10697 2387 9182 13268 10406 12893 14790 990 2442 
1299 2344 2345 856 1780 2347 2348 2350 2354 2446 2448 2592 2593 733 2585 1282 3190 3533 3536 280 1336 7288 1518 5972 5152 1858 9638 
1300 2349 1454 2699 3425 2482 11283 16637 13209 8770 3048 9323 9434 3086 3737 5043 1388 2660 18658 12241 19414 669 6359 2979 16033 5554 13254 3717 1528 4307 18138 11189 
1301 2352 3048 3025 17368 2342 1154 308 5118 3581 10095 16463 
1302 1664 4320 1610 2331 3453 8723 1517 10285 543 8125 6767 2401 2112 2132 5359 24036 19136 
1303 2355 2440 3010 3045 2200 2551 7652 10807 11131 16134 
1304 1873 9029 1563 1876 67 1570 7118 179 9323 5288 22859 22138 1496 
1305 1493 2530 20299 8713 4315 1115 10466 15362 
1306 2356 2683 3090 5444 754 5968 6148 6149 7390 7393 2908 7962 8207 4788 2691 8605 8606 3576 4355 1199 9364 6002 9760 7950 5247 10852 11976 12327 12994 12995 12998 11298 7735 14775 14850 15141 14873 15610 9451 7855 12858 17723 14691 13815 2925 18593 10411 19199 14771 3040 19313 18309 20436 20682 12971 3261 10341 10855 21346 
1307 2357 3218 3223 3986 4617 2608 16242 7945 3770 10908 5066 16446 
1308 2359 5603 8378 10447 6454 11889 7023 1822 7517 17890 19919 15943 17324 21069 
1309 2360 2362 6655 3771 246 6841 12713 827 7073 4418 
1310 2363 5779 5786 5788 332 9439 209 14384 695 16476 15595 10127 14148 1098 10129 873 5149 1255 5063 4859 
1311 2364 3793 3962 894 2911 969 6340 6686 2818 296 7453 3039 7455 3319 142 9896 10395 10548 8173 190 6495 13490 2998 455 2236 7414 13478 5709 8796 10673 7219 2498 14517 2751 1933 12072 353 3165 4939 2134 16051 5714 13812 2291 9595 19172 4890 18031 19540 1035 4414 16874 1732 3094 19427 634 3120 5504 7643 7316 21521 13627 3942 15292 2913 10077 21725 3139 13930 6614 184 11906 
1312 2366 5595 7051 2128 1516 6218 10336 13328 13236 13573 1845 17991 5710 18637 8543 18703 21156 14706 11339 20262 9201 3515 5540 4527 15242 875 3621 14570 15100 2579 
1313 2367 2842 2863 4289 4194 5388 5470 6830 5247 
1314 2368 650 12321 18326 6076 14863 8789 3473 20148 1626 18926 18682 1426 5866 6600 11252 1761 3936 22229 16275 6967 4070 
1315 2370 8023 6081 671 7086 444 
1316 997 4594 11520 13010 4232 3809 7564 2075 6724 8356 19577 10141 12907 19361 21511 
1317 2375 22 9469 4434 13849 13947 399 11062 1597 5156 7689 18571 4144 11979 2760 16738 1861 703 13253 10467 136 496 1106 2278 12269 12095 
1318 2377 1728 2378 3801 5579 3131 8531 3029 2419 2727 2578 
1319 1582 2387 2392 346 13656 3686 4391 11333 14163 14291 14398 2574 1342 4011 15966 16127 4005 1646 12581 17316 9474 7018 9096 
1320 2380 10646 9130 3905 17597 13564 15139 17647 391 17144 13826 21249 
1321 2382 4251 5806 12201 3073 13515 5491 8144 12534 15278 5219 10530 15844 16423 3677 15294 17951 5318 19708 8835 14305 15860 
1322 2386 1792 770 4802 3952 918 1433 4121 15901 2425 3173 5708 
1323 2388 11804 12339 17233 761 4494 21272 302 11967 15496 11005 6325 21802 22367 2201 2276 
1324 2393 5940 884 7644 19668 12633 21525 20942 2864 4268 
1325 2395 4000 5141 6832 3654 2163 9570 3668 9950 10453 2681 5238 2329 1550 12745 13300 2142 16500 1772 6050 16001 12737 1441 7598 20502 18995 
1326 2399 2449 2450 2452 2453 2014 2457 2885 8758 12821 11089 5359 20224 
1327 2400 2402 5703 5705 6710 8686 8912 6476 
1328 1730 5459 5460 3293 1619 6548 4003 19114 19753 20227 4943 1956 9346 18953 3885 8392 2768 13139 
1329 2403 3900 261 12539 11948 5750 3566 16863 17110 266 2286 2205 18027 20007 695 
1330 2404 1395 5644 7367 1780 12654 6365 2832 
1331 552 53 8050 4339 285 7387 10401 13790 2112 595 12611 16175 3225 12384 17015 16223 19081 383 
1332 2407 2414 3839 3840 3850 1644 5611 541 5215 6876 9065 3964 2322 9217 2760 14343 3097 7956 2498 8838 4498 996 
1333 2411 3799 69 3834 5175 921 13394 6132 15725 6534 16896 17105 14070 6938 13315 
1334 2416 2417 4090 12606 8292 5036 10902 7473 11756 6637 12687 12508 14906 
1335 2418 1619 10389 9374 4689 12423 12468 12523 
1336 2419 14773 15258 18910 10362 5468 
1337 70 13068 954 1098 8052 3739 2208 1467 4947 7578 19484 22838 280 14814 
1338 2422 5051 8985 4277 8936 481 14319 10287 16945 18815 8157 12423 2189 14376 13961 
1339 44 2965 8471 225 397 4757 212 3192 1321 637 
1340 1151 2053 1296 1894 10248 4317 7588 3283 207 2337 14191 1827 2277 3359 7493 20996 4487 4894 
1341 2432 875 1516 3741 13492 13573 11265 22940 
1342 1140 2433 4202 4183 6837 1574 3109 10673 90 7018 402 17582 16855 
1343 2435 758 3938 6062 6066 28 6840 1480 1466 8651 1493 6634 898 1569 
1344 2436 7872 10399 12548 13452 13689 8279 277 4136 11328 9075 
1345 2442 2445 4513 855 7813 4202 3453 10671 16046 2391 18794 22581 5215 5728 18539 4516 
1346 2447 2512 728 1966 225 3729 2757 165 4091 1020 4442 4623 755 
1347 2451 2642 225 645 11588 6858 632 232 3393 5151 11777 5154 11833 11941 
1348 2458 3665 3506 5511 10323 9553 5482 12675 19808 5816 8680 16046 1399 4451 22094 5498 8682 1870 22669 5979 6965 17792 
1349 2459 2464 2466 6799 8489 12561 11530 10706 4832 17522 4710 11582 4494 21007 700 2150 19905 1225 10879 4987 5255 4581 3740 7210 8589 11413 13720 2777 6385 6543 15438 6405 
1350 2460 2462 4088 9547 19008 677 12049 
1351 2461 5190 6919 8802 12965 21003 19571 3107 5227 7975 
1352 2463 2168 11997 6268 1707 11889 14811 17946 
1353 2469 2470 2471 2472 2473 2474 2475 388 64 313 2476 2478 264 4939 215 
1354 892 4957 3376 5587 2630 2136 10072 3604 3757 3693 645 4976 14147 14877 282 3664 5154 13422 5532 10173 18978 15316 18487 19551 3178 2328 9258 6572 
1355 2480 3102 3050 8002 8372 209 2038 4684 2023 10333 9439 6960 11792 4509 2446 6125 12481 7115 7775 4595 12120 14124 4930 7141 2592 1858 76 5830 4317 17132 17150 14260 17588 17658 14371 13867 8748 2286 8236 17110 1539 13068 7353 7043 18504 14804 18616 10722 18393 2467 5993 19643 6011 1826 7028 6408 3995 7102 15512 1420 707 18762 4431 20904 20905 1967 1321 20957 15984 10596 18422 6965 3424 7254 3504 141 2181 2452 1001 18260 21507 7039 838 17365 1969 
1356 2169 1547 4766 10393 2286 13201 16820 7277 14954 637 
1357 2482 4231 2677 10855 15296 2787 1975 886 3311 20650 14652 11122 1024 1588 1709 
1358 2484 3564 3744 1935 4148 7055 944 9195 1246 10434 9881 11192 11194 12812 
1359 159 2486 2490 3423 10979 9415 247 835 10982 1809 6699 14752 3405 6500 15731 
1360 1873 759 1717 3763 1202 4738 416 2327 186 7235 1764 1570 11770 23 808 3339 11553 195 1478 757 5271 9845 
1361 2489 563 402 15220 16175 8173 19626 9182 20092 778 
1362 1487 4719 870 2557 7167 4361 5042 13604 4084 3325 1717 10065 15565 7652 1537 17236 3711 13862 6204 20740 4252 13793 12353 
1363 2491 3388 9037 248 11352 212 13060 8816 7257 11588 1321 15804 
1364 2493 4377 2232 5910 997 10037 7513 3801 7948 3446 12214 13347 13352 4015 994 13884 11763 17817 19624 96 7967 9751 3091 14063 13107 17436 443 6067 22314 13012 21474 21870 3978 5871 18104 5574 20252 8357 71 
1365 2494 4068 6834 12508 14916 7092 4475 7049 16997 9692 
1366 2495 3523 4081 4083 4084 454 4086 1115 1838 1302 4089 3065 4631 4633 4105 4635 4636 4637 4638 1106 4639 4640 4642 4646 4647 4648 1793 2899 5189 5190 1171 5192 5193 5194 1127 5227 2195 5228 4489 3859 5312 1022 5685 3154 16983 17806 15013 3612 
1367 2496 197 5007 5114 226 1109 5599 6032 768 6324 6366 6062 2309 
1368 2297 933 4598 810 3592 4397 9088 9308 11250 8627 3581 4274 12071 884 1814 4113 8630 3136 2455 15346 4695 17047 11929 3040 3435 10064 14166 20326 15210 19274 12261 19351 5059 2206 13704 6630 21328 
1369 2498 5648 1971 9403 64 9642 2473 6412 5583 12063 1935 9896 5616 17648 7177 5104 388 1123 4939 1657 2942 5311 3119 16416 19488 6833 10801 15322 7219 9695 15243 18570 599 248 883 2278 
1370 704 2501 5032 6563 6565 6566 9537 4246 1980 11663 5429 12263 1066 2511 8968 11217 14460 15366 
1371 2502 6416 17290 6405 4946 2782 2025 2450 
1372 282 2637 2649 2257 6430 7903 7904 5154 8657 2823 13346 13797 11286 2132 6423 2272 13780 
1373 2507 1266 2513 2515 2806 9031 2590 2313 10664 10613 9386 5536 4924 2943 15313 16364 13682 7141 
1374 2511 8279 10290 2434 12380 11989 13461 17754 4127 18109 5035 12759 20266 22816 12855 18342 8290 11794 23499 12405 
1375 116 5195 5925 1141 4897 6957 593 7827 8923 10007 2956 6571 9598 11676 11712 11796 3114 11873 11510 2733 7430 12340 
1376 2517 2519 5855 4322 7652 8014 9911 4365 11426 1679 3473 13333 16142 17045 10519 4782 7748 11894 9837 2249 4168 17275 
1377 2521 4235 4239 11050 8971 9923 8977 11297 1373 2147 800 5989 739 2690 3009 17044 9318 19635 4666 15697 10581 12011 5464 10879 21127 18809 
1378 2526 1712 1861 3892 2407 4519 1668 10406 13268 1533 15547 14244 174 2081 64 
1379 2528 1278 963 237 3262 3248 2815 12395 4084 1908 17037 7938 2131 5683 10780 8972 6207 
1380 1364 856 15061 3266 12539 8691 22275 19080 
1381 2531 4900 9056 10489 3621 8377 8740 14464 4974 17885 12390 
1382 2534 3466 5388 10804 9980 7270 85 3180 2524 
1383 2536 2538 2539 239 1350 899 10790 6581 8784 10412 5828 4831 13107 24248 4041 1922 
1384 1540 2984 791 4206 1391 6133 2806 4583 3179 6394 7126 1561 
1385 2542 7348 8280 12619 
1386 2543 2544 3897 3898 5468 10232 2220 12809 14842 
1387 1178 729 7375 6361 15313 3521 10335 2107 5339 3260 4383 4263 12675 17864 16389 6312 17159 1296 5824 6394 5482 18187 1545 4604 1326 17150 
1388 2545 1875 5106 5864 6006 7091 4433 5077 9003 19798 19799 21439 
1389 2546 9171 8150 5519 2319 2654 11562 12853 10840 7119 18587 10095 
1390 2548 12687 14869 9328 12883 4090 21065 20102 
1391 2550 3345 8604 4335 20803 16838 1574 1562 715 12629 2471 9316 276 2968 
1392 2552 5379 2274 2922 18723 7852 4591 9894 20039 1173 
1393 277 4918 11501 12548 10632 6007 3893 15159 16547 8009 
1394 2554 2925 2151 4574 340 14223 5975 1878 794 16233 4882 1250 14176 4408 12190 6726 16033 3428 18670 22444 5118 4296 4719 22817 10491 13761 12819 
1395 2560 528 1651 8825 9307 9309 2970 226 9689 7290 6970 606 1154 162 10861 8320 6004 10870 678 8310 4371 3608 4610 14829 9499 1148 195 5243 8972 8957 1441 4084 2218 11826 592 3354 8752 
1396 2561 2997 9182 6962 990 14434 6233 20461 3145 8068 2420 2424 2547 5490 1078 5028 904 22849 22974 2550 20725 
1397 1210 3562 20092 9483 3379 10045 14694 19363 12181 21699 
1398 1113 17702 10066 15530 1550 3711 22946 945 1611 884 9661 23481 6241 12579 3048 21851 21096 15437 7066 
1399 2562 17815 10615 15113 6218 16957 23579 22291 
1400 2563 2573 2575 2577 2216 2578 5307 6044 997 7294 7424 7425 1018 7891 7121 7444 7016 1023 2700 7932 7933 3602 9173 7415 7071 4336 
1401 2564 3715 4971 5099 4207 3483 2630 10675 3058 7132 15 14247 1486 5468 13608 8816 3968 9514 977 22977 3049 
1402 2565 12285 40 17493 4891 18708 
1403 2566 302 4495 16853 3554 1877 11983 1263 8743 11582 10477 17472 23981 
1404 2572 9182 3964 14266 8661 16072 1344 5652 4254 17882 2653 19245 
1405 2458 10207 10211 15512 4491 17387 7500 14976 3521 6753 17776 2062 8459 1576 2313 6361 4859 4947 21954 4435 22284 
1406 2584 2696 660 8067 14151 4800 7505 15894 3463 
1407 2585 2586 2446 2601 1827 13682 5889 18888 18894 6870 19208 17819 3467 1027 14148 21287 3516 
1408 606 435 2249 12665 6391 5558 7964 18914 4084 858 3090 11559 18138 6840 3843 1975 6955 
1409 2588 4832 11582 11584 1093 11925 170 10474 16879 13543 2457 19014 3010 9535 3740 1877 
1410 2589 2299 2400 11028 4218 3380 1414 13585 10473 1894 4105 9211 4114 12 11532 17191 1492 6010 
1411 2590 1540 1820 4509 542 11022 6126 8212 1407 13068 265 3179 2164 6036 3130 1773 1266 11455 17130 2273 10805 6875 7551 19673 7338 12540 873 7298 11112 539 
1412 2591 10015 10016 12264 7240 11080 11308 8297 9640 8379 
1413 856 1098 2946 210 1166 1916 1326 3676 485 11556 11857 1011 5257 11948 14923 
1414 2594 1717 1235 2640 3437 1421 16033 17062 7973 4331 
1415 1334 7733 3 19559 14113 5711 4116 17121 22154 6981 13177 2991 
1416 332 12539 2199 9028 13860 10380 4011 2426 10293 2729 5566 1035 11948 189 628 19763 1827 
1417 2595 2600 7484 5268 14407 14858 15214 22253 18012 5269 
1418 2596 2598 2604 6888 313 134 2998 214 13266 7207 13372 8796 2997 2911 1599 9025 1092 10673 3001 12840 9768 19617 19540 19621 623 8769 7418 22092 3729 10289 2070 894 914 17832 338 803 1985 5469 
1419 2599 11401 8774 8802 8949 7548 4089 19368 9646 3040 12379 1287 6997 
1420 2324 12675 1307 1830 1072 4924 16766 696 1357 20566 
1421 194 4286 1314 13141 4753 13969 8185 5554 11945 11432 9763 11889 19150 5736 5083 
1422 288 2763 2700 2765 2769 2800 899 2836 887 3570 3309 8221 8224 8466 8801 2737 
1423 35 3230 6676 7151 6407 1091 4430 2482 10220 18048 1377 10160 12588 17246 18202 3547 9038 4192 
1424 2605 4374 5838 388 541 10820 1275 909 11158 9285 1810 431 14239 951 6321 2157 2207 817 608 17471 
1425 2608 2615 2617 850 3094 1304 10588 18509 8539 165 19713 4249 16510 
1426 2609 3952 8394 6247 12378 9669 6860 1503 6217 19332 
1427 2611 2181 10504 10170 3983 2210 7787 19158 2650 1898 10973 3539 19803 23750 24403 
1428 2612 1360 775 6213 5708 6217 14167 9280 19770 13623 13263 640 24814 13801 
1429 2516 4247 1327 6725 6091 6675 16226 10597 14749 2760 
1430 870 535 3630 9255 5717 7906 1129 3737 4273 14756 4100 1384 18050 2524 9766 1118 2299 11189 5867 7427 13511 21626 22121 20240 
1431 2623 2624 5770 6274 7701 7870 2927 9270 9903 9987 10287 461 701 12689 13563 14192 15759 16576 16663 12291 15660 7940 10103 17859 11703 18718 5878 19045 4959 16529 18815 12868 18328 19743 16651 2229 5023 17590 3372 20862 6101 7227 7794 2176 16021 4139 
1432 2629 2630 2634 2635 2638 4621 364 7369 18694 7924 13158 15320 8588 
1433 2268 5365 13214 4246 3886 15423 212 17597 12406 17828 6999 9014 7233 
1434 969 3638 4144 2653 1170 6264 1712 2236 1342 22718 2916 8566 13268 11370 
1435 2636 626 7668 8671 11891 2500 9266 12916 2030 14176 5676 15122 16587 11934 3579 18989 7119 20341 2206 2495 20419 689 14757 21068 
1436 334 20073 3453 17856 366 1731 8095 19375 1727 815 3626 4099 3421 1994 7700 19540 7773 
1437 320 1131 6548 1168 6236 8394 8761 10443 16392 14990 
1438 2247 3167 2939 3403 963 8315 1879 2160 11889 1441 2249 1478 5084 12013 605 1148 7973 19163 8329 784 2487 17025 2168 21352 
1439 2642 6228 3606 341 3054 1240 3463 12577 18684 18749 
1440 2130 9346 14374 18815 3622 1135 918 15759 97 5594 1048 
1441 2644 7780 1361 3049 397 212 232 962 4757 1133 2634 2406 9259 15018 3053 6609 11544 514 8816 5099 5074 
1442 2646 12843 2998 1681 13971 13973 17840 9347 19136 13565 962 1375 
1443 2650 700 1849 5797 7787 2361 348 14118 8733 3600 15414 11967 3593 4989 5031 534 14508 
1444 2653 5187 6286 6306 551 6917 4144 3626 3039 16237 10077 1078 15547 930 7862 19900 20803 778 15347 8572 
1445 2654 4071 4848 458 6374 1435 6643 6646 2326 4259 662 1303 9231 4115 9602 10012 10020 12207 14999 13566 13921 4089 16373 4192 16698 512 12725 10026 5597 6559 6468 10273 5601 11272 18517 
1446 2655 5237 780 2765 7477 4429 4428 2769 10405 14635 5936 15504 1130 
1447 2658 2662 7383 3774 3815 15596 15859 9558 14770 17375 2727 2765 16115 7864 4594 7967 241 9381 9784 7018 6095 6693 13670 19953 1253 3551 2705 2578 13126 10192 4015 240 3775 2763 16019 368 5584 21337 68 
1448 2316 886 2660 2606 2664 2668 2672 2677 2679 2680 2681 2682 2684 2685 2687 2691 2693 6511 6554 6555 8065 
1449 2659 21998 4328 406 19562 6028 
1450 2663 3637 20155 7670 20736 20603 4393 
1451 2665 2676 4806 4807 4808 4811 7705 8660 
1452 2670 9312 584 3203 4132 8112 16809 3531 1980 7776 7472 4136 18760 21800 
1453 2671 1942 9679 14769 13665 486 18847 23365 
1454 2675 2439 4177 13522 2725 13526 312 4939 7837 595 3850 
1455 416 3146 2249 1158 3763 5493 1384 9675 4598 6357 9696 2435 5238 5613 6210 1300 1611 4323 7973 8913 14438 1717 1679 1936 942 10712 5345 4907 14282 1441 11334 1245 7640 4620 18786 2135 197 
1456 2678 8933 3101 11856 873 14128 11761 6365 1003 8826 4595 2832 13637 20248 12332 10662 1221 
1457 2692 4320 2070 5719 642 6670 6863 6869 6917 2510 3780 11933 10673 13441 1142 5072 6660 1574 2394 10946 15960 2401 8578 10917 4940 15303 7297 1681 5582 6758 9681 11031 16078 14214 9316 922 7643 17531 4803 11593 5166 4819 13985 3206 18625 15270 1578 20409 12982 6933 17856 21098 248 1342 3222 2942 19975 7552 944 3421 1170 7808 1504 930 2614 27 2675 100 15337 18062 15547 21376 6031 11348 
1458 2695 3243 3451 4494 5230 7120 4387 4989 6903 1584 3318 7376 10170 11448 6106 7005 4326 6398 12734 12323 5529 7693 
1459 2696 2702 397 13847 3058 11852 15012 18677 13158 16891 6467 232 3224 18852 225 3376 20826 20872 645 18398 3685 15050 22597 14300 11101 
1460 2698 3382 4257 4693 4207 2625 5361 2431 2085 7132 11156 891 6122 2071 13412 13840 6183 12158 4625 9143 6811 15018 11919 6481 1297 5622 13485 16578 362 18983 632 8640 18045 5803 228 8087 
1461 2701 11757 1235 4977 5694 5326 11922 16403 15972 1679 2370 1882 396 7117 4407 6541 14355 18816 4095 19215 7396 5267 421 19824 17662 629 20545 10422 8417 7495 5392 3198 870 1749 3582 11060 1528 
1462 1489 5326 9188 11268 11938 8520 5951 714 1019 17868 14877 1484 14020 17763 8013 9258 1355 6230 1634 19553 9833 5241 
1463 1135 720 7794 7861 7325 9777 5913 11444 11449 4294 
1464 2704 2705 2706 2708 2709 2712 2713 2714 1846 2716 2717 2719 2720 2722 2723 241 2378 2726 2727 2728 2865 1794 3391 3764 2651 3833 4336 4594 5579 6740 9799 
1465 2707 9040 11563 13068 11417 11932 2332 16302 7588 
1466 2710 10422 7973 396 11799 1247 691 4449 1245 7855 11870 6558 15914 6475 9264 870 1750 22 18069 4084 3340 20214 24249 13365 23514 
1467 2715 2907 264 3421 3063 13910 10224 1115 527 1989 1413 6693 14675 4948 2042 7165 3020 2006 
1468 131 6413 7885 10000 10216 13807 3734 3879 2254 1526 1824 13112 17331 16177 18536 17533 18949 1527 5800 13656 13177 2900 19298 8816 10386 18654 9996 1173 20479 14947 13316 20944 6640 20994 5111 10525 13496 3241 19436 14902 3145 
1469 2733 8137 8159 9705 9619 15191 593 12894 20118 9267 6587 
1470 593 6663 5566 13112 5252 13189 6515 15457 16601 10834 13177 17342 13316 428 283 11926 12962 1052 
1471 73 637 8353 9569 8935 12613 2571 10393 1467 17448 13068 4766 
1472 2746 5087 4016 5240 3215 2441 9850 10880 6725 7310 11121 15286 2447 9027 14637 15639 3746 10349 18029 18059 18357 18470 10107 2613 7808 17905 18285 8909 11688 10130 5116 20198 2387 8767 21594 19303 21730 8550 
1473 2413 4719 3711 963 1661 11686 8662 16205 12556 1107 4011 3123 12041 7869 
1474 2750 2803 16996 3646 1245 7193 10233 12745 16522 13365 9956 8234 
1475 2751 2211 2833 10673 4800 10938 1596 10942 350 13811 
1476 2752 4345 13019 6195 4727 683 13939 20527 
1477 2746 608 5586 9316 534 6876 10280 7689 10077 15542 2171 19736 15322 
1478 1175 5128 425 394 140 6633 350 2433 418 6469 11511 5718 
1479 2754 2758 2816 3651 4114 5153 10026 2206 11002 15434 10073 3184 12321 7446 15927 15626 4603 15906 5052 8929 21001 9274 18371 4903 23500 5174 13507 
1480 81 3226 3167 7973 2557 14568 6705 13862 13793 6290 17062 3592 2435 4154 8584 624 15565 810 3837 2807 10065 1127 21006 
1481 2759 1166 13335 12186 3653 5592 696 1677 3233 6301 9750 5750 10706 4946 2023 3277 12308 3072 4768 7228 16326 636 19151 5781 7775 1844 2348 5242 21954 4924 11715 
1482 2767 2770 2773 3675 16356 16696 18703 14948 10489 
1483 2768 11892 2178 17791 1349 7003 4223 13809 22472 14820 
1484 2771 10764 18 2279 18198 2525 3971 11696 5454 88 20553 21288 4326 
1485 2309 1747 8999 5491 7662 2249 4449 2349 1841 12873 
1486 2467 1404 1223 11715 4672 9569 8935 954 12539 7295 1494 6408 8170 1576 3233 19895 19088 13201 
1487 2775 1481 3139 3766 4712 690 995 1076 11511 2814 17471 4513 20704 22837 5374 11214 
1488 2779 2782 2876 9698 8717 18200 6325 11220 12560 18772 22051 10743 
1489 2780 6717 6081 2776 274 5091 12163 5227 7797 4102 
1490 2783 388 5575 5858 3097 8571 9649 2477 2068 719 13708 6153 2312 10920 2498 15881 2259 13811 5670 13603 15322 8838 5104 8842 11214 18361 3513 20017 140 5187 659 18063 
1491 2675 2830 4711 5018 6134 7287 8179 7523 215 3253 9352 138 2510 6660 10406 14119 1985 53 11903 6172 10920 13084 2331 5749 11342 18171 3484 12735 19309 4341 543 6869 10324 14522 1145 16822 3780 1741 2401 404 944 3923 5187 22560 553 5718 995 1170 
1492 2784 2785 1103 2792 2925 12182 12185 496 2932 
1493 2794 6510 12331 2859 10521 2510 4772 9059 6725 1712 7837 363 515 
1494 2797 892 2137 3464 3463 3501 3520 4912 5074 2630 2451 5229 5344 3192 3968 8434 2625 10278 2953 10072 11610 11613 12129 12399 12516 5081 6861 8491 4612 13152 13502 12169 11777 3299 12888 5570 3486 2934 3693 5694 12510 1489 306 5217 9844 13422 10259 645 15894 3058 4758 9188 212 7990 9965 4395 2228 4173 430 14295 14079 11160 1019 10298 15320 15984 13035 17356 17183 14643 2136 10560 16921 14883 16582 10173 19209 3342 9436 12577 10537 4517 8258 4693 9143 11750 20224 15853 10675 7670 6572 17092 15050 12158 3376 12649 18352 18983 17665 290 15752 18852 21621 6313 10366 401 14247 
1495 982 5836 4549 12114 1571 709 11321 8139 3013 10636 4403 5485 
1496 2805 2811 2814 346 909 2818 2853 39 4377 14508 990 15696 22631 
1497 2808 4189 645 9135 14649 12117 19322 19323 20732 225 21515 4511 3583 20006 7671 18983 12931 20709 9731 11326 
1498 2788 954 1296 9680 180 2507 17576 20184 3795 1576 
1499 2812 6534 7109 3928 459 18790 17719 5628 15237 21962 23445 4116 90 1386 5633 16896 19971 6946 
1500 2819 1308 5086 9850 4414 10214 3099 5396 6945 16624 6821 14302 1170 1723 3746 5296 18990 17652 608 8554 8317 5636 13649 22160 5166 5373 22651 15603 13572 19459 18285 979 18826 21476 
1501 2820 3836 4841 5514 5864 6190 7270 7389 10661 6383 2867 9675 10771 1013 10774 10592 14411 14613 1177 15195 12547 11452 20303 1878 21687 3240 5867 1974 
1502 2821 2822 3377 12741 12742 14429 9311 16425 16613 11833 15307 17837 3757 5468 20334 
1503 2825 13822 2904 23540 12682 2195 17258 2932 12002 435 7344 4211 
1504 2832 84 8265 4441 7367 3941 2785 496 8008 1326 6300 1471 1645 13707 16414 9750 7561 1777 1011 863 7253 1420 14188 14446 2077 21184 11857 16249 3993 1266 22159 16299 15786 7262 1296 17101 8748 1328 
1505 2023 371 1852 7958 3508 3427 3022 9738 479 7367 1576 1464 9755 4263 4826 5859 10393 13860 5825 4394 12617 13867 3124 1777 14148 8032 6871 5171 2731 15685 17824 2978 20643 3166 5256 4859 5971 3827 
1506 2837 7953 5763 2112 16183 18119 9713 1164 
1507 2840 6167 5742 5436 16918 7862 11095 513 19234 10352 19619 11318 1175 20830 12320 15572 9599 14101 9969 
1508 2841 15972 3442 16241 1377 9655 14152 13051 2246 9909 9206 4742 13738 1148 
1509 2843 103 10217 2724 15809 15810 14557 11141 3899 18328 12423 9412 5460 
1510 1050 2844 2847 1465 1172 319 1792 2856 2862 755 2902 2906 2909 2912 2915 1619 2931 2937 3214 11141 
1511 2845 332 5289 3521 569 6408 10450 14128 7218 3108 2205 
1512 1516 3515 6218 10367 9033 11339 11500 8515 11150 15100 15503 12615 11045 17885 2129 11234 18526 17168 8384 13179 13284 18686 1851 18380 6099 13038 7520 21526 
1513 139 10783 2911 646 6708 1727 1933 15420 1170 2509 3884 6789 3005 1363 10597 16229 1344 5581 883 
1514 1377 573 2368 3737 10008 6838 16509 5053 5085 2065 13511 21788 9405 3966 589 753 
1515 160 1574 516 690 1079 6891 8246 989 12244 13811 5714 11321 883 10763 11596 18451 13927 19540 18217 19172 20036 2510 1712 17652 20837 1819 6751 20188 21222 20875 17042 19308 21290 3005 21907 3704 1933 19818 
1516 2851 7973 480 9398 9644 5500 4564 8989 10586 10659 8728 3585 4331 16033 4632 13138 15469 1884 6426 1612 7364 8711 
1517 2858 2 3083 4698 5804 9028 9638 6301 3857 2023 13894 7126 
1518 2864 2873 2882 2888 5276 4848 5782 757 4192 8581 12934 204 379 16769 4850 2701 9303 1247 4619 13063 858 1871 808 6952 4218 8175 5228 6062 17944 3437 
1519 607 4219 3515 11339 14706 13843 18703 4527 20920 21122 8557 1845 17481 
1520 2868 3469 3479 4475 4692 3817 4883 3186 7828 9052 9385 10781 7372 11863 5224 10913 10968 4079 10029 13421 13424 8148 9194 15274 15278 15474 9929 9198 14916 13705 14009 7366 5221 5632 17749 8291 17125 13281 15294 19202 16949 9449 9204 18840 4184 10748 21285 9694 16884 6115 10210 7129 21034 12607 10902 6553 22663 5401 1372 20943 
1521 1407 2869 2870 3283 9386 5171 13120 18565 20913 4491 5872 19907 741 24078 22284 
1522 2879 3815 2719 13126 7082 3210 12964 2800 20032 287 
1523 2880 11455 8691 4542 13053 4229 10873 20383 1464 3700 1803 
1524 2881 2851 12240 7751 6333 17701 15755 17960 19786 20482 1585 9603 18395 5007 9734 22935 23814 24580 
1525 2884 6289 3037 11475 14177 9056 21759 19205 8708 1203 14197 4833 12482 
1526 442 5460 4821 9724 6236 18278 12423 6800 489 1977 1345 2002 11141 357 5033 1791 3622 19067 
1527 2887 3071 6878 9017 2746 3650 5130 2840 12951 912 2468 1644 15832 16760 16404 22018 608 553 
1528 2361 2893 3418 2686 2399 1500 6785 12553 6219 
1529 2892 7512 16234 21371 8031 
1530 2894 3539 4653 8874 12870 13128 15496 16412 16745 7378 3373 4108 18511 15534 19156 698 6682 21127 11291 
1531 2895 2897 4588 5659 3174 11666 17518 11347 1894 3947 
1532 575 1728 11955 13353 3708 17478 2651 7497 7136 144 130 6568 5764 14441 22443 13044 22703 21935 21870 23416 
1533 2905 2908 677 5102 1838 7716 11396 11398 2413 5631 9984 1614 2917 1148 21188 
1534 1712 2910 2911 418 634 142 2916 313 969 909 2549 2997 1727 2998 264 2999 973 215 2520 1342 1994 3001 2818 100 2596 2653 3005 3007 330 1142 1657 3272 1344 3273 580 
1535 2919 3561 1392 6099 7934 8740 11485 10626 14845 6218 15006 18299 18380 10995 4974 5540 12289 19945 17228 12390 5595 12428 3621 1851 13235 4699 10288 
1536 511 625 6170 5995 3481 2911 948 16361 
1537 2924 5348 458 8828 8963 7555 11460 4640 11808 10230 10172 9447 6656 6559 3535 1435 13713 4848 7944 7669 16682 8014 4647 13808 1115 20801 18601 3390 
1538 2927 1965 3552 4464 2844 2098 7122 7127 1465 7968 5667 11141 13940 1085 1792 9724 2915 1619 19469 16106 18328 12554 
1539 2932 3982 3240 1528 870 2463 11615 6137 1436 12458 1760 8532 12499 197 2395 7446 6210 3087 1202 7662 10566 1879 633 435 17025 8929 1245 18127 5856 17601 18534 4753 7973 5599 3646 17236 11461 9770 6142 1603 21039 2155 21788 8421 8972 4538 20544 926 18786 
1540 2933 2532 3560 7610 625 7414 8796 22718 1712 8492 19900 10920 5714 
1541 2936 4207 4525 5285 5316 5642 8404 9844 10418 9262 12227 11512 12229 
1542 1734 4992 5063 16476 888 4672 22227 18023 569 8412 5339 
1543 2949 1027 838 4810 3296 7126 15919 6641 8816 11224 
1544 2951 2952 4629 5218 2301 4682 3522 768 4695 6717 3863 
1545 1066 2975 11 9610 10295 151 11096 13423 5429 7229 14951 12338 3008 
1546 2953 7174 9109 4693 7731 6858 5074 9311 11853 13580 13502 13487 5099 10418 10366 15918 8657 17524 10480 3053 9143 19074 5532 13331 10724 1312 10571 4575 14675 9598 2241 
1547 1384 446 4363 15632 11147 655 67 20802 1436 13598 8858 197 
1548 2957 1237 3822 4373 5145 5904 6272 4464 5666 7098 1104 4842 1977 8761 3214 11450 1965 5020 557 9937 769 14379 7968 13154 3170 13799 2235 8046 17114 6033 2862 14003 14029 319 17612 11595 9159 18349 1131 10004 918 16946 6232 8936 13563 5847 9248 4943 9848 6798 10660 19332 2937 19462 13139 8048 18328 16986 489 
1549 2958 11830 6551 14515 1593 17559 9995 8697 11973 5882 22548 7942 2430 2987 24027 
1550 2960 3780 634 3463 9258 232 1133 12320 225 13478 644 10536 388 25 374 20692 248 16361 24254 9939 
1551 2564 3361 3342 3153 6713 645 290 11491 5154 5658 15018 17437 18422 4673 3192 618 18852 
1552 78 1040 4249 4824 8514 6343 5072 2818 4571 7596 14832 15925 883 3063 10614 5742 3453 14599 160 1647 15742 
1553 2966 8628 10694 9244 1120 16493 8607 9991 20924 
1554 302 3010 739 10109 5129 2718 4986 12135 1125 9548 6305 88 16230 7554 15744 825 4450 10581 8075 3697 14036 2897 12814 17269 13548 14731 16437 19683 7923 4159 19119 11967 1897 17518 17472 6682 20525 14466 5797 11821 5641 
1555 131 5555 6850 9598 6073 641 9249 10725 5882 14743 7176 127 1012 11480 1779 283 10786 14714 14764 9995 2029 17227 12076 10245 284 1169 1646 3330 11083 2991 14515 6663 11840 862 7062 17833 20507 3896 20994 5645 23291 2595 14835 
1556 2967 2969 2971 3973 9893 2718 5308 2885 9897 2897 
1557 2976 2977 1076 502 5942 425 3284 3901 1652 15220 3007 17471 13211 18406 4422 516 17531 3639 7847 20017 7206 19427 2859 22491 883 13927 7610 19417 
1558 2980 2982 1260 4371 15391 9891 18786 10798 2594 8347 
1559 2981 15072 11775 1348 14973 22997 18300 11704 23961 23962 
1560 2985 296 2561 2996 125 1657 18063 2070 1294 6153 10423 17924 2473 
1561 2987 2991 842 5881 5882 6497 2861 4116 14240 12943 14082 1630 283 2928 1058 
1562 2988 2993 2995 5153 7290 20974 
1563 2900 2552 4659 3751 6093 6186 4994 9894 11410 4501 11797 6980 11943 3757 3192 890 397 284 10262 14717 14981 4575 3044 587 3114 6402 3327 10221 864 18414 12640 9019 17835 14213 6001 5379 16179 1786 14615 11278 12411 13105 16219 
1564 2989 4385 6151 5173 10023 3711 11002 11574 13009 4740 1665 6778 13460 16148 16307 1165 15114 15210 11219 2932 8938 9581 16487 13831 16928 2529 4845 389 15523 3435 20144 9564 15751 3576 10273 18344 3064 4857 22817 237 2925 
1565 2990 7348 7349 7569 3770 2406 1226 17808 301 8977 1667 18772 4092 15715 12668 6209 20420 16609 21022 6899 8652 22051 5119 1225 15301 
1566 954 3655 3467 1336 6360 6361 6363 2169 9382 9384 1307 326 6332 1407 12031 3941 3066 5898 2507 4486 12539 3847 12864 4410 11761 17130 10722 8052 
1567 2992 15941 17909 6899 14538 8288 3986 14729 12497 9709 9916 21867 18163 3218 23432 
1568 2630 232 6473 9135 6313 1486 11400 11454 8699 892 5054 
1569 2653 3904 1114 5181 3388 4661 7643 1757 6748 1092 9230 6371 3835 6764 6381 1765 1573 3145 4896 1034 3111 2274 7281 4553 6821 1412 10597 634 14068 2852 16918 22989 
1570 3003 2299 3025 5118 469 2290 1722 12819 13464 10149 7705 7884 16205 18452 
1571 3004 3502 3888 6211 6531 11538 9191 4297 10067 9389 
1572 58 3862 4965 4473 335 7790 2335 10286 1568 6497 11690 1386 3607 5421 13588 3747 13173 360 14467 2426 10786 16592 7005 11822 20849 2922 1215 22516 5843 
1573 3006 4016 2012 8550 3927 64 5415 5371 936 13221 106 6868 
1574 3009 4043 4187 5167 5168 5169 5723 6684 7868 7920 7925 1239 14418 6041 1205 2276 2201 7972 725 7727 7020 4326 1415 12522 9609 9165 426 6398 
1575 1131 3622 918 769 4834 5033 5182 1792 5474 2418 1345 1104 8007 3293 949 8300 1977 8721 1950 1619 1946 3899 12423 12627 15675 16252 5026 777 7516 18441 395 2172 5352 18484 13438 6262 11058 4420 452 8068 2922 9097 6571 2426 7018 2018 8192 12304 2335 2823 231 1572 9784 14283 1204 11665 21119 4123 2912 13696 14557 21329 460 7127 22238 17669 22350 11418 5406 12430 12557 
1576 3013 953 2886 8925 1657 3743 3405 15542 13811 11192 7411 11113 4725 4625 8013 8012 3463 962 19818 16444 17648 18570 15657 16053 15747 21384 944 563 
1577 3014 1173 818 3220 3398 3734 3747 2928 8168 3686 4687 4896 2335 
1578 921 7109 10895 7162 11110 128 2307 11278 11279 11333 
1579 3015 3026 7513 10392 10412 288 15504 1219 4831 2800 1785 5840 3772 
1580 3026 3029 3210 3212 2743 3407 3753 3754 2362 8068 8070 8073 1204 2426 8075 8080 1765 8192 2256 4040 4377 1890 111 3570 10892 1368 2071 397 14660 9512 10573 
1581 3028 7053 9819 9240 9935 11409 4046 13322 8516 12376 
1582 3031 9981 9989 10708 11775 575 11781 3602 4749 11837 11839 3289 6724 327 11872 2264 9723 3019 12907 12778 13306 7459 14695 14765 3309 5839 15526 16004 343 2765 5759 15504 9691 3775 2713 18229 10121 4656 12550 4578 1704 
1583 450 3032 2380 2268 10199 8962 13431 13976 8247 17915 
1584 3034 4666 4667 4668 11890 17477 18261 10839 7732 4989 
1585 3036 913 5566 5162 12487 2254 18621 16062 11075 16778 11423 17719 6893 16127 3059 128 3546 
1586 1091 8182 3933 2482 9479 12756 2248 23160 4991 4789 4430 6496 7063 1287 12737 14829 6145 5554 9511 20715 11028 5059 8983 
1587 3038 1481 8749 894 11227 6286 2824 159 9217 8905 13923 7414 3510 6306 19621 20131 
1588 3040 308 4714 5228 1835 10931 8771 5421 3111 7432 12228 9825 4972 8859 2249 13862 6004 
1589 3048 17313 17315 5271 5239 12133 20190 21772 
1590 3052 697 6358 1703 9495 268 12448 13208 13635 13746 3565 6119 17476 4851 10487 10160 11818 19544 19641 7797 12053 5822 7570 20879 17765 11360 12555 2524 61 2979 21942 4430 4613 15126 5394 7880 18648 15350 
1591 3055 1327 4852 7687 9767 14750 10436 16475 6833 317 18845 8973 15378 8109 2387 5586 1757 6138 22028 20565 7697 9347 3269 21012 13756 9561 7220 
1592 3059 131 10525 6129 13076 5188 124 12910 5252 3140 16708 19337 921 
1593 386 3780 3284 2911 8203 12073 12298 15441 14297 15337 9660 688 4712 19540 10673 8035 19900 7414 
1594 2960 3060 3063 2725 1647 7547 10878 12320 9687 5742 10673 14312 18006 17015 18011 10213 4099 6948 909 15572 10159 14101 8059 8984 11294 
1595 3062 9732 9998 11457 2329 13496 11873 2928 14596 9683 2304 14176 14311 4161 4316 5243 10216 4694 17275 4084 8728 20148 4695 
1596 3067 3073 3239 2416 5233 7736 7828 8142 8144 8146 8148 8235 4079 8256 8259 8800 8856 
1597 3068 4977 4981 2811 10019 11431 11056 650 12310 831 5228 1569 14850 18722 9854 17443 11838 20367 20612 21082 13463 4841 15279 4066 12449 12364 1783 
1598 3072 15414 8174 4494 10706 8398 4962 1225 2066 17518 5031 12814 15150 9064 11273 6439 1598 
1599 3074 7954 2932 13975 6238 1611 9704 17810 14055 6734 20167 20424 8457 4286 18213 3859 11551 3040 8463 21321 11117 21370 7167 8005 15014 162 3496 716 7735 3489 4592 8342 560 8937 21720 7029 8000 2517 16700 20315 9891 1878 5510 3150 6084 22138 1490 20303 21483 14257 1493 14475 6970 28 11115 1154 14216 
1600 3077 3080 459 3114 10071 5998 16014 3858 20494 3610 3241 4988 15739 20537 7942 457 20994 18064 
1601 3078 1287 2455 3087 175 3090 1106 200 1490 5486 
1602 3081 6779 4690 3356 16644 18985 1629 20856 12190 3189 237 4719 15210 2206 
1603 3082 3086 2815 1384 1202 6656 12501 12262 14484 2342 469 226 18153 18154 13862 14311 12677 3936 12665 3829 20148 17036 21398 21372 
1604 3084 3497 3590 5632 2285 6417 4184 10029 10247 
1605 2921 3091 3093 3132 3602 5871 2800 4388 12706 3907 3707 15343 
1606 3092 2186 4821 4003 467 12423 1168 13834 2768 1956 11726 3286 8007 17610 17612 9374 439 1172 12557 1345 4444 11703 
1607 3095 10043 6502 10338 1951 10616 1207 15036 1172 16324 11217 2734 7866 2186 12423 4834 5020 15132 585 1770 
1608 2424 9676 5206 6826 2928 3197 3618 13588 17911 116 3220 13391 
1609 3097 2070 3696 12254 685 12431 9681 6008 10673 8768 3962 5485 2394 3272 14214 19961 19540 965 15303 5346 20948 14992 19900 22063 3538 21394 4704 3295 22505 6761 22894 16207 2321 
1610 3098 4603 2092 13017 11478 4445 3859 1382 2327 5263 2519 11645 15222 23439 
1611 179 3146 525 810 6840 1750 2928 16641 1786 6110 
1612 3100 14811 11049 669 5114 6268 23143 10066 23439 
1613 3107 9530 10155 3612 10584 4222 7137 496 13624 917 5044 1536 9683 3472 12667 12665 18707 16620 14582 11658 19832 
1614 3110 6097 6201 6872 14198 320 8761 3866 
1615 3115 3124 1098 6901 8052 7274 696 5090 2048 13068 860 20286 19763 79 11792 
1616 3117 2240 8522 10875 13323 4007 13421 8698 18267 
1617 3119 1092 3244 9000 5575 9332 3840 11543 2615 13021 7833 10279 1000 12128 142 2653 6342 1035 11903 11113 14365 10920 14368 8139 14451 14453 8343 1140 14944 14971 14972 850 11021 14977 15048 15168 6513 10673 6638 10905 13229 1450 1167 16218 9768 17710 13416 2072 11065 16226 18145 18091 494 14239 16645 12199 17408 6605 4890 15322 19187 
1618 3122 12334 7190 12527 21361 884 
1619 3125 4590 5120 5563 7862 9856 8695 2866 
1620 32 6995 6996 6997 3434 1651 9699 11859 13604 1287 
1621 2436 3176 15047 12405 15787 16339 16346 16379 16397 148 387 16472 4350 9426 3778 19319 2765 13955 1339 11718 21536 11794 
1622 364 3476 4745 5466 7478 23721 
1623 3131 1219 7183 7608 9458 8878 9085 16020 16057 10425 333 8839 19990 20600 4041 8531 8447 15605 3334 17434 11885 23416 
1624 3139 3253 546 2604 4513 4601 4605 2653 6065 5719 5865 973 448 2541 10697 6822 106 2799 13202 14245 10673 16772 53 1696 11605 7347 11095 6628 399 3453 16923 13268 100 2974 18622 9445 8723 17001 7219 3929 5049 17471 1819 
1625 1894 3697 3600 7006 7172 8733 11225 3097 301 2112 15414 17619 12870 14693 4536 337 6379 4390 2761 18156 21268 15594 7793 5031 13245 18198 12146 
1626 3149 3527 5146 2014 6199 6338 2450 7343 7892 6325 8152 10087 698 1161 4065 5119 12146 
1627 587 3151 3303 62 5211 6297 6346 1850 10514 12076 3834 12771 55 11759 631 14057 14615 15443 11116 21300 20039 14507 7827 5421 22600 2254 5207 7584 14361 16279 11690 7740 23014 6714 1593 6413 1573 18723 6826 7460 16597 10274 10786 
1628 3152 3287 1134 8904 2364 10555 7553 174 13748 21373 19685 19621 
1629 3153 3157 3347 6956 8991 1110 9389 5917 9592 13043 13161 7112 13962 348 10057 14482 10856 17044 11804 2288 8631 2066 20484 21584 4300 1894 9814 3797 
1630 3155 7459 8447 3777 7052 9706 1920 8622 5598 16004 2741 16709 18702 3856 997 13909 8028 11151 9379 9606 7798 11837 19447 7090 726 21739 
1631 3158 3545 4610 208 496 11567 11572 3040 10452 13333 3184 7533 15133 16659 10459 6375 4458 12499 15972 22315 
1632 2631 788 326 10150 9767 6080 2062 17819 11948 1870 5851 1404 
1633 3160 3375 160 3063 10213 5001 1035 932 2999 8984 10444 8773 13685 14416 15696 1712 5267 2916 
1634 3165 4795 2596 18295 12937 8139 6235 1673 9681 20382 5374 1241 18062 9850 7476 
1635 3166 3987 3989 3993 3995 3997 7775 8682 2448 7563 2345 332 9439 6014 10590 10106 3436 18524 16935 2513 9860 6301 8100 11351 1364 2869 13707 
1636 3168 8698 5219 8862 11329 11756 12860 8821 8832 13888 14199 12607 13274 
1637 3169 3171 3173 6272 8985 9350 1104 9725 585 3350 13675 9374 439 4678 9967 463 5474 10103 18970 11766 19725 8446 1081 15186 7440 20592 18243 6502 12081 8844 19770 18815 1218 22766 7325 19332 23133 22015 5019 
1638 3170 8401 6860 13249 5352 395 1433 6262 6502 357 10313 15460 4955 6079 18516 15400 3214 5460 21785 17914 2878 
1639 3172 5293 5342 8395 3991 3239 12508 14869 18940 15294 20515 21285 21825 
1640 1354 3179 206 8314 10018 1544 4826 1410 6126 15685 
1641 79 14148 2467 1828 17065 577 11183 1868 3580 1467 663 11621 5830 1518 696 3488 5815 
1642 3182 3251 219 485 2467 1307 1255 8134 6489 3296 10323 339 21811 4732 14814 1056 1296 4910 
1643 3184 181 3238 6391 12018 527 6717 7573 11945 6630 6493 5554 3425 
1644 358 5000 6261 4388 12708 10842 3187 17950 12050 5840 1910 2769 22606 20616 
1645 3186 6021 3826 18643 6553 12883 16447 8856 1036 18934 3479 5338 11539 12552 4606 14227 17700 4475 
1646 3188 7844 10449 13923 14077 1686 19703 18025 13055 2244 15310 2011 2019 
1647 1870 4739 5988 699 1407 7048 2806 3128 1296 14067 326 1581 13560 15313 5893 
1648 3189 1529 17036 17074 2455 4849 19314 19180 19702 1492 
1649 3192 3489 963 881 3310 5599 509 8722 7973 10365 1879 5053 3238 
1650 1765 10887 10221 5633 8371 15757 468 12179 12656 20494 6893 1779 22570 13181 283 5919 5041 17348 7460 
1651 82 3334 674 9129 658 11628 10609 6728 7625 12713 7741 
1652 3194 2195 1335 9009 10195 488 
1653 496 3202 1493 4458 4771 4489 4995 195 858 28 7919 1750 9499 11569 1760 8579 324 8461 9307 12544 3463 12158 1476 2160 5228 870 13363 10347 6734 16288 3489 16448 4757 8329 17530 1106 3040 473 5155 
1654 3196 6629 1389 4739 2337 5063 699 5824 1924 17130 868 20421 21556 1326 20007 2147 22958 4542 9823 7 
1655 3197 3618 4243 7571 7584 7871 8202 8241 5269 8269 862 6584 8546 5254 8915 7062 7412 2307 10187 818 11177 7242 11840 6750 12388 9267 6073 13105 1413 8425 3330 6944 474 8998 587 9619 3114 854 15147 262 1818 14855 10757 1572 17238 17286 17270 2074 10751 17790 17831 17740 17570 17081 13189 16469 14331 1646 11278 6930 15576 12891 19675 19676 9152 17496 11423 15937 9481 19942 11188 9273 14136 15958 18614 18822 10245 12684 7740 5633 16960 17520 13113 18743 16759 17586 11306 2196 12030 17376 4941 14853 9178 18657 9356 7726 16291 10514 1850 2747 13646 23106 
1656 2416 3186 3201 3204 5585 4025 5224 13907 13908 710 11756 12680 14916 7372 3084 3991 18577 16993 14159 14006 12687 179 19637 9253 11918 4114 8325 15989 9449 16583 
1657 3203 6007 6009 3032 8247 12855 13029 10823 6498 15841 16118 12380 1631 16888 19939 9075 20620 1980 2380 8962 10640 12764 21800 22308 12954 11548 8279 8458 8428 23269 6566 
1658 3205 4047 2027 8498 6735 10056 5763 6449 9508 4789 16939 208 3871 7976 11523 6377 
1659 3206 13941 13967 6725 2084 4110 17557 9908 502 9017 14232 19564 8777 
1660 3211 712 14485 11247 13110 17937 9335 10082 5585 8851 4475 18840 3890 7282 13515 8698 8142 3204 20374 5401 13888 13999 18912 6269 5338 21213 21934 
1661 1892 2256 841 1110 4862 15181 3740 13571 3949 14466 1136 
1662 3213 10688 11264 11008 15660 19425 614 11991 9121 7870 
1663 3215 3216 7895 7784 388 2916 9850 843 10906 12893 11039 3927 879 17986 1000 19923 20181 13971 15665 20017 6884 10135 7867 9148 13818 10549 6080 6821 5768 19390 316 7607 20743 15747 2270 17968 15322 11232 
1664 3217 194 11432 8075 12794 4379 1154 379 9416 1637 6392 1884 11924 6302 5362 
1665 3225 4553 4561 4563 4565 5549 11899 9409 18313 5181 912 1000 14520 
1666 3228 2604 3235 3484 1729 3148 6621 6622 404 161 11173 847 2306 425 5467 988 12563 78 3222 4156 1816 12298 10472 13913 263 142 14893 15547 4339 6686 15572 15200 15337 13221 1304 10750 3918 9176 17451 17452 1079 225 13608 15355 5582 3626 19172 8620 19540 3079 17531 6932 18095 1076 19554 19695 8343 10306 690 617 21384 19709 22333 19539 1854 22839 8827 2911 1481 502 13478 184 12840 
1667 264 161 3250 10638 3453 1187 6621 53 12108 11173 2550 4202 399 6306 
1668 3236 2776 7981 2359 6081 12034 8960 5819 7025 2109 16522 10292 4674 1528 1487 6664 435 9689 28 20636 1358 16274 
1669 3237 7019 15350 11117 7113 14711 14865 15382 
1670 3240 324 2155 7118 942 7119 194 7446 1611 7452 5060 1603 1148 2764 5118 5220 5599 3722 5228 4603 208 834 1286 3437 576 167 3445 1287 5007 2065 81 5238 5799 13204 4122 2815 2283 2248 13822 12945 5299 6959 4371 2970 2838 9891 
1671 3241 7199 4235 544 10242 141 3514 14705 298 2424 1877 6385 11967 16546 5054 2165 7132 2210 9422 1584 12610 2025 13855 19659 3318 3277 225 2150 3967 7376 3527 7708 8946 4387 
1672 2396 1498 2433 350 1657 3160 10185 264 161 10673 57 11318 12080 12414 12489 646 2291 634 9418 1079 8641 
1673 439 3438 3441 5460 5351 2172 8015 10660 1754 11527 6635 1047 2386 8186 1465 11531 2878 3169 15361 15007 14723 14554 4123 15591 18097 4856 12423 7245 15849 11141 2844 5904 
1674 3248 13301 13989 3262 11442 1414 5613 14052 21733 15956 
1675 890 3455 3058 3752 3756 3759 5139 6503 6608 9775 397 10560 10770 6602 13611 14043 15992 18311 5959 20193 11491 3682 10978 1321 
1676 2366 14533 8379 7031 14751 20262 12375 11939 2767 15637 5323 15863 9056 
1677 3255 1424 786 1165 14873 20074 8057 19275 3668 14096 22971 
1678 3256 5769 6539 5004 8449 15196 5822 7290 8651 
1679 2245 1296 2571 6730 9413 838 1788 12710 19481 18564 14128 10737 10624 14658 18336 22895 14625 11508 6490 20166 
1680 3261 3320 8914 10986 17572 17275 15893 22855 
1681 3262 3437 3314 4493 6392 6832 8540 1772 1211 5243 12228 12395 1679 8624 7005 16747 1528 11976 15222 7181 7981 13349 11492 4981 4200 20401 1440 7880 11599 9825 17718 16274 8859 14210 14169 6672 19150 8000 2838 21567 3517 3129 
1682 831 7457 3873 2701 7273 5238 1847 606 8681 810 5958 19977 1113 21188 6848 7971 4084 7613 1882 5106 5283 1492 13835 9166 5394 23391 11504 
1683 2728 5095 8078 8108 5756 12515 12050 3093 1485 16168 9300 1219 10048 3346 4236 20032 8028 11195 7514 
1684 2597 6284 6725 11047 955 1279 11232 2084 12400 13289 5166 18964 8125 
1685 3264 2743 14452 5760 15823 6828 2287 4476 6472 20313 17434 
1686 1617 1407 4082 2918 873 485 9 1534 326 261 1870 1307 3233 12539 2330 16249 1296 7298 1326 7375 
1687 3268 1435 3279 3540 3542 3543 4097 4886 5601 5672 3849 5674 5682 1793 7487 8780 12284 4489 2078 12449 
1688 3271 1838 8113 17360 8410 10430 14741 1535 12766 2514 
1689 261 1395 4440 4542 4546 4859 4924 2023 4744 4947 8505 11948 13860 15120 1326 84 14290 19763 636 2790 21583 21954 
1690 3278 18095 551 2581 9347 418 14428 13756 
1691 3280 3281 3284 5166 3249 5374 6837 7890 6284 5415 399 1732 2397 642 502 8539 1935 10673 10352 628 64 15904 5097 13685 12254 15780 14026 15173 4963 15547 15337 17305 278 25 17471 215 13268 815 1376 17856 16514 3942 248 15152 4496 19701 19540 3629 14245 4177 19427 3954 20017 1647 3453 19217 14612 3964 13478 8905 16051 6789 20747 20704 12840 2753 4661 3793 17178 5504 817 3745 22682 6708 1175 1712 21913 23206 13891 14728 
1692 2686 3304 19672 14705 2147 9460 1031 2261 88 21288 
1693 3288 1507 14092 18497 19473 18944 22671 22673 1846 2765 23294 20313 8801 4697 24000 724 21884 
1694 539 3292 339 3296 3166 5816 5824 12782 868 2845 169 22805 21451 696 9750 
1695 3293 10311 7516 3792 8394 15862 3169 3214 12423 357 3822 769 15007 2111 22919 2418 
1696 3298 884 19557 21270 8964 12536 21071 
1697 2741 1920 3301 3443 3446 3447 3907 4045 4245 5579 5598 3029 7380 8356 4242 8839 1775 10710 4920 5764 6166 8982 14325 7183 
1698 3300 3379 6821 9234 2911 10817 1732 12398 8958 9182 5022 18473 17582 2653 1193 2926 3329 4786 843 
1699 2809 986 3928 3130 4680 1664 1170 8739 12735 1142 1872 7008 
1700 1596 3365 1657 988 8777 3626 394 1035 2962 2976 418 1387 5374 10673 4516 10472 3118 2550 2052 9133 1712 15337 8827 12568 1097 12892 13711 2886 14266 1732 909 10406 345 3199 2604 3623 2112 3954 6235 6266 4513 2134 10442 19129 1737 3007 9969 6987 6975 7347 979 3927 5018 4414 19663 1268 13930 8343 7805 9649 2292 1587 5124 3929 13871 8620 3780 104 14690 10942 8706 17389 13478 20797 3222 19567 
1701 3306 3311 493 5614 5866 4193 7659 8331 2528 8461 8463 8512 8964 9179 9333 9435 9857 3668 10717 870 11686 12296 12321 5790 12949 13261 11658 14558 824 16750 8949 3711 16245 17463 3064 18620 18628 11425 11432 19668 19754 14209 389 
1702 3307 5793 1392 5710 8693 6218 3515 8544 14525 14845 3785 17310 5540 16922 
1703 3308 215 1210 1429 765 7844 19902 1194 1430 8925 19363 15733 1712 4409 14537 
1704 3310 3087 3493 3437 4113 9717 1211 10149 12163 909 13253 6727 5007 396 11559 5581 9951 3206 2134 1810 3492 19731 
1705 3312 3318 2361 6463 9093 1521 301 15181 2150 9105 1641 19852 6405 4667 
1706 3314 784 8612 23 1247 1493 10598 8093 2065 1637 8789 14210 4102 14212 1884 1154 
1707 2280 3324 3328 3329 64 8035 5680 10135 
1708 3323 1113 4480 268 11476 12505 12885 5160 10964 14500 
1709 3326 1467 637 7696 954 1827 10152 2350 4813 1868 10775 5289 11269 856 13217 3521 6936 7195 5677 13411 2590 14474 1282 380 3108 5172 9383 5170 10348 15107 8505 7200 8826 4739 3175 14316 280 1159 19515 6312 10488 19866 19868 79 3516 
1710 3331 7923 841 1100 2374 5626 10973 2954 8946 4536 4063 1373 8743 8567 3072 4861 620 1521 2971 3950 20126 337 18198 1898 1319 
1711 3333 3334 1524 3336 1379 15019 10189 17817 4769 9467 
1712 3335 1871 8774 2319 5064 10620 5663 19534 19368 4010 
1713 2172 1659 5020 9978 7820 6033 12683 12423 14198 14776 6810 7093 8186 15709 14557 4949 6805 9848 1950 11203 5474 12978 13139 11698 17669 7877 19332 9346 7940 5350 11008 1047 10567 2844 14634 1963 18718 20179 
1714 974 232 447 19190 13781 15316 2099 4621 10559 8744 13419 5468 3968 
1715 803 10750 11878 11879 11882 2510 12810 13930 
1716 550 3343 2407 611 3329 4016 4824 3672 17316 5324 16175 6725 19054 8810 13420 
1717 3192 3342 7850 3501 5622 6271 6233 7040 4819 
1718 3339 3340 3357 3358 18005 1783 444 19766 6137 16274 
1719 606 3722 3776 2528 4754 4830 7101 8316 6426 12041 2104 9113 22659 
1720 1181 3344 239 1350 144 866 13337 9424 1728 19793 
1721 1514 3549 3857 3865 1751 5281 4930 6293 3988 9634 10337 9750 4992 11311 11621 12155 12762 1848 12015 860 7212 12539 9142 17388 
1722 507 3349 3350 3351 3355 4802 8099 9507 2768 4997 2172 17263 
1723 3353 5421 2310 8283 8285 6720 1204 4549 2006 7062 17346 18122 5332 15890 16177 19341 8746 2991 9273 
1724 3359 3362 836 9357 6139 4913 1282 1539 9746 10644 10672 11773 6668 13782 7282 
1725 3363 2660 7919 1384 1106 5953 179 1257 5121 7548 21835 21001 186 9699 11889 4603 
1726 3364 5435 8118 11547 2318 193 797 1366 7859 16816 2198 17126 19016 19470 2826 13797 21076 14686 16277 5366 11849 17475 17506 19416 10222 
1727 1507 4520 4769 2493 3081 13958 3093 96 6261 6067 
1728 3366 4678 6635 8844 21450 3171 11418 13587 6247 20165 
1729 3371 3459 3733 4851 5613 5863 4632 2463 6625 1528 12077 8532 11334 6478 7030 1811 13759 7025 8423 11189 18146 13558 21017 861 9702 3936 5274 9327 446 
1730 618 171 3376 3377 7196 10259 3682 10262 10263 10265 9143 4010 15722 10557 10366 18296 12158 18819 6313 7692 1126 5803 3054 15018 165 14739 18045 18852 20008 6725 7523 20827 7423 3299 5229 13609 15402 15665 19925 16582 13788 18228 21149 430 12227 21530 21646 20153 21809 22079 21465 
1731 1836 14588 15369 6441 1873 3356 10566 
1732 3210 4310 2981 730 8872 2000 1704 18821 369 3410 
1733 3380 3416 3417 5762 8949 6185 4220 9715 16499 19443 20185 
1734 3381 2897 13569 10787 11679 1877 337 3318 19418 3072 4494 
1735 470 2569 3389 5947 8255 12651 15967 17466 17504 4141 2497 6230 21750 
1736 3383 3385 10848 14027 1680 17913 2047 73 4308 17796 19410 22811 
1737 3386 5808 8129 7787 5216 2929 4163 2885 13618 12328 2967 17248 7732 20625 10839 
1738 1779 5490 1765 13519 7495 4024 16759 9152 2004 3688 
1739 3223 1892 10791 14661 15364 6143 10735 6899 19241 492 2279 8396 17565 1158 2521 13259 1989 
1740 3390 11916 19282 15776 11580 8410 
1741 1287 6237 6238 7593 1611 10169 5736 8937 5278 4023 970 13227 18841 4143 
1742 991 6103 6104 2473 7531 10101 13985 19600 64 125 877 
1743 3392 4384 6750 7651 3834 6515 3695 3114 14155 90 15678 17740 10739 
1744 103 1131 7516 3286 1172 5020 4056 4299 2889 4821 4123 11735 2386 6805 12423 7221 15029 11141 15480 8300 14003 949 4721 773 14554 16194 14557 4373 8564 3422 16867 14198 4856 2176 319 18234 1643 6549 4943 3169 2189 4532 19304 1950 19332 1754 15699 8609 7799 15754 12196 12250 5474 12272 17686 20676 8435 9159 21105 
1745 3399 9940 7985 11219 13545 12971 4433 4193 9434 16307 4690 8770 11180 3648 576 14558 16928 9685 9696 243 
1746 3400 9232 10709 1679 4027 1611 2838 5085 67 3238 1148 16033 13329 17025 6290 3437 17062 1612 7307 
1747 3401 7724 13633 7924 16574 5909 17731 15820 
1748 3408 175 3522 2546 9741 5646 164 3040 14829 12767 18705 5059 8630 
1749 3409 2216 1259 658 3602 3395 899 1379 15726 3551 11463 10032 9419 2741 6193 4520 20252 2704 21474 12025 21961 
1750 1113 5811 3380 7466 8534 8536 4592 8864 667 5981 9495 18337 12449 4284 6350 17257 
1751 3411 3412 3413 21805 21985 8985 9892 22919 1956 
1752 3414 13936 14948 17011 9440 2770 1423 2128 11380 8380 
1753 2910 2147 12239 634 1035 3927 8324 3793 8879 3375 15270 8773 215 313 2911 5522 3345 264 
1754 563 3421 161 129 11013 15719 3954 1657 2267 2401 2911 5376 14149 17389 
1755 3435 5368 7402 7829 8090 8120 11181 624 8920 13050 7707 14608 14611 6268 14955 
1756 3436 261 1805 2053 6556 2063 3941 5381 7420 2337 1858 9 210 6126 2344 9158 1828 788 265 6486 14313 6011 4109 1307 11534 2164 4813 5955 19763 
1757 1949 1884 3444 574 9355 8731 9045 3859 16390 11492 2294 4898 16772 14160 3262 
1758 3439 176 8640 7132 11338 12488 8657 13502 13487 3967 3968 17515 17524 14872 7819 8509 660 714 
1759 3440 3144 1854 3041 15393 4419 13478 2772 8641 16514 9657 623 6987 2070 
1760 2003 4250 3769 4340 4466 4469 3145 3111 
1761 173 4854 4700 5883 10128 10142 1978 12010 2932 11559 14925 11252 67 7406 4214 6344 7573 1676 7133 
1762 3445 4194 560 435 2160 6290 11976 17546 1749 18019 18158 17890 4635 
1763 350 3450 3452 3453 516 10535 8939 499 10569 13297 13298 13299 10442 1731 374 14612 399 5215 859 12996 15730 13671 15152 16361 10536 16311 17931 13930 1574 18518 10673 11590 13137 2811 19923 13811 17471 2364 19427 3038 20036 19540 7633 20274 14245 15566 4198 13478 
1764 1410 1870 9 332 1223 696 7367 10025 7588 6096 2790 11311 8814 6126 1576 1483 12675 13803 12772 14148 5256 5824 873 5971 1784 1828 11654 17824 6408 19763 17064 13867 18027 2217 
1765 2341 2653 1652 551 1342 9221 909 3319 2799 5166 7862 418 2598 2999 4409 5680 13478 8796 10789 15337 3089 13432 8246 3365 14626 19363 19554 9924 14359 16052 1170 13811 2998 19975 
1766 3454 3455 3460 3463 1634 3483 3209 3486 962 1331 3652 3657 3662 3664 3666 3192 1133 232 3316 3673 2132 3682 3684 392 3694 3695 3714 4897 4901 7176 112 7591 101 2108 6413 1052 468 4116 9796 15011 8585 334 1706 13321 459 17874 15443 18726 9626 17174 16465 8238 12344 7939 18654 15147 10139 4994 3834 12888 14897 16911 17013 593 3114 20460 14835 19340 20658 
1767 3456 4164 8945 8479 11427 5740 8330 10522 13615 2990 11743 14010 4044 14729 1883 17764 2992 2608 9916 2502 8475 12827 9709 18960 7006 8977 21288 
1768 3458 3310 4718 5123 535 1797 861 7280 7319 8423 167 673 10147 7665 3163 2654 10886 10947 10342 13070 13308 4538 2131 1603 1317 14616 5554 2246 4642 4084 4449 1492 1401 4083 3499 8837 17638 15013 5288 28 5505 4237 175 11028 10531 4489 19450 23 1384 11492 10149 7577 10347 7029 201 2375 14281 17601 2641 19545 15422 4331 15437 21001 2528 13204 18898 1154 1651 12499 11572 19215 610 1537 4161 15565 11478 7971 5228 20544 573 
1769 650 1493 2092 8267 8612 655 502 10347 2155 12745 3437 379 6972 7938 181 4200 1358 15586 5551 15222 20186 14549 
1770 50 197 8506 8864 3240 1148 308 6678 573 1441 9136 11425 3358 3592 5228 11918 4846 1287 4681 8960 14755 13960 881 4718 18148 15228 9532 8818 7573 605 11889 407 2250 8651 1414 4218 11850 1382 16743 898 11945 1889 10009 527 1529 691 
1771 388 3555 5431 7784 3388 5374 8793 427 9431 5407 3929 595 2760 129 3839 2081 10789 2621 
1772 3468 4924 4823 873 792 15512 11948 3405 3126 1924 
1773 3477 1023 6200 288 13012 2765 12064 15850 333 6581 10412 12286 12180 899 1339 20648 8078 3264 21761 1357 199 
1774 3478 16503 16504 2406 11037 11286 6806 1667 12149 7174 11231 
1775 3482 3487 2769 5008 3707 7615 5853 730 3026 1785 3777 5411 12550 18732 10545 
1776 620 7703 8685 906 725 739 15414 1795 3386 800 8470 3701 
1777 1885 593 3610 17835 10007 1034 18798 7036 3769 8311 559 8794 6536 18836 23755 
1778 3491 3264 3193 3707 3257 239 3482 3091 4179 5839 3026 1785 5008 5870 730 5853 6828 4377 1253 287 7615 3777 
1779 3495 3938 3585 8310 3340 396 11740 3205 4695 18472 16033 3348 67 1528 768 2970 5155 2395 17412 3437 6808 
1780 1377 4433 8055 4844 11219 13016 11778 9683 389 9434 6151 16384 2151 2925 11497 9780 13143 5509 9752 16928 4690 1431 11002 8770 21658 4296 20246 5161 20162 6779 11647 22603 
1781 3499 4315 4867 5593 6448 957 8613 9136 9956 1245 5088 17163 21903 6177 753 
1782 3500 7462 7852 648 913 117 7942 15457 13112 15899 7162 3695 8368 284 20967 116 19029 90 17484 5302 
1783 3502 6418 2323 11967 7503 17518 7787 11005 
1784 3004 3504 3507 3509 7977 5204 1795 11368 10304 10110 21210 20283 9921 
1785 2700 5134 287 5756 6472 10462 11955 7886 8166 4242 13149 14887 676 15280 5907 2920 2709 443 17537 10253 1507 5290 2765 18433 2264 5713 11839 730 7335 19384 4037 7477 10708 10703 20032 6828 2704 1038 
1786 3505 3437 3262 4700 1549 3236 12665 1493 13329 12701 35 2249 2970 4632 11457 5505 16081 870 4485 1871 17024 9732 16748 2776 10589 2109 14819 5227 1154 18138 7982 1528 22142 21733 
1787 3506 3206 3672 8204 70 8281 10329 10408 8225 9001 11678 14448 15082 14332 39 16287 14520 14788 1450 11417 10127 19090 15248 2513 17968 10517 22124 1164 11269 
1788 3508 1830 4213 4505 326 5824 371 696 2148 7039 2806 3191 266 9621 3115 6795 12120 1820 1269 1488 13867 2788 11443 11356 7128 2062 740 5827 15595 16414 860 4435 6965 8236 16965 4748 18088 15313 1544 699 4478 558 21262 14120 19983 10850 
1789 3513 8317 690 7443 3365 9851 7746 12933 2999 12199 23768 21521 17092 22246 1737 6874 
1790 3514 5999 6667 6385 9225 4557 1031 19525 331 13190 4416 5626 7830 14705 15150 14418 6405 6762 6463 5065 
1791 3518 713 9225 16337 14705 5619 2876 14345 6528 4235 10151 3740 9592 13954 3418 2650 12670 10741 1125 1373 
1792 730 5852 8028 1970 19552 20252 20032 21360 
1793 3521 2348 1098 7200 5979 5894 380 13860 12539 21072 21287 954 11289 21954 22654 22275 2618 11493 5037 5973 445 8814 15268 17819 22127 18027 20309 4008 1307 11857 865 
1794 3522 1651 4463 2993 5082 11615 4603 2463 834 1528 6291 9532 6290 1286 776 407 2748 18016 5543 768 3090 3238 4371 16604 12261 3135 14016 19517 5007 8888 20393 
1795 3523 4530 4610 4100 7307 18898 1528 1287 2764 808 4072 2326 
1796 3530 5398 2177 10021 7656 12334 2980 
1797 3531 3731 3732 584 4127 4128 6 4132 14951 2975 
1798 2584 2630 212 13788 12621 3603 1476 11624 
1799 3544 9970 4758 10277 5566 10071 5836 19692 1580 10559 
1800 883 3964 665 1647 2725 7547 12783 18450 3119 19154 2859 10306 
1801 3548 3572 5484 7760 6727 12029 608 16166 16760 17918 925 848 17137 3055 5749 
1802 1010 12541 6488 1545 2955 8092 9031 2053 0 1830 4703 485 5385 7295 15891 9439 3738 4766 7561 5872 788 14148 
1803 3551 4418 2704 3391 2360 10609 8797 3155 8497 10702 327 2662 3771 16020 18510 68 18754 15850 16837 20312 2658 22046 1298 5695 24494 24507 11628 
1804 25 12048 2391 12237 2505 313 5577 2886 5562 6868 
1805 3563 11480 7130 943 3610 5175 3546 5711 15327 
1806 3567 5298 8167 570 5943 6381 15648 15508 14288 14113 15147 11304 18941 
1807 3568 5403 4232 975 6229 4831 7497 7863 9809 5572 3334 11660 11662 2536 12090 11955 11213 2568 14063 15231 3754 9879 10932 9292 997 1043 1339 10121 3978 9338 16115 19361 
1808 3574 191 521 2962 505 14752 1696 7414 13142 14950 1233 1574 22018 5857 
1809 0 6126 9 4103 8459 4011 1178 6453 17387 452 20103 21262 
1810 1225 3578 5196 1893 3386 2147 1002 348 578 18 10879 2315 
1811 798 4388 82 16976 1326 8028 16981 5000 1102 453 15343 1920 10865 5701 18821 4660 1273 20319 
1812 3579 1006 3589 3591 3592 3594 3595 692 3837 3841 3844 3845 3849 3851 3855 3933 
1813 3581 3247 4500 5441 3711 66 6784 2375 15620 7465 13160 10281 11363 10441 16843 5228 6823 2672 1103 16466 4482 10023 6754 2689 2199 7664 18153 3262 496 19505 200 8683 560 1543 
1814 3582 5924 5615 9770 9717 10578 4195 11053 12387 2155 810 1127 11947 3136 4449 13427 4296 10566 1637 9253 7884 3339 2230 509 17530 1615 5118 1847 389 6997 5427 4318 2496 3489 1603 
1815 3489 525 4318 858 4333 217 1882 9215 6251 5243 7323 5220 4503 2249 4871 11189 2089 3430 3167 1353 4218 14202 12458 1247 14040 6921 2351 3717 7659 3646 4458 926 9899 2297 
1816 3215 1644 3588 844 5258 5964 5116 2112 5267 6607 10851 1872 10136 
1817 3585 2435 3236 7869 13555 13577 13822 8859 4603 2087 2151 17025 435 
1818 1215 5089 1053 21277 9522 13807 23912 16973 
1819 2482 1707 6578 2766 8983 9036 1235 6496 2691 2677 4789 6198 226 8000 1070 9479 12628 2316 3081 3612 518 16122 10486 10792 1487 10160 10162 13524 2206 1287 9899 4690 13143 13470 19914 4787 17208 3238 245 15751 3136 8065 6555 22298 22299 9077 1492 626 2838 258 
1820 1791 4299 186 6019 1384 9518 9991 6588 9247 12014 8985 1104 5026 11703 918 777 7839 19332 6079 12423 7870 20051 20676 2768 7097 8186 2889 13983 3438 20179 21785 
1821 3293 4649 3979 12625 12627 12115 13940 17669 54 19463 9892 72 5545 949 4943 9346 918 19045 
1822 3597 1507 5907 1506 7477 3187 5760 2651 8356 7706 866 1259 
1823 3598 2552 4966 4967 7124 1334 8792 14530 18863 13394 18793 15847 1670 11665 8194 19559 4033 14070 1526 9781 4827 13320 2196 9089 279 3116 10369 21167 
1824 179 1384 3146 4695 6955 201 2089 12292 13804 6544 1287 11615 435 589 7027 6468 
1825 3599 4236 3602 6248 7444 9534 3611 10431 9572 12394 12456 1507 8872 1922 7627 7186 19181 3819 14334 18024 9693 17603 2539 994 4660 15726 5885 384 12088 16004 
1826 2280 3574 5202 7394 11345 7666 11039 17471 13027 21558 19054 
1827 880 5486 2206 7468 9288 4072 230 8671 4216 12975 13277 13477 5892 8191 7244 13626 2995 15210 17921 18240 2290 12455 5025 13433 1528 11635 737 16714 1708 20652 18980 19541 9585 16406 16487 
1828 3603 3604 5361 5363 6467 4325 2833 4010 8130 9258 15018 9514 10000 1297 4165 6481 2535 13158 12158 19144 
1829 3607 6551 1173 5711 6346 17174 15738 8697 4024 20792 
1830 3608 2089 5123 1626 435 673 4871 9764 11002 12034 12035 589 9763 1879 3859 6290 13968 12665 5593 12190 10709 12247 407 14216 11464 18096 4346 19571 18453 2249 858 13333 
1831 1886 1986 6531 11714 10856 6199 
1832 3613 4572 1579 6065 3000 8751 8762 6235 4339 3956 3975 1123 14315 6863 979 
1833 3614 13152 17809 2085 7903 660 231 11909 2147 5217 7879 2323 1136 5626 17437 
1834 969 1318 1596 10750 4339 418 6891 3387 13748 2999 5187 2407 3755 10363 5103 13478 3005 5926 
1835 2216 10425 4769 9080 11858 20032 1970 20602 18229 2000 
1836 3618 3620 8873 7176 7018 9624 9363 5566 4197 5210 8425 5207 5213 
1837 3621 4900 13236 3515 5710 8322 15100 16460 22216 18446 16065 5540 11776 3561 17168 
1838 1631 6281 4119 221 2975 16658 2670 11758 12954 19576 8383 
1839 2047 1583 4126 10077 13734 6836 909 142 3929 5330 8149 4514 7352 14200 20472 
1840 3628 3014 1365 2944 124 1334 3106 1032 3633 3634 7434 3346 327 
1841 3630 6051 1626 10634 10832 10837 1487 2067 17206 14617 35 5811 1553 21509 5160 
1842 3631 2962 1246 9915 3839 3850 125 12760 
1843 2970 2248 5003 186 10611 4603 7973 13329 19150 173 13141 8960 6672 11924 1637 3727 5479 21161 5554 12061 396 2249 
1844 3635 6035 958 15379 7553 1854 5728 5575 7531 19198 13736 22879 22775 8507 159 2561 19848 15238 487 
1845 3641 3643 2642 3649 9199 385 15104 4884 1163 
1846 3243 4450 8874 1125 13168 3267 1883 3304 574 6385 4588 16836 7579 1161 
1847 3642 3645 5690 2540 5427 9998 11461 1466 4603 5443 15228 3585 11464 19811 2780 6198 7539 21113 1717 1138 15983 19715 
1848 3646 3647 4227 2435 776 6137 2455 4603 1884 4907 6177 3339 1637 308 9136 5554 1480 4379 1235 1288 9741 6840 4023 9662 20517 179 3403 17043 324 1493 2247 1936 3167 6734 8089 5558 173 6290 3262 8825 7079 4102 20349 18453 22287 4610 2131 4113 19413 7919 208 2970 4674 
1849 3648 1744 5512 20168 18985 21058 7138 2796 
1850 3650 3743 3746 6891 3119 17652 3729 13478 20692 13708 1069 8593 
1851 3653 6312 9983 2337 12539 1801 17387 15313 21954 23413 
1852 3654 3612 2540 14602 6420 1873 17317 15210 20148 13276 5975 1750 4879 20839 
1853 1321 397 225 2635 4887 1648 3178 1743 3757 7858 1297 1484 1126 9762 5054 5074 20683 9262 
1854 2103 4945 8664 8667 8670 8674 2500 2599 4330 10941 1837 18429 9087 3107 23037 12334 
1855 3658 2982 2816 4560 4227 12556 4273 
1856 3261 22809 2607 17664 20526 
1857 3660 290 895 224 1634 890 3192 7670 1133 14842 8996 12158 2823 2099 5217 2635 7685 20402 20653 2535 21342 5151 21749 3967 20960 11998 23001 232 16578 
1858 3661 3663 9877 20856 7173 4719 20922 13712 12905 6182 
1859 3667 10062 6816 1748 14781 20245 4413 16689 9819 8790 
1860 3668 1536 4719 7076 7077 15192 16545 16729 17849 20965 1119 8580 
1861 696 0 4924 9321 9322 9158 1143 6719 8265 791 1829 4810 10415 13198 12675 11443 699 6293 13860 11683 3521 6011 856 60 16512 4103 5592 5889 11589 4975 14738 17353 5971 2618 17387 15536 19208 2023 6725 11084 907 13115 2447 728 18068 2648 820 4748 20016 1266 4739 20007 20724 18846 19763 523 8468 17130 740 5898 13068 14287 18483 2832 3360 6629 11746 10323 17159 
1862 3670 10958 15212 14784 14462 417 10595 
1863 3671 3824 8639 6232 5027 18532 23255 
1864 2068 5311 2171 4471 13825 14180 6812 18361 19900 22706 22707 22552 18095 
1865 1508 7197 18821 8028 19361 19790 5839 20790 10898 18104 7075 7303 
1866 1647 5166 10161 10163 12048 13289 1664 10285 14836 22872 19296 23186 
1867 210 954 3424 3961 4509 4512 2023 5955 7048 17267 
1868 3677 5745 7239 10029 10252 5036 11754 5526 6746 12330 5338 5158 13446 11874 7147 20102 17201 20991 1149 14477 17160 6998 
1869 3678 8575 268 8504 7973 14925 1329 6032 20557 19248 19707 18453 2249 11984 2970 3262 
1870 3679 658 6728 6828 7434 3487 1485 5040 1219 21325 6193 4920 8043 144 2362 575 
1871 291 9058 11027 12629 12831 879 15254 5331 7616 15255 15394 9657 909 6013 10140 
1872 3685 1240 1326 8208 1020 22824 1019 23641 22981 8582 3192 3393 10978 19306 18852 22428 7132 3968 
1873 3686 3688 5983 9544 9875 14510 13894 1010 1404 9634 1467 22518 3709 2943 9106 1514 
1874 3687 3690 4756 4774 550 11114 12937 3235 9442 944 
1875 3689 6034 6036 9894 1519 12365 14283 986 8371 17174 6515 
1876 3691 4603 67 5849 8960 5442 4102 8732 7173 14674 12674 10870 14234 17952 17953 
1877 3692 3515 6304 7934 9935 10024 10626 11409 6218 5921 1851 12691 3207 2767 13275 13843 8263 11700 1248 14464 9348 11339 15863 5793 16357 8375 16726 8557 14622 14845 13714 18703 17815 2884 19506 17011 20262 1523 14542 8541 5731 16851 12264 2579 21742 9870 
1878 2169 20640 5575 4774 10942 20248 13041 20007 12695 13068 5099 7685 232 9762 1457 8208 1362 4744 21853 18058 21974 20330 13257 8018 3655 663 
1879 3700 3712 2946 838 2023 261 3200 10833 6293 6648 4684 12722 1420 13673 
1880 3175 3738 9997 6408 1848 5011 13068 13342 5256 14148 663 17576 7269 18888 7274 
1881 500 673 3846 1878 4095 488 732 186 2304 8614 5900 4972 
1882 3702 4597 4606 4073 6645 7474 11310 2892 14274 9722 10497 
1883 1600 5410 5458 4387 7892 8819 11273 6528 4199 12702 14394 761 337 10743 18268 6887 18443 16247 2279 19482 5641 9897 4667 7020 20555 21288 14687 15150 2566 21802 17472 7708 2355 17518 
1884 308 32 8339 8342 2607 6851 12442 6672 1300 324 67 19150 8512 1287 23 14811 15025 
1885 3706 282 6048 1736 2813 12283 8591 5658 13781 16308 3291 16664 17098 318 4919 11833 14043 18783 7815 12022 20417 5435 9833 2257 21899 2838 17274 11461 186 5278 8929 14362 655 2637 
1886 2390 6180 2086 7841 5080 6367 6262 900 12423 949 9934 4287 2167 11200 7489 18328 1168 21747 
1887 3707 3708 5449 1524 8783 12064 8784 676 
1888 2889 5952 1135 9722 9725 12381 8416 6797 17914 5023 10179 11128 20676 11673 10470 17114 20973 4030 
1889 3709 6753 6756 8730 12539 9750 13736 13874 14520 2339 13867 16326 10319 2446 16389 8052 22958 
1890 3713 3718 4812 4939 2266 11144 
1891 949 13696 12081 5897 13483 20592 11134 4955 21737 2422 
1892 3147 5354 2364 10651 4519 1284 4661 10794 958 7882 9647 313 6371 4335 8193 17979 20031 8986 5311 930 
1893 3719 1657 3721 3723 3725 2387 3726 1184 2725 12893 8641 15493 13896 15494 17856 
1894 3735 10729 12784 6980 14407 3714 17112 4238 18759 18047 17606 5302 1824 16911 9427 10331 
1895 3736 2672 7906 6440 6225 11383 7758 5153 8863 389 8534 7205 
1896 3739 1868 4263 16164 5814 
1897 3740 2369 4053 4163 272 9922 4922 730 5423 9549 3534 18 5740 18246 7512 14705 7606 8629 301 574 5506 18198 8673 15414 12437 11368 5058 12610 1877 5031 9167 11347 3418 16853 16135 17156 
1898 3741 4412 2366 3621 12097 6304 17993 4974 18686 11240 13638 3307 14583 5540 8084 2129 8626 22629 6562 13714 15100 
1899 3745 4723 2185 625 10937 2112 628 9301 11318 3139 12842 
1900 3715 3757 290 5947 8692 4757 8669 660 10418 1020 17617 3520 12871 2021 1367 1484 22277 19553 
1901 3749 60 5343 501 0 2273 219 12675 11706 14128 17130 
1902 3751 5254 5269 2108 9273 15444 13391 15836 587 12558 15490 520 5831 10514 862 20479 5379 5925 
1903 3758 9182 3786 990 10050 6767 5817 14087 2916 16213 7895 336 2911 21150 100 
1904 3293 3762 2172 103 460 4035 2862 9412 1977 12557 8761 4123 3822 10745 6033 1085 
1905 1307 5275 2053 12564 16224 14446 261 1969 8610 21262 17226 18784 6487 
1906 3765 10962 10238 16251 18564 19784 15398 17414 1565 20766 20632 2955 2458 1255 21245 16737 
1907 3767 6637 16220 9241 18643 15213 5233 
1908 3770 9438 2279 21288 22685 14538 
1909 3771 3772 241 3774 3775 3777 3778 3779 3809 3811 3814 
1910 3781 3782 3783 3784 2020 3787 1885 1765 4011 4012 
1911 3785 3796 4762 10288 9817 12786 19205 17736 14843 22291 23392 
1912 3786 6709 10193 957 743 5629 2913 2999 7316 7399 2621 4011 13221 6752 10673 9059 1279 14149 2267 3387 12244 4772 6266 5166 10946 4819 15394 3126 2407 5522 12198 
1913 3788 8976 8006 14737 15093 12193 14810 8676 795 24106 6558 5272 
1914 3789 3463 225 4761 1031 1706 14200 824 197 14549 12133 673 5155 7226 1765 5662 
1915 1729 8539 5680 1731 9486 3627 979 10993 4421 4940 
1916 3791 9814 7329 4 9105 3605 1530 18437 8470 11743 2261 21271 11925 
1917 2131 5278 2327 3737 4818 429 1154 5007 12934 7181 18786 4023 4227 7954 5053 
1918 3797 1894 6528 2271 6405 7333 1110 2897 15775 2449 2374 1530 4862 11186 7007 
1919 3800 16304 4138 11982 1147 17645 4444 10896 6928 4689 5474 9331 1730 
1920 3802 3803 3813 3469 3817 3186 712 3826 3838 4079 9449 13421 10252 1036 16793 14066 3239 15643 10913 4074 6744 4883 5221 12606 3677 12884 16796 
1921 3804 870 8809 435 3859 5969 7290 4785 12697 2067 
1922 3805 8377 4401 4654 4791 8322 11234 11308 11843 13036 13038 13354 9821 17396 10203 8516 9782 8085 18535 18579 10024 11362 12376 7642 8693 3208 8385 1291 13236 8387 
1923 3806 2838 5856 6678 7702 7718 8736 9022 9521 4430 1717 11752 2952 12187 91 12828 3048 13449 4634 4782 4857 6992 15235 389 3320 16539 12393 16644 8914 3921 11219 11178 4181 12190 15114 15655 6779 2199 4740 17239 3727 4700 16955 5243 2500 14265 3428 2874 5155 17616 20190 2481 7538 21423 11969 17728 10302 21578 4136 5370 19072 13183 
1924 3807 6396 658 16057 2704 17969 7459 20252 20032 358 575 772 13884 
1925 3810 2066 11584 19 8819 1593 10515 9712 15534 16672 
1926 3823 9496 9519 10999 3072 1258 5987 4950 14895 7020 4191 15735 2782 16636 16902 14693 3034 16609 
1927 3825 3828 2029 9415 4549 8403 9846 2987 9990 8068 1885 932 17992 883 18151 20948 885 
1928 3829 6873 11466 10012 7534 8802 3651 13808 18358 18709 19125 5650 
1929 3831 314 2318 961 13255 11518 2132 423 21192 12123 11400 11764 4109 1488 13058 7009 6507 13040 13904 9600 231 3439 24275 15604 
1930 1355 252 8813 6183 9188 890 3520 1691 14877 13487 11909 15756 5961 5950 8996 12457 1482 2328 19100 923 7132 3316 2227 20012 5951 892 2945 19826 18228 15351 8520 3968 3969 11544 4887 5150 9986 11454 12888 
1931 3842 4300 9460 7010 17762 5920 18809 10741 21669 
1932 3843 6391 6630 6207 2351 10985 1247 15370 16033 5260 13605 6144 17236 11189 
1933 3852 11893 7082 3807 7197 6828 15859 18930 6844 14334 11505 19361 14890 5134 13135 
1934 3853 5008 9080 6067 4040 13107 15318 9605 866 18702 18104 7948 21870 12602 1219 20581 
1935 3859 3863 11889 1288 2067 18786 18197 17062 16518 20341 20303 18806 21082 3873 6710 8676 3804 4023 308 18898 8858 5085 19719 23143 23436 9208 164 
1936 3864 1312 11073 3637 19826 2097 2638 7806 18694 342 228 
1937 1792 315 3617 7556 12415 2862 1950 2912 12423 564 
1938 3868 1136 1898 3823 6376 19438 9592 700 
1939 3872 6777 6781 5448 11703 5432 3899 19332 23395 23358 
1940 3874 1364 3988 3827 485 10824 1831 1072 9439 397 7974 3102 21138 
1941 3876 17925 4541 4719 3248 15067 16572 18515 5153 23796 1536 16657 24753 11609 20806 1133 1321 4393 24140 2406 7974 8802 
1942 2257 8657 13346 2823 447 2637 8488 4758 6423 2132 2272 
1943 2362 3599 9080 4310 2800 3768 7612 672 15649 766 2287 4418 465 14488 2172 1168 20656 3132 21918 21325 18104 12769 4822 11281 2001 
1944 3882 4540 9350 5916 7122 17427 14536 1770 15256 14958 4821 5002 1155 18815 8616 1446 19469 22416 902 97 
1945 3885 6275 7384 10806 1688 4121 3899 5352 9967 8392 2768 5913 952 4444 
1946 3887 4889 5460 7521 8136 2172 8484 1513 6549 1168 15361 15852 13348 16661 2235 3441 17839 9376 14554 439 3270 11055 10179 14327 10720 15591 17263 17216 21712 6262 3822 
1947 3890 3891 9464 8061 4090 12508 7989 1272 15405 15989 5632 1036 477 17951 5877 21765 11329 
1948 3894 3895 3097 2675 2886 8293 10183 11095 16287 12354 15572 703 19217 1816 4571 20388 2544 6723 5468 18830 20006 24073 225 1331 4511 19778 15984 
1949 1126 4437 430 5229 832 7825 20224 5333 6811 18479 
1950 3901 3902 438 8197 25 8538 7596 9015 6891 646 1040 14778 15143 7414 16024 18605 6533 4151 
1951 3910 3912 3913 3914 5375 5767 5810 6307 2495 7548 12012 10642 14078 3535 1435 11725 5348 
1952 2192 3463 962 2328 3614 1020 1321 3520 1484 3501 4010 714 13485 
1953 3916 388 969 709 3835 13379 16053 7414 13861 18062 15657 4049 2311 2072 8842 
1954 3917 3936 1871 5007 15210 3098 3400 379 2246 917 19664 20761 1247 1926 5288 8859 
1955 3919 8580 7442 14640 11541 6362 19761 2925 20476 14889 10330 8014 
1956 3920 11112 4911 17280 5498 23047 22559 23381 15736 23779 22518 9040 9382 
1957 3922 3923 5407 7843 8074 8678 5331 6284 711 142 3278 16303 6974 1035 9687 418 22625 6130 11304 1885 4028 9951 
1958 680 21 3925 1303 18218 19207 2297 6147 8728 22460 606 808 
1959 336 2381 10817 1121 13825 613 276 1184 10130 2853 22561 2746 
1960 3924 4813 5381 76 9031 265 1098 21262 485 
1961 2590 210 14954 8289 9106 7216 6490 20309 18911 12539 20733 17588 485 21197 20661 19484 10517 1279 8523 
1962 1610 6174 9095 12744 13944 5582 18324 10638 14537 1861 
1963 1854 3901 2786 13272 1040 14679 13122 12151 12197 1304 
1964 3929 5292 140 5680 3944 5199 338 3954 19027 3144 3510 
1965 3930 4427 4824 10517 1124 1599 12403 12427 12566 1448 1283 1675 2498 14196 8959 1450 912 9000 12979 3282 7607 3419 17408 5310 5258 17918 
1966 3932 3935 2328 13611 
1967 3934 104 5563 418 1647 7851 9067 3379 10683 3626 10180 1712 12352 2997 12903 12923 10628 2799 4422 11062 6987 3088 
1968 3490 6747 7455 6708 12631 2871 4661 20031 2498 1246 
1969 3940 3944 2341 3998 5575 1546 346 3766 14908 3638 16360 
1970 3795 2 19484 3050 12539 12486 954 380 7228 1539 20733 11619 7277 70 22127 856 14129 23990 
1971 3945 3946 3514 3947 3949 3950 1239 4450 4588 8696 
1972 2465 4858 4872 1404 6365 7857 10613 12540 13096 13068 3488 1326 15782 8209 4703 
1973 3948 1140 3626 12854 2468 20565 13021 16226 14404 5258 
1974 3951 2325 4595 1827 79 13786 12675 3326 3233 9886 17130 14313 954 20421 12617 16143 
1975 3231 7427 6419 3737 4102 1637 1154 2932 3859 197 12873 5442 11902 17358 6541 687 4972 3248 4700 
1976 3954 3960 4148 2083 5583 1114 386 9148 628 6371 2095 6153 2852 296 3572 
1977 3080 3965 437 4321 5162 5332 5416 5645 8455 9533 2928 10994 6413 14941 14942 
1978 3956 4202 5187 1872 13432 232 385 11909 5072 1321 224 9418 2397 6500 9677 969 5858 12237 2976 516 17287 3944 13927 1498 23404 2312 8827 2911 21035 
1979 3957 5255 7210 1031 2897 14466 11967 4044 17518 19464 2143 8624 21599 
1980 3959 5029 5080 5336 561 7470 8653 1045 
1981 1417 5955 2448 73 3124 735 6965 1969 7043 13068 
1982 1723 9627 3188 1757 14454 16303 5226 14045 7177 
1983 3966 4237 4691 1490 4818 183 4472 6624 798 546 
1984 3967 3968 3969 4319 4325 4393 3058 4395 4747 4603 
1985 3970 3921 16056 2409 525 9704 15658 6245 2037 10325 8551 4227 4023 18515 12491 18691 
1986 3972 3974 5582 11027 10163 7749 
1987 3975 5522 3721 3345 9671 3094 857 5346 2648 2468 11084 1170 15925 5571 2407 3453 4169 5187 553 1363 9820 1134 16514 3328 3780 1712 5467 7396 5078 
1988 3977 11965 8970 934 42 1635 5209 4714 6245 13712 20939 4808 12988 21716 22008 6823 2680 23127 16859 
1989 4002 4914 2297 4635 4613 1603 11870 963 732 1426 
1990 4003 6588 2425 17164 17618 11163 
1991 4005 4473 5314 8145 8495 9673 3111 10369 7591 7572 943 
1992 3931 6767 1142 174 2112 12237 5577 3152 14015 3308 5324 20968 16213 
1993 776 11615 2258 18016 3025 858 4729 1857 10008 4023 6840 7344 4620 4379 11607 8825 22 21973 22782 164 8802 5856 2135 9685 2327 20435 23403 808 6004 6118 23142 9298 2218 4700 
1994 4006 4145 7282 7372 9793 1020 406 412 16489 2431 8087 8219 4079 3817 15294 16884 17749 19566 16798 17160 9441 5117 
1995 4008 79 2964 11349 12368 13068 5309 10166 6960 11289 19152 21287 
1996 997 5885 5977 2700 2539 4377 2765 3404 9080 10032 3491 10431 866 2741 11955 12211 10701 3336 11774 297 7946 2216 1219 6067 11662 7357 5290 13107 18173 4388 20032 17817 2743 17855 
1997 4021 6479 6421 11363 19719 11767 2993 173 18786 18016 19150 19571 324 12392 6037 22040 14171 1760 22199 9489 1549 
1998 1344 7607 10818 2391 982 4176 12413 10752 3365 3975 1610 7040 15198 16514 
1999 4024 5298 619 12276 2108 4897 4384 452 11783 1779 9481 7460 7162 3879 5268 9041 17805 11617 3116 17174 20039 21623 124 15892 16694 14808 21868 
2000 4025 3479 7989 4090 2382 10530 9577 10429 20514 17749 20515 13705 
2001 4026 9305 2303 9465 10051 10055 4430 1857 8207 669 12184 17146 1496 3086 19066 
2002 3689 7430 643 4860 6453 9373 113 14291 1204 4868 
2003 4003 507 4030 773 359 4035 2889 5666 5667 
2004 4029 3745 15337 2376 6469 690 1657 5469 7180 19900 22845 
2005 4032 4033 5831 5832 5834 5005 6227 8558 6140 10274 1988 7464 9032 5692 131 7124 12358 13590 5111 14308 6431 14681 8153 7733 9909 15858 17484 9740 13537 
2006 3212 9116 4573 3026 4660 9879 19577 5701 22660 8399 
2007 2364 4039 2407 9260 5809 399 13061 989 719 2596 973 7453 13478 10673 12265 7847 554 534 
2008 4044 1003 15146 2053 838 10879 11915 7498 2690 23204 23693 12564 2164 23185 
2009 4046 4652 4657 7240 
2010 1861 4049 9182 1737 3126 418 1668 5858 248 18570 16237 21195 511 1114 2171 
2011 4048 2819 8950 2757 940 15665 8870 49 22668 3536 
2012 2230 448 2483 10673 1403 313 12265 13137 7414 7418 6638 8749 20017 3319 264 425 3481 20704 3405 11905 1363 
2013 4052 7459 7058 14565 14887 15177 9426 6270 3611 2419 18899 
2014 225 2193 11715 13068 9727 15679 16224 1407 16414 12675 5851 1576 1832 729 811 11948 14148 1606 1296 23289 
2015 2597 543 4254 7553 14417 2331 719 4421 16011 2999 2112 17689 9977 18826 6884 
2016 4055 6045 12184 11944 15788 1772 17627 15001 12952 21635 
2017 4058 4059 4329 1530 2920 710 11330 11331 3239 6553 22090 13782 
2018 2902 4283 2178 4287 4295 769 11143 3214 7170 17949 17964 460 5020 1754 4959 14022 4035 5847 9724 640 8761 2172 11108 7516 1956 20774 18697 21105 11128 
2019 4060 428 116 854 7062 2922 11000 16507 11586 9759 11337 
2020 4062 6234 5226 9536 1712 20725 16855 3329 1194 16175 
2021 4064 6704 7571 15514 4005 8064 15698 10934 
2022 4066 6815 7723 5431 10678 11838 1113 13877 14016 13056 
2023 4067 1107 11716 16862 17501 11313 21478 10725 21541 15287 22761 
2024 4068 4074 4079 3802 4090 11248 14933 12330 8395 15213 
2025 4070 4075 6823 245 6824 6356 10346 8763 
2026 4073 6425 9949 18997 4550 16993 
2027 4076 614 5895 5896 5897 3245 5906 5913 7785 15452 
2028 2131 678 11562 3678 12396 3348 12665 1637 2249 12745 9770 834 13329 1211 435 7442 3717 
2029 4077 8589 13133 8717 12325 8565 2150 3451 5541 2279 14469 9359 5119 
2030 4078 6435 2683 7063 10411 8057 5463 1537 13209 3016 14490 8584 4353 3871 16400 6148 16950 18015 
2031 4082 8779 332 13068 6499 16389 15115 1266 10590 13561 
2032 4088 6953 4640 1288 1165 2795 7669 6919 16791 5597 1261 1260 17163 2680 5155 
2033 4096 8430 7498 17246 7721 17646 1619 7246 2957 19881 
2034 662 1878 6968 208 6913 3231 7757 1706 6182 1670 8192 9784 5175 
2035 4106 6115 8365 7828 17255 13421 3817 9335 3479 9328 14485 1149 12687 15294 3677 17937 19398 6269 14917 6637 
2036 4107 4109 2631 7028 6875 5898 17119 17792 
2037 2763 3026 3907 3811 4015 2727 3772 4388 16837 9426 
2038 3785 6445 3796 4900 14845 15863 11939 10062 11659 13236 7520 13235 18763 13638 11881 5540 9821 14570 1392 1251 
2039 4113 21029 488 1070 6520 6851 6908 19460 13511 208 757 13989 19150 24727 35 
2040 4114 4167 4782 16630 2018 19948 437 3018 3229 19347 2798 4036 2241 
2041 4116 2991 842 7124 6346 16638 5998 3145 17012 11405 5041 5416 17533 11406 1646 
2042 4119 3731 5100 10847 11328 14127 1808 6849 16358 3905 18659 6743 18747 702 18956 18099 19582 8112 20059 4244 20607 21200 6695 14460 13597 16588 12338 21975 14375 2734 417 391 21885 12548 18829 154 23049 405 21456 12764 1059 
2043 1624 6473 3058 2274 12911 974 12897 17080 17274 890 2328 20577 645 
2044 4123 8015 9973 14114 3350 12689 2768 14457 17629 10243 8609 
2045 4125 580 2407 551 6751 502 4551 8407 100 8566 2811 3253 8568 8726 5902 907 4506 1184 6469 3272 7594 4840 5433 8203 1324 3728 14619 3273 12805 5296 5636 15733 16213 404 2633 543 12796 19034 1741 9672 7435 15008 5434 5093 5577 1210 1344 8125 
2046 4126 5337 9340 11039 11091 11174 13911 2019 6138 14927 3188 16632 7844 18077 11067 3215 20017 
2047 4129 4418 3410 6396 2000 19552 286 2800 9723 9338 9691 9879 5839 8447 13978 5008 3491 10251 4556 15308 2836 15737 7300 7225 6915 2700 4242 12214 1350 6724 13440 6857 4922 7513 676 13012 4764 1920 3015 4651 3978 13089 297 15884 7514 899 2533 730 2769 14800 
2048 4130 4314 8639 13188 7166 6427 9450 
2049 4133 5217 7747 22982 17898 11870 24954 7517 23261 24761 8325 9793 8258 11231 24892 23707 3178 3520 4010 16426 19553 1484 2243 11919 
2050 4134 3152 3626 6170 6264 9370 9182 10413 248 4186 
2051 4135 439 4138 3169 4139 103 1791 4142 
2052 4143 2656 5007 11615 8788 435 8025 3517 3592 1286 1797 10870 19064 12458 14925 19517 16604 7636 11115 
2053 4146 3127 14165 10354 15678 16077 854 19503 
2054 438 7802 8650 12384 8702 4151 9660 383 122 14069 969 10281 2510 7455 4590 17015 15270 14180 
2055 4149 2896 1106 16728 6020 6460 2413 10026 16618 2206 6514 22277 8744 
2056 4150 4890 1810 6192 12024 5583 2171 7847 3263 3388 18063 11321 17648 5128 3848 1246 10673 21384 
2057 4152 3666 397 225 212 11685 7191 11722 8752 14647 11976 12321 16331 11894 12190 7534 1871 2970 162 12544 19450 1976 3646 13333 1006 16572 
2058 4153 2627 4805 4938 5186 6285 6301 3436 6791 3083 1780 8049 9106 3468 7128 10594 2350 9386 9634 1969 12462 9439 13367 13425 13428 9394 13912 6253 485 5851 7958 1820 8756 13068 6168 1576 6408 1826 16090 14289 17213 17353 569 17101 11346 2333 18872 14201 7338 860 8092 12539 10127 13894 12481 9028 16355 8281 10124 6133 13079 20109 12570 2 
2059 4154 6441 8960 5867 5260 12730 11251 7290 19185 13702 19920 23071 14215 
2060 4155 5091 11416 808 2294 18333 5271 8974 8406 4788 10582 22482 21733 
2061 4158 4164 8696 8475 7010 21533 21683 4962 13942 9709 21288 1455 12174 4989 23899 
2062 4162 7590 8759 9637 4265 16340 18145 1283 20669 1124 1447 850 1450 21858 9151 
2063 3780 10753 10754 5842 14241 15692 1769 4756 2043 5728 5208 388 
2064 4165 4207 8829 2192 2625 6706 10394 13502 6313 632 9986 1966 4301 9262 12158 14763 15721 1743 10533 8816 2849 9143 9354 17401 8258 13422 11138 16578 5142 18228 18892 18893 13158 4915 8813 1667 4537 19144 18354 15018 18641 9965 7133 20153 18257 19925 16891 4092 4325 1355 21108 20653 18852 3058 9199 21219 5909 12223 21809 20726 15824 20603 5150 22277 318 5622 22093 21465 2637 22848 5344 22564 7599 355 4306 22346 12802 
2065 4170 3127 2274 3546 4896 3640 587 9372 9522 9740 9757 10006 428 4576 1464 3812 663 6453 13068 15419 1646 5835 3781 16911 18757 4011 11780 13318 5832 21875 16484 862 2922 1630 9459 
2066 2220 4173 3460 7132 892 3382 2630 3178 4984 3604 14091 10202 13158 2209 
2067 4171 1936 3437 6219 509 469 4408 3717 1295 14925 2970 16821 1945 12247 18751 7066 195 3358 4587 19064 20157 6177 9401 393 16033 13185 2370 13642 2815 8788 3430 9565 2776 21461 2116 8185 2710 4818 10142 1235 4430 22405 17412 1529 2202 4927 13018 9956 4681 525 2309 17890 2109 1382 
2068 4176 7916 10349 10697 7387 1498 9059 14836 2392 7553 9672 17856 12365 20828 16874 14440 4779 14359 16052 10673 
2069 1858 4924 8830 6293 6636 441 6127 4739 4932 9439 13068 3115 1820 14148 5993 210 17507 16156 1098 7 17576 13860 20016 1027 7588 12675 1805 9738 485 14988 747 225 10590 13867 2949 15105 15661 10177 20661 17388 3865 
2070 4177 4563 1187 3453 8773 11095 3063 11295 16172 3225 5605 15572 1815 4099 1647 1848 1035 21822 161 715 
2071 4178 4211 2970 4253 3086 1070 4303 3430 1873 4237 
2072 142 909 4186 3440 4099 1647 11095 63 1324 6525 12805 505 48 
2073 4180 4182 4491 6196 838 7686 4082 6394 7375 6205 2330 4672 2832 1410 11715 10911 1943 13095 5521 14804 11537 2918 16512 15268 6845 4888 14148 16863 11678 15685 18608 9862 1223 16389 19601 5149 13803 1488 811 19983 19208 6741 73 6360 747 21776 17945 17595 
2074 4181 32 6245 7278 2679 3306 10114 2825 2682 5975 16217 12653 15346 7419 15655 20307 4078 4792 5688 5819 23052 2680 2672 11825 1261 10582 1154 3846 7894 2710 21099 
2075 1440 8871 4331 12163 10149 10142 12919 2036 17062 2131 15437 19863 22274 22934 23271 23457 
2076 4184 5890 11827 3239 3186 9449 
2077 4185 4188 4192 4956 4960 2356 11049 9749 9479 91 7278 4613 17498 
2078 4187 4191 841 5898 397 8473 11750 406 385 
2079 4189 797 7436 15329 5868 11037 15559 18933 15721 974 
2080 4193 4794 493 8970 10558 1300 13330 9685 1936 16897 16075 2517 8261 18985 15655 21758 10142 6630 4626 19914 
2081 4195 529 12628 2058 17210 908 12745 1755 
2082 4196 4324 14428 16146 25 21476 705 13122 4349 
2083 908 8563 1490 732 4155 14060 14061 308 7950 2135 16829 1797 6081 9451 2199 4195 6879 15296 3676 6741 13682 1930 1307 11932 11598 12918 4844 
2084 4198 940 5726 6622 12412 13927 3126 17527 19695 3079 165 264 4472 
2085 4199 2201 2449 4212 4215 11059 2897 2971 3072 5608 
2086 4200 11153 1384 3339 12795 3681 2970 12396 2249 
2087 2112 5901 8876 1994 5067 14301 6764 1610 413 2331 13304 17856 8984 
2088 4204 5311 965 727 11352 8572 19104 10990 853 18145 
2089 593 5692 3197 12910 20039 6381 20321 20150 22113 22401 
2090 4208 3852 2879 8028 13107 1023 17817 8351 20032 19552 20252 19052 
2091 4210 1699 6091 9463 6134 1689 19071 15516 7810 4472 
2092 4214 12194 8113 535 2656 6144 8841 20715 3912 7208 
2093 1801 1223 4703 11269 15489 8816 1240 3393 792 6582 70 1098 8691 1969 19208 6964 
2094 2467 3580 4477 1539 6866 76 12186 210 5186 822 3889 9383 8556 5955 1924 2107 14976 5750 15777 1724 6965 1420 14998 1581 3512 13721 16951 
2095 868 6317 261 1464 9028 2880 1639 2332 15512 12541 695 12539 3196 2450 
2096 4218 7647 870 5228 13329 14097 4690 4288 11922 13230 8643 16040 6717 12190 3205 9964 18344 15080 21367 3711 4468 8606 22603 15210 
2097 4219 1274 5540 6526 3207 14562 14570 13356 12999 14574 4412 17168 17467 8322 3307 18703 3561 4481 21122 8541 22327 
2098 4221 3175 4826 1545 1488 219 1830 3533 4672 3865 1326 15536 6394 12539 3359 79 4596 23259 
2099 3547 4455 95 15972 10019 
2100 4226 4229 4233 8658 2077 14128 9865 4858 
2101 4227 4228 10989 5227 4449 4738 757 361 5863 4086 5174 21788 8133 
2102 4230 282 645 12158 3682 2823 5326 1312 2192 5150 
2103 2068 264 9918 14226 9637 17557 2312 18095 4148 4471 20930 2814 3560 1079 8773 19859 13162 17979 18789 20192 19848 1599 
2104 2253 2968 2811 1816 5749 7154 11318 15478 2433 15547 15387 17992 515 6235 19026 
2105 4232 5618 674 5701 6841 17829 19790 1725 23502 1023 975 
2106 4234 6659 15912 6358 11360 20815 19926 14613 7106 11359 
2107 2763 4242 3029 12315 3407 15946 4429 4520 1890 17031 2739 2738 15555 4460 23252 10229 14335 975 
2108 209 2918 309 7485 16863 16512 7420 60 1395 15685 4190 1895 19983 4478 17776 14313 15313 3941 266 23289 
2109 4241 9043 11231 364 3643 11238 11239 832 8588 11977 
2110 4244 4246 8383 4147 13003 20221 3877 20666 19661 21800 22295 6690 13183 
2111 589 2679 8684 2660 3297 6808 15346 20894 18738 2680 10772 21697 
2112 906 2525 4862 1584 5423 3569 3605 8228 9917 9242 2690 5076 1892 11532 12673 1209 5408 6073 8192 9168 2430 8003 13738 5566 2307 13741 7196 12328 10474 19537 17447 1088 
2113 3276 4504 930 1344 3272 7040 1057 7044 7081 7146 
2114 4254 10214 9463 10215 1681 18565 18566 7207 10817 1693 2392 14141 10130 22411 17420 316 909 10869 
2115 4255 8697 3265 12750 12784 1169 5379 1034 13321 12866 18745 18550 4133 
2116 1516 6526 9240 8740 
2117 4256 730 8028 10121 8158 1970 15318 15650 15649 1524 11604 20656 3853 22443 
2118 1829 637 3175 3051 6040 1098 14129 5172 8289 2204 14780 6591 8021 3508 11022 
2119 4258 4266 179 6664 1528 2873 14514 1478 963 3737 8315 1569 11559 3489 6921 15791 1384 1929 12293 1879 934 
2120 4259 8670 11691 14364 13370 14641 5601 5676 
2121 4260 18590 1005 1029 20447 1878 6194 4753 186 167 16644 8312 
2122 4261 4263 741 1391 210 2162 6349 14287 
2123 4264 4268 4269 2851 4270 4271 2290 4272 4273 1594 2151 4168 
2124 4267 7788 7137 7468 4274 10584 1426 22023 
2125 1246 6509 8164 8613 6592 9745 16039 16387 4824 550 2715 8125 19128 11917 2387 14696 20775 6868 12208 9697 12422 
2126 3914 3913 8113 7638 15334 11079 4143 3763 18610 
2127 879 3269 3216 547 2321 1308 14286 12113 16212 18285 8164 316 12280 18179 19542 1712 14302 21476 19076 549 957 22651 10478 20086 17918 6709 20208 
2128 4290 9948 5317 3991 12675 4766 4410 326 7500 20421 13860 11948 18842 6755 22259 
2129 4293 4301 10298 8737 2823 385 2137 10366 3382 10400 11263 10418 13419 2698 2317 2406 21692 21894 6806 5532 
2130 4294 1461 5708 7841 6548 1619 1465 1947 15256 8253 
2131 4296 6532 4866 2874 9683 6561 6028 2461 11252 8994 8141 18131 5509 6250 389 19690 6847 11803 
2132 1791 9450 2176 2843 15317 18379 3887 4464 21221 10079 
2133 2083 5067 5072 5177 5744 8074 2694 1712 634 11596 4327 13967 10673 11206 10917 20647 
2134 4304 4764 4769 4770 6909 5411 7305 1249 15231 3980 6721 2737 14189 1758 1348 7497 15606 10462 12599 20929 
2135 4306 3756 3864 6382 7365 7369 7980 11101 10058 12314 4969 6602 
2136 4307 3763 8490 4848 16698 1303 5348 11725 17767 8569 18298 18303 13269 14585 4613 4105 11196 12875 8113 16742 18908 19578 3150 4638 10255 15003 13808 
2137 4309 16516 18403 8450 1610 2614 6038 5166 10752 21586 15925 
2138 1350 6206 7071 7078 7946 8497 2836 13153 14513 7459 12088 10609 20032 288 18491 
2139 4311 4317 210 1027 7028 2 7375 6135 6360 1359 9634 12675 17824 2857 6422 5827 13867 19868 
2140 3776 4322 4330 237 626 435 4353 13507 716 2554 9084 13704 230 7332 4432 8711 14907 9308 10976 7735 12387 519 1978 3545 12446 3090 3437 19664 19666 20148 896 4084 3612 11109 7066 6775 776 7175 1492 195 10637 1783 4489 6634 11319 20544 19785 20246 
2141 4312 1586 6172 5516 1854 10671 1872 13851 10549 18386 7553 17560 847 20035 4202 9034 2999 4790 3145 5268 
2142 4314 1619 16255 2086 20179 4224 20000 23562 
2143 2653 4436 879 5200 5396 6434 2799 3729 9182 
2144 4327 4335 1342 4414 4417 3884 78 883 4419 4421 
2145 4328 6419 9071 12785 3158 3595 11645 8694 8374 5867 12448 7884 
2146 4334 4481 4510 4527 4531 4543 4547 4741 8555 1291 
2147 4337 7469 8685 11696 1917 13600 15534 16857 3004 12953 6942 15319 10918 
2148 4338 646 4358 625 296 6752 313 1035 1668 3147 10673 4198 7875 1933 3884 1657 4940 1030 817 5995 4661 21907 12595 5522 1363 
2149 4344 4347 1321 867 6466 6702 10867 14509 15166 10027 21233 17017 
2150 4346 496 208 5238 760 8694 5153 1340 2067 3589 795 5981 1626 13101 175 
2151 4348 5347 7780 4884 11909 4673 12399 892 2137 1966 15 20153 19804 22432 11588 21465 23767 3652 
2152 4349 3623 215 4186 5200 10449 4118 13701 16226 16970 11590 20254 20215 20114 19619 64 20645 19621 20747 4852 1644 18145 21384 3001 1342 912 16974 6592 19801 5187 2532 969 2811 4049 15356 12048 18647 10135 2553 9639 2057 16936 9420 19428 
2153 739 4351 1900 2650 4387 4389 4390 12135 11347 2256 8561 18960 18198 17347 9549 6385 19590 17518 21127 11967 9897 16490 4987 2101 2146 
2154 4352 3936 650 4365 4369 4372 626 4353 
2155 632 4207 1226 4511 5241 2451 4364 10418 6641 8829 
2156 4355 4357 5328 13929 18258 18673 7548 4613 14480 10391 19421 512 1435 4105 22043 7664 671 19524 21876 9505 4115 15003 9602 15058 
2157 3262 4216 4360 3129 4361 4362 4366 828 3859 3936 
2158 4009 8340 1114 2498 4708 18062 9486 3635 17648 2134 1903 9148 15769 6764 8111 719 8879 4177 8560 13861 8842 19991 19801 21786 11067 21883 13393 
2159 4364 4367 2630 4375 4382 4386 4392 7926 1339 
2160 1519 4585 4641 4868 4896 2424 5113 4911 1326 3676 11576 2337 4926 1630 
2161 4368 4370 15701 12441 10768 20578 20580 4714 13585 12426 
2162 4371 3040 4632 3238 4942 13329 4972 16642 2089 9899 1878 20544 17890 942 5007 435 2841 24619 23953 13921 4463 24829 6882 164 17236 10149 3136 
2163 1131 14667 16304 9280 4834 9346 770 9248 21805 24135 
2164 4381 8647 3085 3514 2374 10504 10681 15653 
2165 4383 6329 6332 4894 2522 15961 3182 8459 7313 16195 8756 6719 20629 
2166 3755 608 6462 1437 1475 2444 6264 4403 14428 4009 346 18357 18473 3650 19617 2469 7581 16169 
2167 4397 7789 1112 6600 13477 13626 14502 14713 4270 11969 846 3661 66 15122 5263 805 884 7084 16522 5409 9602 760 20604 16803 10441 11748 7683 2500 21328 6776 917 1384 
2168 4398 4399 7910 3435 9238 9266 10273 10276 66 10912 11479 12828 14936 15834 7677 16463 17360 
2169 4401 7930 12950 15059 14845 16957 8263 1851 18763 15328 
2170 4403 5747 1674 4795 6256 6072 64 9896 1810 
2171 575 7943 997 975 11955 4769 1219 9879 15687 3410 3597 5282 2740 3764 2741 6493 239 10032 
2172 4404 287 11955 3391 13107 15706 18781 2836 17817 1428 
2173 2728 3853 15413 575 1023 6568 19361 1807 7948 18900 3852 3026 3415 11195 18572 4418 68 7059 8622 5701 7514 9189 3336 8319 22443 2836 5000 1725 13347 5907 4179 20319 2651 14733 
2174 4406 4407 6202 1553 3146 435 7944 2995 7938 9878 1822 5492 846 8671 3859 8037 9087 11791 7675 1878 11926 834 805 12641 91 13136 3431 181 8277 7079 13865 2841 6426 10239 1384 1904 4682 11980 1615 8630 4647 7880 5733 8828 15210 3737 8825 13798 18127 9264 11255 9447 13586 19142 11945 1528 10931 3608 4610 2495 8712 2092 1811 
2175 4408 6544 7880 6889 7928 8937 2131 5276 10038 3310 11202 12111 4237 624 6840 
2176 507 103 4287 8484 3617 11703 1619 4123 1085 2386 1131 3887 3899 
2177 4415 6094 15808 356 4971 15835 22705 
2178 4416 170 1886 15078 15556 2237 6934 17134 9712 17853 2197 18090 10087 13222 8132 
2179 4420 8848 8886 8890 8371 3241 452 6129 10293 16158 10729 6515 1670 20745 
2180 4424 4425 1038 4426 4428 1357 4429 2875 3984 7258 730 333 5144 10736 11885 12119 6915 12121 2737 3404 8351 14250 4769 6728 3679 19392 3309 12608 2000 19052 12550 
2181 550 5320 5324 5513 2442 5516 5640 100 6452 6698 2292 6235 611 2510 543 6234 1681 3343 
2182 4431 6657 10417 11435 12967 14247 1126 15179 4437 895 2637 18492 2405 10480 
2183 4433 13931 8410 3432 5165 2742 15210 2545 19849 5043 
2184 2688 8196 11816 6506 14010 19 4212 14378 2271 8685 18979 10779 8286 
2185 4439 5066 1622 4164 10900 1125 11302 14590 4201 19412 15941 3045 9330 16693 22794 21288 
2186 4441 3296 14093 1924 7909 8764 1540 9651 21386 791 
2187 2264 6347 7947 2378 7769 5273 5602 1507 3573 1249 
2188 4443 5330 9866 13148 9645 5296 2872 5415 6352 2387 7694 7778 8611 10513 23072 21978 23030 
2189 4445 12257 7743 1707 9274 15210 
2190 4449 3348 8 2864 6429 3837 7406 2554 1613 9323 10949 11609 10931 5613 11971 10196 776 13333 1857 7481 8972 50 2249 67 5243 2036 10142 16572 7973 17317 14925 12672 17036 4331 19572 933 17694 6939 13329 6210 6879 20435 12861 7855 10326 12919 4286 1618 18859 21358 8313 20389 13566 21189 9662 21768 21866 21927 21953 2519 22099 10891 13404 22198 15571 11401 16245 22138 8452 23805 23837 
2191 4450 5315 5590 6405 6414 3740 2452 8276 8278 1125 18 12437 16234 2876 2771 
2192 1154 11371 14698 15210 16384 10162 5873 13470 3205 1744 6362 13228 14324 22298 9654 15523 6997 5098 2672 3435 14707 673 3133 5499 11353 8612 11523 8065 1332 23874 23178 4719 181 
2193 4459 6132 4033 9104 9138 10260 11510 131 8425 7942 16911 16912 12256 14283 10071 818 5210 5645 5835 18766 16960 17740 17836 12750 17174 468 116 3862 5832 18745 1995 3610 5252 12074 2991 3220 
2194 1436 81 4928 2529 6616 6978 2051 8266 1287 8852 8928 9602 4622 7901 10073 7213 10302 10509 11016 11355 5940 11650 10630 12976 13134 6910 13370 11312 4273 1317 11725 7134 12527 14595 14682 4192 15695 14380 12947 4274 12835 1764 4907 2932 2495 14223 5607 16487 
2195 856 4947 1003 60 1395 4975 4859 729 17387 18842 7420 11356 21262 21713 4810 1336 20996 9031 15685 1832 8505 8180 20421 811 9824 
2196 4460 4507 7305 10419 111 13347 19886 3774 5579 20346 3764 1920 3155 6724 11628 1922 1927 2539 2651 
2197 4465 4474 7094 9470 9538 1690 8009 14 8428 16141 11794 6813 7095 7472 2113 12759 1005 1066 19547 15084 704 10223 4456 10831 
2198 3791 2777 6979 6983 4724 4873 7693 16929 6385 1598 14693 3600 8717 14157 492 11582 17812 24332 
2199 4471 5075 6031 1444 5369 2694 5235 7969 3013 1114 13735 8059 13736 17598 
2200 860 1844 7563 1011 13068 10590 9750 16781 10323 12782 5827 4451 10129 7313 22958 16196 
2201 4476 2800 5245 13026 3026 4920 18104 2568 2001 8469 3091 6320 3446 17817 24469 8783 10892 3212 
2202 4478 8180 2832 9736 2458 13637 16389 16965 17541 1410 4859 1003 18774 9321 326 12332 15595 7909 8412 261 6966 2522 11288 3655 791 
2203 4480 5394 3873 8688 9046 831 5717 17495 17553 851 
2204 2479 8274 7357 8531 20252 23416 18821 3907 9771 10653 3212 6178 2879 3710 10892 21870 24432 
2205 4483 4328 4489 4570 5946 606 4095 10765 
2206 4484 5641 4326 11530 11967 8567 7107 7324 544 6155 7450 17848 18198 19119 20041 20397 20082 2150 20553 20555 20096 5454 11187 18220 717 5065 3790 20864 
2207 4488 884 12977 8284 6493 6970 1382 525 1250 15056 16312 3576 1629 4639 12556 12372 
2208 389 16351 11056 3565 11026 6476 17765 1198 17774 7427 3841 17779 12768 17257 7534 11384 16840 6484 18046 19023 7019 7511 16545 18806 18197 5603 4284 13835 20612 851 21218 
2209 142 2911 7453 8578 3148 13061 17626 703 18206 2859 5809 8116 2998 14015 6235 969 17078 5680 11394 
2210 4494 6519 9184 5823 9225 1677 2147 1607 2608 2450 5746 15585 16841 856 17715 
2211 4495 2256 5031 1225 11347 16453 17253 9897 16828 4865 14693 15342 7021 16055 4986 
2212 4496 1757 2580 5787 5768 2112 4786 6031 6758 5902 6761 6593 5373 4777 8098 9778 9555 5747 6352 12091 6283 12093 5258 4725 7602 1810 5187 11688 11084 2760 14788 10456 1152 3097 1599 
2213 4499 5699 9110 9710 11675 3159 5312 11702 
2214 142 11206 9230 6748 13910 8773 19352 19540 1819 8524 11596 12320 23768 10077 1246 
2215 1135 9265 4678 9700 3750 5019 11449 1962 18411 2120 6492 19651 11982 7655 15629 16304 11411 6928 5565 481 3422 16946 11258 15411 2612 11527 13593 5452 14634 19237 3171 6247 19862 22006 2235 22336 7728 13263 5594 7556 5051 1049 6061 8795 23133 23135 11408 7861 20633 14990 22929 5026 
2216 4502 4645 5773 6630 1089 1760 2495 11670 1127 12067 12111 1612 4470 13269 13749 12133 6068 3003 4489 4729 16089 4237 13616 4485 13254 17904 4379 858 1286 16400 6268 650 11945 4192 6773 633 3472 9920 14352 8277 
2217 4503 13138 28 5238 9683 7836 13550 7538 3428 3437 35 12396 16383 3048 17071 2199 17257 4216 14559 16319 4841 3320 496 12187 15927 19111 6847 4999 15801 16723 4776 14673 20570 9760 
2218 4506 4508 5092 6091 7451 1644 64 2872 7684 9748 2031 2068 11047 17471 10435 536 8986 922 
2219 2382 710 12848 13281 8698 1371 15194 6645 13421 16583 15700 10781 9243 10913 4006 
2220 4513 3276 1567 1481 3780 5858 4403 1610 778 374 6614 5433 10540 4320 817 19900 10555 2558 1562 264 16475 1759 2364 
2221 4519 752 2112 5376 909 2911 222 2029 10673 13688 3689 1413 2391 3453 2537 5684 17648 1019 4757 4887 18681 3361 1126 6853 18973 10576 1321 314 2970 12945 19540 19567 19619 12840 21384 18063 21347 
2222 4521 3484 4837 4838 4840 988 4893 2255 5757 7346 2396 3929 10517 
2223 4522 7054 7061 21183 20032 7860 3597 20252 19461 3019 8982 
2224 4528 19396 3804 10765 1388 12666 22596 15770 16075 7719 18959 2415 23165 
2225 4530 3262 828 7538 3632 7539 7540 444 12445 
2226 1384 808 1106 7636 810 9277 2309 1871 14216 3632 3403 633 2155 11924 4100 6475 2249 7341 
2227 4536 2373 3946 4588 2066 1521 13245 9592 1086 9549 13581 11582 13600 3277 4593 6405 3539 9496 
2228 4537 131 7242 9178 2335 11480 9678 12543 16240 6095 1766 7359 8806 9097 5252 3027 6693 
2229 4538 324 2058 8506 11393 4598 11850 12163 11721 10149 14041 7406 606 950 1975 
2230 4539 89 10120 10121 10122 6568 1379 6178 18449 18939 6745 14189 6347 
2231 3073 8576 4090 11753 10663 8381 9464 21572 21915 12883 22487 4079 21743 10436 22772 6725 
2232 4545 10869 7184 5138 12842 1167 
2233 867 4548 1667 10418 9793 16571 8359 4693 1580 3483 
2234 4549 5391 5392 5393 2003 5397 5400 1995 12418 12419 16948 
2235 1517 3387 313 6525 7596 2505 543 3206 3884 2010 2818 2998 969 7813 8352 
2236 4556 866 3026 18939 3457 7842 107 4310 
2237 4557 6385 4108 2241 9909 4420 15622 15829 7226 11347 4450 7135 6956 
2238 1826 5955 4924 2467 13782 9028 13079 8049 1255 16090 4805 19078 10594 14474 733 
2239 631 6571 13164 17097 19556 20718 106 21966 2922 
2240 4564 3711 4879 4880 4882 1148 3371 2455 5260 3474 4331 3136 23 5243 2089 14016 16033 15746 8825 655 10026 1811 6121 9261 1908 1303 1679 576 8871 16934 324 8864 7025 5849 7635 7530 9154 162 16572 12363 4227 519 12044 10114 16843 8599 6997 
2241 4566 4574 4270 7374 5891 8503 7771 7764 15210 8390 2413 11180 2851 16657 4634 
2242 4568 13068 6490 14148 15060 12235 13093 6862 17819 4031 5781 8052 6096 637 1391 
2243 2524 5933 1321 9514 1126 171 432 3579 9495 22949 
2244 4489 6068 6561 105 4719 6496 16984 7190 2685 8057 17887 14652 13970 20673 21416 17716 11980 2908 13635 4433 22050 3435 237 
2245 4573 4578 899 4304 5039 5040 11505 11506 1972 10405 6867 
2246 4577 3109 34 5636 19084 7607 17309 16687 2387 721 8613 18206 
2247 4581 4600 4609 7490 13802 12146 16276 183 12135 6768 4829 20940 4593 8589 872 3072 15856 14437 4201 4215 337 3347 
2248 4586 6371 427 546 3295 12281 3253 13253 7553 8074 1504 2968 421 5199 8246 6159 11031 388 16113 7347 2134 8842 16051 690 6888 711 8646 6395 1596 16367 17471 418 979 1861 8746 106 3070 3388 57 8700 989 19172 7396 1579 14222 20028 20017 20870 313 160 
2249 4587 5799 1384 3585 8315 1750 17317 9309 17412 1436 589 5615 22274 
2250 4588 88 4593 1263 4783 5280 7793 4387 4159 16768 223 1225 11983 17472 5458 10477 1014 3600 18254 7490 20857 19438 18198 20982 3085 
2251 4589 4591 5919 4827 16896 8202 8371 7750 17174 9427 21628 22548 11829 23744 11066 6571 17559 8697 9665 4170 6714 17117 
2252 4590 1647 9156 5049 11206 515 11295 10161 12384 
2253 103 1 359 3114 5206 9079 949 9700 6584 2172 4464 4116 2928 3303 5426 13315 7429 13893 4591 8697 3077 7460 2274 5490 1034 2956 13899 3111 2600 7062 750 10723 3628 14397 10726 439 18039 1465 12365 13318 2358 1526 1413 3734 13544 10514 15892 7922 5882 15312 10198 3059 17807 11771 283 9619 5557 15193 7036 15125 8371 20944 3747 5919 
2254 4602 2807 4095 8683 197 776 5615 12975 17330 16821 5593 175 11363 10484 19517 19668 19807 17412 8320 2641 4407 12965 5777 23436 
2255 4604 7128 7518 7561 4924 1734 11262 1777 789 9439 5893 954 3128 14371 792 11447 8199 14191 12481 16606 7492 18796 8265 788 4582 11443 16389 10538 4233 80 2827 
2256 1831 4611 15188 14801 2964 17343 1307 8092 1098 3536 865 7212 11683 
2257 1023 4752 4755 4765 5840 2533 6472 6740 2769 11644 2981 11166 9534 13146 20032 
2258 2407 1602 25 13811 13627 635 10365 2785 17209 979 634 5857 19900 
2259 4615 1757 1297 1242 7414 2406 2132 406 3789 2433 14943 15338 3746 14696 2353 2814 16533 16874 9059 8739 15703 18031 14226 18990 49 19128 1322 18361 18514 6945 19308 3120 19655 659 12993 7622 20378 1363 9415 17652 12840 20713 8793 1683 10906 21293 21318 13084 502 21430 20011 499 5586 
2260 2952 6881 5154 1286 8642 1245 8836 8837 4492 10365 1288 1603 1949 13984 4700 858 8917 5615 2087 1493 6391 4084 7652 594 4485 6144 8972 
2261 1676 500 4619 4620 12142 23 496 2594 6678 2932 10964 14110 5479 1978 19051 12861 17025 16033 2873 6194 6177 164 3680 
2262 4618 1265 40 12689 13311 7521 14820 19434 7796 5073 7097 5452 6810 
2263 4622 4626 17616 7836 13032 7134 14311 16033 8731 5260 
2264 4624 5243 6089 4634 11154 5593 9578 4227 8969 3189 2051 14785 16789 16790 11647 10441 4288 12655 4270 14713 17513 19884 7084 11969 2199 19007 11635 20267 
2265 2270 5184 4519 19226 2471 2266 10869 20004 1998 6812 22691 17979 15781 9593 
2266 4625 4627 961 5366 11101 20298 436 3058 12806 15012 
2267 2825 4639 28 6757 11129 3146 
2268 4630 7917 1465 4123 47 11264 6217 12176 4225 949 3622 3619 14536 3366 13396 2178 18887 9991 19251 12014 
2269 2272 176 8233 8707 10799 10617 5468 11037 10358 5636 1096 909 1412 11415 11465 1983 6608 7018 6453 12750 8890 1366 6064 12123 
2270 4041 4644 71 2216 4651 4660 2708 1636 3210 1379 730 11604 7769 6249 4424 8839 14042 7425 287 18104 3819 9345 
2271 4643 4924 6408 11755 15060 12983 8391 9207 9357 12576 
2272 4650 3215 394 6837 2039 10231 140 9403 7610 6660 548 13122 14696 15780 363 2653 5415 2407 17332 2794 17334 5485 806 3704 17382 2859 8578 1079 10306 4448 1437 64 214 6596 2986 3453 18631 5438 5334 5719 1175 879 19540 9445 427 20237 20239 19923 2070 5022 969 909 10673 5369 17471 13081 11004 22256 8017 10920 21195 5373 10136 6283 14413 3365 12024 554 
2273 67 3859 5643 5599 3262 576 5554 1611 4331 8722 5084 9615 1876 4700 12162 11615 3632 11645 15386 3437 186 10347 1492 12665 4718 4084 12945 11976 5153 10610 11889 
2274 4654 12618 13354 8384 7240 14583 4547 
2275 4656 2723 2763 4663 3029 5279 5282 3774 2578 1023 
2276 4658 4793 4798 3618 5005 1034 5175 1009 4250 559 2110 1706 7918 
2277 4664 5352 19499 103 10718 2422 19294 21785 
2278 4665 3735 3114 6665 9249 6156 7109 1906 2358 11313 6850 3834 6110 5691 12344 14855 16178 17081 5252 
2279 4669 8900 634 11422 13871 5680 16181 6235 5485 8492 10673 14422 3626 2112 6874 6820 6266 12842 19540 2483 5577 19621 22292 248 6904 2916 20692 
2280 4670 5328 3873 11504 11056 4259 15963 12321 16625 17194 17485 3268 13051 2589 4981 18777 3737 20124 20136 20811 20813 18984 3305 11109 5493 14355 17055 21565 6949 15767 
2281 4672 4853 6685 4810 8232 5996 747 5343 5889 699 8092 501 6722 14157 18001 17776 4509 6741 19080 1056 868 4805 
2282 1683 4677 3999 2692 1124 877 1477 13021 10818 13576 13416 9637 5208 18145 8160 18954 9127 3698 4162 9642 1866 19104 20017 1595 
2283 3166 4684 9938 15060 13383 4595 6386 22838 2788 8391 
2284 4683 4244 7034 11328 5100 11758 13564 13826 13827 13828 
2285 4685 4632 4686 4598 3192 4319 4799 6019 8329 1105 834 7448 9741 7345 3808 10656 10658 3863 4846 7167 7919 5044 5567 11615 4639 14110 4355 
2286 4687 587 7646 4771 208 2400 9063 8344 1257 7265 7391 9372 2294 3939 407 6258 12736 7637 13650 3077 6073 5254 9513 9665 7445 20078 12974 
2287 2199 963 6544 16075 173 4714 2304 4214 15963 5486 7609 21637 14767 20435 1612 2820 525 24072 
2288 3715 895 4693 7174 1019 11465 16333 3382 15818 9514 8426 18991 21809 21159 3520 6230 1484 2634 
2289 2037 9323 16294 16393 4500 12867 14884 13832 10792 15568 15502 13237 2668 21323 12952 6760 6259 21674 6245 17942 5261 
2290 71 3019 4697 123 1339 7073 7075 10462 10121 11281 15687 15706 15870 571 5245 13243 19649 18988 975 13149 
2291 379 4095 4700 4702 2661 186 4751 5088 5091 1871 5725 3240 2710 5735 5663 5763 7307 1480 8887 633 8888 7636 1384 4592 8889 5278 50 1148 179 1679 10643 1090 11591 2249 1611 7024 5613 4355 6429 3776 5228 444 12919 12192 197 14304 9763 9491 5615 5493 6072 8315 15497 14234 3236 1353 754 5085 4882 469 14362 3737 3086 1487 6630 8864 6840 10334 7248 5819 1879 942 8342 18508 1569 9232 7573 6959 18534 15228 4645 5053 11918 5378 1288 8771 3437 175 3859 12544 10008 18127 10233 9532 16522 17890 834 6642 2089 5083 1492 324 
2292 844 2414 4249 15832 13552 10296 17340 7784 10134 5130 6703 6878 7682 16270 18891 659 13373 19263 1538 18217 2648 16244 165 15516 18613 10669 2407 6321 8593 22076 13192 10328 6725 
2293 302 7646 7256 12158 14207 8816 9202 10086 5153 419 9232 11925 21638 18525 6830 
2294 4694 4695 11553 9254 7609 14442 10487 8780 14007 10495 24035 12967 225 1331 6124 24036 7994 14162 4165 959 
2295 4699 6304 7642 13508 2884 3307 11614 16105 562 16511 11659 875 18380 8387 8516 20498 16096 8380 12447 2770 4510 13870 17734 4401 9214 
2296 2000 1102 1758 730 1348 4041 2763 4749 1728 378 6728 
2297 1297 15471 6818 3058 6713 1020 23875 7995 9262 23241 
2298 28 5567 6444 3348 963 1717 6451 6004 5243 9899 915 12162 12470 10931 324 3437 3808 10519 7079 17317 4331 1871 12111 10446 4371 3843 4492 197 2932 10734 
2299 2341 5726 3638 11039 12810 248 418 502 1712 9182 427 816 3405 18493 313 17652 2407 6306 19900 10107 264 546 10555 3295 6975 20036 5187 7666 13951 6501 4781 617 14178 
2300 4710 3010 713 7376 7879 3009 14389 11007 
2301 3603 5658 5660 7400 7475 4393 7589 8087 7819 6599 1648 13502 11156 10418 12582 8208 4976 
2302 4720 2656 456 496 9187 5260 11393 12198 6241 3340 81 4492 12777 6290 12666 19754 7938 1814 4331 12369 20186 4538 13652 1797 15437 28 19545 13031 3167 13241 7919 12544 7029 7024 
2303 4722 6362 6364 6380 7751 7754 4463 179 
2304 4726 6988 6991 1457 6993 10532 10959 225 14231 12126 15442 16045 3058 4378 16701 4241 9758 16966 16969 341 12227 10058 17524 8219 19324 8323 6003 714 20416 3652 18873 21020 16137 10298 4515 6702 
2305 4727 5632 9241 9243 5117 3067 4606 8849 1036 14603 14159 8381 8146 13908 12508 4184 7914 6021 13110 12848 19295 14184 7049 8169 5481 2298 2382 
2306 544 11368 2066 7792 15150 5506 14705 16527 12437 5031 3790 12069 17518 11836 4494 5408 3514 6887 3023 4043 10204 15410 13387 18788 15342 657 7737 21596 498 7774 2210 6325 6667 20555 2929 21144 5792 19537 
2307 4729 2250 14809 1811 14055 8499 4318 1287 
2308 4730 1706 8068 13824 1076 8886 9037 4786 7100 2476 7689 13985 
2309 4731 3561 11339 15922 12390 16726 1851 19350 15863 20262 1251 
2310 4574 5791 7961 11844 18802 4870 2500 22150 4201 18511 
2311 4734 5110 2998 18252 3249 388 10050 8125 13 1504 752 14991 
2312 4342 3382 3652 6984 4912 10368 10533 10537 7859 5941 11978 9013 3058 15903 4301 6706 739 18273 7441 19633 9436 7140 19348 8496 282 20706 3299 
2313 4736 5489 9136 13056 3445 4818 5515 6877 15170 1113 19243 6475 16819 5958 1750 
2314 4737 6814 8027 10002 10445 11798 18116 12671 
2315 4229 1417 6253 14128 21199 3115 1390 23376 13068 8896 20065 
2316 4743 4839 1461 7522 5002 7556 3882 7917 3622 4944 614 1045 8869 15359 6282 7202 15400 15754 323 21950 8046 902 15256 
2317 4746 3388 10377 13001 2322 8317 142 388 17927 20047 
2318 2473 3927 2916 2365 7811 1993 1275 7396 12434 1114 14749 15088 2746 7177 6321 8121 12933 19670 550 20692 2043 12027 19459 6812 1673 17648 10231 5648 19540 19303 10214 21095 13927 22552 6884 3269 10135 165 2321 19665 3244 3929 
2319 4747 5463 4818 5515 5517 1926 6037 2776 8181 8182 5243 810 3522 6908 1441 589 901 9734 15586 11599 3485 13804 3348 3608 1490 16596 8584 3492 6010 13511 7079 12163 1760 9661 8504 6240 527 4149 3867 1753 9899 6291 18016 9047 4379 3730 11895 7452 3340 11740 2873 10292 9416 1287 5754 4681 2701 6062 480 11918 4937 8771 14698 2888 13349 6290 2710 19450 10622 858 18453 1884 19719 4682 8220 21567 14487 3133 2455 2249 6238 4603 20401 20520 16934 1871 4113 3086 20821 4470 
2320 4748 5115 6870 6720 695 13860 17538 14021 8281 13693 209 10248 22284 
2321 2500 5876 1837 9646 4398 7677 9066 12231 11479 5600 22293 16720 21385 5284 20013 11675 
2322 758 7869 1717 626 6493 10773 1569 3403 5228 2160 6717 1750 194 12018 429 576 13921 6077 3248 1528 
2323 4753 1492 2249 610 435 3042 1882 1303 758 5542 7953 5479 5228 7099 5155 208 3737 12228 1129 3859 2792 18841 605 8529 3403 19543 16934 12282 1981 15210 7577 14907 3632 4237 8406 164 3938 2116 
2324 2692 1124 5945 554 2942 13142 965 4148 13229 15829 15964 2725 2018 850 15909 6876 16226 14913 6109 15426 13021 1080 1290 16590 19713 21267 21332 6691 
2325 4760 571 4377 6662 2765 6969 8982 9292 465 1922 6724 5758 2727 
2326 4763 9186 11993 19039 20089 20047 
2327 103 6872 7037 7645 1465 10350 5406 
2328 1326 4766 4452 7367 3566 17507 17399 16437 11886 15376 12157 5465 5313 6365 17958 4509 5898 2458 
2329 4767 4163 8645 13474 8717 9105 19 18222 8977 20337 2650 4536 17459 8631 22687 1325 4378 
2330 2010 4772 4773 4775 4779 1376 4781 4790 4795 907 719 11390 10794 25 7443 2473 3832 1533 9977 7643 1696 2407 
2331 4776 2250 12046 1549 6238 11559 5278 1760 12446 9868 11976 5380 1424 8579 15806 5218 691 308 4882 
2332 1417 4780 4924 4109 225 436 4487 1691 6432 0 4103 2277 3102 10164 13860 14988 8682 1830 17387 9886 8021 2286 18842 6964 5090 17776 9028 6071 
2333 4784 2286 12186 3360 326 9750 9703 12235 3359 13860 
2334 4785 760 3873 11705 11426 5394 16456 8172 6484 17021 3854 16545 13835 20303 21082 11504 
2335 4786 4796 2872 4801 4519 595 9647 5611 6340 3669 1757 3295 8804 1233 2407 515 521 8838 14115 9347 17979 2831 15220 6593 6725 17918 4472 20099 551 5311 14232 10669 955 5857 1681 3916 5258 3235 7596 8538 718 907 3605 
2336 4787 4788 4789 4792 4794 2309 13466 2496 17707 6906 18458 12578 
2337 4791 4219 3307 5710 12289 7930 5540 10838 3741 15863 8377 18763 17971 15328 18380 16851 
2338 1701 7207 2512 1020 12598 14286 1729 1583 142 567 
2339 4809 9997 1296 19326 9 15685 4975 17824 1410 18027 
2340 4813 5339 5343 1799 6741 332 9040 11932 9322 12539 309 1398 791 6365 2034 14128 4858 17595 17110 11210 326 2077 15595 1924 2690 8204 20876 10662 20330 
2341 4814 5105 6008 4327 6179 6787 6859 6948 2483 394 8063 78 4422 5741 10351 1586 11073 3160 11392 5001 5605 9034 2398 12542 9271 345 9882 644 2550 12023 10213 132 7541 2438 1030 8538 14454 2786 448 12903 15519 7585 7547 16563 16845 7715 1647 18168 15696 2306 15008 17283 160 4563 18831 5749 11004 16858 1450 12222 10880 19606 5473 8924 4099 688 1498 13629 20783 20669 11085 948 13851 3148 
2342 4815 741 7561 12332 16410 16999 6729 4992 6205 1411 1788 
2343 4816 1895 4823 1483 7931 4378 962 7935 13068 1576 1852 6408 2354 7004 9755 8391 2571 3050 836 14138 15915 14148 8332 12438 5780 6253 1391 6090 1362 15785 15054 22926 14986 8200 
2344 4097 91 8154 1158 6561 6436 1750 2249 3522 2155 16604 18453 4192 
2345 1125 1897 10359 6384 10539 8474 13474 9545 4536 16544 15996 7006 18156 
2346 2128 5236 7934 9870 10615 9821 12183 7051 13397 13236 14525 9056 2173 10288 16161 
2347 2548 10957 7049 6843 17094 13908 20959 15278 8381 19750 7592 
2348 2422 11162 13631 9079 5019 2076 20592 8701 19982 5565 21105 21985 
2349 4831 4041 2875 3309 1970 866 575 3814 7619 2378 5389 12417 1728 6249 3611 
2350 4835 3582 9206 1630 13046 13050 13719 13815 91 17361 878 5688 12446 7350 
2351 4836 4921 5937 1754 9608 1619 9669 13774 2002 16064 16402 16867 4842 9053 14022 14554 11058 14557 11940 769 14820 1730 1956 10004 18328 13842 21105 19332 22131 6097 3959 22391 3214 11136 22919 15252 2189 1147 12423 22888 23851 12557 23883 
2352 1099 6447 10066 10980 14355 18985 18521 5427 20444 14746 
2353 1950 3171 11703 18412 1433 22060 17122 19862 5145 4217 
2354 4842 103 6262 4959 7098 5027 1619 2425 6502 47 2724 8721 15135 13263 1688 10179 7728 10240 8791 11141 18611 15372 9517 18039 5080 15160 8598 17263 16016 
2355 4843 3521 79 501 5498 6629 2458 12332 14527 13863 15600 14928 14128 1803 1307 18023 10793 9 6394 9040 13637 19354 1354 16196 2880 15536 5383 6486 16409 22284 9321 21963 
2356 4847 4850 6184 7405 9480 2685 2672 9616 
2357 3078 4849 2155 5615 3996 1549 9401 1493 9770 4122 810 1127 626 6237 3339 9253 1637 1384 11642 9696 10566 12044 
2358 4567 1784 5047 2446 2522 6591 7958 8930 5547 1098 12410 10025 4383 9862 9040 18088 2832 14188 13860 15919 13127 11508 4930 19763 860 542 1826 5313 15887 1015 10414 1581 3580 5257 3161 15054 17824 14814 13342 1467 5377 5309 
2359 4856 949 7767 4820 10350 1956 11726 12700 12801 5024 4540 14723 196 16867 8186 19332 5460 13392 21116 19519 16371 17008 16381 21482 
2360 3657 406 355 3666 7252 7253 7254 7255 7256 7257 6131 2690 398 3047 380 7259 7260 7261 7262 1930 5644 7263 2405 7264 1916 2586 7266 1539 6010 208 10502 7774 609 10503 3514 9544 9613 8717 10693 10696 2718 3655 4440 2518 9298 9210 9923 9612 
2361 4857 8284 11669 11002 9603 1761 3612 3081 15751 3530 5542 237 20598 2206 2801 17519 10593 15210 884 5220 9101 1663 6996 14889 8527 9530 10689 10484 21427 10269 12915 11353 7103 20459 
2362 4860 5268 1009 8194 9626 1779 5379 8371 9894 16561 16564 8417 16565 6515 18757 5201 15073 4420 6564 15648 
2363 4861 4863 4864 2527 4865 15136 15137 272 9563 15174 2018 2969 2388 9229 13618 3949 12717 6531 21115 1453 19 4163 21134 2361 19203 16368 22338 5308 5617 16968 
2364 1847 4875 274 201 13151 1497 19133 3248 5153 19517 4682 7880 2701 7511 9708 535 21657 757 8325 9909 2861 6720 
2365 4871 6165 10471 13655 18801 8406 15305 16825 7672 7944 16753 5939 
2366 4873 4163 5058 6994 6780 19683 2323 3502 4159 11967 
2367 4876 6115 7473 7474 3117 5806 9913 8576 5877 13429 7317 10210 1149 12360 15201 9341 15652 9464 13916 16028 16221 13747 16517 16692 7849 16949 16993 16788 3168 2632 16098 15952 6373 2382 12383 8800 13908 20455 710 6269 17425 
2368 252 3652 4877 224 5821 2328 12972 2544 5304 890 8087 10959 15018 12897 18331 11998 13608 23088 5361 20153 12158 290 
2369 3284 394 388 690 6701 2968 3387 140 7594 4513 8939 9454 10719 2532 6592 5728 13324 13575 4427 14131 9409 6235 11905 13137 374 1069 2331 16051 17287 3120 9431 19308 19827 19670 1546 19540 11963 21597 5226 20968 21150 705 14351 11392 3786 
2370 4881 1731 3063 7223 13677 16223 2407 16680 18605 21290 2070 
2371 3656 12675 5898 4604 4992 13867 6422 4579 22227 19083 22829 22831 14290 11443 22942 15595 558 371 9621 14571 1309 
2372 350 6820 7414 3319 10673 5187 12731 8796 2576 639 16514 10536 19172 19709 19975 
2373 603 8443 3808 9662 17943 2249 12575 8859 657 3136 11189 4687 4458 3403 2838 
2374 4888 4904 1407 9886 6411 5955 1826 4894 12397 3709 14124 7 13867 6486 8052 11269 13093 6332 14188 9830 8741 2023 7126 219 1159 7274 17308 5172 6862 656 7277 7004 79 5655 2277 21125 1827 2048 21954 13897 22966 
2375 4891 8761 5952 2418 1172 439 7489 16064 5020 8309 13348 1465 1977 
2376 615 1042 668 9842 17387 12079 3101 18504 4491 1116 219 7313 1296 5889 868 21262 11948 21100 1266 19907 6556 326 954 3360 11746 21713 5385 76 838 19580 22127 8200 4487 10129 19151 6386 792 3924 209 4109 3191 3580 22831 21954 210 1471 1407 6394 1326 12675 6408 
2377 4202 8796 6074 6622 10673 6758 4496 16874 12222 11206 2441 264 15780 19540 9733 15337 15547 21521 16514 22292 160 21394 2295 16052 10628 23699 
2378 4899 2086 10711 5080 7854 5073 14472 397 14085 11366 14003 10060 13834 10226 1168 
2379 4902 2636 4398 8671 8627 13155 14204 16273 6426 14757 2932 6212 3492 3356 2030 186 16406 12828 11180 16411 6570 15126 6848 7677 
2380 4903 4088 2795 8802 2103 10343 8828 9954 12808 
2381 2668 2684 6087 2672 16995 23390 15623 5388 9511 
2382 324 4905 4907 4909 691 5329 1665 8066 5108 2481 1679 3136 
2383 4759 6373 7366 9198 9527 16788 12508 2222 13747 15700 18519 
2384 4908 4272 4268 
2385 3995 1027 11948 1828 16297 16512 12541 3827 8655 15575 12675 1969 3161 21556 14148 1223 3266 909 13860 20007 
2386 808 3086 8902 11478 6734 2787 324 7022 6002 1493 
2387 4917 1007 5168 6405 13725 14106 12668 14552 12146 6550 10010 7010 18413 15344 
2388 4244 7179 3886 13739 4119 411 11627 19239 11501 19661 15841 15212 6337 13528 11758 
2389 2518 4923 4466 865 1011 4924 4925 4926 2622 4930 4546 4932 5171 5172 5178 
2390 4927 5613 18400 4149 12357 11850 18585 11487 2748 15634 2896 444 24113 
2391 4929 8780 16315 4253 16808 16429 13194 9281 684 458 7442 
2392 4931 1431 6451 12820 1105 2206 4376 8580 2413 8284 11312 1629 9154 5173 3081 6002 12190 7789 14785 237 20785 15813 1492 2636 
2393 4934 1455 5315 14552 390 5861 20080 7378 11005 15150 12814 17518 21272 6762 21366 2412 21412 8196 14469 2147 20 16497 16135 22735 
2394 4180 3232 5974 5979 5984 6205 7686 4467 4825 1326 12675 
2395 4941 4948 4961 1593 6446 3027 7740 17604 527 11589 3941 
2396 4943 4944 10896 7839 1952 12523 12524 54 4047 1717 7440 4314 14634 12423 7037 2957 8435 16806 3899 
2397 2630 4621 6458 974 5150 12126 18502 16278 
2398 79 3676 5889 1027 485 8199 1011 11017 2330 2023 1098 9632 2286 11534 3924 1771 11560 14611 19763 4103 22125 11948 15107 16623 2467 14148 17595 
2399 4951 5631 13574 21023 21939 22725 14282 19532 
2400 4953 2666 8722 7181 9690 9696 5238 3354 9702 9704 1783 1154 1384 10903 757 603 2970 2838 2131 7981 3632 396 4227 8864 1637 3025 10292 1440 1529 6672 4610 4538 6204 10065 2299 10531 2873 1615 16319 28 6879 4681 1679 4113 3358 4408 3936 5278 175 4729 1493 3248 3425 13329 3678 10891 3996 179 5283 308 8859 4977 2309 4253 
2401 4954 9721 7240 2773 4974 8085 1423 2128 1392 1251 
2402 4955 4997 557 11141 16529 18021 1172 12627 15463 6798 10103 
2403 4159 6385 10170 16497 17477 1373 20041 21802 2369 
2404 4964 2066 7557 4235 1373 10973 3072 10151 8244 1258 17083 7450 1997 4 
2405 1751 3057 6253 6707 7698 9938 1116 13201 18911 5090 12541 1159 
2406 4969 6610 7168 
2407 4970 5939 1245 1528 8888 6207 2620 15279 9953 7279 17062 9277 18538 5271 5123 3717 12077 2820 
2408 4980 9728 1067 17011 
2409 4982 3041 7821 9925 11543 547 2314 3165 
2410 4983 14662 13429 3073 7853 10875 20547 1347 13110 19598 
2411 4985 4353 529 7873 8189 11971 12596 12321 13680 13980 11645 12947 9964 10612 3528 15927 16239 13938 13365 8103 4104 18919 14008 10302 14246 1260 20893 12198 14546 21 3472 304 8664 1469 11068 4357 13599 16427 15437 13607 18707 21385 
2412 4987 4989 1415 10170 4667 3973 15775 6768 3605 16497 2150 1225 1100 7010 800 15748 
2413 4988 7062 14855 3858 6944 16912 22113 
2414 1115 5064 8210 16328 12319 9578 17870 6971 5682 3449 7101 3137 15839 13362 7534 3065 7669 5284 15433 9664 7314 24201 
2415 2581 2153 4996 142 3099 6278 6279 6280 6709 2468 
2416 4990 5891 2554 8452 4227 4253 237 19270 2785 16538 21689 2160 
2417 1186 5199 1122 6884 8218 10390 8700 948 10426 10427 11314 2267 9912 275 11067 142 8063 13766 9851 13945 1092 9811 7396 9182 1312 2968 17471 1193 17652 14045 19082 17905 19054 19213 2532 17582 18588 10673 3365 3926 16175 17626 1308 751 2033 20870 13701 6323 11137 17421 18171 690 12568 402 22718 1712 1097 23098 
2418 4992 326 4226 5367 261 1410 8412 7375 1307 10181 3191 2193 13919 17159 788 856 1306 13867 2458 19838 
2419 4993 5366 5739 5821 10559 2099 11588 11037 7365 318 1634 3969 12577 
2420 1688 8609 14820 10376 3959 5305 920 6262 
2421 103 1265 1792 8099 508 2133 7912 12779 11023 11703 8714 
2422 5001 6260 1363 6264 7927 2112 5079 9815 9942 4996 51 948 5997 1134 11039 9340 8644 11456 1985 418 10942 399 104 17979 3572 4661 15285 5473 5215 190 16822 6945 1574 617 1552 8665 19540 19818 2292 12979 3728 15804 817 17970 10555 15420 13478 3284 2070 20036 20747 20215 10426 4156 12595 19172 969 22034 14637 20541 1175 9850 6804 13289 
2423 5010 5011 5013 5014 1027 615 5176 2354 6411 6487 6489 1827 11575 11930 12539 13068 954 7775 7696 16512 10502 16956 5242 16935 16863 13867 2647 11857 5669 3190 9636 79 12576 19935 5992 2592 7259 17322 1364 21273 3683 9886 
2424 5015 5016 2783 5018 2483 5021 1712 5022 1737 478 2377 
2425 1456 4546 5096 5313 696 6082 12349 5827 2678 5242 16685 2038 16512 6486 9983 2023 2827 2313 3566 15575 2631 13663 7110 1010 5186 20983 
2426 5017 1012 1630 6409 9717 10256 10071 10943 11928 6036 1772 14709 1531 12750 16523 11304 14714 3634 18561 6665 
2427 5019 2902 5020 1104 1345 4121 5023 5024 5026 1172 8761 1792 7820 7968 14327 257 1950 13631 9374 8883 20416 3757 
2428 2364 5028 2401 2476 19427 19994 1079 21394 10673 142 1194 191 4202 
2429 254 8485 2737 1507 12238 2836 4040 11577 7459 2708 1023 15142 3132 9080 18702 1785 3491 
2430 5025 9954 9955 3581 5189 
2431 4864 5030 1530 4326 5031 5034 1898 2555 5127 2150 2929 5139 5140 5265 6305 6768 7376 1136 5065 1225 2566 2373 8824 9339 20 9604 5989 10485 11448 1230 6106 18 11201 5055 11273 4593 3971 3318 3790 298 14437 14760 14761 2791 12610 13802 15267 11413 14705 8673 12437 8977 13695 302 574 15515 10743 15743 11967 12092 10706 3153 13855 15980 3983 5524 9976 3973 6506 15856 16627 15799 15121 6155 16856 872 14004 15496 15414 14444 17156 1002 16761 17181 17135 10522 17393 9050 4986 12146 14010 1894 14768 15744 6887 6684 11816 17518 337 16853 13480 10461 18214 1373 10785 16924 13651 4494 7498 11637 7210 2876 19344 17268 9319 13962 9592 3946 13073 4387 9064 10879 6219 2181 4710 2201 19825 15745 18198 8758 375 8470 227 544 9930 8228 9460 10151 4063 1997 8001 20897 12147 20940 6956 19905 2399 2014 6211 13600 21596 9612 9548 
2432 5036 7014 5953 7049 8698 5233 7239 15860 8835 4727 7913 15333 6021 
2433 2023 5037 9207 2788 740 11995 
2434 5042 5043 5475 7681 13926 16074 2103 17039 11748 8903 7137 14963 20026 8410 17360 
2435 5048 5049 100 11394 9697 7316 9866 12530 3555 17803 17804 17266 7755 18814 7100 9985 6888 5747 
2436 2332 332 6892 1101 1801 1098 9142 6480 1512 8391 6866 11769 1544 
2437 5050 10553 9784 2241 1756 9912 2006 15185 6191 7036 11519 23276 
2438 4202 3421 526 2998 7663 7666 2961 1732 10077 2911 8796 7840 10444 1387 16052 1909 12783 438 
2439 5052 4361 3090 7880 8937 12321 16210 6149 
2440 5053 4105 7664 8671 5676 6426 2139 5646 9845 7086 19897 20341 16714 11934 14406 
2441 5057 5061 5077 6478 13757 14819 760 5958 15124 2867 17211 5981 13457 20496 10984 16840 2094 22563 17464 19040 
2442 5059 5062 11728 4610 20148 20804 2302 17683 8313 
2443 1027 8654 3987 9106 12539 9062 4567 219 19208 12675 1307 22831 636 13068 3066 22194 11619 2399 6756 
2444 5070 11255 4379 12152 13981 2656 7928 624 15015 17055 22484 
2445 3593 3418 4710 4864 620 2686 874 2611 2256 1898 8147 2147 4862 6325 7135 5626 906 2954 3790 1892 7606 2210 11915 1136 4159 13317 2200 272 3010 3045 2688 2650 17135 11186 3023 6768 5119 2969 1584 1225 8977 12553 17156 6305 602 301 4163 9548 9976 9876 4581 9460 20041 1886 9516 2885 
2446 5071 12740 2592 15642 18460 15966 17735 14960 11652 11534 7046 8236 3413 21287 2193 1534 15536 19080 19151 
2447 5073 2334 2843 7968 900 11200 11484 8919 4721 11058 5847 4224 762 507 12901 7796 3214 2856 8639 949 16887 1046 3351 17263 6810 11055 15130 1135 2189 17406 8988 12423 771 21329 10226 5182 11527 2768 12813 
2448 4502 7011 10325 10326 3081 21591 6907 7667 8534 3150 
2449 1885 5420 3111 8110 6438 9543 5213 3130 279 5925 11692 9846 11445 
2450 5078 1445 10300 16590 15082 1935 6703 9881 14520 1341 
2451 4007 3239 15294 18840 8292 19598 8395 20353 18642 21825 18649 21784 13747 
2452 5081 13502 8520 12158 964 4757 6124 18852 6573 1989 15217 21159 16816 9143 
2453 5085 768 2415 805 4610 1286 11615 11962 4927 10949 13731 6076 1926 12194 22072 19517 21823 
2454 5089 5111 11105 5800 18552 587 1058 3116 11617 10071 
2455 5090 4542 7298 332 2955 3128 2631 3175 10150 2164 261 7817 2857 4888 
2456 4681 1528 2435 1154 1247 11028 324 8420 4218 12044 11457 480 435 10612 4700 28 11772 167 2297 5778 11487 4288 17943 6483 9398 
2457 5093 1324 5433 5434 63 3273 580 2597 1610 8124 8125 
2458 4500 5098 5887 5891 2037 17942 18149 4420 9907 
2459 5102 6651 12672 13598 8910 8828 13370 1115 12926 7944 
2460 4639 6198 3403 6852 2528 7292 5690 8025 605 1637 1288 6906 5683 8818 396 4598 3737 4331 7539 8518 12142 5053 393 12666 4977 1882 2283 603 6678 18213 6077 1421 870 197 509 2815 2666 
2461 5107 5332 8248 7942 12894 3688 16084 4011 18836 10345 20702 14308 9273 16948 16782 2621 22312 1989 5268 23527 
2462 5108 11818 11832 12922 10065 1661 15289 16007 15210 17469 17470 13777 18272 6333 15755 17519 5707 5675 
2463 1288 164 2952 1612 6911 186 7238 3310 208 1158 13822 13948 13949 13950 10627 14614 5819 16553 17727 
2464 2820 3836 5864 4841 5084 6185 6190 5057 10774 2415 10661 10592 9675 7517 1013 14613 6375 1177 14411 1626 15195 15279 10041 2249 6356 6355 20303 9005 20496 795 808 1974 21188 3403 21687 17021 19195 4603 
2465 5109 9353 9356 3145 9482 999 11586 587 1058 16484 8145 
2466 5112 11780 10374 5416 8371 19337 8080 19614 3799 20426 20708 18680 1009 
2467 1679 186 5121 5123 5126 5131 274 6838 7902 
2468 5117 5221 5224 5233 4345 8298 15194 11539 
2469 5119 9930 1393 9516 6768 482 4989 11063 5743 4291 1225 9976 14469 8001 3045 15556 620 2566 9460 13556 906 11530 1100 1111 21080 5506 19537 
2470 5120 1647 9060 285 17015 11095 14497 15547 11173 20017 1696 10623 12151 
2471 2890 2700 5253 1339 7967 12209 3611 12514 5839 12769 2506 4656 12839 3570 11955 12286 12841 4822 4428 4752 5245 14335 7415 10141 5539 2232 13709 1636 4040 731 14870 14887 2765 1379 6568 130 9885 15596 15855 7477 13819 11775 2706 13758 7121 2705 9879 4770 
2472 1885 5132 4549 6564 3825 2922 1646 2944 5635 943 3077 4827 4817 1058 4897 15193 8775 5724 1141 16279 7942 10245 21868 20494 
2473 5130 5704 5116 1538 6504 3215 4247 2887 6837 2414 9425 9127 848 2974 14228 7895 14696 7590 14543 1683 718 16461 14548 850 8768 1993 4786 14710 6442 15542 18481 6727 17486 9316 16387 5240 19428 5396 8950 909 18685 19745 2653 19717 18647 316 6593 2692 7411 
2474 5133 210 8754 10731 9028 1930 788 1326 14290 120 3656 16326 5186 15642 1460 1895 1323 
2475 5135 6085 11585 12332 18586 6582 17595 2832 8804 23637 
2476 5137 1769 1763 9630 10209 10983 4519 11433 5078 6504 2043 2157 3490 11144 
2477 5138 3588 9061 3109 3013 6340 6266 16385 19459 6931 
2478 5025 9664 11848 880 11844 16803 1569 2199 10795 11918 13433 5299 10293 
2479 5142 2635 10011 11632 6122 14429 13062 2272 
2480 397 5856 1611 1288 3129 1882 1637 10584 870 9447 9857 1615 4296 12458 12945 9690 14055 1528 3859 14673 11945 
2481 5147 6188 6630 5763 11921 11615 1286 3048 
2482 5150 5151 4446 5154 974 3463 1648 5159 3316 2220 5164 2945 4207 5869 6183 6811 4298 7132 4758 9360 232 
2483 1391 1166 3995 5889 70 5894 7623 344 3233 4924 13068 5176 13867 13383 16781 6829 16863 16512 12906 14148 12343 18027 18093 11142 18219 2038 19151 209 15054 4054 10137 16414 11493 13357 20286 2446 1895 21072 13860 13257 17819 4843 21201 3422 8995 9362 6247 8394 918 1050 2189 4678 5448 16892 11408 11447 6082 22272 
2484 5157 4268 14194 2139 12231 8861 11178 12556 4271 164 15210 18478 17498 19401 3711 18530 197 967 11966 1426 20942 9139 20652 17239 9877 
2485 5158 14664 5117 10875 
2486 110 3715 8227 224 3641 3294 10316 15018 11909 2630 4207 20975 11238 12616 22705 8345 
2487 2070 1246 981 6794 1683 9915 7610 1993 728 3839 13270 9681 14506 3007 494 521 10969 7833 
2488 186 1287 21172 2482 754 5197 7465 11540 886 11889 1260 
2489 2516 5396 7874 7755 12709 752 13379 3070 9649 12281 64 13771 8942 15999 4004 6342 16937 5187 5246 13896 3405 7411 12113 13298 879 6758 18363 15547 5586 2012 2322 5166 2112 17648 18095 14045 13825 248 3368 19540 250 912 4506 53 617 19709 20215 20188 15769 10328 
2490 1725 7357 2287 11453 2269 2740 16524 2651 3212 18781 5701 1259 19577 11505 575 3856 4920 23067 8108 11281 22089 8351 3852 3853 14856 12713 
2491 333 6067 5701 22703 4377 144 3026 13909 15318 7967 22443 
2492 5179 9427 4036 17005 15237 1315 20745 2552 1706 15185 
2493 4377 9080 1298 9233 730 3309 10703 4769 7842 4041 12180 15649 13087 
2494 963 3608 9451 1441 2455 2249 4231 10365 407 6290 
2495 5185 6982 70 7160 7309 4226 3580 2507 4930 2337 14128 17595 14371 2813 265 7218 20229 3175 15782 19601 9413 20632 20766 7298 22559 4815 14804 
2496 5187 1444 6412 752 9442 9951 7219 388 1985 15805 15807 16027 2852 
2497 4924 696 9727 4825 6755 1678 10849 326 
2498 5197 5198 937 9587 23998 24042 
2499 2151 5203 230 340 12745 11219 13155 5218 13045 15057 13704 11437 11374 2534 18486 12190 2454 808 13598 164 19666 21109 3081 17904 16487 
2500 5199 6510 5156 2597 20895 4335 2859 1574 16822 7322 16971 883 19284 15008 2364 330 25033 2510 17309 21914 
2501 5201 5206 1850 8623 4790 7617 17748 818 428 7918 
2502 5205 9367 5368 13974 15009 878 6224 19147 
2503 4916 1152 5208 9767 1675 1869 64 16226 1950 14351 15202 13708 
2504 587 5207 1771 3 7392 619 5175 3598 7922 10915 10786 10369 12324 6294 9427 14122 
2505 5209 5542 5543 2784 6926 6927 7211 2304 179 525 7834 7442 7952 
2506 5210 5212 5213 5214 931 175 1113 5958 4359 5969 5981 416 4114 6000 6147 6165 6302 1706 6322 3111 2020 6438 1571 6464 85 6617 6618 4493 6623 4961 1158 6968 6970 5802 6972 1287 6985 4614 7013 7103 
2507 1442 5218 217 2748 2815 4587 5225 758 8442 4463 5799 4907 2481 793 8444 10643 12666 4598 4288 7517 14406 16954 15124 10026 1679 17445 1640 2258 5856 13254 10798 20601 20303 21006 12825 2131 11191 20613 469 10142 74 16522 15249 9068 22976 23126 17236 11992 
2508 2249 5386 179 2882 3339 5673 12261 5493 4676 19760 18138 1478 10584 8770 14549 14673 12945 5191 7639 6717 2838 173 6600 5243 6004 19108 4929 3592 10561 10643 
2509 5220 5231 4070 760 9980 5489 9984 1626 7938 9988 35 9648 1553 13005 11767 13887 1113 6479 1118 13921 15170 15431 4284 4333 6540 17193 5091 4613 11918 11867 17530 1454 12133 4218 7570 5958 6383 3794 8681 14298 18959 
2510 5222 1353 9051 2454 870 10064 2939 2168 8443 8913 3642 13892 2249 9837 11521 11772 16266 8261 17702 4365 18563 2815 8789 633 16925 2935 3592 7636 20293 
2511 1600 11798 10779 141 6887 3504 13474 5608 16609 7327 14430 7112 869 9737 8717 3141 19502 3341 20037 15410 
2512 5235 275 1605 3450 1869 3538 1712 10753 11031 6108 837 10754 
2513 4379 1314 5288 1090 5763 716 6019 5131 5673 1154 4603 768 4303 220 11425 776 8182 9899 1614 14549 11615 8929 9113 17093 12565 1615 4353 1929 2435 4458 19980 5777 197 1764 18127 11325 
2514 5239 8122 9150 9302 10396 6089 10798 11267 4973 7538 3048 10005 19301 7679 15548 6470 
2515 137 192 6500 8352 3758 6633 1387 12436 29 8623 13639 2112 14985 3046 5582 9313 12858 7962 5763 6428 17273 3635 16250 18386 3884 10638 1574 
2516 5242 8265 8682 10393 4766 1296 1539 1307 7367 10939 18317 14446 3191 17123 12970 16779 3536 21840 
2517 5244 5288 915 6268 692 5218 22664 20107 6366 
2518 5245 2743 2769 1219 16988 333 6583 2720 
2519 5247 8770 1753 14840 17778 5754 
2520 5248 5251 5252 17118 3834 17120 17121 21231 
2521 4924 6312 10664 13068 16068 3997 2048 3941 1003 5824 3233 1098 332 2507 9031 11253 16389 9439 326 7298 1011 873 20309 13860 20095 11579 10722 7295 21963 17776 7262 
2522 5253 11775 4179 13978 384 2737 23320 3978 7494 12623 
2523 2157 6035 2236 4049 15822 8572 1000 1595 4677 17408 595 4498 3165 13124 21008 19542 23013 19258 7523 8909 
2524 5256 5257 5259 10414 13247 6756 13867 8041 21853 14859 2337 13068 4872 19152 15589 8204 22194 17060 
2525 5258 5629 2236 9620 5373 19542 879 11340 
2526 5262 9459 2307 3699 10245 11795 12234 12558 4250 1885 829 8848 7504 10007 4948 8110 4012 16317 6515 15419 14102 17740 18111 464 11968 3018 15171 18552 19971 2358 14663 4897 17262 12771 20479 14330 14503 1918 
2527 3711 3081 11044 12190 1882 3859 13332 18928 3348 1615 
2528 5270 2945 974 9928 3757 15351 6466 5359 1312 8096 6473 1743 3376 6818 13485 
2529 2065 5283 2932 5288 3928 6750 6381 10966 1526 2424 2274 5490 11568 7373 14132 5836 
2530 4288 12777 12795 11334 12628 1353 2116 15002 2882 13511 8859 4323 17628 17062 8220 8408 2089 14811 9405 14234 
2531 76 5275 4859 5381 5383 5384 5385 2467 729 3511 2403 2337 9212 210 2845 2448 4263 1266 8583 5872 
2532 5274 5284 10612 5312 10603 56 18415 10491 
2533 2815 6459 6054 4684 3107 2325 9212 856 11642 6636 12138 9680 2286 15642 
2534 4873 3004 5524 6385 4326 2971 9422 12323 5146 2374 
2535 5277 8936 6502 9669 2172 11023 7245 12430 12504 14044 640 1792 1688 5667 9350 10350 11058 585 3171 3413 11408 19114 17263 16892 
2536 1904 6468 2545 2807 1129 201 7511 4700 1148 2067 
2537 5286 8894 22406 3482 1728 24285 
2538 637 3987 10137 13068 21562 16071 19780 356 9589 4774 18625 15513 
2539 5291 6816 3028 9214 1423 7051 8708 10288 13275 10838 14781 13536 15503 14845 11379 7688 17578 8085 11240 2173 16259 20207 19506 4974 
2540 2690 12461 6684 6887 5524 3072 10479 2147 7012 8977 9966 2688 4581 9737 14437 2969 16929 18498 
2541 5295 887 5967 3570 1054 6644 676 4769 1018 11495 
2542 387 3886 5497 6348 1774 16888 19336 19657 11835 6498 1176 10632 10846 5496 10599 20236 
2543 3623 2962 690 5299 504 5303 248 5583 374 
2544 5297 16207 17573 17574 4612 13608 13733 12669 5164 1634 12895 
2545 142 16478 448 8218 13402 16481 4708 3698 3780 628 1712 13748 16941 4209 7203 1810 8035 553 418 3038 18431 1646 5490 17381 7467 4013 1307 15441 2476 313 6708 20160 20372 20406 2181 2147 3026 3707 1560 5728 4852 13896 21153 7476 21922 19458 7828 3803 4079 3817 22547 22220 10413 2786 19478 969 19540 5504 3405 
2546 5304 2209 790 18641 11998 2634 23377 5950 2702 22947 
2547 5305 10226 10357 11076 19179 8714 9510 7440 8597 8392 
2548 5306 5319 8685 14348 14074 3514 18809 19803 20539 725 13222 6106 3507 11347 3537 
2549 5308 10170 13547 1521 15743 3141 18625 15534 
2550 5310 6604 1304 850 5436 14426 9748 3071 10517 8121 3652 1124 7622 16510 1381 20669 1152 4824 17028 16340 9409 
2551 2607 7638 7639 7640 4227 200 7249 6600 1713 16347 
2552 4165 1355 9262 13485 7132 974 5038 232 2635 1133 7713 397 
2553 5317 5338 10663 1372 1036 3813 16793 19224 16889 10546 19458 
2554 5318 4251 5481 4475 7849 9393 7144 12156 
2555 2034 3455 212 6966 7312 4924 9413 1011 10157 8204 10438 10910 10911 12620 12679 5275 344 13459 73 616 4114 2400 86 4738 9770 15558 1777 7277 10766 3488 16182 13867 1800 4182 1391 13068 1830 15868 3900 5824 5851 12591 9750 14571 17644 18911 16805 11346 
2556 5319 1125 9 12668 14254 4494 16055 14705 1872 1681 
2557 3083 6368 16617 7288 4611 9386 9028 8756 9827 2277 3115 12078 
2558 1830 1916 6411 3260 84 9865 12721 209 13867 7313 14672 1803 14188 1378 14813 5750 14814 16025 7141 5313 16512 17130 2448 2345 4505 332 2023 19763 5289 20161 19484 8056 20309 6912 
2559 5322 4122 4493 8552 12657 283 5557 9995 14284 1144 14288 18898 
2560 320 5350 2120 13593 9053 8795 9244 5406 4689 442 3979 47 462 8985 
2561 5325 3130 2621 5340 5654 5656 5659 5912 4653 5918 2016 5928 5929 5930 1693 7085 3215 9263 698 9943 1701 9151 14027 14851 11345 5433 10880 2477 17394 8554 17652 18071 11903 18712 1810 4916 19076 4998 19303 12598 10669 19603 13756 3368 13621 19964 14141 9474 5636 20302 9864 3729 19496 13973 20986 20086 8074 12663 5396 5187 2039 20028 15251 21926 7055 21594 8942 1374 291 3109 20979 9767 22320 7044 
2562 2843 9666 11276 5897 6272 1168 13665 8007 4464 9667 1730 1135 8394 1791 19012 9126 2189 3173 
2563 3215 225 1308 5258 4016 2321 13148 14285 14286 597 21121 879 19523 
2564 5353 5355 5356 3841 5357 3829 5358 9003 10322 
2565 775 3169 9502 1954 13630 13952 9374 11527 769 13983 18887 19107 1465 1505 1958 10470 720 1688 17263 13946 16867 5182 24247 
2566 5359 5360 356 5362 5364 6523 7955 14582 14641 3612 14065 16917 808 518 12443 17706 11254 19275 9741 14424 12795 12247 18922 13365 4747 8686 20802 
2567 5367 1832 326 1296 18842 1395 21262 1003 1326 21963 19983 1307 10393 19763 13860 22419 10127 791 3360 21954 261 21583 20007 3460 21530 17634 3486 2813 3299 3058 1042 1576 22284 
2568 5369 4099 10670 10159 9653 11295 1267 8063 
2569 3270 16887 1433 11218 16449 2609 11203 14457 4314 
2570 5365 3369 5370 746 5418 5751 7729 15432 16528 16530 
2571 870 9835 3741 18054 10062 19742 9214 14464 6311 3785 
2572 28 5378 7973 8722 589 2395 1908 1300 4882 11772 12650 5599 5479 
2573 5377 7888 4924 6845 11761 6982 1307 9750 1309 17414 17595 5994 14745 
2574 5382 9357 15830 1266 20769 5750 
2575 0 10633 12539 13425 4542 18485 15811 17130 4748 20383 4103 18842 21262 332 
2576 5387 12690 1170 15438 7965 7986 2143 18960 1225 
2577 5389 3814 4040 7139 2000 3447 1507 4769 10940 4920 6270 9605 297 1102 4752 2741 1920 144 8877 5839 2740 4037 4476 369 7946 254 14959 4749 12594 4556 2836 2269 20252 2377 2123 1502 20032 
2578 2952 4592 2294 5395 5887 3829 86 8969 5060 12002 1929 12006 12007 716 14018 14833 4489 5663 6072 15106 13204 5778 14233 11976 5131 10989 10586 9232 16626 1492 14907 2951 3262 3495 3129 4735 2400 10347 616 14523 7390 2087 2089 13887 5271 4671 3074 10169 11284 9532 13151 17295 17296 4929 5519 3869 20657 15902 19400 
2579 5390 3954 2387 8539 2241 1860 7165 8285 2335 1796 2798 15829 10915 4793 2006 
2580 4943 5402 5916 5033 7782 7246 9518 8607 2418 8400 8392 9346 3899 6738 20592 12468 18532 
2581 5399 4328 8131 6383 6375 2979 10771 20240 9854 14411 1377 5394 11360 22353 14628 10346 
2582 399 1170 2916 2396 715 5680 17178 4513 19900 
2583 5404 5409 9094 6263 9100 6578 6220 8608 13921 4376 
2584 5405 4282 11056 10471 4635 2639 11851 3994 8694 11870 245 8559 1603 
2585 5411 1379 1507 11634 14488 7385 15479 15579 6261 3415 
2586 1058 5421 5422 5424 5426 5428 5162 9294 5927 3036 11445 11419 
2587 5413 5414 16567 16034 17204 19280 14134 21188 2523 24395 6476 5981 
2588 5415 9629 9630 4786 16212 10788 4349 1246 12427 10974 2498 9425 9195 16475 1304 
2589 5419 7179 9010 11828 12807 10830 1808 1005 14 13003 14521 11684 15581 
2590 895 4693 4537 6481 13158 20891 2953 18852 2823 22024 21894 16578 6230 470 7670 23025 22093 22373 1070 
2591 887 6990 1018 8531 241 18421 4520 20032 21360 3404 
2592 5425 10721 1791 4299 3286 11703 13348 14569 3274 1217 6928 
2593 5429 11639 13183 13451 15399 16588 14450 18590 18656 18007 16660 21475 11217 704 17828 6566 
2594 5432 918 9991 18161 18162 1792 5026 1433 17669 
2595 5435 4548 3224 252 1739 447 14151 2637 15820 12158 1384 17149 3715 11588 11101 18248 18422 892 13487 8067 19144 171 7196 2823 135 16991 
2596 5436 5438 2516 9182 10673 11605 8700 8796 133 13748 6891 313 184 16175 13478 17652 18361 18208 20011 
2597 5439 3768 6472 20329 12550 7706 1785 253 
2598 655 5442 5443 17600 1235 3517 3087 9395 6344 1148 9770 11994 7973 3727 
2599 5440 5721 5073 8672 2189 8689 3792 10497 7940 6236 8309 8253 7968 9944 7321 7093 8437 12423 6580 451 6512 1616 13489 30 18278 2862 13448 9246 17639 6805 7127 11200 1360 22918 
2600 730 7197 7305 7619 369 2709 286 3707 1259 6583 4920 16174 16801 4414 16802 15229 2981 8356 13440 3852 8295 1201 7832 8351 18494 8533 16375 19361 68 2836 1725 14334 866 
2601 459 7504 6515 16219 20415 15312 593 20537 15508 9522 10071 21868 7130 3059 22358 
2602 5446 5817 595 6153 4575 14802 7476 5507 7001 4148 15243 18063 17648 10171 7755 
2603 5447 6558 14355 3158 13555 18079 4570 5294 13806 1569 10447 6877 4227 5227 19926 17548 21854 1747 3442 14438 7326 5413 2905 3966 2524 23695 
2604 1894 5053 2560 2327 1639 1307 2621 5490 1765 2064 7359 1062 4024 8417 
2605 5455 5456 5105 9952 3249 948 15266 386 12269 14077 3276 8745 14428 7762 3676 2077 18244 19056 7040 3272 611 21913 6428 11456 2550 6038 8407 19540 2433 3254 3005 1124 2407 2653 
2606 4570 2867 5461 5712 1108 13176 8638 4700 163 1113 5355 9579 12885 17662 19280 1528 1154 1382 4907 3543 15535 3237 19150 21345 7389 5822 677 18858 18512 11229 20201 16642 1871 14352 21082 691 12777 15779 500 22075 4610 901 16842 21203 795 6359 
2607 5462 6480 7422 6866 6753 12235 13258 70 11857 7254 21160 
2608 5464 2147 2279 3514 7742 3085 9145 11050 3318 4710 9966 13417 8977 1893 6942 5146 6639 10764 8600 2929 7210 7925 4326 2611 2456 13309 5506 4494 7732 14926 906 1877 8001 4043 2718 11912 3418 16693 2276 375 2755 10570 2690 11733 2521 2876 18329 8075 13548 17472 4987 8946 4163 3174 17522 8717 8673 12160 337 18442 10879 301 19950 9897 11448 578 5619 19635 20940 15465 12668 18 11187 22735 10839 1894 1225 544 16836 21929 725 1209 20857 5801 11280 15882 18268 12246 
2609 4121 6262 5460 103 10350 4820 12554 5145 13154 9517 7502 11258 17241 5026 8597 18424 4003 17493 2076 14645 7556 1962 9236 21014 8046 5594 15771 
2610 1125 5826 3823 14970 5931 18396 2521 6384 
2611 5476 9859 9860 84 9006 9823 7105 7254 9439 21389 
2612 1686 5477 7844 7085 17796 18025 22811 250 11145 2872 4824 4249 13896 
2613 5479 5480 963 6344 7446 3136 3632 1679 8182 1493 396 3310 197 
2614 5482 6685 2164 8935 1326 4109 4859 12019 12941 
2615 5483 8813 4207 9358 892 7132 10068 6430 4693 4010 8012 3643 9258 397 890 6230 13158 314 21894 
2616 1068 2706 6728 111 5000 8533 2722 6044 571 15855 
2617 40 30 2389 5027 6244 6247 4899 9934 6262 11010 11218 10350 2957 2843 14044 16593 11258 8400 6805 16392 14471 17669 
2618 730 4769 6261 997 4651 4424 15280 9080 8043 3212 10048 13909 16837 10425 2008 7425 1485 3907 12706 19790 2539 2769 15850 19552 6114 3772 10682 
2619 5496 5497 7330 12652 2734 10646 2670 15529 
2620 5381 7004 3508 8814 1827 4947 8610 485 5894 397 225 2053 3111 2004 1009 4575 3783 1200 13860 12751 6488 5955 210 23990 
2621 2355 1877 4112 7606 8652 7737 6385 1125 14466 18250 2066 15150 7376 1892 498 12318 3418 14705 9876 9064 8717 3514 4989 21802 14418 12135 3593 20418 10876 
2622 2236 4186 7874 3744 9681 6371 5369 10635 2423 1578 11855 
2623 5499 5500 1629 4928 2327 5512 2234 5520 5523 4719 2199 5552 5631 5634 1287 2659 1286 9654 6847 1528 
2624 5501 3084 7592 11831 13421 5953 21425 6553 10210 10663 
2625 428 13014 13130 5254 9169 862 
2626 5505 2260 616 186 5525 42 3648 6243 5288 6250 6256 4114 6258 
2627 5507 388 5544 3687 6513 12982 6624 4750 15513 4939 16435 5858 6108 6638 7531 10039 21518 9176 
2628 5508 5511 7302 7388 6870 9709 10797 
2629 5510 6754 12826 66 16657 12161 15122 11154 9022 21695 23350 23687 
2630 1742 7817 11252 11253 11254 2607 3167 16273 10627 1382 21664 
2631 1661 5698 9218 9810 9160 9931 12452 
2632 5518 2811 9297 7018 12974 9104 5557 13071 2381 2263 7185 2424 2420 593 3879 8080 21027 8507 10583 7050 20645 3072 4191 12106 
2633 5519 186 6545 7336 9822 3612 13892 16048 15767 6906 2294 1536 1240 7788 11728 16928 23082 
2634 4211 12701 6149 2776 11924 5505 7973 
2635 5526 5530 6269 1347 2382 7092 7096 3186 6195 1036 9335 10429 10606 
2636 5532 7859 10451 12851 12616 1321 11465 15848 11998 9043 3757 19925 
2637 4207 3192 5159 3831 9135 9219 8829 1966 11762 5270 9729 15151 15992 5361 15018 17437 9143 6443 20683 2749 12897 3520 90 2018 9432 24099 
2638 5535 5618 5935 11701 4040 20045 11872 
2639 3436 3580 1098 1042 1820 8755 84 860 5669 9860 1823 5275 15825 5384 12539 6301 5186 1326 12675 2193 16737 7817 5786 9357 7141 20421 1307 19484 13860 485 265 16116 4739 
2640 5536 5830 954 5814 6456 6457 5655 6733 1326 210 1098 8556 4924 6480 9158 4904 9589 836 
2641 5537 19804 8067 18983 16504 6230 6183 24698 24532 891 16649 
2642 282 8067 290 7133 5013 11407 13502 9965 12897 12158 2405 660 14230 9143 4693 3377 962 4525 17439 5363 13158 4537 2192 15018 3455 21465 18852 11938 21467 21646 20726 21809 13493 4165 21530 22093 1648 12931 18045 21894 15435 23025 16288 
2643 1482 6858 6861 6122 5570 3652 2192 10560 19209 3520 19911 18852 12158 
2644 1786 6351 6944 6946 7109 113 9041 3610 8697 8417 9759 11812 3834 11908 3197 2729 4064 1662 16989 3928 14897 5557 8145 10221 15193 4238 1821 2733 14136 17963 5835 641 17142 18115 14321 18669 1160 3751 14284 19168 1365 
2645 5538 8019 8082 8112 1190 14367 13902 13584 1690 11718 10223 277 19072 7763 19661 15581 19856 704 20620 22506 11709 417 21885 8081 
2646 868 7578 23381 3676 10211 10624 2077 
2647 392 225 962 2328 7370 7157 8190 9670 14877 18476 15903 
2648 3807 2568 16612 16115 10192 6828 4256 20032 14353 1219 3193 
2649 5548 2827 2518 11241 1395 13917 4780 9 11619 1328 
2650 5553 5557 5812 7176 14853 17174 3695 21604 20066 19435 22312 
2651 5556 8654 10018 3057 9001 9062 76 1777 17770 3683 8052 10177 22194 8199 11820 
2652 2659 5650 9578 8036 2151 13033 14424 9451 8088 17208 1550 1713 10916 7045 1718 4788 5561 6726 3012 972 15015 6447 11887 9479 
2653 5558 5690 1529 12396 12857 15055 8960 9144 10008 19879 19754 4227 19772 11549 10009 
2654 828 3472 7836 12825 4369 4192 5442 9114 1105 6019 5007 14215 444 4361 2303 3262 9254 9406 4237 4645 7788 3248 11041 5155 650 3358 4216 
2655 2743 6396 13006 6857 14513 658 4599 16734 15318 17048 4922 6472 1379 3570 1807 
2656 5565 2120 3866 971 3622 9244 9245 9246 9247 1085 9331 8985 439 9132 14012 14193 14256 5002 14258 11982 918 8394 10103 4689 489 
2657 5567 1479 870 16274 10931 7273 1287 4610 3522 5969 6147 13713 1615 805 8220 260 1303 17799 
2658 5568 5662 6130 1885 14890 8230 575 12409 
2659 2541 6035 7000 7067 4774 9593 16226 21400 13270 
2660 5570 3967 3377 5941 9360 282 3058 10108 10072 4757 16050 8067 18231 18266 7370 
2661 5150 618 9597 6481 10418 8813 14924 4010 3695 3693 895 
2662 5572 5574 9635 4460 8465 12088 13011 13012 3026 7183 9809 4556 15280 
2663 5573 10673 2942 12063 12940 1170 455 10115 4786 9818 5858 16721 3564 17648 2473 15243 18361 882 13294 19975 14137 17272 
2664 1314 8177 7250 7664 2304 19666 5900 4620 3522 525 21039 1384 14514 
2665 5584 11119 1758 2269 16981 4594 3809 21739 17609 19181 
2666 5589 6874 6876 1810 7694 4049 248 1277 11421 3548 13711 14143 3840 2872 15513 16226 1448 10281 17158 3690 13021 273 2278 912 19713 3453 2942 1185 17648 
2667 5591 2829 2482 21671 3668 3654 11887 19182 
2668 5594 8253 8254 103 7556 10179 8869 6236 10718 10720 11135 11136 11163 4891 12416 
2669 5596 13584 14388 2897 2688 11350 8383 16386 18399 21475 21479 22166 24267 
2670 5597 5600 3107 870 19421 19455 6374 56 19368 14309 
2671 705 2475 6679 5258 8838 14548 7602 4801 13500 
2672 5604 5611 5858 5575 2559 7847 1905 8842 2322 18062 2270 7002 7840 20192 3564 5258 12029 3904 3235 18361 3263 6614 22707 22595 2985 
2673 5606 268 6383 6967 6766 9070 
2674 5607 1118 15360 14850 16729 1841 831 1722 19443 11426 
2675 3065 1753 2701 1384 9102 4523 2534 6544 5059 662 13770 10272 24060 18241 12217 
2676 5610 5569 11923 3612 11935 7544 2413 1629 12878 9299 
2677 5612 5624 5627 6586 1593 6587 2657 6589 5711 6590 2032 
2678 5617 5619 5620 5623 3373 16453 2588 4600 18250 3318 1677 1230 24428 
2679 68 2000 2981 3333 9189 14325 3447 8319 7527 3264 9534 13012 10469 3212 821 3491 10141 8299 9115 13442 3155 14774 22952 7946 8044 3026 2287 
2680 5622 5941 6572 1684 176 11324 11571 3604 5304 2630 18376 9514 16991 14247 20603 20653 2328 22277 2097 24302 8996 3520 
2681 5406 949 3274 377 4721 12901 17281 9934 4997 16634 15452 21780 14237 7003 971 11531 2073 19304 16322 22866 
2682 5625 6848 2299 2815 22 4084 5730 15245 2182 8267 18125 3681 175 17025 11953 3632 2160 2297 21085 8732 10601 9213 8363 10531 15437 3541 15424 3167 9072 7167 18917 
2683 1332 6330 6333 4214 11002 16657 20980 17391 22000 18786 19786 20598 4552 
2684 5506 9319 11012 4581 4588 17566 13600 13245 15534 9008 
2685 5633 3059 13321 10140 4420 5696 4391 11148 3197 10274 1216 17220 2411 8333 15713 5557 10829 2358 11807 
2686 5636 7081 8939 5944 10442 13215 53 345 3276 4202 6284 12269 4309 10942 10549 4504 9443 6804 5562 13388 9306 4183 10113 1327 4840 14690 19311 1681 189 879 13945 9975 381 20588 8077 9271 2715 849 6233 14454 22269 22613 506 11979 3725 8958 1191 336 
2687 5637 441 73 4732 3665 3182 12782 12626 10323 11898 13240 9439 6489 6317 79 15377 12675 2107 8018 339 10126 4910 17510 1266 12572 17862 11678 1174 4913 3865 219 530 3536 17218 17387 10911 2337 4491 12410 
2688 2030 1926 10239 776 16604 2560 1127 15794 10773 
2689 5638 701 6492 1961 7739 1028 357 9991 10465 5051 13233 15138 15345 17122 8007 6247 19634 17263 22101 19982 3622 18328 
2690 866 2765 1350 1502 10398 9838 7260 3742 
2691 5616 3922 5647 5648 9915 1444 8959 17272 7921 248 3165 857 6412 
2692 5644 3166 3448 344 4567 17264 73 11920 18805 888 17823 2949 5979 17072 21291 6729 5498 9750 20229 11585 12479 8826 
2693 201 7973 8443 11048 737 5062 6164 12942 1317 6251 5271 9911 
2694 5652 12269 12432 17560 18203 17626 5513 13727 
2695 2169 2790 5655 14544 1003 741 10662 17130 1805 5313 
2696 1096 608 11121 19542 20067 20017 13823 9557 16231 20749 17640 18171 17803 18357 
2697 5657 16054 
2698 5663 6222 1537 11682 21660 20064 1940 2327 21657 6223 
2699 5665 469 9853 1247 3129 8972 655 11922 784 17352 12665 8957 4485 18158 858 2970 91 1148 
2700 3166 4410 3951 8459 15887 280 11508 5172 9031 2337 6360 1407 4109 120 5786 4579 1326 22958 3488 11563 1003 12454 741 868 
2701 5673 6626 3434 2036 13476 2816 14362 1382 12190 6176 3737 13534 18096 9113 1115 6970 1750 3431 6123 11507 4613 17025 7659 11044 6324 18127 16843 14829 4981 4084 11492 21039 8972 
2702 5675 14344 5500 14758 5512 4719 20458 2851 11808 
2703 5676 4105 9961 19920 10086 20260 6000 3065 
2704 5677 5681 3190 6574 2333 1539 792 17576 4930 17776 788 1326 16389 
2705 5679 4632 2058 6913 2132 16562 12928 
2706 2710 2435 518 4700 2481 324 17237 12133 9187 8066 4102 9264 12963 5276 2092 4161 1158 11549 11251 1061 19215 
2707 5691 1009 3114 10433 1527 10834 3123 437 397 17895 1593 430 4827 
2708 4123 7785 9246 11474 11264 12718 12720 8046 12378 3906 10420 7003 4689 9350 10497 
2709 5479 6949 5088 9849 7652 10774 1611 11559 16519 13333 3339 18138 18127 4746 10709 20246 15626 17062 20502 21636 21174 12994 19664 20557 3248 22934 
2710 4693 5326 5694 13485 225 5038 5622 19804 21159 16520 20960 13487 6481 
2711 5692 475 471 14503 15826 9498 334 22548 
2712 5695 3029 6030 2800 7121 7415 7741 4015 7967 
2713 5696 9437 4941 3747 1779 1169 4146 13173 13382 17586 
2714 2999 5702 5706 2476 8059 1078 386 909 4202 2962 10549 8796 313 
2715 5700 5671 10388 2014 1432 8824 16857 3945 14605 13695 2147 11271 8129 6211 
2716 5701 7073 658 7625 7627 369 19310 19312 12056 18849 
2717 1674 4519 4661 5796 5842 5846 5945 6266 6812 8119 
2718 5710 11939 13397 13596 14533 12289 16259 20920 
2719 1246 1114 421 11025 2236 2911 7631 18062 15657 19975 
2720 5713 369 14800 14879 8351 4656 10909 4769 8262 7183 
2721 3679 3155 10845 8469 18104 13932 327 22170 19552 19052 4755 22286 6909 15646 9742 
2722 5715 5716 5718 5720 4016 12208 6283 6052 6235 16485 17663 7220 2760 2974 21012 13874 13299 
2723 5717 3632 7205 8559 1287 8976 7222 5358 4070 3323 10471 697 11233 10886 12780 13835 7691 186 12310 13363 8732 4355 15170 4463 14512 4879 7880 13854 6579 650 2970 5153 5489 5057 19702 1528 10086 1127 20303 
2724 2942 9221 11061 5235 16039 8545 2470 9347 9316 955 22100 5928 8164 
2725 4063 5524 3072 5732 2551 5626 5737 5740 5743 5746 1898 2399 2452 4946 5805 5807 5808 6547 4653 8649 2688 4329 
2726 1493 5733 1783 2908 6424 6739 4871 3363 8277 91 5218 805 3425 5900 6081 11790 12133 9281 12491 9323 1314 4214 1337 13804 3184 3430 3873 15296 2195 1873 15391 5543 12247 5479 4379 5736 
2727 1134 2948 4118 3623 5738 5741 5742 688 5744 932 5748 4723 8077 586 5050 2886 3005 4571 1816 9687 13708 642 14427 
2728 3219 4113 4719 7791 7836 2206 2151 14461 15375 8713 15235 12041 3612 1165 2641 10230 15210 14748 12745 518 18371 11642 17530 208 9702 7538 2932 17275 397 11149 16142 3859 17701 5409 18020 2816 19702 2297 19681 7719 1634 1154 10176 17463 14817 1492 3541 4296 
2729 5745 13747 4475 6637 9948 22086 19398 710 5221 12884 21464 
2730 5750 495 4992 265 11948 12367 12539 7111 9684 16512 2205 18027 12541 5256 3124 17388 7277 24390 
2731 5726 6812 6521 5303 1810 14553 2997 6747 3631 2559 534 3228 248 6876 2043 4696 16631 7201 3490 17323 1715 125 2080 2916 981 13268 3453 15379 7596 3793 18063 7396 386 16169 599 1408 20042 20085 8317 5670 1925 10794 4661 
2732 4742 2018 2424 267 5927 4979 5962 6095 4575 6182 6112 
2733 5758 5759 4428 7946 2380 2765 18878 3257 
2734 5760 8028 571 6044 7305 1201 10121 3708 7933 327 11463 343 3210 12090 
2735 5530 5761 8298 12604 12606 11754 5481 7592 7089 8576 15148 4759 7720 10902 7311 3204 17700 5632 14305 18642 12883 19598 19750 19936 8832 13242 5233 20256 14906 19500 10029 
2736 3910 967 3271 13359 14243 17528 7675 7661 
2737 5330 346 13192 3005 1275 10077 10426 14365 502 7638 
2738 5766 6426 8938 596 8627 5900 6212 10508 2546 340 5505 5567 16998 6028 8828 11934 4274 17528 20742 3849 
2739 1306 261 1326 326 1003 1307 1296 209 485 2053 1266 569 2813 
2740 5014 5993 11289 1518 332 17130 13867 6127 11253 7588 6139 2286 17103 
2741 5774 3386 5783 1530 6899 7107 2355 2686 869 7112 14496 23716 10485 
2742 5775 8645 7965 8647 11300 11301 4557 10744 9709 2144 5319 4080 11201 11302 5626 18 3504 14581 498 14360 3790 6143 16870 9921 
2743 5776 9580 10813 8802 396 2495 8596 1722 3584 15210 1640 1749 16431 4719 6847 
2744 5777 6808 1569 9307 1679 15055 3680 11740 3645 18682 4470 2932 1493 858 5380 15424 5386 1235 
2745 1902 1765 452 131 18654 18723 5800 13537 17807 16911 20849 14284 21623 20994 17606 17559 23521 
2746 5784 6960 84 7817 5824 1266 8165 7375 209 2813 3102 12721 789 6494 5343 7313 2943 8049 13867 13068 16414 11534 12486 16512 16195 16196 609 6892 6196 17150 2023 3536 332 18828 14260 16326 7274 5289 17054 3362 868 1003 7004 7367 18888 9001 20309 20286 11443 7312 21713 20996 6912 19763 20421 6829 210 1581 22838 13860 9062 4992 23012 11183 3260 2515 
2747 5785 9030 3150 15705 7119 7791 1536 20419 8316 16620 
2748 1893 906 2555 9714 7498 13222 4043 6385 725 19672 2755 6106 2695 7787 12103 8629 
2749 5789 8301 4388 8553 6745 12342 14341 15280 6857 98 7357 23416 6535 
2750 5795 234 5829 3600 18640 2114 2779 
2751 2607 5798 5802 11360 11554 5190 
2752 4907 6251 3647 1615 2435 3403 3231 6238 8390 2825 5954 9548 492 2150 3248 1384 2249 525 6076 4270 1945 3711 17036 1717 7079 858 
2753 1802 4924 5992 1306 2707 6791 16224 1407 19808 20421 
2754 5801 7482 7579 8305 9737 6385 874 1937 5617 6398 6542 1125 12610 7774 1898 2315 11273 2555 18553 5076 20897 
2755 3235 15666 11661 16854 7866 13941 3450 6933 18295 13985 14035 3690 18361 9713 17745 6500 15769 
2756 4864 8945 13000 6639 1892 18881 7266 10072 2181 12042 4381 
2757 5811 5813 5238 5543 942 7432 7433 963 10508 11615 6028 12667 9177 
2758 5815 4809 12664 2038 10722 6203 309 2162 5171 13614 2 8052 14191 13425 16685 16781 4684 2513 8281 1802 
2759 5820 4667 5854 5987 5034 4065 6385 12698 2695 4187 11871 17518 
2760 5822 7032 7033 4585 284 7036 7038 2375 9281 2834 3061 8421 2297 204 496 1129 10612 6419 14134 1497 5578 10342 186 7662 9216 7517 
2761 141 5823 6519 9225 8475 9184 15075 3218 2147 5626 2450 7732 16841 2279 9438 856 17715 15594 8481 1677 
2762 5825 1411 1395 729 1828 3676 7561 5851 7420 9031 2053 4567 1003 6965 7563 1266 11256 5063 4542 3874 11932 4512 6741 4109 1296 3941 1255 9476 20996 19484 3066 
2763 5828 1502 11631 8178 13542 9879 17591 368 18104 14513 
2764 5038 4511 1243 4976 3657 5139 5869 8208 1133 1966 8471 8473 212 1020 406 890 4325 5166 1857 2932 164 14549 673 4095 1878 3846 7045 67 2455 496 3310 1154 17412 4346 
2765 5837 6460 6520 4078 3612 9564 2666 15550 2260 15712 10055 17602 881 7593 9825 1884 6237 8093 2283 
2766 5841 1465 6872 918 9349 14724 13282 8721 801 8761 18729 1217 902 1964 3619 54 15445 
2767 5843 11188 131 15457 7162 19029 10369 14283 13807 15217 22253 22341 
2768 1003 1307 5851 569 485 1828 11654 1326 1296 2053 326 16103 9 4859 12675 7563 20421 21262 873 558 1411 2071 13041 5343 23289 4263 
2769 5848 856 5186 3827 1895 7353 1852 615 1858 7696 10244 668 13104 6490 2193 3190 14153 5955 3586 13867 15268 11792 16512 6862 8930 6936 17064 209 836 19356 19151 1830 19893 6582 20523 20574 8304 14336 20842 8281 6025 14148 11142 21287 15248 1166 
2770 5849 16033 5083 6678 17043 7438 1493 17600 3489 1288 18069 3859 1382 881 2224 11147 1873 9406 7167 2283 235 12018 9137 28 18898 22876 13200 15052 
2771 5853 9779 9118 3807 5759 17175 568 9742 13246 766 10405 4522 3498 4749 1636 8872 8104 1249 289 
2772 561 4127 6849 8517 16622 9205 21456 21951 6215 
2773 5858 5861 5862 728 6725 6727 6731 2373 9018 9020 907 388 250 981 3570 2897 4439 13271 7143 8629 13273 4163 13763 9242 10879 544 17624 227 21409 
2774 5859 5893 2527 6312 696 1027 5014 6685 6408 6887 1894 2585 11361 9028 2964 9439 5454 8741 1892 2678 6405 5031 17880 19119 5973 6934 302 17518 2449 4505 12613 19484 3508 21454 13068 6369 
2775 954 695 7528 1391 1464 6408 2053 5309 4576 1410 1545 2618 
2776 3430 3310 2701 2523 11615 2455 4613 1878 18127 20435 4346 2666 
2777 70 5309 19208 6408 600 219 7218 1539 2946 485 326 1581 4706 2813 4467 791 371 210 21954 15512 8814 13257 2035 
2778 5867 1436 1945 10738 13806 6717 612 81 4328 5844 22164 13877 14587 7635 3763 
2779 5868 13502 4325 15724 4758 9141 16559 4301 22812 
2780 5873 6620 7222 8467 7517 1377 11398 11396 1876 4746 14355 11229 8931 6359 6921 1611 19545 7973 5958 2248 18858 
2781 5874 978 5858 10211 2507 6422 12024 2498 7219 15804 2887 21640 5575 1194 24254 24550 11340 23839 6260 
2782 5879 6255 6807 1610 11027 12787 13445 6038 
2783 5880 4213 636 1395 1858 8655 13068 2193 12675 10106 5343 11619 8600 3448 5178 7048 6363 23834 1802 1829 22419 4512 4924 16297 5994 14021 21954 
2784 5883 3434 12774 4492 10146 16075 173 8990 19395 16519 21224 13404 201 
2785 5884 6386 12992 5984 4226 5588 5185 14928 17983 7686 
2786 5886 2328 1632 961 10724 4745 1457 4010 1368 1932 14877 15018 22545 1609 
2787 5888 6116 11300 4164 284 9427 13142 9784 6023 7640 3439 
2788 5898 5903 4910 4732 14900 11051 15146 4249 1828 3941 9028 5973 19935 
2789 5900 4100 5567 3339 11559 3087 7652 28 3472 13063 67 3348 2249 901 11889 9899 8463 5442 324 8000 18138 1611 2327 18127 589 20740 17062 
2790 2832 3233 4082 788 266 1471 2169 8468 13041 6360 11589 8907 7298 9258 15685 14336 15268 14248 1326 8682 18027 
2791 5910 5439 2836 10428 3264 11517 11545 4769 
2792 5915 10440 10631 4355 11705 10230 2349 15612 8172 12505 6119 17416 17483 4282 15124 14975 17553 17548 8562 7719 20524 19452 2296 807 2289 6620 6287 21483 10035 16295 12980 22531 18337 
2793 5917 6378 3823 3174 12270 18001 210 21339 8236 569 2521 19958 6293 1326 16343 10393 
2794 3597 1846 5923 6839 1357 6841 6842 6844 288 5885 1339 3778 19979 13978 3443 3856 13758 2651 3777 4179 7477 11123 1485 1350 1379 
2795 5920 227 1209 9549 2315 10563 9064 14620 13855 2330 1407 2325 569 1307 16271 3928 14397 14693 1572 4250 3322 13499 
2796 5921 3807 16614 838 10833 866 10174 3447 16548 19448 18945 
2797 5931 9926 13855 2818 973 4667 7418 2911 8874 17253 13046 18745 11960 12750 9971 14496 5656 4197 
2798 5932 7334 8009 8422 12652 149 12173 10327 20820 417 23101 1520 7094 
2799 5933 5228 8374 8344 5663 8929 808 9769 12312 1384 525 805 7517 10186 7576 5900 4620 2030 19116 15211 6019 535 5276 17542 5442 1492 393 4874 2067 1300 2283 3592 19561 22773 208 3492 23514 
2800 5934 5935 13667 5923 4831 4015 4628 111 4404 1502 9706 7047 22930 4129 24185 7480 19649 18930 8356 6193 2119 24469 
2801 5938 9815 3199 10472 15656 3929 909 2997 14302 18856 843 18845 3927 
2802 3215 6352 2039 2580 9501 1731 8572 1625 10231 15227 5349 2760 8947 8125 5576 13973 12051 18826 4302 15822 7451 9151 13869 879 12933 7026 15583 13911 16215 9647 20208 20472 5022 3089 4705 1418 1308 1692 5138 9147 4004 18285 13621 14908 5116 10456 
2803 5942 2134 2887 5763 1242 4758 7260 2071 4511 
2804 3889 6139 7216 7218 1326 12540 600 11619 5090 6668 2193 5780 11857 8893 1488 2869 4768 18846 1576 13068 18663 2403 1832 19763 4487 
2805 4729 3717 1480 12804 805 1750 5461 2815 3587 2838 4747 361 3025 2030 3133 8887 24249 
2806 5944 6500 6501 8959 9797 9060 2376 2916 5748 9182 174 6352 16738 8666 2331 2433 19674 7223 1729 15266 
2807 3530 5948 10059 20021 12275 20535 
2808 5949 8107 11272 16942 19534 20893 11154 19368 
2809 730 3777 575 7090 997 14959 1920 18849 3856 9606 3570 2705 3015 7798 
2810 5051 5956 8435 8437 4131 10815 11200 971 
2811 5957 14402 19694 21090 764 24058 6813 11718 
2812 2403 210 5960 5992 11715 10873 609 12989 4509 3191 11443 3961 5788 11017 636 9 12675 501 
2813 5119 12042 3823 7703 7525 15438 9737 14496 2521 3770 10359 14970 5989 11106 18999 4077 5783 8595 21396 1888 
2814 212 1019 5976 5978 5980 5886 4165 6309 
2815 1388 6375 4307 3442 10578 4234 9675 15083 2820 10956 
2816 5963 836 16850 1777 7043 1467 8654 2286 2208 20229 
2817 1204 9027 590 1999 940 13821 2134 6675 6725 14299 11047 1246 15920 1715 2267 3902 5704 16475 373 816 18037 4506 7219 13748 
2818 1395 699 210 14928 15915 2164 2313 5979 15976 15595 
2819 1615 13172 1878 20522 20314 20169 21039 21351 
2820 5975 2500 6346 3608 14957 7468 15210 435 5613 7119 892 16448 3493 
2821 5982 868 7551 8165 15146 4813 1828 12453 15891 2055 4732 2023 10258 
2822 5985 2536 7136 7300 2539 253 1728 2568 3406 8078 8466 
2823 3835 5858 1114 6321 7449 64 2498 2134 4661 1810 7219 2171 7455 6216 8139 4750 3165 448 2170 13708 1712 16053 3013 21008 3904 1872 21384 4358 4701 
2824 5990 3465 8964 12166 14425 10509 4990 20148 
2825 5350 774 3422 2878 14723 20398 17406 4949 11218 1049 15160 11264 22325 10497 19725 14606 23652 1465 2235 508 377 6810 24247 19810 
2826 1719 10795 13226 9139 4104 4274 
2827 3348 760 14352 16913 16914 7368 8552 15439 16380 17830 3240 17718 18241 7427 2415 21804 
2828 5998 9678 279 5943 17270 20537 1824 9598 16132 854 15062 
2829 6002 6477 1670 8403 2424 4011 10524 14568 4714 8284 19474 
2830 6012 6015 6016 6018 6519 12497 14590 
2831 6013 2818 6428 7346 9352 10125 2398 4254 422 628 11958 7435 10381 9671 1170 3974 13823 6038 14668 690 2986 13851 15198 6172 778 15547 12787 16822 27 8125 10752 12422 10920 2498 765 
2832 6014 4684 4263 2 5090 16805 15061 11603 9383 906 15594 17776 16389 13066 22194 1801 
2833 870 881 2135 6808 7276 7279 4371 6958 11889 8420 3859 308 5777 16285 5778 3575 3437 6739 9956 5283 3231 8612 12666 435 2528 14811 
2834 6017 9531 9900 13936 5793 14622 10246 14562 
2835 6021 3817 6150 6195 9979 3803 6376 15150 15425 1110 18736 
2836 6023 6086 6098 6107 6112 6152 5527 1593 8155 8243 8247 2434 9205 7776 9575 
2837 6025 6392 4084 4937 14512 5499 2151 11464 12499 22935 
2838 6026 3828 3322 5927 2426 1009 6191 2424 3130 1572 6208 5490 2305 6381 1885 544 700 4387 11967 
2839 3045 2449 10735 6018 11565 8280 1002 8282 9548 1373 16446 17512 
2840 2242 7315 11718 6 8428 7231 983 15076 3886 7984 
2841 3015 11732 12088 6740 8319 6828 18300 4520 4377 3775 19607 13958 
2842 6029 9904 7185 7157 7256 2626 16102 17709 18711 16290 2833 13035 6430 9965 16153 13255 4581 9966 
2843 1966 2198 9982 9135 15611 15104 14877 19538 19100 17006 
2844 3500 4033 9678 7398 6073 8145 7359 9626 12234 9522 4391 3027 20849 17874 1160 3426 7504 23021 7373 21437 9907 
2845 2000 10174 8622 17817 15318 3482 1775 294 22666 9716 
2846 4992 492 5898 18020 1634 9219 962 19484 1599 9409 1000 49 9697 
2847 6040 1460 1541 2759 11057 8018 2354 13068 15661 1467 13634 11618 2647 577 309 
2848 6042 10696 6365 539 11589 7500 8052 19763 22343 3105 9755 7404 569 219 8265 
2849 6046 9890 12370 18512 18520 4307 20751 21120 
2850 6049 1035 2999 4772 12735 14526 16163 4661 18160 10540 17287 3275 2004 4575 22320 
2851 1686 3725 2011 9474 9561 9614 4824 12154 
2852 6052 778 5636 6055 6884 5516 9151 4786 6758 728 
2853 3189 6362 5924 10531 9683 17182 16928 16487 2784 17500 7702 8852 11464 4172 1718 4193 4227 20855 2980 6256 179 16104 11808 
2854 6058 6060 7058 8104 7059 3404 5981 4382 12588 6967 12597 1760 12753 1113 7307 4735 9532 8420 13223 13227 11774 1219 1758 8464 1013 14024 10041 9770 12054 6010 14234 3873 10984 11929 3238 14610 2008 2223 13260 4282 5525 14810 14160 15129 15228 12034 4613 12364 667 2496 10773 16029 6766 16289 12674 16323 16380 3589 13969 12580 16457 3808 10471 5514 4086 16697 6077 16748 10347 10014 5364 1106 12053 17413 14685 7350 14993 522 4021 6882 4849 14083 8325 17050 3804 807 15392 13329 10765 18400 2094 8047 4286 8960 19164 15434 19988 1340 3966 3595 20187 12850 14039 8729 17330 20502 19592 1878 15943 12469 4307 9405 616 7391 2400 16315 525 1764 13746 
2855 5226 4202 8492 7008 7184 12254 14831 3000 5028 8219 
2856 4476 6270 5701 11111 12165 305 821 2419 13439 13440 
2857 791 7133 1321 9141 11489 17274 15012 8520 1788 3969 797 3501 11536 
2858 6070 9686 12317 1288 3727 7764 17811 20087 8864 10610 
2859 6073 6564 7515 5251 9016 10433 7109 6515 5557 6943 4897 20531 10274 
2860 2455 9392 3661 1708 2816 3970 
2861 6079 9350 1730 5594 15590 12801 15682 11408 13520 15754 15135 11991 16486 1946 11143 13154 19989 2957 3349 16063 17091 9790 3372 22592 7618 8985 524 16316 23133 
2862 6080 853 17320 7353 5556 13257 10801 6412 8804 849 
2863 6087 5261 934 8684 13377 4098 3297 6245 6388 15568 2058 181 11153 6759 8341 20243 1744 21113 4218 3663 
2864 5733 9275 16274 175 1478 14546 10236 7894 
2865 6094 14034 2328 8807 15316 11547 1966 1691 11101 6713 178 5074 8255 5154 362 14489 16891 14842 21154 4757 
2866 4495 4989 7116 11343 7143 19408 20096 5065 21073 18116 18198 19482 11347 21669 21802 3393 23608 3657 12283 3968 
2867 925 6108 2871 13270 4916 2872 13576 14541 16498 14476 12977 8343 18133 4852 19848 20017 19335 20031 20669 965 15763 2550 20852 18838 2605 2474 14351 
2868 6113 19205 9348 7519 9399 20480 
2869 1307 6394 10335 3961 9383 9680 8893 7216 14188 12539 1799 873 2023 10092 1777 
2870 1368 9514 2823 12968 18041 19348 2635 4010 17421 166 
2871 1123 9647 8507 17681 18276 3631 17979 6080 4939 18361 
2872 1981 3434 3437 6479 2155 1873 379 2656 2841 11602 
2873 3129 7393 6478 6251 7030 2249 4084 9491 28 4023 5819 2435 9323 11071 15305 17036 22 17904 10612 13892 6207 13141 10709 21788 10065 23425 23305 6952 9068 
2874 6117 9287 6059 13426 2693 18521 2316 14442 20272 
2875 6118 6120 6121 6123 8140 7442 208 6177 1679 4879 12133 14130 8000 4365 4100 1750 1487 175 1537 3430 21701 8789 
2876 4315 13878 10508 11290 7074 19170 8016 11401 3154 12766 20806 16943 15953 9195 3848 9660 
2877 6126 6014 9613 9703 2337 6360 3101 12019 7420 2053 9031 6488 9357 4512 11556 11534 2071 
2878 4946 4065 6163 5034 10769 10779 10797 7725 12437 2014 5503 13073 2066 1521 15594 6041 15743 3823 3072 5065 18456 10461 18855 17518 16464 6768 11015 2893 22468 9712 2449 
2879 6129 14240 6704 14629 457 3688 8371 14530 5426 10887 9019 1568 19646 24884 25138 
2880 5673 3722 6559 3591 7345 4407 1091 5118 188 14621 452 2455 1760 324 6421 3711 9398 1753 24071 260 
2881 6131 9862 332 2077 11112 2949 14976 17823 9736 326 3283 10873 1540 4435 1589 16128 7500 20996 1326 6126 8092 21532 22227 
2882 6135 8391 13068 16302 1848 10824 14021 19318 5781 954 20733 5281 
2883 6140 6146 7155 7165 7272 7275 4469 7299 7301 7304 2188 20794 10370 1413 5201 16592 6573 
2884 6141 4034 2004 3111 1009 3247 3730 9506 6251 1626 11896 2036 217 1563 5114 162 12945 15391 3403 12133 6840 4463 11740 500 18016 20544 4942 
2885 6143 6016 1607 8483 14539 3218 
2886 6144 10149 4676 2135 18448 17236 12140 20859 14767 2160 7276 3297 6493 23803 24824 
2887 6145 2683 9511 9479 2482 12745 16940 8540 18698 
2888 6154 6158 6159 6161 5172 10137 10756 11204 6312 13258 8170 11857 13867 18105 8556 15558 6596 2574 1805 
2889 1033 6249 8166 8178 5764 13440 3602 16168 4770 
2890 268 6053 10447 12020 1842 5603 14563 16677 18202 3466 15093 20622 164 
2891 2026 2435 9232 15751 16007 966 1250 9157 18452 14324 4084 13712 4552 
2892 5223 2500 793 4398 7771 8419 12206 7086 3996 7084 10508 1603 
2893 2790 11741 12772 1326 14188 16764 1561 265 20606 18842 4263 11948 3233 3924 14813 8353 21963 
2894 2679 8261 11219 12249 6245 11470 10156 11986 14884 14885 15502 15845 624 13470 4492 14233 1105 13330 3081 14206 1177 8315 5520 2249 17040 17529 12044 17025 11950 18521 7011 5891 17942 3040 9089 2944 5426 6453 7460 1526 15530 15718 12943 6589 440 5378 9752 6207 10582 15755 16413 173 12190 7249 21313 9801 17246 19914 21524 9451 9434 6250 3205 7846 2179 260 10864 
2895 1600 6326 6474 75 1877 2147 1894 492 1892 1002 3578 4581 7005 482 2551 7007 3267 7010 7012 3072 7020 7021 7329 7447 1373 4986 9876 9976 2315 10165 10679 
2896 6176 1337 3843 2218 9277 7079 12861 1679 942 179 4927 8499 20500 16572 1257 5561 14487 15813 23529 1566 435 23338 
2897 6178 8465 2769 13909 19053 12763 2981 11581 10405 3807 
2898 135 6334 13487 15853 16426 12997 21850 19553 10202 10571 10760 21159 9442 5518 16616 
2899 3944 6189 3276 1142 16088 19309 13156 1430 19818 6767 16003 23402 
2900 6193 997 1485 4660 5584 10865 9606 1507 7358 325 2719 297 6581 2000 9124 14161 10251 14856 1890 9091 12088 
2901 1648 8829 290 8087 9590 1739 15018 17592 11610 4010 14877 9354 224 7559 21159 18852 2698 20957 355 21894 
2902 6200 10835 8954 2377 3155 10865 11167 3597 6505 14774 3777 4920 10048 1023 1018 3778 14856 19552 7798 1785 8028 1765 2621 5490 5566 14132 9784 
2903 2294 3403 11068 11071 2249 8413 3248 17219 15655 17904 19248 9586 16572 
2904 84 1969 4008 11792 6253 1483 2023 3436 8236 3179 1417 17132 6301 20286 380 6538 
2905 6204 4192 2089 6251 1245 2838 2351 5380 633 179 1717 1235 2666 1679 525 6137 6144 1871 1480 1676 1528 435 1154 6290 444 4747 2776 4907 598 8990 4252 7957 9113 9114 9196 
2906 3755 11185 9512 7256 1126 4378 9994 7596 15379 3758 16213 16215 2498 17209 
2907 6212 6215 13277 1493 186 8016 4357 11401 8627 8664 6028 
2908 5561 3492 2838 9565 1742 9566 3722 1717 6070 3541 3717 2160 12086 194 4331 14105 14771 14833 6579 1495 324 17530 1148 13862 18094 14809 3262 3434 4977 
2909 3348 10008 20627 12013 6177 324 17062 3221 3398 1413 5271 67 
2910 6219 7283 2969 1225 2551 4387 1110 4536 16924 5423 4390 6404 6474 14693 8624 11050 17518 10344 2718 19300 7787 11927 
2911 6220 6222 6223 6224 6225 6226 2925 808 6259 6263 6288 
2912 948 6233 563 1363 431 1142 5166 4183 1729 1175 10673 9097 2064 11039 1771 3001 3927 12354 2433 19617 16656 3538 21913 1078 4852 2997 721 
2913 6231 12153 4855 7980 7370 14686 5038 12871 12158 6858 15722 3463 1966 11919 15818 1624 7924 
2914 6232 902 773 12115 11735 4444 13174 13188 1104 9944 15629 4030 6549 3822 15460 19332 4921 19462 1157 1956 24591 16119 918 10022 4294 
2915 654 11753 13067 2293 8381 15213 16447 17700 
2916 6241 8185 589 1797 10094 11591 200 7944 3519 414 11041 834 8681 760 13511 1414 4695 12177 8457 4113 5551 6424 7971 6010 13349 17800 175 17890 9281 768 
2917 2387 1741 7643 12957 2392 4781 1854 3276 597 22811 
2918 6245 6470 4690 2443 2785 785 12124 13160 12372 13166 13228 6717 3921 4500 13230 13231 13232 42 1165 13237 5209 13239 6087 4078 7077 12190 12518 1105 3737 13332 10156 9591 905 2051 4719 7910 2925 884 1431 8284 11647 12832 13377 13378 2206 32 2177 11470 2234 12905 9094 13831 13832 12835 527 13833 3663 14218 6823 14219 1629 13712 3711 15210 15896 2529 10490 16487 16928 13975 17456 15751 
2919 1465 7877 9504 1050 13952 19885 
2920 4598 3737 4603 3727 1651 19913 2036 17317 19248 3348 16274 4026 1760 4023 23339 18898 17062 20341 805 67 2135 20435 22138 7928 858 4895 18841 20424 
2921 6257 3072 2690 8589 
2922 4613 7620 3297 1261 9049 2764 6958 8518 1105 5688 8000 4114 776 1707 1493 1314 525 594 2304 15210 4433 2882 6600 8089 4070 2816 3048 6840 17236 8534 4695 9447 6496 942 18015 4227 7609 9511 11044 20393 2699 1300 7789 1978 12902 6470 15391 9451 1317 7248 
2923 6266 4939 1114 2407 418 100 2911 264 2295 709 386 1246 
2924 4495 6277 6385 6667 19158 12103 15150 18809 11271 23946 24019 1894 11310 7830 22230 2453 5319 24243 
2925 5611 4148 595 7050 7177 7397 5858 2675 
2926 6273 2025 12668 6385 20539 906 4832 2256 21275 24367 22367 2399 2452 
2927 4581 3243 7329 11925 5737 5617 12135 19618 2369 9165 6209 16725 10090 23666 23981 
2928 6276 103 8309 9390 4828 11161 10720 11076 6872 15942 6588 7745 16867 16986 13263 11136 16149 7861 5350 12081 18328 1172 1045 19332 9895 
2929 3610 279 9626 9628 1141 3059 641 1169 11829 5633 
2930 954 7212 332 1514 5281 8232 7216 12675 13066 1539 1777 12480 1326 84 13579 209 19320 11001 
2931 4023 6290 6291 2748 3136 4218 1901 186 9281 1822 5227 1384 1287 4695 7119 9030 18898 197 13063 14340 5218 8732 1154 10416 
2932 6292 625 431 2275 628 4725 13380 3365 5516 5199 1498 13389 8700 2364 10409 14690 1696 15337 1429 10555 4601 10449 7822 4144 17266 12432 8644 263 14359 5522 9975 133 7585 264 13478 1030 835 12320 17793 6796 19308 538 16193 5215 18884 16740 19918 19975 
2933 6295 2632 3817 6308 6327 1371 4079 4475 10543 10544 6553 3991 9328 13242 10371 11874 712 10580 9243 9449 15989 15990 15294 17125 1026 3826 
2934 6296 7467 7471 3965 1365 3059 9759 13859 
2935 6300 6465 791 668 1540 9272 1858 14290 9 1576 856 16512 5309 17576 20175 326 19318 
2936 6304 2432 11440 9900 11939 8708 21122 6218 
2937 6306 10554 4166 14934 2520 2911 8324 1955 
2938 6310 9155 10888 7152 10857 11428 3522 1466 6600 1939 16919 7169 15296 18797 1070 5043 6019 10416 7829 13974 20493 18615 11252 7950 16413 
2939 1999 6817 21911 22055 21195 18208 
2940 1213 3129 6908 3221 8889 2656 1077 1384 6123 9398 3808 7167 14257 14880 5044 5228 1493 5777 5799 2160 204 8000 6520 3489 3863 7582 17670 18560 2135 5819 16033 1487 3087 1750 10416 12162 6664 5042 1873 4237 6177 15346 1105 208 67 5683 21049 20341 6121 3430 1528 14016 4379 1871 2970 6921 22659 324 9754 435 18360 4639 
2941 6315 1930 740 4467 5383 7500 6168 7048 14287 1828 10132 10127 788 11654 9631 2522 10107 8092 856 20876 13459 11443 
2942 6317 1378 3175 11164 266 13687 10816 15060 2781 5971 6369 7696 16090 5825 1389 16156 2465 8779 18392 6361 2870 
2943 1693 6675 8793 2760 13973 20472 19662 23297 2047 
2944 6320 1807 6339 4425 630 8872 15627 6067 15271 8274 827 6221 11763 
2945 5407 100 6986 190 6989 11952 567 14294 6038 2614 7749 3558 10100 8450 21699 765 6080 19540 23440 23633 3365 550 
2946 6325 6418 7569 8561 10856 9319 6531 2969 2923 7006 9050 16368 14722 11126 9225 11273 17417 
2947 6331 2918 1020 14830 0 3652 7218 1296 
2948 2386 640 7889 9601 557 2889 4649 5406 17108 1 6548 4142 9346 17672 3622 
2949 6335 277 6337 6527 13415 15998 12678 18807 18134 7331 13423 12294 20620 
2950 6341 6454 6475 4493 7171 7323 7326 9047 5057 2368 7024 2815 6620 970 9675 7517 9005 1615 1841 19212 4237 4635 5864 5615 603 5123 17172 3044 1902 7036 13646 9168 5835 22394 6757 2415 4907 6851 10652 2820 2867 
2951 6343 338 4516 6764 565 5680 9442 2968 22333 
2952 3237 6389 18862 23071 
2953 6345 3339 4100 181 5777 6424 1679 7593 5856 1480 6198 4681 10889 7079 2116 6652 17336 11996 1148 12565 67 1441 1487 1936 3403 9899 633 7973 11487 5283 1611 5799 8320 3678 1288 435 
2954 6348 4918 7331 5729 8030 8081 8868 153 10632 11717 1690 8287 8383 11165 15112 10496 4244 
2955 831 6350 10819 11202 409 13742 7570 12448 697 6142 13772 1113 4070 11740 1679 
2956 6353 7232 4244 7499 3008 7095 8257 6849 6743 
2957 6367 6681 8616 15677 10497 12273 9518 1433 
2958 6369 13068 14665 11618 14148 15060 10415 15642 9997 868 15536 9634 13867 219 19763 16389 6741 8654 3436 
2959 1841 6894 3804 17191 3878 1118 17404 4284 18226 14711 21082 14961 5394 22617 6399 4483 8787 
2960 6375 274 6005 6383 6541 20214 1113 21826 4307 21188 23107 5867 22617 6350 7869 7113 6053 
2961 6377 6773 7630 2037 1615 13230 15289 12835 2051 11097 8239 13134 21610 7465 6045 23529 8625 1127 
2962 6385 1877 1100 302 5740 2320 1088 2969 14705 
2963 4099 5022 6395 8179 10521 3295 19054 19291 
2964 6386 3463 1076 2926 16237 2112 2962 15220 16755 19923 2910 
2965 6388 1493 2939 18738 1154 1557 11671 8612 9038 19974 12426 15129 6976 9261 21113 
2966 6390 146 7574 14402 10399 14576 16332 14898 1798 21842 
2967 5592 6960 265 856 8198 3436 6875 4911 7128 7696 1255 13257 3536 13127 
2968 6396 8877 8878 5449 10932 11732 11577 8028 3093 724 3404 12202 8500 3707 358 14774 68 5618 17089 19521 14373 
2969 6399 6118 6877 9005 1165 9024 9622 9623 7340 2067 12198 2979 23 1154 10837 7511 9216 1340 10019 208 1106 15431 8055 1454 15434 10008 17521 1113 6824 2641 10230 1103 1996 1382 808 796 6840 2524 18984 435 1626 19845 5442 18932 5399 14438 655 10114 
2970 6385 170 4043 9549 2066 14705 5641 12092 1898 20 17518 20555 22271 14687 21802 22026 2323 13222 24295 15496 19355 4494 3502 7328 14466 2355 3740 
2971 620 6404 141 4862 11967 272 8874 7143 5656 6385 4387 16483 
2972 6406 6410 9440 13492 3621 11440 14493 16054 21484 19205 10062 7934 
2973 6407 7113 7117 8033 8864 9941 9296 10637 4220 10440 7511 
2974 1566 4607 1553 8036 8608 1557 8448 473 9717 756 4214 2660 9077 14586 16939 6225 14031 15963 7150 12952 20493 7538 3859 
2975 103 4131 15506 9350 17008 2862 12423 769 463 
2976 485 10148 2788 3997 2049 5367 11223 798 8935 13058 18661 
2977 6415 3316 2936 10316 10320 3058 11909 314 892 2698 14877 12457 4625 6481 8813 
2978 3293 7003 8985 5448 12557 4821 14591 7037 7440 1792 8435 19294 18815 5666 769 
2979 6419 6420 9209 1113 15126 12917 19182 17055 4613 23261 22078 19450 
2980 1078 7346 4601 5431 136 4240 16755 7581 19540 20017 
2981 3536 7293 1042 4947 11579 11930 13257 2136 1306 1576 20065 1534 21138 
2982 3969 7924 11037 12616 11657 1667 3614 13350 20153 10480 
2983 3045 4934 10764 5167 6543 13942 14676 11925 15993 15994 4450 6015 620 1898 5807 10740 19000 7787 6325 5797 4557 11015 20337 8470 2969 15670 11535 9922 4593 20310 21929 18456 3514 21981 
2984 1847 6766 9216 15196 15439 10114 10738 3595 14438 2296 
2985 6433 2889 7166 7221 7877 9666 1619 
2986 6439 6506 9712 2611 227 13898 6385 5319 9497 9798 18913 14552 20610 2897 17847 
2987 6440 6759 6760 21799 14884 16577 10486 6263 21377 6259 12426 21113 23896 23920 18448 10772 4047 13585 16294 12441 20578 
2988 1612 4408 3936 10519 6736 10601 8642 6254 4360 12825 2519 861 12379 2607 389 5561 20246 
2989 6443 892 8582 9791 11536 12603 282 10418 9311 13158 13752 15491 12897 4757 7744 18164 10451 11941 16613 4745 12621 21057 13493 20153 21752 20960 14877 15853 5335 7980 14295 11833 11263 21159 
2990 397 12967 12911 2630 10418 12669 1739 6602 18830 15532 7673 17502 22677 18312 22523 4517 15724 23212 18873 8776 
2991 6450 5000 7864 19790 21005 6472 3346 8500 10048 254 3210 12898 15017 7967 11781 10032 4129 13075 111 2533 21474 
2992 6453 8371 2263 14321 8873 14897 2552 5635 11724 5201 1169 5490 284 5832 8884 5882 459 6980 11712 6093 
2993 6455 4100 2970 4598 5155 5683 2524 4603 2748 10589 1618 810 9717 1077 5777 9253 3437 3565 1115 4449 2304 4096 6840 15080 17412 397 1126 3489 10531 
2994 3968 8707 8807 2272 8067 9354 9355 12614 11938 3967 5658 4446 13935 290 11853 14126 14330 5005 2621 4511 1526 15026 9188 15752 14147 6313 9791 
2995 4837 264 803 10942 4166 418 313 1035 16361 4661 10673 19540 374 22168 
2996 5839 6724 7864 3019 7619 6841 1219 2714 3602 17048 2727 2651 327 12550 10371 19092 3168 2706 1507 10037 10923 
2997 6481 2085 4537 21685 5013 22024 24521 22093 24678 24528 
2998 1365 397 3058 10241 10556 895 10617 10692 11187 574 3072 4329 2450 16437 
2999 6490 12539 11589 1307 21713 22710 2465 5669 6253 21287 17819 12460 3676 16606 1930 20931 7371 
3000 5066 1622 10900 4164 11059 7892 15390 8743 
3001 6494 9933 3709 3124 13066 18447 5465 9756 4263 5830 5172 2669 14201 1799 12462 14148 4766 1467 17961 5814 
3002 6218 12375 
3003 6502 1172 6512 11141 10301 1168 4464 4834 19294 19332 16126 11527 2418 4035 14724 12081 773 18039 7940 6033 18532 
3004 4834 1104 10075 12423 460 5448 949 4955 14958 4121 9725 7516 6512 
3005 6507 16817 13327 7260 12107 4010 2637 5532 22981 1932 228 14631 21923 
3006 6514 5980 3757 962 1990 9183 9185 6993 9428 7819 12648 12649 10532 12798 13097 7806 3604 11465 17437 2564 3464 18356 6806 6334 10265 9354 15918 14716 6597 14231 15403 4957 19074 1691 13788 2630 15351 2492 17183 
3007 2686 2897 1110 620 2969 4609 6516 8971 2261 10477 
3008 6515 2335 8064 9894 7922 16534 7852 8145 17174 3610 18064 19341 20494 22341 
3009 2759 1391 1576 5781 5592 6685 6293 3995 1464 6090 10722 3709 1326 12539 6127 1829 70 
3010 2401 4940 6517 16732 543 1610 404 15733 855 1182 1196 5334 7992 7180 2818 12630 19540 1170 25 106 
3011 6331 5898 10132 8052 1788 10150 7141 6365 10164 3022 10181 12654 1895 13201 13579 1407 12407 13068 2403 19148 5747 10107 19923 9631 8814 21583 3266 16458 3533 
3012 6521 4916 595 2653 4249 850 1124 19558 3147 18145 
3013 1849 14019 14575 11967 426 4065 170 6015 15910 1795 19389 17518 15880 7569 761 21272 3034 2276 18511 8152 2777 7738 
3014 6526 6218 12289 10489 17422 11876 3741 13492 5540 19742 
3015 4404 6529 3777 2765 6535 997 6724 12064 12159 4749 68 4522 10032 9343 10229 5695 20450 22550 
3016 6530 6536 4116 5692 13901 6938 14357 14361 4965 570 16848 17128 3229 18979 10541 15419 18981 18790 19644 21628 8145 9482 
3017 5669 4748 12481 13257 10137 3191 12462 1540 22002 
3018 3921 10919 14713 9288 11052 7119 3048 10143 18604 
3019 6540 8990 18877 23 18883 19952 17412 3431 18700 6493 
3020 930 10848 9463 13111 13896 9850 580 1680 13886 18636 8125 2653 39 3138 15357 402 1757 17741 21725 16187 1035 14696 13864 948 
3021 6542 3740 3318 3534 6209 1892 14552 11743 16672 2256 337 16725 
3022 4120 381 19054 9829 914 275 553 7189 18501 9182 
3023 6546 9788 9794 2700 12374 3679 2360 1922 14887 7016 11604 9419 199 15281 18899 2651 2769 
3024 6550 4952 3514 12325 6942 8696 14444 11187 2611 8685 2261 6903 7261 
3025 173 4871 2993 4907 5121 4361 6879 6882 7719 5883 10128 11044 8518 14863 14925 11569 12458 1620 10557 2328 
3026 2005 8400 3245 8401 7767 8853 9903 16322 
3027 5166 15270 5456 19540 16311 8162 19851 9310 21150 
3028 746 15399 20964 6498 19394 22295 21885 3008 
3029 6562 11146 12259 12615 17843 17396 4980 19205 9399 3037 23836 
3030 6567 9042 11758 5497 1752 3616 14000 14023 14432 1188 15846 15998 17585 14450 19985 19547 14401 764 
3031 5726 2814 3144 8827 7184 19818 2010 2558 9260 19172 21751 
3032 6570 3435 11934 942 11292 10948 1630 11304 8153 15224 5298 5812 871 19431 17206 18761 21608 16572 230 
3033 6571 471 13537 7429 17559 16597 17561 17562 16465 22341 10286 520 
3034 2173 8380 11030 11032 2562 11379 9457 12116 15821 9640 16356 
3035 969 5314 4549 6826 1593 11653 1573 15070 4473 1902 
3036 4727 6585 9949 13446 8821 15140 3497 8292 13450 16992 9577 11247 18519 4145 13999 19566 11863 19398 6914 3479 4475 14009 20433 477 
3037 6577 6385 9242 12528 12323 13993 10539 6543 15465 15607 
3038 6581 5134 4656 6568 7300 1023 3378 17415 3602 14870 13012 15325 11560 14132 12165 3132 13909 4831 20032 19361 20903 
3039 6582 4596 1471 542 10528 14511 84 7126 5994 19079 6301 16090 3050 2217 5367 14316 2277 17365 8756 14317 9439 21125 4924 1576 9391 1390 1768 
3040 2738 12472 12473 10682 730 5282 9021 14732 5852 2705 6724 6166 443 16837 14765 1970 21960 4079 
3041 6268 2303 12247 9520 4735 3430 16670 9281 2395 1882 
3042 608 7704 431 4202 38 3144 10673 12244 3345 12199 883 7188 421 15285 14413 11879 18539 4151 17931 18031 399 1712 17458 20875 12112 19478 9671 2550 6495 17471 22648 2911 
3043 4486 2513 266 4467 729 12425 12864 16363 747 8756 13068 9369 19673 17065 1223 1827 1296 21713 6488 
3044 6600 6045 2656 8438 15753 1335 21635 7169 6117 6220 6268 1340 1317 4455 13635 14863 20540 18865 11944 13501 4845 20487 21140 7150 
3045 954 14998 8658 4180 8556 14128 15313 15736 2465 4766 1364 11920 21238 1777 20766 15976 7686 6845 
3046 6612 9817 10758 6113 11230 15913 6562 13328 19205 2261 6415 3028 11362 21566 
3047 6615 11412 9014 11043 18010 4127 17754 20844 
3048 6619 9667 11076 14646 9346 6548 1959 323 6798 2768 21991 
3049 6625 6626 4538 10297 1343 950 6207 1528 2463 2206 15210 4719 11178 13365 9699 10531 1158 1878 
3050 3941 729 11130 12307 8039 8102 2456 13782 8896 863 8654 11269 14868 6139 15268 3566 5556 1483 1326 13257 4478 1827 16297 6317 12740 4103 11142 17819 17595 615 20907 
3051 6627 7193 9491 13132 9702 963 18692 17084 14952 4100 
3052 6630 2495 6634 9763 9764 898 2435 1480 16075 16833 20759 5593 633 21723 3048 8972 2952 5613 
3053 6631 5085 8643 1177 2140 14409 3255 4587 4541 13915 12820 6076 1384 11945 5615 12682 188 589 3472 7751 18452 3522 
3054 6632 8995 15524 16155 13983 19068 19462 19512 16867 
3055 6045 13751 4607 7640 4806 23548 527 23737 1384 673 
3056 4759 8373 4090 10913 6295 2240 5158 11863 7144 18642 10083 11387 10883 10663 8235 4475 14916 21585 3479 21425 21305 21784 7372 6737 
3057 2788 4180 1916 1879 3086 4100 13863 4486 2465 15736 11229 17130 12385 2959 8007 
3058 253 6067 2765 10835 4764 14488 6367 11787 18849 21360 5250 18104 1298 13909 71 1636 3446 111 20032 3187 
3059 6637 4876 8999 11756 19042 7129 11753 13418 1372 18642 12383 14906 17923 
3060 6638 159 386 1935 10990 1903 15322 13708 17979 1246 
3061 6639 5387 2143 4080 7965 7966 7986 293 4989 10116 652 10744 11687 14581 19654 6385 
3062 6645 6647 4606 4883 7144 13406 5806 7239 9021 20677 9948 16884 8395 11834 1039 
3063 6649 9798 5055 4206 1373 10460 6903 17477 
3064 6653 1902 1141 8794 90 2254 2552 13086 7871 13175 2922 13177 3610 14942 2928 1216 11973 3241 1630 13496 127 18330 6569 11586 17407 20537 17174 10345 16911 1824 11922 
3065 6654 5816 10323 3182 4732 14195 17744 17837 17792 6489 3665 10129 1266 2077 1581 
3066 6658 8569 230 18779 3348 4524 8347 8651 22469 6631 17333 4587 
3067 1985 7310 7602 7411 11092 7287 12525 2840 8838 19143 17486 16404 
3068 6660 7991 4472 553 10270 13565 14818 8816 8807 6725 14739 10373 6896 
3069 6661 1090 3348 11616 2249 13750 208 1717 8182 768 14514 11721 3493 6019 16604 776 10558 6344 
3070 1630 6665 6666 6571 9152 4558 570 9960 16132 7226 23222 
3071 1441 1335 11153 9264 5554 17890 2109 8220 14819 324 5114 3859 10603 5479 2327 
3072 5928 2207 4514 8953 187 9805 10080 5183 11061 6758 1186 5022 7622 9812 3345 5575 14849 15456 1610 8115 17867 9316 19175 4498 18057 20906 6954 20123 9925 2596 22292 22408 14455 1231 11367 21595 8666 19709 
3073 873 6912 2880 5992 1831 9369 13867 15595 10238 21230 
3074 1998 3635 125 6673 2831 6675 6677 6796 3631 18063 628 16051 
3075 6025 4446 314 2192 9541 15018 3294 15981 212 13346 14295 14980 18477 7714 7676 2136 11657 430 17085 18018 
3076 6680 8622 575 11315 10932 11505 17434 3407 13224 24342 21198 
3077 6682 9339 574 3880 1205 2315 4958 6934 87 15319 8874 1564 426 3791 1894 2929 2066 7012 13720 
3078 2665 4700 1926 10346 3859 10765 2304 5799 17871 9763 15972 6661 2316 5288 4610 179 23613 22912 
3079 6687 7241 14693 19292 3868 20675 19842 18156 14156 
3080 6688 7097 6797 902 2425 15130 9246 20253 9433 4689 4277 3906 1104 2817 16304 8253 10470 3422 6079 15987 10998 3286 7440 18157 8007 377 4944 12423 14667 3245 4943 463 1049 54 13686 19514 4842 8392 
3081 6091 6485 7565 12051 15330 22502 1000 
3082 6691 11214 4890 16974 1294 8947 11148 21706 5944 20194 
3083 6693 2499 3618 7398 3620 7399 7373 1765 3418 2690 8053 15965 492 17172 1913 5998 9363 818 17746 1215 17270 11471 11424 11722 
3084 580 3273 63 1195 3470 778 51 2818 2633 13 
3085 2926 8695 6673 16237 11019 
3086 6488 9632 1460 14287 17387 3439 3614 1019 21954 2062 
3087 6697 3438 10470 3866 11258 4142 6247 6274 4540 17534 
3088 6699 8524 2510 19210 19290 6065 8125 404 
3089 6156 1173 7359 7363 7483 7491 3640 7495 7501 7503 7504 112 2733 7572 
3090 6706 6713 6818 2317 5333 2698 2642 7690 7692 4525 3058 7858 8071 8429 2198 8669 282 5363 618 9914 10060 10901 6481 3299 11138 2228 9143 6124 13131 13252 314 2405 11938 6334 12158 8996 2272 3377 6467 8067 8096 9258 16578 18045 9057 3897 3583 171 8130 19423 1648 18852 16891 7731 15402 8219 2192 
3091 6708 4202 595 1030 12996 14328 13490 3956 639 53 3832 19709 345 3144 20647 
3092 3638 8193 11734 16046 14180 20192 12033 64 18630 8838 
3093 1892 7104 4206 6762 11967 11273 17518 19130 7107 2181 19344 20897 4494 2923 5056 1917 21764 3318 4001 11225 
3094 6714 6981 3773 12930 5645 2029 6073 1779 1173 16077 15678 1918 7176 14855 14941 15483 17739 15958 9996 593 18132 
3095 6122 18817 964 1325 18943 3618 5426 1766 1765 3111 2064 
3096 6718 6720 2621 9661 10402 1873 186 13172 7448 1857 2303 1287 1106 589 1127 7029 9277 
3097 6719 6722 3066 8180 2984 5872 210 2330 3022 485 1410 4992 6829 1389 12349 10805 2403 2678 636 1364 1395 16512 860 1606 13682 569 7128 
3098 6726 915 3310 7573 7575 6118 4587 518 1478 1879 5799 9112 5288 6889 9253 179 4192 1528 7855 9661 186 4084 4610 15157 13365 208 6123 12492 1926 768 15391 573 4738 3489 963 3829 15959 
3099 6729 6730 13540 2631 18027 13068 1829 16935 8281 3580 3359 1464 7110 8332 5750 6042 
3100 6732 6780 6783 6786 8011 9545 1634 7830 4112 16247 7993 
3101 6734 6735 6736 8802 2500 3581 18648 4270 8033 17904 4719 
3102 658 1728 20093 12606 21668 6195 16639 22487 21253 5221 11522 12508 7801 5036 5233 5317 
3103 6737 6746 7156 3469 7474 8042 8705 9493 5117 2632 8602 12739 21065 16797 
3104 575 6568 6745 7783 3856 3026 1506 8351 9471 4418 9720 5756 3391 7967 1775 4755 7948 1785 1807 11221 11644 2119 5245 1524 3309 7434 254 1725 7183 13310 4041 
3105 6747 6748 4553 5857 1935 4708 17979 9000 2498 21633 3510 3263 8193 17924 2887 2033 
3106 6749 14927 15310 18025 291 12638 
3107 6754 6757 7795 527 8802 6776 1929 10810 8889 4729 5163 2249 4161 379 201 2135 3248 
3108 4681 4237 7674 20299 1908 3437 9961 4523 5492 
3109 6762 1110 7738 2355 15344 1002 11733 6942 7774 348 1892 6209 20631 6405 9064 2323 15775 15150 
3110 4414 6765 5183 8634 8843 10069 8992 9904 4693 12283 7847 17652 18063 10179 18697 1172 4009 2912 3274 
3111 5676 7265 7766 4071 9266 1742 11951 17371 
3112 6478 4360 808 3262 13570 16751 15565 14352 
3113 6769 116 14405 842 19630 20562 4033 2733 
3114 6770 475 6772 6571 9726 16578 2698 9762 9016 6564 16695 
3115 4182 10238 1255 10911 16389 1307 6636 14928 14128 21262 20456 11970 
3116 4631 5471 8150 10391 186 673 11293 6393 10172 4869 6072 12319 6919 15031 3052 18003 5442 2160 11620 20258 1189 1115 2067 5600 8440 8885 16104 3107 1742 7640 19711 23529 1222 3043 9710 20230 2384 11951 4105 4991 626 10086 14741 
3117 6776 6779 4214 6393 6144 11003 8315 3711 6815 1926 10931 846 4379 9683 12190 1257 17275 3522 18707 12041 3472 3837 4360 2301 22004 13968 17473 13876 2206 16487 12766 9845 7074 
3118 1442 1113 409 8037 454 1838 35 5717 8131 5057 4929 8277 
3119 6789 9514 16514 8246 13478 15337 2211 16361 386 457 264 3626 6708 12412 15449 
3120 5858 7201 7908 9818 7663 14053 14180 11879 1644 6675 6691 18063 15769 7411 877 15561 
3121 516 9059 16051 17232 3387 313 23186 16439 22843 613 
3122 6793 12587 4193 12589 4296 4866 6600 17860 3306 15655 11658 
3123 2226 8895 86 9030 10508 195 20900 12207 21489 2283 11312 9305 21510 13876 6241 20389 5045 8789 2247 4252 4278 
3124 6797 6033 6798 6800 7170 1218 15445 801 12423 1965 1131 1307 10872 
3125 6803 14953 9890 942 9741 870 1749 4995 12111 14110 
3126 5695 3093 7566 11395 1846 3602 130 9080 15280 12599 571 68 13026 11937 5535 6546 2800 17682 13684 8839 1219 941 15737 11763 12473 15454 3091 19905 11955 21130 4387 
3127 339 10323 5508 2984 6365 3251 16684 5979 17595 2245 7551 5010 9382 2870 20724 15313 1407 8764 18564 
3128 6806 7756 7815 1682 8776 8992 9055 9436 6313 4325 14686 15315 8737 8219 3652 13350 5139 4342 20838 2635 20819 11632 18652 
3129 103 1433 4138 4444 2176 3622 15524 16149 1963 9892 10079 16867 19332 19519 1217 
3130 1058 5268 5843 956 7777 9356 10829 2721 
3131 6809 8012 6415 225 282 3178 17326 1055 
3132 6813 9461 12118 8338 13597 13415 584 12644 19238 19345 21704 21456 2268 
3133 5338 5036 10237 12606 4184 1039 2240 21668 22249 22772 
3134 969 2401 5995 8059 418 4506 1872 4202 12842 7875 14950 2814 883 2010 3421 2859 7610 313 8939 53 18037 2532 8578 14087 2999 642 6891 5719 4572 7418 2550 5575 4186 11321 
3135 6819 7983 9019 6571 6938 4116 15044 2308 3265 
3136 2267 3421 8218 8242 8700 12464 9182 1092 14434 15703 15357 6863 3884 3253 17652 19054 16175 14343 10993 19996 5716 9851 
3137 6826 3834 4146 18115 962 225 284 2042 3059 
3138 6829 6831 8041 8052 873 4813 9680 7367 9750 13867 7253 2063 1407 1545 1395 729 6636 14313 16414 8281 8583 9 865 261 
3139 6835 73 7155 4473 3928 5872 1930 479 
3140 6836 1296 788 5851 9569 12688 4739 17303 7274 1576 1805 543 19983 8741 70 9028 7269 14928 
3141 6840 12319 13938 181 1492 17428 11642 4489 17587 19368 19934 3052 2641 20120 6679 5845 909 14512 9307 17642 10361 15358 14607 10620 
3142 3216 388 3942 11317 5187 9652 15542 2576 19196 13771 19390 
3143 6845 6253 1870 17353 22111 8930 13867 18393 4583 11629 
3144 6846 172 6847 8303 11945 1760 3612 1493 19837 4270 7544 9007 8549 2607 4385 21237 12190 1603 12556 5940 1250 237 2151 
3145 6854 7908 2860 9230 100 9881 7106 595 1140 3698 521 13193 9896 2605 2433 17244 4916 
3146 553 3944 1020 2532 18264 2997 11040 5652 1121 10555 
3147 6864 17291 3208 10626 1845 15176 12097 
3148 6865 1753 9203 11615 6238 6019 17016 2302 16093 810 
3149 3740 1892 7920 11871 8318 6405 11816 3950 14466 7554 11967 9958 1262 13244 906 11271 3004 1714 11733 4987 6385 2201 6015 
3150 730 1507 11763 1728 18727 15649 13107 4769 8978 8028 144 18449 20032 19052 21043 6728 2920 107 18572 4426 6842 1922 4041 9292 9467 21325 1054 23469 
3151 6418 88 700 2279 6265 4667 9922 2399 5620 9926 9927 6732 14385 9921 11368 761 9228 7703 5058 18475 5795 18090 3605 18925 19355 19379 19279 1892 3034 170 10581 13161 9897 13763 8673 11225 1453 3534 8152 11637 4494 21127 5737 23812 8733 8244 6397 9359 
3152 3437 2218 22441 17623 19007 17904 
3153 1240 10394 11998 12223 2637 397 13487 13502 660 18277 
3154 574 2146 2527 7525 7606 4862 7876 7587 8001 2256 591 6106 1443 1002 1373 272 1894 8595 1415 8673 3790 1239 
3155 6893 913 7871 3116 131 9522 7504 17631 7359 5112 1034 5724 2733 5302 593 
3156 6896 6280 10364 166 2580 5857 608 8679 165 1246 
3157 6897 7866 11096 11217 12173 4147 13557 13584 7331 15047 
3158 2057 3962 8492 9864 10031 53 628 1712 1757 1212 14593 3956 21000 979 8941 595 5373 751 21384 19540 9660 23254 5001 18539 16237 22974 14245 
3159 6898 4924 2707 9383 3066 5974 8332 738 14058 2054 17595 19671 17096 17414 9158 10895 1215 2586 
3160 6900 6904 1175 2549 10683 8035 2819 1579 17625 1567 8751 4837 11905 5714 18188 
3161 3437 1676 1257 6440 4603 5551 11671 3524 12565 16033 9367 9849 2249 324 16821 18918 1424 1528 4161 16319 181 17317 17412 18898 1926 
3162 5429 8517 2765 3210 2981 1190 387 16556 8009 2734 
3163 791 1589 1364 3360 8893 12695 729 0 2273 9031 1266 3749 1805 5872 2813 14313 1420 5988 4486 7313 
3164 2516 7396 4572 6614 8762 1579 2558 9856 2753 817 11025 9420 11314 14103 15497 2396 2911 13268 2653 6863 4144 13211 19685 6153 9994 17531 1729 623 3308 
3165 6914 1026 14662 5117 13067 8259 13019 3186 10252 
3166 6915 2920 17048 899 3394 24559 6857 9560 22170 4424 
3167 6916 5429 6922 6923 6924 1005 10033 10399 6999 3008 11217 6813 14 11625 12405 11717 12406 7095 983 4147 12759 6566 12715 1066 13423 14784 7229 3531 14402 15581 148 417 8081 13557 16888 17314 7499 5751 11718 19062 10831 704 14393 
3168 6918 3599 3026 16797 4692 4068 10530 9948 4079 14123 225 3706 6993 20226 
3169 5543 8596 8711 9946 11468 776 2701 896 7683 3522 7901 525 1555 1314 4695 933 3492 2989 20315 20311 14425 5218 4702 8177 10508 12379 
3170 357 1863 3601 8952 8844 11601 442 819 13311 8186 2855 15261 30 17091 16376 4540 13630 7745 6272 1147 5020 6619 12382 14029 13995 
3171 3870 1946 6549 9121 103 1217 1237 12869 12938 12939 10657 3438 11884 4056 12524 10079 7521 1948 15372 1963 1619 8186 2172 19332 918 10618 19751 
3172 866 1807 16124 5935 98 1219 20616 11660 8274 18104 3029 6472 1922 
3173 9 954 1296 13068 7420 2049 16764 1828 6733 9158 12613 5259 20992 19763 2467 1544 21262 
3174 1878 4753 7391 673 942 7508 7529 5763 4365 8206 
3175 666 1805 3874 8366 6480 9553 4975 1410 10624 1364 2332 12688 6014 2592 16389 1395 636 
3176 6928 8394 9247 9666 14638 486 103 9945 19391 72 
3177 140 6929 3099 7064 7387 8183 3884 3510 9701 7159 6495 12225 12631 2407 13811 15731 
3178 6931 6932 6933 7807 264 9059 10028 8407 6510 6501 3249 9400 12511 18571 879 3755 14186 5518 11039 4356 3273 15394 1625 2442 
3179 6936 9703 4263 2193 18842 2217 2590 23531 4858 8754 3533 6014 
3180 6937 6938 6941 9619 335 3197 19530 6381 11796 9626 2987 13496 
3181 6940 14140 3863 9009 22465 22463 2699 4154 963 
3182 1027 5335 4859 15061 16606 9158 2204 1307 501 4843 
3183 6943 12822 10649 12962 16641 4680 18555 10834 5612 20663 17174 19435 1658 
3184 982 7895 969 5550 979 550 10788 4114 4806 13585 12426 19619 64 25 3088 1738 
3185 1857 3262 4408 6475 1528 3403 11767 933 4603 9825 13329 11889 589 8858 17025 8410 3437 1679 324 594 9566 10566 
3186 6950 332 7313 3360 2313 10323 3700 9028 2063 5893 13860 11619 3233 
3187 6951 6952 6955 9854 1384 4610 14792 8864 4682 1626 14628 4371 11607 4359 9717 16272 7517 11602 16909 11363 5003 18172 19571 7628 5981 3808 4095 795 7573 18144 11452 229 2764 22244 3061 
3188 6961 6964 4744 3988 6408 10092 14287 5955 9703 2403 3676 1364 1410 13912 326 1924 266 6368 1359 22419 
3189 2968 628 6863 6052 3206 6933 20409 18625 9599 7580 1610 18140 19154 15387 16740 12611 16159 5166 8746 12354 9672 15547 5067 8524 20830 3088 17992 
3190 6971 7669 1837 4499 6913 9209 3711 497 1944 19368 20110 5492 
3191 1344 6974 4940 7585 27 12630 15324 1186 418 19540 19621 
3192 6980 2928 2343 10698 457 11724 3114 3014 3214 3822 2909 3610 4384 13182 20995 15633 6711 7852 6132 119 
3193 5114 6992 5763 430 1020 8473 7994 632 9048 9258 6111 7562 2071 397 959 10677 11287 11429 2051 2792 11778 1329 6148 8540 6268 966 1103 11319 7734 16875 9364 17242 14775 4530 3064 1709 4253 12705 9570 13815 1431 18926 
3194 6226 11523 5228 5873 6050 13755 15306 435 6263 20487 5348 4370 5198 3086 18682 3524 12140 14362 16868 16939 2687 9155 18448 8789 21103 23997 5227 
3195 6998 17978 4251 2632 24075 5219 
3196 226 3717 3863 2250 633 1288 12111 12565 4592 11918 13518 4100 9520 4700 8581 11945 784 7248 2370 28 3474 1384 1978 4729 4227 10798 14925 
3197 6999 704 1804 11739 5418 1808 17781 18581 2670 
3198 5797 6385 16066 12328 2452 5127 2200 9923 1443 8567 302 18065 9008 18066 1209 5671 3950 4588 118 7135 19575 
3199 7001 7002 6764 3572 3263 7755 310 18062 22970 1356 
3200 6317 1512 7563 1820 856 615 4099 1279 4723 6494 3488 9843 
3201 1699 7008 5015 4403 11348 543 638 14739 6684 2450 9064 2688 11126 6211 15449 15450 13851 567 418 8450 2112 2161 2084 1114 879 21438 1741 
3202 7015 685 5346 19154 370 20860 17856 5215 511 15254 1647 99 189 
3203 1486 7505 7634 7714 8272 9219 2406 8921 14151 13020 15026 13625 
3204 6247 3899 2386 7170 7416 12081 4464 13520 1513 17263 3214 13940 8761 2906 9517 1950 10079 10443 11703 13774 13844 15252 
3205 7017 4838 6804 7749 3974 10100 1610 4099 100 21223 
3206 7018 131 62 9678 3546 6381 5724 11795 12500 15103 7584 15455 11480 8333 112 2004 7726 11503 11873 1173 8145 1988 5843 21709 3114 21650 3111 
3207 4323 7022 3727 7023 2089 7024 7025 324 1871 1480 7027 2303 5271 7029 4907 7030 5599 10709 926 3808 6251 4331 
3208 7026 13814 13816 14200 1680 7435 11174 15723 2574 2016 14449 2341 11095 16772 20028 14508 6013 21390 
3209 1118 2785 12164 12421 11851 1113 163 7906 7222 18197 1340 1615 7427 19164 1383 17454 831 2067 5061 20303 20496 12448 7570 1108 21155 2979 31 21218 21188 20544 
3210 7031 7053 15113 11485 
3211 7035 2986 2442 2489 4496 20011 1757 12051 7537 16039 879 
3212 7041 6490 20007 21902 21963 5185 21262 22419 21889 
3213 7045 9643 1245 3608 6358 4214 17236 19766 16522 4854 20233 2351 2065 15236 21091 15565 
3214 7065 387 14 7229 6563 7230 151 7231 147 7233 7234 5751 6353 2501 5035 16352 13183 11328 10958 4127 18581 8155 
3215 7066 9290 8902 6392 15929 2168 14884 13712 22382 2681 17583 18851 15507 
3216 5252 3686 1173 11788 570 999 11405 6246 18793 11617 6941 7409 13918 14447 15508 
3217 865 70 6293 6901 1359 9362 8603 7216 1895 1326 11142 2217 12138 3115 4975 14290 7353 3200 615 11493 2592 14677 5592 13919 1410 7696 3175 15536 5343 1916 326 2035 4816 1027 1483 3190 14313 73 11253 4190 8765 6408 13257 2337 16863 485 10590 1464 1178 2044 10248 7404 17303 5669 5827 17405 5644 17110 7128 1266 1306 6300 8281 14138 1282 5848 2403 371 1395 12551 16512 888 5860 5893 1518 344 3749 2601 9394 8092 17494 79 16414 7043 16156 7141 13104 4859 209 432 3128 9321 1325 17709 10576 1832 9862 3941 18027 6054 5384 19510 4491 1969 1471 5970 6411 3047 11861 8052 1280 7200 2507 9357 16764 4440 11579 7561 7308 17123 15105 20996 1311 2330 791 4926 2148 3865 10672 18483 7817 16389 1003 1072 9369 16103 7367 20175 16196 2333 3874 11443 22284 4813 4739 1362 
3218 3186 7089 7123 7317 2382 7770 7801 6647 7881 5233 7900 7905 3117 7913 7914 8710 2494 9711 8832 7592 10247 6373 14477 5806 14485 10083 2416 7282 13274 16170 8292 11307 3168 5221 16823 18912 683 19402 9250 15700 17978 8365 8256 12848 8698 4068 712 16797 5585 20710 12508 12084 7014 18997 17717 21279 15194 20677 9243 21425 17160 4184 6308 
3219 7068 7072 2733 3111 8865 4827 14002 818 16219 9619 5254 4094 13105 16960 3695 8241 19342 19669 
3220 2960 7154 8578 5001 160 12151 1040 6787 10159 1187 17042 
3221 7079 3437 3717 7080 1478 606 3517 3722 1424 217 8957 7691 2710 11997 9514 2071 7995 2021 
3222 7083 7087 5923 10790 7052 13312 7335 9885 20312 3402 
3223 7088 3348 1220 4607 16939 9367 20866 21782 8770 22198 1615 
3224 6304 7243 4974 11440 13358 3621 13596 11500 8380 4980 11881 23003 4731 
3225 7099 8308 3651 7953 13622 1542 605 11599 
3226 332 7102 7105 3051 863 7110 7111 
3227 274 2932 11468 10709 624 12041 4645 12667 13349 9683 17529 3808 10916 8315 3437 1550 3445 
3228 7106 7108 1279 437 21557 14524 6182 10071 15453 7399 
3229 6445 9821 17928 18579 15328 8377 
3230 7116 9600 3338 1892 21316 212 13035 22984 
3231 2495 2599 3437 4218 5673 6207 5059 9323 12746 9289 12890 12672 6949 17236 3499 
3232 1111 11582 2969 4986 11347 8474 11964 7587 492 8977 5058 6577 18803 4199 12308 1898 11743 14605 800 7737 21717 1100 2066 24133 
3233 3016 7190 2283 4985 6889 16826 186 9760 
3234 7125 642 1567 11294 13165 8492 6628 10536 142 10180 909 16514 5834 
3235 7129 8710 12355 12552 10294 11697 15148 22777 
3236 7131 10184 2089 11147 3146 9406 12002 8972 3587 12987 12658 896 1401 2710 11801 9404 11615 1615 188 11767 4492 1857 7834 4835 1767 14298 18127 
3237 6857 5934 8801 11281 18104 4179 6249 2704 21325 11775 
3238 7142 7143 11983 6785 10242 17014 8717 14705 12539 17824 695 4263 1894 18198 19763 16326 19484 9897 219 21350 3424 10137 
3239 7148 9728 7236 
3240 1771 3620 4742 1765 3618 7373 7445 2551 12256 4255 3327 6381 1144 1093 8717 3145 1989 
3241 4458 4771 3676 9484 9980 70 1223 12486 5299 12858 73 20390 19763 2023 5155 1098 1576 13068 5763 2330 
3242 7154 4099 7158 17283 10917 502 142 9594 17279 1596 
3243 2250 1235 9215 5271 10518 396 3238 10603 6493 4449 
3244 1999 7583 7585 7586 3626 338 4514 7594 3704 1194 8173 9936 3698 12735 13202 2968 9420 1412 3005 5487 140 10031 4513 330 894 18672 1633 16213 10697 5028 16438 13478 940 2532 18845 19900 17471 5995 
3245 2556 402 778 49 455 14579 4513 15152 1872 2211 516 16874 13823 7523 9059 13221 14497 6820 2341 5706 5215 19540 125 17471 2364 7594 1195 16052 19938 13297 20036 6954 1647 100 21430 20747 14245 20704 
3246 7161 6562 11440 1516 20262 3805 5710 5540 
3247 7163 8150 8831 9387 11359 11580 6973 1303 14349 11215 14741 6421 1968 10026 10473 8540 7217 13545 4155 
3248 7164 2206 7167 3262 7169 7175 13365 13789 3437 14224 6778 12857 15655 15926 10073 15210 18235 17074 17062 19182 12166 22186 
3249 4245 2739 7886 7798 96 14441 7615 21908 7741 1350 
3250 7168 7191 8923 9619 9796 185 318 1894 252 618 1779 12640 3618 3787 11066 5379 3781 21875 
3251 7173 1806 8861 11768 473 5155 2326 846 4470 10914 17615 10441 8627 16807 12826 15912 2500 
3252 1638 6391 3996 11549 4102 12044 4747 2607 4096 6630 16421 5683 17869 15391 4871 1148 5380 6177 10659 6470 2495 497 4027 805 12442 8771 6455 4598 3136 4564 20186 20391 14130 6251 21900 20500 
3253 5374 7184 4756 7808 8017 9108 4939 9217 9220 9221 9230 4496 8679 9025 8746 1304 4249 9271 4186 8804 6747 4374 3964 1998 2962 4796 5616 1935 9985 806 817 10044 10054 2498 
3254 7186 7187 6472 7183 3772 676 4749 21325 239 4424 4179 9426 3856 8531 2836 3019 8043 24559 3029 
3255 5001 7188 7215 1187 2725 6057 29 8637 8063 8641 9415 5738 
3256 4227 9144 186 8325 1771 931 7398 20213 4667 8276 1384 1679 18286 1989 9519 
3257 636 1827 7528 15642 4860 1989 2583 3516 2217 1858 
3258 701 4532 16063 12176 17288 18815 19075 8253 21105 2856 7522 11638 10049 
3259 3318 1111 4861 15798 2929 15799 13556 16800 17447 2355 2969 2315 11186 17916 15150 18788 4063 12437 6338 9549 17518 3277 14004 17196 14444 1110 9737 8717 5030 3593 20897 6155 11347 234 
3260 7195 696 10645 12775 12811 13403 2219 
3261 6166 6857 5439 9716 13758 68 12209 15108 1636 5753 3346 724 18488 2726 658 13978 10120 253 297 5403 20508 975 12175 1807 21325 20242 
3262 5183 2692 2559 2134 7219 7220 14619 64 5575 10636 
3263 7197 3029 7303 4256 7967 9192 10174 10392 9458 3378 11577 4749 253 9838 15498 4041 10141 
3264 7200 1395 16378 4684 3865 11585 10849 17072 
3265 1133 11051 510 10129 13422 4311 397 10000 9358 14631 14632 10559 8208 12675 974 
3266 7208 7213 805 7244 10026 304 1305 8344 16833 3184 7024 17016 5271 8712 1811 3078 14145 7045 
3267 663 21879 1828 733 13383 868 6870 20945 3512 1467 14148 9997 10248 23959 19152 23259 18977 6168 23990 5669 9680 21721 24179 23682 24579 13068 76 24576 24142 954 24643 
3268 7217 12745 
3269 563 7435 7621 5258 6883 5097 12095 12892 13923 2597 4183 16213 
3270 136 23935 3956 174 9936 5334 5757 5938 1861 15008 4504 5513 24568 10080 6970 19994 2926 13864 2509 11456 17273 
3271 2355 7018 2499 10966 14291 864 5212 2274 20141 7460 19077 17417 23782 5503 
3272 7226 3130 7506 7507 7998 8003 5113 8175 8414 2383 3863 7208 3914 10255 809 6970 18096 2006 5299 6573 3783 
3273 7228 7353 11001 5851 13257 14986 738 2035 
3274 7236 7934 8083 9348 1516 11700 2432 13275 14464 15244 11045 
3275 7242 17225 17227 3426 1646 12657 4116 17740 13319 14447 18716 17348 20507 2956 7939 16948 20985 5017 6346 12640 17491 6146 
3276 3136 6757 1384 7247 4895 1615 7248 7249 3591 7250 2030 
3277 7251 7556 7963 8264 2111 8844 9132 9472 
3278 1808 4350 1005 1188 10830 14784 14393 16324 10831 148 
3279 7267 6684 1886 8926 5954 1225 10743 1125 3949 14601 17231 16066 8330 1521 16459 15414 4390 2279 10918 8946 12146 2608 21380 1530 21409 8977 14581 11532 2101 17518 
3280 7268 326 70 485 1307 1326 7367 666 7371 7623 8225 210 2507 8811 789 1296 261 9 9106 8654 5781 1471 
3281 7271 8513 8524 665 7203 285 521 4723 13913 8293 100 15925 15928 2259 599 16306 3908 24166 17968 12611 502 
3282 5677 7274 1829 1467 7277 1280 19152 
3283 7281 4589 6132 8775 5919 3834 9089 2987 1012 10198 3142 17833 9628 10887 15483 14717 5005 
3284 7289 1721 9854 1626 15969 4682 805 10144 74 16642 3788 6461 18471 2666 18806 4489 624 
3285 4613 7290 7291 3136 7517 4610 4353 9421 4218 6479 6618 4841 3180 1388 10019 795 589 5519 18895 4333 5153 9489 1615 1783 396 8625 12768 18959 1314 12426 2224 20204 1384 20721 5597 3052 1261 10495 6291 2303 4682 19164 7487 2979 1454 2905 7534 22198 
3286 1494 7295 8008 5955 4924 9 1296 7126 344 14148 16389 1540 2330 17308 485 12539 12675 4595 7686 21954 13860 19763 
3287 1516 8961 13375 13235 11876 13843 17885 18579 
3288 1382 7296 1377 9579 11229 18373 8302 14049 16243 1286 16309 15093 
3289 6408 7404 10415 11970 7110 4595 3549 5960 1862 9703 12984 16786 180 17150 14188 17824 16343 14248 
3290 6014 7298 7500 5872 1494 4263 1266 1003 3467 666 12695 2813 4383 13068 9938 4542 17372 16389 3360 16512 4911 18778 6499 11654 19983 1407 5343 2631 13867 8391 1645 8779 20095 22111 18663 13663 1306 7048 729 23012 14148 
3291 5090 1848 8069 8052 6317 9756 2193 10607 4595 8170 6494 5256 13791 13867 303 180 3961 3424 9641 11224 16280 1576 14148 6203 11618 19318 3639 19868 23116 
3292 4695 4361 11894 12637 11615 4252 1537 3933 13333 12321 8771 737 6019 4372 17912 17275 4879 4266 1612 10622 3472 2699 13586 17735 2241 4011 13142 3825 20246 16733 21688 11044 3849 20740 8712 389 
3293 4740 15523 9434 8580 3081 2529 10325 10490 9163 102 16384 10689 12190 2784 20682 3048 13754 8024 11832 15210 7836 22485 
3294 4328 7350 8638 8763 21439 21441 
3295 7311 3817 3168 10913 12739 21825 9336 21784 
3296 4649 1104 12423 4721 6262 14003 14501 6276 460 15452 10301 3171 8601 
3297 5049 7414 3626 19539 19567 21384 15730 20948 22333 23015 23080 23206 
3298 7320 17031 1728 7139 1023 1357 2123 
3299 7322 7417 15229 13122 5215 3295 20760 12881 21013 9681 17832 16036 
3300 4859 7561 1326 11417 14571 13411 10672 19662 
3301 7325 7839 5664 2176 315 2386 3619 15186 6275 14050 
3302 4968 7865 8007 4721 507 11527 11612 17669 2235 3816 
3303 3870 1172 1951 4802 7440 5594 4003 5460 15962 21309 
3304 1363 2799 313 2911 7898 3926 1078 8352 9313 264 2998 2598 5709 835 1567 1387 3942 979 
3305 3879 8370 11337 5831 11956 13723 9619 5557 14902 8371 2274 4384 17636 6346 2963 19738 11075 15109 1034 16271 15062 3688 5835 1902 9598 643 12277 11423 8425 11083 6589 128 4466 11306 9104 7124 648 6665 
3306 525 7337 606 3146 7340 186 3846 2993 7344 7345 4587 
3307 3051 2 13258 22838 9823 6312 14185 13201 332 17576 6317 11508 10414 10722 303 23531 22419 22194 10025 12539 1098 19650 
3308 7352 13896 10848 11091 15795 19363 4533 376 13662 10673 18077 4308 10028 
3309 7354 6472 7355 7358 1350 1846 22656 378 22886 68 
3310 7362 8162 8537 8947 3564 10300 487 18062 1477 8953 
3311 7364 5766 6978 9286 4100 2226 8963 194 13713 7548 11374 4489 1750 6840 3154 13277 3541 7568 18908 1904 1926 810 21289 175 12945 5218 17706 1469 4463 4214 4639 9077 1536 2546 1302 204 3445 17767 970 7919 8122 4192 
3312 2550 1194 2962 7778 4339 8838 2331 9445 5354 9939 3793 2974 4963 1633 2986 6727 11386 11025 14359 6782 13298 17889 628 2811 374 19540 
3313 1466 4331 3717 12665 12701 16033 13069 164 4564 17727 23706 3236 15655 9473 4700 23339 12044 11285 
3314 1777 1009 8793 4824 4151 2166 13430 23093 23159 7921 14354 7100 9442 2433 6863 10159 25074 17918 6071 15243 22552 5611 3063 3079 
3315 2519 6461 7249 3837 4879 10403 11018 650 3473 203 10519 1537 5685 16866 4365 5561 9789 23772 980 
3316 6408 2217 13127 3115 14124 7216 3536 2918 219 13786 13860 8372 18260 5830 2593 19958 14868 12031 2446 20160 11948 19763 
3317 7377 9666 12423 3169 8300 6512 3958 5847 18307 19332 1465 
3318 5020 1147 6236 7820 4464 9504 1863 10119 5904 2172 4820 1792 13348 
3319 7382 9314 17763 832 12158 6481 
3320 2809 8294 131 8585 7941 9082 9123 9836 11677 11699 11711 3077 5426 13544 2430 2928 14968 15958 8145 16132 5692 17174 8915 17719 18555 12943 9498 10948 6246 4116 10730 8159 818 9283 15683 20479 14984 21628 3689 22029 15829 
3321 7385 827 7434 3679 1920 1846 8839 18104 16471 11730 111 
3322 7395 10441 15758 2500 8016 18000 11635 
3323 1341 7893 13341 14644 1592 16404 
3324 7403 3547 8184 4785 10220 15842 19740 1842 
3325 3451 919 7407 4157 2147 1894 492 17518 2453 1530 841 12586 1373 15414 24236 13317 
3326 7409 7777 16600 5314 7162 16601 1630 15672 16279 23429 
3327 7410 7421 16088 3786 10363 13324 14365 1175 4144 613 4120 5067 1246 5079 5187 
3328 7411 11065 2084 64 1757 11317 12760 17137 24164 10990 21476 19542 1412 
3329 7412 12143 7398 9249 17570 11405 7942 9598 468 8168 19131 1995 956 1918 6453 
3330 448 296 2407 427 7418 418 313 1035 885 264 1363 2962 8059 10789 13963 2694 399 690 5680 1657 1729 2476 198 2598 
3331 7423 4757 3757 3192 8807 11998 7418 962 6443 15992 1932 3113 11764 2507 21732 2228 13608 
3332 1384 7735 10347 8845 3086 1615 186 18016 18525 
3333 870 3012 10096 6421 6779 2482 7662 6532 237 11363 12587 15284 6256 21308 758 16136 13789 19690 23316 2160 
3334 7426 3570 6178 10545 1807 21081 13012 18494 
3335 7428 7431 6091 4677 19115 1757 5373 17408 21518 4249 
3336 3652 7436 7439 7441 225 15559 3227 15562 15563 15564 
3337 720 10567 11211 2172 13392 7325 3173 4030 1157 3372 16119 12423 7712 15029 12115 5897 14569 15862 4121 7037 2189 6232 1730 585 8477 8254 4821 1172 9247 
3338 1197 1110 4862 6398 6325 9237 9548 1125 906 5743 874 3740 9976 2895 5524 1894 11679 15760 11967 2146 1530 8717 14418 88 
3339 7242 3695 4024 13410 5379 13753 4197 2928 8873 8697 3077 222 5831 10433 11445 13321 14288 13710 14283 2282 3640 17174 1786 10514 749 2274 5490 4255 1141 18253 1765 3 4868 3928 16564 6750 1107 15154 18745 16492 15899 4589 4005 3563 5835 8064 19747 1568 8848 11665 6073 3111 13519 2600 20494 5635 7495 1906 5832 4680 6704 5426 9626 5162 1365 7398 326 741 4611 1483 16132 5420 14615 17564 10723 7359 9894 1988 6109 750 20039 6711 452 1034 22113 5090 1801 2332 2 2132 
3340 7444 6909 6828 6200 5389 3395 4041 571 10189 16004 18820 676 11463 14090 14235 
3341 7448 1287 1493 870 8127 4929 8133 1976 603 8315 
3342 7450 8244 6209 16609 19216 7742 2923 23801 
3343 7454 21086 1005 11794 8009 21348 8428 4350 23197 14402 23454 9312 
3344 4239 471 7430 11822 3640 4197 4450 19389 6762 
3345 7460 4965 5834 7464 283 8425 1169 8786 9089 2308 12784 15573 2428 6571 15836 17097 8345 6515 13496 8371 
3346 7461 13229 1683 14939 2831 14849 11903 7106 
3347 7465 3711 1177 2177 10162 1288 18679 21308 8527 905 21716 4626 
3348 23 7855 382 3912 8864 17416 11916 21946 1340 4075 
3349 80 2354 9638 12031 12032 2513 12570 13068 10793 6253 15107 8741 20876 
3350 1056 2107 542 3232 11420 2337 1003 17792 7313 1828 
3351 7486 12655 10318 20152 5327 21299 16312 21878 15284 21824 
3352 2000 3309 5389 1920 9115 4522 3264 17997 3212 4377 9129 4310 1219 12623 2539 8533 13012 658 10141 8299 21130 14774 3026 4129 22952 7946 15318 12214 6472 3346 23416 4388 2981 4040 
3353 386 3916 1192 1905 10794 1578 5747 2491 9639 1152 3450 7755 64 11214 6031 944 10377 521 9681 1140 2278 19187 965 9271 4795 4262 15049 7106 
3354 7492 6648 6332 1306 9031 12570 5788 16326 18842 2169 19893 1307 332 13782 6902 19763 4739 326 954 8018 
3355 7493 1827 954 8332 14260 10507 
3356 7498 4387 4059 9237 1711 9258 4757 5038 10559 17174 
3357 2248 8472 2754 5059 11984 861 3909 20889 18094 21636 950 9054 
3358 7510 6928 8394 4834 439 11474 12468 10872 1131 21737 
3359 7511 612 7716 11558 8213 4639 1113 8055 2303 8889 1721 1288 18022 3542 7350 3873 
3360 28 11725 12018 2435 1528 3542 15210 1480 10008 3430 19299 5057 
3361 5265 5626 11273 2210 337 17384 9592 9337 14418 3318 
3362 6840 1618 164 1750 7023 2301 598 8185 4695 4214 1968 1871 2455 
3363 7514 9572 1728 1023 13011 16117 16120 71 1259 3093 22988 1219 23571 19200 22666 3415 
3364 7517 5567 3592 186 525 23 200 15236 3358 9255 4610 1337 15507 760 15279 1090 4328 16604 5593 8325 905 4288 20520 12518 20466 9551 102 10765 3356 
3365 7519 7520 1423 8085 8708 6017 10367 6304 5710 14583 2128 10288 17168 2579 11362 19403 19432 3785 11379 15430 10492 14562 11230 14843 16161 13356 11150 11876 21107 16065 15637 
3366 7527 7612 7614 2765 5282 7619 6745 2008 7047 8117 7078 5870 13958 
3367 7530 8389 14865 15908 16147 5915 3867 18969 19272 6383 86 
3368 4756 7531 129 7970 2236 4186 8679 965 2083 9176 521 2498 17640 6071 4890 8901 7840 837 5604 10651 8827 13430 20192 14505 9639 4004 4669 882 15999 3960 595 13861 728 33 21226 17788 7455 2985 709 20451 16046 21347 1114 21869 2072 
3369 7532 7534 4095 616 7390 7558 518 6243 7598 7637 
3370 7541 6868 3929 7545 5050 7550 2433 7581 
3371 7542 7544 9752 16413 16033 9434 6779 15210 10582 16522 23046 6997 4700 24081 22302 18131 5155 
3372 7543 12490 9185 12425 4926 13860 16414 
3373 7549 7804 5903 12675 8041 13240 15421 6489 8412 16414 18256 17298 18706 20289 21379 8204 3196 1768 12626 15887 12695 19080 20427 22942 
3374 2131 1882 1478 1287 9499 4371 7613 4629 9853 23 13957 10365 858 4700 1235 1981 17036 9029 7577 5228 1245 2496 12163 195 4192 12016 3532 1487 6324 10334 9565 2065 11850 2283 4154 5777 21788 9643 23887 6838 2258 
3375 7559 1568 3077 2729 5662 279 8744 3695 12158 3501 11998 1966 21646 22687 
3376 7560 8427 2764 3434 5231 10339 3763 612 4647 9596 10026 17206 19393 1106 5939 6202 6958 17818 15185 7165 8812 15767 5007 
3377 1245 8413 4610 758 3167 4603 8421 5673 509 6972 3445 12861 10798 1414 2249 2435 11026 7307 11282 16033 10008 1783 308 3859 17025 2815 5231 1129 9514 232 225 397 212 18898 2359 13960 22623 5276 9980 8499 
3378 6455 186 8093 3591 208 5227 1478 624 1493 12396 
3379 7562 7711 2071 6122 1321 2635 2823 5694 397 7848 1932 22093 1312 5214 
3380 7563 11576 9397 3700 17150 5257 11455 21954 17554 539 3911 12078 5992 15146 
3381 1884 2092 2557 10759 4023 11591 6773 6475 16990 1750 
3382 7565 7622 49 18838 4786 19390 21652 6675 3453 4982 7590 9316 4661 
3383 7568 8927 12766 8780 8023 2500 596 1115 16943 11725 
3384 7570 4632 9708 9715 1113 35 9702 3859 11615 5625 13172 8969 1878 3133 16543 6383 6419 16545 6967 4981 7487 6002 8686 12034 5777 6717 1384 
3385 7576 16865 17875 9211 4114 1158 6000 757 3547 4620 
3386 7577 896 8006 10008 10531 6479 7517 805 4023 179 17530 12034 17317 831 16589 2247 17412 17869 1487 21179 20349 17036 16522 3348 9309 19420 22274 20970 23165 21082 18898 2092 
3387 6424 4700 1679 3646 16198 11028 1247 1603 13151 
3388 5254 750 2251 3695 10256 8269 14104 1593 7808 
3389 6394 5898 4109 7298 2507 8933 9618 1296 10500 1003 2053 17769 1407 12675 
3390 7597 418 19352 10427 11596 19730 13376 11957 7188 9653 2401 48 8637 11173 10714 10877 12024 
3391 5592 7600 7603 332 326 5381 1003 10507 699 4739 6365 11948 1326 
3392 7601 7178 8789 469 12245 11894 2640 4489 324 4879 1926 5543 12825 5561 3855 21636 20148 6630 20740 17275 
3393 7604 8333 5843 9138 6750 1173 283 9619 14331 11083 643 13181 
3394 7605 16494 13835 858 
3395 7609 519 4259 7613 15995 6188 
3396 315 2186 2189 2418 103 9848 
3397 7616 5858 10267 1192 12760 17605 12029 16177 18496 9563 2018 17174 1670 13088 6727 
3398 655 7653 9961 10236 1154 1384 6128 13738 1750 11267 
3399 6418 7703 7707 11904 4450 3605 24850 21115 
3400 7617 4343 550 7915 3278 1238 2913 8904 5187 7414 13049 13818 6134 3929 8613 16286 9856 6796 18634 8769 5838 2070 16160 276 8834 21334 21335 16419 10673 3884 15802 10209 10135 6560 843 12996 
3401 5732 4863 12502 4163 11967 9976 7738 
3402 4710 11261 1262 7107 6732 13273 14330 750 20762 4581 1892 12160 
3403 7624 5708 10526 7701 4138 4277 11527 11055 508 10998 18998 8985 19332 19424 2076 4056 1046 9248 14256 4955 9376 12477 
3404 5057 7628 7635 201 10475 6889 5958 20303 
3405 7629 696 265 11706 11256 7128 863 15793 7543 1827 5750 10175 5994 7126 18986 1282 6126 11575 9886 2448 6829 4233 4924 666 12694 2112 
3406 2118 7631 595 12429 16645 13924 14229 22246 6984 19857 8842 21384 18951 18013 7220 1683 14750 23667 22707 17648 9108 1000 20437 6103 1715 21858 14180 10905 7835 24436 19335 2605 981 24210 18423 
3407 6317 209 10805 6312 207 1255 13867 10647 7268 
3408 7633 13552 11344 7108 1277 17968 1538 2339 1899 16287 5015 
3409 6517 855 2396 12420 2938 3884 21881 16248 
3410 4616 1002 4667 9337 3072 8278 8305 1197 3950 2146 5954 3331 12668 10570 2566 8075 14418 5641 3418 3973 12103 1886 11967 14705 2971 6106 17095 16853 11187 8489 7606 4864 7826 4494 10170 800 20470 19119 
3411 4613 3794 531 9166 10144 834 6046 1940 4483 12768 12474 2223 7517 5891 11524 17897 3595 16349 15279 1553 15124 1496 19677 2560 4114 18959 5493 15434 7350 15905 5006 16783 4489 21703 21847 8752 22067 7296 22102 12658 13981 6263 
3412 7641 2889 9078 4802 7865 9722 10998 4842 439 12258 8761 14327 1754 11141 15040 15041 11008 12557 1049 2957 13438 1948 4217 1104 8869 15987 14486 8919 15384 15256 8309 4294 4402 16882 9126 2878 
3413 3899 3979 1977 12423 15599 8985 9374 16398 16441 1345 14379 8253 8046 17772 21985 
3414 7648 4328 831 18373 18375 12580 10837 11426 3202 18806 
3415 7650 6565 3008 6813 2511 7229 2380 6849 14946 5429 6498 21885 4474 704 1066 
3416 4044 11190 9709 7329 16828 16853 3600 14693 3946 2159 
3417 3047 8032 1515 8271 8332 7110 9746 5309 16202 15778 7259 16805 5301 15495 16521 13068 
3418 7654 7656 3546 1413 2088 2385 10649 11049 876 13094 11117 
3419 7658 9328 7096 5491 12973 14803 4090 8146 17339 18931 5401 7979 4068 2416 13907 1371 
3420 7660 19033 2094 20970 23261 12885 6476 11452 8562 21218 10765 5958 760 831 20303 
3421 7662 2304 7664 7665 4271 7667 7668 1257 2248 7672 7675 7677 7678 7679 7681 7683 1103 11115 6470 737 19170 5059 17368 18980 8861 5558 13292 9288 8266 9911 12387 21060 2982 1492 5239 15362 16629 15433 3146 
3422 7670 7671 7673 7676 977 15854 10760 5154 895 5951 10559 974 1133 9588 5217 3224 14655 7369 5886 9262 16290 4446 2702 6466 1580 8067 5270 216 10232 14631 9141 4207 4884 11268 11101 5658 1312 20603 15275 21530 19579 
3423 3602 7680 7886 8058 8594 2269 3820 730 4179 4556 827 3212 1716 7706 327 18572 15318 12110 19361 16988 2123 18702 20518 
3424 6422 15600 1003 873 7551 12170 2806 954 1307 4859 24835 4672 
3425 7684 969 1122 10472 634 3453 15665 5817 5772 142 19540 709 3626 6679 909 264 1731 
3426 7685 962 961 6993 212 1321 18228 17504 3757 2936 9828 13218 2635 
3427 1835 2131 9473 10190 15370 4935 4303 8216 
3428 5016 7689 2275 3302 8121 3055 12993 19734 
3429 2481 3846 50 7928 4420 4549 9373 5835 1034 1519 8495 7495 7275 1756 19682 1765 5872 13068 16410 10168 1389 1460 261 9031 1326 1639 2053 
3430 7691 2970 3808 6840 9489 1148 186 1478 13200 13822 1679 19681 19150 21788 2951 12379 9491 898 8413 1528 435 20186 
3431 5383 3536 6253 2217 860 8265 9515 1820 14290 
3432 1596 9924 296 2503 248 11072 17957 17471 1114 20697 3964 374 12254 4661 11386 1633 642 2976 14026 10542 14017 5504 19087 3901 4327 685 14262 515 3365 5215 815 5689 6628 2675 1279 1139 16174 6987 
3433 7695 2179 11924 12190 6070 14265 12676 17676 1180 19248 15208 16487 10318 12826 884 21359 11790 21824 2785 16931 12140 
3434 7696 4311 2403 5993 10939 17595 13120 13803 16156 79 12675 2245 9530 2206 9101 
3435 6221 3570 343 8533 3093 6261 19790 730 17817 18572 6857 358 1219 
3436 1666 9813 10225 403 13502 17326 14721 15018 436 14735 
3437 7708 9339 11967 5034 4494 5807 5319 11347 4987 4986 13565 2071 15414 21670 8652 6015 9905 22999 
3438 7709 3514 591 13022 2210 620 15302 3023 11193 15181 17356 17579 20405 
3439 856 3022 16512 5592 344 7048 9028 1307 13860 1296 
3440 7715 847 989 2433 2725 4099 10078 6008 6179 7188 13648 14301 23662 
3441 7716 5479 3087 10738 186 810 606 1857 10322 10732 12310 13514 2415 11305 6630 5045 1493 15001 7319 12446 167 1105 12785 
3442 7720 4006 10082 10083 5219 3817 3239 13421 4184 8698 1036 4526 712 4475 16667 17020 7913 13108 
3443 7722 1705 23599 9947 13951 18038 4091 16436 6452 11014 
3444 6385 7727 3514 7737 7792 2025 7830 3072 8011 8135 1888 5641 2914 9958 6667 3451 
3445 543 8324 10078 1741 12354 3063 2433 4565 7541 8526 20948 10714 422 13552 5018 
3446 5236 9574 13106 9821 10016 1423 
3447 3010 7732 7199 15425 302 10740 10485 8971 7007 19618 22999 
3448 7734 7950 10916 11459 9009 3575 4370 11778 18985 20918 3654 5688 8284 3668 23727 
3449 3654 8660 3788 1338 8120 6617 17624 7800 22274 23457 1493 
3450 7743 241 3301 8797 13203 3764 1794 8028 10609 20257 13347 18818 9691 3391 2727 8361 
3451 6887 8031 713 13547 15775 1111 4387 4724 19590 12610 8589 9592 4588 20484 13525 
3452 7744 2198 5159 8488 14812 14337 12755 12457 14686 14656 
3453 7746 9099 909 2715 6821 1757 543 2532 13268 3328 
3454 7749 9562 10285 10752 3453 8545 7992 6670 4154 
3455 6804 1170 11222 5166 2398 9671 3276 10752 2401 12418 6989 418 7180 6284 8450 14626 7188 5049 14312 511 2433 8746 9276 2394 10444 3097 2253 2596 18964 4462 4521 
3456 166 7810 8456 8942 506 3725 18167 11039 10667 2387 550 19902 2013 
3457 4450 7587 5031 9008 1877 4536 9906 4387 11743 1019 14693 578 9064 
3458 7761 9111 15422 5663 13507 16587 5064 12682 7644 
3459 7762 4183 9483 9936 7666 2830 12880 1294 18217 15456 5757 4144 10113 
3460 7763 8260 7231 8256 18355 1149 4079 18468 11863 2222 19688 
3461 2178 8701 3293 4649 97 4802 12625 5033 12423 8007 2878 4834 10619 12523 9346 6217 1956 13436 3095 19294 15110 8300 320 439 
3462 7765 8327 9282 5491 10371 8576 9021 11697 12681 14906 
3463 2840 1644 10925 9200 5516 5138 53 1712 8109 6592 13896 2392 6888 17626 264 11081 2576 2961 2207 2391 1194 13851 14068 18635 191 6400 2580 9151 13055 4210 4772 6452 14077 
3464 7773 9883 10803 9260 7188 586 3287 16893 14301 3929 12903 909 5297 19169 7081 17266 4050 22587 11494 7602 
3465 7776 9042 3877 11070 11548 10577 8290 5035 8030 14806 3035 6281 4244 
3466 7781 6197 1379 8531 4831 2504 2568 15017 13246 6728 8784 994 327 3026 4037 17817 9879 4755 17699 2704 
3467 855 5680 8665 65 6868 374 13627 10511 
3468 7803 1705 8456 14495 9463 
3469 1208 11979 4704 2997 5487 4498 5433 14593 13890 3379 
3470 3863 4729 1287 186 6123 5114 4639 589 197 1676 16518 175 5228 3310 1335 3445 808 
3471 7817 1003 4748 2325 3359 3676 2813 569 7959 3941 5898 4229 13053 7228 1391 4452 16512 12015 17065 15961 
3472 1670 5268 3111 14387 13918 457 1413 750 3145 1034 3928 6938 3686 3688 1573 
3473 5433 1195 3249 100 8545 8746 8973 3206 580 4309 3276 9672 8125 1548 7898 5093 909 8407 2372 11963 1610 12796 12797 24226 
3474 873 10323 666 11678 3665 11719 12043 3296 14030 1296 4910 2337 10126 13867 14572 6489 4932 11253 5816 19853 6154 8204 
3475 4700 8499 18786 8859 3437 6176 20401 16033 5899 18213 13260 2776 6672 9134 5442 16522 
3476 6132 924 3834 5919 10726 15530 5392 10139 17833 17834 10140 17836 9628 17649 124 
3477 7823 225 7825 3463 22920 892 216 16087 
3478 7824 8591 4548 9456 7133 12336 12337 238 9188 1990 16359 3342 1457 12577 
3479 7831 7833 7835 2152 13679 14478 8572 6691 16099 10715 5747 386 4506 2004 5843 6750 5213 22270 5857 18775 2417 4006 
3480 2139 3612 5441 14037 13166 2026 14324 15684 11986 9479 5512 6555 16339 1177 1744 10156 19913 7276 5197 13712 18679 10630 14442 12163 5763 19199 
3481 7837 6521 6371 13821 1412 8842 2072 388 3572 4795 1810 599 10423 979 
3482 7838 13812 14778 20036 14369 23024 23080 5050 
3483 4668 12318 5230 13385 11637 2608 14469 1002 18 15594 14561 10879 8717 3072 18800 
3484 7465 4353 7446 1287 1528 6483 4719 3859 6997 21567 
3485 3174 6385 6155 11280 1239 4159 2150 6550 5641 4112 8135 7738 12135 578 16497 15150 17347 9897 4987 7830 19418 
3486 4471 9631 546 9148 13193 752 1899 5183 2916 11543 6342 13825 15303 521 14180 11473 15513 8063 7219 6764 2477 17648 15999 19127 3388 18063 18095 8793 5611 1769 4186 9555 7449 18013 17652 7106 15953 14408 20451 623 19540 14149 11047 7837 3744 192 15657 20378 6748 21158 8959 12979 18423 22593 1322 23218 2112 4114 1382 14234 6256 11971 518 6970 22198 11104 10798 7265 616 167 1614 22630 7938 4738 12133 
3487 7846 963 7542 181 5228 8315 8970 17727 142 17222 17062 6207 4069 14737 
3488 6568 4129 1137 8319 333 7514 10702 15704 7090 4377 7357 3742 7706 8966 7444 12350 1728 1379 6472 4015 8995 
3489 2477 2911 623 969 4661 1727 4708 7808 18208 425 17652 13811 8723 2236 3916 3165 7755 487 21384 1246 64 19617 21008 595 6521 2997 22706 3319 3572 
3490 28 1676 10014 4237 11918 2135 14811 9261 4102 11889 20341 9264 576 21733 1148 23142 20401 23143 
3491 1057 505 1170 10050 3275 1324 3273 418 19861 
3492 1647 10695 6057 8593 743 515 1567 1501 10159 6788 
3493 6371 5586 14086 15071 12951 13659 16013 16937 14232 17598 
3494 7854 2073 2843 10243 15345 621 12362 4899 14164 21368 
3495 7856 326 7857 792 5313 11256 16389 888 2337 6139 1307 17130 485 9862 13443 19208 4479 6741 21100 4932 73 3296 11201 4450 3790 22125 20983 209 4478 3233 21954 6325 2895 9549 6636 12570 1326 2918 11356 21262 
3496 7860 1102 8357 8487 2651 730 8784 8954 168 6728 6114 1507 1054 8337 15142 15231 16004 4822 2765 676 12202 3334 4651 8043 21325 11955 22546 9572 10892 378 18820 8622 
3497 2364 3453 8578 4202 1872 10306 7610 174 16052 313 4704 5198 8090 3387 10772 8109 15337 5337 608 345 16874 19540 8796 2112 
3498 254 8878 14001 15606 658 2879 253 2875 16784 
3499 7041 4924 8052 1255 2984 7253 15512 2813 17595 4703 2337 8073 4546 9383 
3500 3643 3604 10268 7370 5333 1400 8813 15654 18852 579 20006 2192 
3501 974 5950 9262 7133 4548 282 11286 4392 12149 16137 12889 13485 18312 7974 20603 14842 19929 12158 12213 8013 22739 1609 6183 
3502 7873 16961 5844 6656 6207 9289 
3503 1796 7155 1413 1568 6437 19690 2443 6177 5191 1315 
3504 7879 2323 4065 4962 16488 8397 4756 18295 14941 20291 8470 1031 17916 3418 4387 22685 3783 
3505 7030 7884 6207 1247 11299 17084 17062 12942 17086 6251 17057 4700 4371 19099 11117 7534 7025 17977 20576 22025 5939 9327 8316 4449 
3506 1619 15524 2186 15933 5182 5460 18953 1958 12467 1956 4003 949 8186 23358 24146 755 1948 12925 9248 
3507 6887 12092 9064 13810 15414 8567 9318 14430 19140 4439 9923 4950 9897 272 17657 7142 21473 16968 
3508 2995 7894 8774 2093 6421 16629 
3509 7897 3516 4926 1307 12695 1326 5037 10450 11792 2448 8052 16684 19800 10181 1780 21160 21301 21532 1266 21713 10348 17405 
3510 7899 8088 8850 7789 11541 998 3471 4629 2660 6399 4194 2482 10186 629 13501 18112 16417 5688 
3511 616 7534 6256 6081 2758 7022 7919 6238 8000 8005 4237 28 9520 7025 2089 1321 
3512 140 1574 10673 6074 4790 3623 642 719 969 1738 1363 4202 2476 215 10442 13688 2799 6264 159 3560 2999 1729 13627 1657 
3513 12 2024 6712 197 9478 3310 2154 7855 22 6496 
3514 5819 7907 15296 16501 4690 5043 6736 4195 2149 2607 12653 18344 18469 2874 20083 6997 6561 11178 6437 2604 5560 21054 17345 20816 10888 18985 17460 2160 10416 16670 4610 19690 237 23361 4097 
3515 4758 4010 2137 7196 19223 212 7806 9143 1966 23707 23223 
3516 6325 1110 2969 8649 872 874 4616 11106 6015 5797 15775 3141 7569 8135 
3517 425 8176 2364 2550 140 8827 4202 3319 1872 3130 11137 21653 
3518 7909 2313 4672 10157 21100 16326 7817 7857 23381 14527 1407 4748 2 16224 954 20220 20901 1020 14093 10316 16606 219 6394 24343 22419 22227 
3519 2612 2817 8521 16020 7680 1506 8028 16124 16031 22012 4236 
3520 7929 4689 4955 11673 10497 701 8985 5906 16155 21202 
3521 7936 8555 6526 8557 6304 8379 14525 6864 14845 12390 4412 5540 8516 
3522 675 5226 12095 909 3705 4254 3786 5334 5757 543 
3523 1765 5379 5834 7949 58 643 119 3686 15125 1821 1779 14181 3140 17262 2305 9673 428 
3524 7950 2058 7975 7601 4574 164 2326 3936 11305 4253 11312 11594 12446 4700 14516 14627 1806 6873 2554 2838 1260 1613 237 13017 2792 2051 15114 1649 14223 2816 19562 14269 7235 19108 
3525 3102 332 1805 856 6096 15575 1488 873 326 1539 16302 17308 1969 15685 1802 5655 5786 3961 9146 12539 
3526 7960 11124 14974 3173 10389 1511 11258 22996 
3527 4109 1943 4924 6966 8826 1296 9272 2813 10907 1404 5898 6845 6755 
3528 5423 3578 761 5619 9359 5617 375 3418 10477 2928 9784 2181 4710 2690 12586 4215 10105 22960 11975 12661 20318 12042 
3529 3663 11388 11439 934 42 11446 11469 11524 11541 13620 14303 14707 12835 
3530 7988 3401 11864 3454 10552 15721 
3531 7990 3662 7993 7994 7995 3058 7997 7999 4378 6122 5150 7858 397 2635 8004 
3532 7996 12 10971 11226 5247 3238 11992 6188 13964 18508 
3533 1827 10258 209 3521 2344 14290 210 1858 15595 
3534 918 10312 4721 10287 2172 11982 319 15252 
3535 5276 8347 3680 8348 1879 3248 11298 12472 20744 5758 7497 3777 19592 12858 7735 
3536 5053 5007 4122 1871 1612 4598 1106 15211 5228 2211 969 16169 2171 1246 488 753 23 1528 1755 11902 13363 633 1878 2302 576 16519 808 
3537 838 4103 210 2313 9774 8610 4924 4766 16086 1003 13860 17353 13443 19763 954 4739 2458 7218 
3538 8018 8021 1828 6349 3941 8696 16143 6360 7298 14067 12695 9544 16476 12120 6011 822 11865 9676 14283 9140 11519 1756 3760 1471 7375 
3539 1287 8261 1314 8310 179 776 5480 3240 11615 6468 7577 
3540 8024 9071 11353 1744 12518 11178 4990 14734 14219 13143 785 1245 3136 6997 4318 19050 15817 1250 13712 
3541 6210 5243 324 11894 1671 16691 3939 11226 12745 1537 24046 
3542 8029 104 8620 3453 12215 1809 10442 10554 13295 15597 9939 15531 5504 546 13479 19587 13324 6817 3696 2962 
3543 4494 3525 12172 11047 10905 13591 6854 6931 2278 14956 15022 1444 7808 1279 5485 10279 386 955 3916 7106 8842 14137 21858 
3544 8034 5701 333 2216 4769 3334 8040 1846 3742 8043 
3545 8038 2167 1688 8151 7854 3274 5666 467 2235 3958 10226 14820 17966 12440 1207 1265 2073 3617 
3546 4976 3130 1331 12806 5490 397 131 9628 1593 1913 
3547 8053 2969 6799 13954 13548 7020 10764 1892 170 2466 11530 7450 18073 15371 3034 19910 14430 7892 13244 14556 13725 
3548 6967 5228 626 4981 2523 12309 12310 12408 6243 12424 13900 2022 14445 4340 11189 15636 9168 3825 11699 9846 2420 15966 2988 593 16907 1989 18561 3020 18864 6640 4013 
3549 492 1530 8677 10369 10573 5959 8153 12822 7939 10617 7237 11956 5711 19342 570 4238 2358 1646 1058 4024 
3550 2925 12904 14031 15921 15717 6555 15306 
3551 66 8060 10143 13250 14425 7647 18980 4632 11691 15210 435 3532 
3552 8061 6269 8835 10902 21206 710 7089 16517 13421 1036 16221 5632 9021 17937 7720 5117 21464 
3553 8028 3026 2231 8801 14887 14870 6568 7514 297 5290 1023 5602 8533 1357 10501 2264 5000 10032 1920 14341 6662 3409 1273 7845 7082 12211 19790 12214 15596 20903 
3554 3506 10323 2208 2337 7028 1467 14030 
3555 5142 8445 8511 4757 9045 9314 9262 797 19597 19894 11101 7931 1366 16665 19538 22200 15435 22897 12149 
3556 25 232 2441 2986 8548 634 3704 2476 7192 225 895 4230 16953 12616 2793 3376 1624 9188 15320 
3557 3034 8163 7512 13190 77 15219 5306 17362 4206 15302 3141 22114 8244 9744 14693 
3558 1528 4719 18648 3189 1287 5688 2925 19178 20097 1629 17361 1414 1871 9479 7705 
3559 4272 16532 10094 9111 13150 21862 472 22354 12532 
3560 3628 5843 648 8086 14897 2430 1034 468 6714 15899 13316 8371 3 
3561 6243 28 1492 1382 6970 1717 616 3851 6258 9131 
3562 8091 5407 3423 15200 13533 15324 1284 10638 9887 12639 
3563 8094 3839 19616 10983 1246 244 18276 4704 14271 122 
3564 8095 3088 11206 421 13846 586 9594 5001 7081 20073 14702 4534 8636 13823 4050 7550 24167 15547 
3565 7219 4419 427 2341 6434 12817 6071 9409 11084 
3566 5617 1031 10344 337 2256 5119 2147 1886 1894 492 591 8717 
3567 8101 21917 11790 785 9857 972 20682 1747 21891 
3568 2639 11431 5551 3808 17871 5981 13333 2435 8315 17727 16522 435 201 11772 3248 4360 3589 14737 19395 1871 17530 12565 4538 8423 9264 9009 14024 
3569 1326 2813 485 2330 9871 5383 12569 2959 5851 4109 12573 1916 12349 514 2458 6965 
3570 3143 8114 8325 8344 998 16463 7735 10484 884 18962 20423 11363 
3571 8115 2397 8116 7666 3160 10844 10920 5516 13229 14950 14599 2580 2974 1732 6400 6264 3013 17001 3453 2831 7585 19308 20713 1562 
3572 2725 7581 78 16874 11933 15651 9313 6804 
3573 3545 3953 12369 15929 17602 9690 10603 197 
3574 4296 14996 18720 18015 18985 19456 2660 20841 21215 16984 
3575 1720 9551 5043 4433 14111 7818 17345 23663 20520 
3576 8123 8309 8046 1950 11474 20478 20483 
3577 1570 8128 3185 10196 2784 6921 5856 3493 2248 4253 
3578 8130 7806 6473 3224 3694 18936 4301 4548 21984 392 
3579 609 6490 1827 13443 860 14738 84 1799 15000 14260 3508 2325 8199 21315 13367 19320 332 22873 5955 22869 
3580 3154 17977 1536 7961 1382 11120 1537 6634 6374 8363 17987 11553 14914 4181 7433 19702 17043 23778 3909 
3581 4721 9967 14536 14958 8869 4121 3906 770 22416 902 16304 
3582 8141 480 6671 934 5615 16569 16136 17366 17368 2051 16487 4740 13209 7743 4774 
3583 8143 2241 2552 6156 9448 1706 90 9485 7942 2335 9740 11503 5882 11759 10260 14897 3142 15327 262 8080 
3584 3474 14152 805 91 17548 2214 1286 1202 4928 7151 
3585 2886 1134 3094 12136 1552 12139 9095 4819 249 12735 3160 5166 8665 10163 1985 1664 313 703 973 2818 11088 9573 2510 6989 6284 13090 546 1170 16248 1196 9815 10752 3097 817 1327 7916 6868 635 1076 979 8035 8769 15337 19247 138 19296 2387 16361 19560 715 19827 2295 4461 2267 13927 6172 4462 1578 13688 6371 418 19540 18947 16890 8593 215 617 3001 18217 19172 7992 10436 13478 16215 3558 4312 11084 21442 13851 567 12265 2596 2598 53 17918 18068 20623 21821 948 19417 20188 5817 16732 19621 20274 10783 20713 366 22359 22422 7146 12840 1738 142 969 2877 5719 17531 19818 22256 9639 
3586 3603 2823 9378 11941 10358 13788 5435 4342 13990 16277 22470 15722 23223 7198 23767 
3587 377 8156 7245 13139 5351 13351 2172 5019 4802 4842 1465 1172 1104 1961 6236 13799 4224 1791 6262 11474 14050 3792 323 460 9667 6798 8521 14326 9502 8048 15007 4444 10103 15135 14379 3622 9700 15252 15374 1265 15629 1951 8157 6805 9374 16651 3372 8254 17152 11023 17263 17590 17772 3213 1958 3351 10350 8535 17558 949 15345 18815 4820 14966 14044 10226 1525 6689 14501 4689 1168 18328 11058 9937 1046 10240 4997 10212 103 16300 10928 1049 21124 21112 3350 2843 8607 1147 11444 12477 8300 18243 9973 22324 16255 11218 1 11128 7502 7712 
3588 8153 1885 2381 1989 3546 9202 13565 1325 15549 22251 6409 12114 
3589 7696 3676 4512 11930 332 17387 7218 4008 17819 4109 7200 5176 21573 11932 10244 23056 7293 
3590 8158 8966 8784 3404 297 7779 2651 11974 14335 16020 1507 4015 17436 2539 17817 
3591 1381 9226 595 10099 10202 6812 5292 7271 17681 
3592 8165 9933 9362 4748 13093 18828 17159 11857 1751 23531 1828 19763 
3593 2983 4182 
3594 8171 9191 1486 12069 2066 800 18511 22271 14601 19995 6385 7703 11538 8031 23801 
3595 3293 9236 2189 9967 9895 6810 10420 1950 1956 8853 12557 6262 14029 3441 6548 4955 14723 6920 9700 6805 323 1730 2724 8048 18737 4943 773 13348 103 6580 19332 11008 3959 20719 10079 1131 4891 6247 1964 14634 4003 
3596 8173 14149 7410 19105 3626 25 142 10750 264 399 2407 2476 53 1657 6789 17581 9939 13326 13891 3934 2999 909 418 2916 634 313 2998 973 10306 4601 19109 2818 969 14359 16967 2134 15975 4186 11185 7455 7847 16237 3234 4534 19198 14592 10427 13562 29 10257 19245 835 3884 4393 8059 4421 10938 979 132 1408 4166 2926 815 15173 6822 14939 19701 2976 1633 370 3058 6880 3964 20017 
3597 3019 3264 9223 4644 14635 1339 10609 676 19319 20032 1794 12064 21147 11837 
3598 7239 11754 12534 6195 11330 13446 10387 13515 10250 15140 13857 15886 6295 5501 4597 17201 3677 17951 6737 
3599 3094 3223 543 3005 6292 404 2974 2976 
3600 598 7249 14636 6882 10143 15210 17197 17526 2500 870 22444 4645 
3601 3115 2023 9641 5893 13342 8747 13068 15060 1307 17103 16512 18805 8271 
3602 3563 11807 10345 279 5416 1630 7871 12948 16465 3610 14692 10887 17775 17533 16204 9894 2600 22401 
3603 752 313 623 2476 8827 1657 3510 11321 5571 10377 7418 1905 5485 
3604 4901 11786 5252 1779 11075 13499 2335 13537 4384 2600 
3605 1137 6396 4922 305 6261 5935 10701 1023 2000 7946 
3606 8187 9558 3309 10841 11974 12713 9343 3856 3772 144 17031 4388 10192 4015 3807 887 21844 4377 14732 9381 2705 18491 7444 
3607 8191 11815 13007 11645 8802 1978 11374 17367 74 
3608 3620 6720 4868 8403 2018 4549 2809 8414 8418 5210 
3609 2446 4684 1467 13850 3115 16786 7216 3166 4930 7 8236 14124 13257 9621 12539 12460 1296 10814 
3610 5935 12459 13959 9345 1023 10032 17370 4377 3768 5764 
3611 7548 1753 4613 10508 4695 2546 13269 4610 14380 5543 4214 18843 19260 11452 7213 18127 9955 3522 2995 525 5062 8841 
3612 8180 4672 8200 9625 2522 791 2515 2622 1003 17130 3468 3102 7262 6898 6331 5655 12539 5343 636 14572 5992 17119 4888 13198 76 1399 8209 
3613 317 3282 11021 1124 13576 9768 7784 9409 23076 24481 
3614 7623 792 6394 8209 1471 6685 5872 2458 9761 5779 3233 1467 16389 
3615 8211 8736 12152 16866 4879 21328 12532 
3616 326 1326 8212 738 9212 11082 9636 1494 1296 1545 1420 11683 4975 5955 3233 1828 
3617 4204 5942 16432 554 13416 4048 1285 5857 1208 4324 608 19881 1592 
3618 6320 2362 7054 3446 8783 9607 7059 7479 3309 6716 
3619 2345 7128 5047 344 4311 7696 10868 11930 
3620 3136 1245 179 8732 13585 13586 6204 5238 1603 2660 11615 16075 9029 16939 8036 1384 6630 
3621 2067 2639 11384 3248 6290 10592 13308 8443 6280 5232 17788 1533 11521 
3622 8213 8214 6118 201 10985 12799 594 13286 81 1146 2351 6734 12111 
3623 6550 8217 11186 1886 375 3514 4157 17196 1564 12522 18623 17402 8318 18405 2690 15465 22454 20070 11925 2374 7498 7241 21142 17181 16490 2779 10109 1225 24404 1590 24145 24626 
3624 8219 11322 974 9358 10418 8669 21436 21894 
3625 8222 4257 10480 12213 4877 2284 20404 212 15 
3626 8230 730 5040 3415 16837 1018 9080 4242 827 18491 1922 6044 9606 726 3815 16758 15851 5695 3853 327 2981 
3627 8234 11507 13836 9210 8579 9932 19353 9084 12753 456 
3628 8236 1460 6301 10450 3179 3266 1326 10106 9006 1969 836 7 13919 2583 954 8748 2041 7046 8935 16779 2964 17110 7528 1307 3827 19643 22211 21262 219 
3629 8238 9103 15671 15672 12076 15674 16062 16179 
3630 7124 854 468 15147 5919 14447 3111 1386 2335 17174 
3631 2743 10680 10682 3155 17186 4256 9379 18702 14733 20319 15669 1018 14335 16758 6841 
3632 8244 14156 14157 11679 5617 5541 12502 4206 1453 17861 10071 10386 
3633 8245 11699 2029 4549 9846 9909 1413 4084 8889 2496 2435 2241 8153 18499 5214 18782 4575 9168 593 
3634 5095 12769 16814 1846 2000 20032 
3635 8252 2300 11608 10650 5578 1099 13770 3021 10391 17642 15461 3522 13362 10330 409 19368 5600 760 
3636 7880 760 9988 3540 6479 5153 15431 16427 2640 11867 9623 5958 4218 12133 14610 20204 3442 7222 
3637 5217 2635 8258 397 1133 1648 3761 4625 3377 7713 
3638 4359 9295 9296 5802 10578 15439 14613 11870 15584 6407 624 10035 15972 18144 
3639 6153 885 2999 3453 17471 19540 9431 21640 13111 12880 10549 6238 19762 2510 5577 2291 22218 6525 894 1810 20036 1504 22974 6510 950 831 11249 2760 15802 9403 5156 13364 16874 2442 22849 690 7414 2364 
3640 3216 138 3840 4335 9815 3927 2916 7762 12797 1579 1194 7822 20735 1180 21195 12735 21913 638 
3641 8280 8282 8286 8288 4962 3770 8475 8476 6016 8478 8479 8480 8481 6012 8483 8486 2990 6018 5119 3277 15941 11186 874 11106 4581 2718 354 841 16488 602 9966 4381 8946 5797 18464 8624 9897 19300 
3642 3164 19157 19368 4089 9961 5844 6393 3107 3150 1260 2078 8252 
3643 764 1005 391 11707 11718 8428 4244 7315 10295 14375 1808 14367 2242 15184 9130 16199 18134 18584 19201 
3644 8289 3436 6488 1296 13894 1547 11932 2193 6636 
3645 8291 8292 6746 1371 12607 13446 13450 7092 6998 2240 2416 8698 18997 4692 17937 
3646 8298 8710 1039 2868 18840 15294 20305 18578 10544 3239 21024 4074 10543 
3647 6405 12560 6018 9916 1607 7267 9921 13259 6385 14539 14727 14729 15086 1883 6199 15941 12619 6418 1584 17567 2320 3085 18163 18283 18772 18624 5999 11666 19412 653 5617 21669 2066 22051 16488 22367 
3648 8158 2504 3391 3611 6841 4425 22370 4377 7864 3446 6581 7932 
3649 8302 6375 12474 786 23084 
3650 4433 8312 10042 4237 2762 3528 13009 16500 5197 17583 15126 2154 12140 7332 17703 6288 21294 21468 20572 15409 16637 
3651 8313 2554 6475 8738 1493 8861 9054 9066 9068 3185 9139 9177 6118 
3652 5998 13391 3059 8371 10786 17311 1771 12657 5302 334 5268 14283 6980 131 21604 471 
3653 8322 9056 16726 1851 2591 15828 10492 1248 21397 8385 
3654 2478 10406 5577 6354 9454 13694 21304 5300 
3655 8326 12952 11219 13829 13033 10486 8850 2316 5141 
3656 6452 15247 18361 12892 11345 5473 16385 12598 14495 18712 14728 2505 4545 2019 5436 
3657 1574 45 10636 2526 16874 1030 2291 8126 418 
3658 8330 8335 3312 20628 6542 
3659 4989 7173 5127 11280 11912 298 3004 739 3318 13517 10170 717 3740 6439 5454 9141 14020 17006 17347 14705 14466 15321 2355 19119 
3660 8334 3944 12191 3165 139 944 5507 19540 5518 13941 
3661 8338 6567 16872 18850 6281 21909 23881 450 
3662 8341 9403 3254 5238 2134 8749 4198 6388 9077 1949 633 16939 5228 
3663 8350 8653 20179 9079 23168 12423 911 5305 7516 16947 1643 1503 12720 1688 7166 12115 12216 7854 23255 10455 24638 12440 
3664 5243 8344 4346 14566 5062 2873 18439 11742 9491 6921 67 1873 18786 179 19150 15565 
3665 4751 5238 576 1945 4700 16519 3680 19631 21498 16238 
3666 5111 1988 8354 7165 1902 1573 750 1204 4742 9668 3303 4466 8070 11419 11423 6750 11424 9781 3111 5213 728 3276 
3667 3778 3772 4769 20032 3779 24469 22703 71 3777 7832 13107 2705 18263 4179 
3668 8355 8627 10162 15057 15058 10771 11945 8711 
3669 3063 10715 5001 5050 1647 14497 2725 14987 2401 
3670 8359 10952 11525 4548 13371 14649 12600 10418 10268 14429 
3671 8360 1487 1960 17685 19926 2721 6893 6107 6112 939 
3672 8362 4811 9477 5334 8059 99 5261 6555 4867 21140 7646 1338 
3673 4768 4008 8366 1042 5830 12539 10824 19484 485 13860 
3674 8369 10353 12148 4682 8499 15094 15972 14925 18207 18360 4328 5754 7248 21091 6838 
3675 3754 4041 327 7090 12178 3406 15318 16837 
3676 8375 8376 8377 8379 8380 8382 8384 6864 8385 2173 8386 1274 8387 
3677 8381 1036 11011 8698 5450 7147 8148 9493 12959 11874 7913 13274 7474 14066 13488 14159 3803 9117 12680 10210 8576 7849 14906 18385 15659 
3678 8392 8396 8397 8007 8601 348 1607 16446 17518 10879 17472 17812 12814 5797 1886 19412 4962 9784 
3679 8393 8967 11657 4241 13092 4515 10366 2953 1486 748 6313 470 14896 
3680 5819 963 435 15717 3437 21145 16083 12261 4171 74 8220 6734 5271 17062 2482 901 
3681 4042 3679 4424 1023 5701 3984 11463 5885 4242 327 13716 
3682 8402 3652 11101 18270 10298 5081 
3683 8405 10458 10988 984 21456 19576 21800 23472 22572 
3684 2699 11887 8529 1709 11149 16069 4788 14415 15126 17583 17476 9479 1707 12793 1811 17887 7797 10612 10160 17111 16500 16895 16206 12184 10487 1976 28 
3685 1307 11715 13068 16512 17054 19152 6741 5038 17226 
3686 224 11415 8323 5833 396 2908 1487 14465 974 6318 4241 1765 3224 7637 186 4700 1154 1384 6391 11945 2137 
3687 5434 4772 9959 3063 6510 9182 5437 8545 879 14333 9301 14455 4169 16367 14517 11952 10113 1195 6233 21817 2997 21913 23145 6761 5513 
3688 7397 511 989 4590 4890 6080 7553 2491 2230 1861 
3689 1779 12910 8786 14098 593 10139 8806 5925 6980 14960 3220 16948 16678 11973 3142 8269 3114 13745 16271 6001 6351 17013 19682 1216 19646 13455 14766 21753 4384 4742 14858 3229 15892 1771 1293 13142 23760 2424 20703 9522 14853 10887 4897 21628 468 10514 12234 5162 23582 
3690 8415 11437 2051 1431 13293 3663 1108 17016 8344 20168 11848 
3691 230 12653 237 12655 12677 15626 1165 15210 8060 11052 10561 3863 21170 21328 
3692 8419 833 16214 4268 2290 16216 12317 6815 7764 9686 
3693 8420 13427 162 308 11742 4686 9144 1440 6207 7181 10321 1679 4149 13031 19117 
3694 5883 8441 2139 3435 6251 11682 4690 884 493 11044 9157 
3695 4467 2077 11103 70 836 11769 3580 7216 10672 1830 5309 1848 3924 441 12654 8199 6443 8471 2330 7561 232 8018 16832 1391 14148 8654 19763 14185 4924 1098 7274 6054 5872 3108 5186 8935 
3696 7549 6654 9175 2330 12075 12751 4109 4703 5824 2337 2077 6741 6965 16249 1639 16196 1581 1645 3659 10538 
3697 4530 7702 12018 11363 5778 15382 11894 4879 19266 12945 11951 11572 9396 12034 1651 1761 1006 9682 7814 10342 11553 2989 22568 10452 20800 3632 
3698 962 9157 10162 13377 4098 6448 5512 7138 13239 19108 19546 
3699 8462 8659 12346 1605 3624 3690 1233 944 
3700 4634 11778 9760 5699 
3701 1298 6905 3309 8299 17355 20602 14261 1704 
3702 8468 3101 788 3655 4082 1359 4486 4975 1561 485 1870 11932 1820 4947 838 2337 16389 1003 13860 13443 7298 
3703 8102 869 5506 11904 2967 18250 18425 15137 6577 4804 1919 13855 
3704 8477 8932 8952 12423 1956 9978 3885 5448 18121 4821 11264 2172 
3705 8482 8593 5116 3489 4100 10436 5276 2135 2182 8320 4977 5683 15791 896 7247 
3706 704 6897 9023 9130 7233 16455 8338 146 11165 11217 12715 6849 6565 3344 2670 
3707 8489 3331 8589 10563 7241 11886 17095 15150 2449 10764 13244 19119 15748 620 
3708 8494 14854 14785 10325 2801 9603 5561 17426 22759 3081 
3709 7780 16092 11998 15050 20662 18545 20947 21255 2328 13447 10072 3439 
3710 3558 855 5187 3481 5487 6400 11222 18626 10673 7666 617 12269 16732 1134 3623 1732 9483 17488 15731 20437 19363 
3711 4639 8504 200 4942 4408 3678 11895 1288 16575 692 186 
3712 5365 1804 8508 1520 83 7095 13689 1808 19856 4465 
3713 8505 1395 13860 8655 16389 17130 19763 18842 10177 12236 5186 7298 4748 
3714 8507 9098 6031 9554 9555 9285 9556 9195 837 3998 13672 10753 13941 17028 16046 
3715 2372 244 6172 3147 4840 12881 14694 10100 20200 21699 10080 2753 
3716 600 11361 219 11619 8270 2622 19976 1467 3857 13247 3296 18888 5281 13093 6014 7277 4509 6369 2678 21963 1870 3050 22343 13068 17996 1514 20428 16850 17054 19484 21199 2978 8654 
3717 3523 3727 2249 480 4100 4907 1245 3489 594 3859 6176 5543 3340 4587 1717 4882 1926 3532 589 5088 1442 6840 5799 8315 6198 435 17036 
3718 8515 8516 10367 11485 13714 17310 18686 15503 13354 5710 23003 21353 9574 3805 13508 
3719 3226 13063 5271 9911 17190 9215 16790 1286 4700 2351 6630 1247 5123 15565 7647 896 14833 17062 12333 16033 5155 
3720 6328 12592 13619 14350 14817 2326 1536 5025 21328 21766 
3721 8518 197 13457 3737 691 5649 8261 17025 3431 396 7446 1300 13141 1287 3146 9289 6344 2701 9298 8960 497 21039 4753 7029 13365 4458 
3722 602 19167 19820 20001 14469 15414 23750 2967 7876 
3723 7372 17430 17755 17749 4090 10781 4475 
3724 2792 2925 2785 2139 3612 8527 4719 8528 8529 8530 4541 8899 8941 6362 15210 
3725 8526 1517 1246 6789 8879 644 9884 1668 5757 1187 13304 7188 422 885 13478 5722 3329 16568 15547 2433 3063 14413 5215 
3726 5933 10732 6717 11244 11365 8771 831 3237 9941 13098 5353 14711 6972 18722 22310 22773 7635 4981 20751 21265 19116 12379 4700 
3727 7411 2152 6691 2157 14089 7760 19082 499 5611 4661 2570 19729 1866 13298 16226 16475 14637 19717 22263 8593 7746 22541 1445 11340 6725 10280 22998 4506 1142 
3728 5791 5064 8608 10914 1679 2058 14187 17528 11401 1599 12530 10491 1687 17285 
3729 8541 8542 8543 8544 1251 13870 4657 13354 11362 18454 4481 4547 8693 
3730 870 8729 6005 8731 1245 2435 3938 8771 4185 8612 
3731 8549 8551 4193 17498 16033 14834 2699 17177 10519 
3732 7359 8697 4687 9598 10286 284 2428 9427 12750 17174 18339 397 14818 7993 8473 3463 
3733 8552 8389 6618 13051 3158 16756 17193 12588 245 17898 
3734 3863 9398 1490 67 6461 633 9447 3887 2155 10734 13968 16553 22659 12163 4629 23203 
3735 8562 8240 4442 5220 1528 2524 831 12905 
3736 2477 16505 11543 4824 8539 2365 17918 1167 9304 
3737 7968 13844 10718 10443 12423 2073 12252 11458 9079 9450 2167 17669 21785 463 3899 
3738 8572 4202 2477 15260 6437 19182 5141 17345 19690 6600 14863 21859 7950 3582 16501 21037 3859 1154 22276 21758 
3739 8574 5557 1160 9427 14744 5213 1706 4473 2335 3783 121 7430 90 9089 3130 2426 1058 6711 4255 12358 4680 2928 
3740 6789 7219 14180 1184 2112 2407 4704 20017 1810 20803 14728 2746 1412 22552 
3741 7203 10800 394 13790 14935 15897 15898 5850 8513 15948 16024 15925 
3742 8581 10233 15729 7538 2109 1717 10365 17240 16522 2750 23 16033 3340 
3743 8592 8597 5305 8607 8609 3092 1787 12423 8639 2957 2186 3959 8400 10376 1792 5906 1172 11892 4899 16767 21864 
3744 6096 4579 9142 6312 8281 9823 14290 13068 14148 2806 13867 13258 2465 811 10132 9362 17110 1362 5830 3360 10137 1803 
3745 3430 6664 28 11894 3676 9511 11191 10137 11147 4227 12672 4361 3472 20504 737 16770 13032 20246 9581 4502 10403 13333 17275 2519 6470 19541 
3746 332 2560 3938 1105 11765 589 186 4904 3124 7269 22832 5835 4011 2241 15966 1413 6480 13068 
3747 8598 918 12512 6236 6232 12557 3293 1956 6580 3622 4121 7611 1168 1790 13249 7097 1791 4123 489 9504 3899 14724 15849 13438 17493 17768 2172 10079 17612 18327 12625 1730 11264 2186 3822 12647 2334 6920 4540 952 6102 9722 3270 10179 12723 10443 508 9601 15553 377 15372 19332 2073 17359 320 14569 4287 1085 8186 19114 18815 1951 9903 8007 12216 4138 7556 1265 773 8564 8616 
3748 8599 9845 519 18211 10303 11196 8763 22000 
3749 313 9469 9650 3097 4434 11555 6495 5226 5577 6469 14410 5199 628 106 2396 613 17693 2558 2505 4419 10673 2134 5097 2986 4572 12842 10381 969 4704 2510 15161 1175 649 2052 1194 19369 3927 5079 15875 2112 17411 1418 12100 6962 10209 14054 21394 6614 21000 8578 3287 8706 19685 22283 19900 1504 1596 2811 3875 166 10540 17626 6904 15895 17802 10113 2473 21008 9221 23035 8842 388 5246 7423 
3750 8615 2253 10123 3206 2859 3125 13913 7547 3225 
3751 5020 1207 2386 8761 3170 13630 15408 16986 10338 18328 20497 5916 3214 11502 17902 
3752 8619 5550 515 12464 12320 18493 20174 4585 7176 
3753 4046 11485 562 15503 11308 16356 18089 11159 11883 
3754 8624 492 2688 2147 1413 7032 1573 2241 2004 1568 2621 15672 15297 9784 8192 
3755 3381 8631 4326 2459 11836 2369 12135 1263 4387 13556 700 17393 8567 18139 2755 5408 17347 2150 1093 6209 3569 9318 5056 17248 22056 9897 21670 9064 3740 4958 16653 3318 6768 18250 
3756 7890 2407 13910 18501 17626 2398 1186 4669 17301 25 5187 5433 6821 9415 1610 
3757 8629 5183 4511 8996 14723 9722 2433 4403 10179 9512 9904 18697 10872 1730 1643 15007 557 18904 
3758 1817 8636 13552 10213 11073 413 2550 3060 5050 8773 15494 22585 22588 22872 5926 
3759 8635 804 12492 605 19545 896 4458 473 23 20550 10870 7598 3348 4695 23448 
3760 2139 2206 10593 1119 12820 3219 13875 14382 14929 15284 12190 5763 13460 237 2413 14512 10021 18117 18633 9154 5173 12800 8606 1103 1629 9071 15210 4931 6002 17463 16312 15801 17469 5409 20727 7789 14785 21346 9299 22097 3576 8713 12334 
3761 6330 4903 1115 21835 23042 23162 
3762 5208 9285 1152 13582 17408 2278 3564 6593 9681 2692 3744 8139 9561 14047 21384 
3763 8085 9440 8382 14493 8263 12691 11150 8542 14390 1425 
3764 7090 658 1023 10032 7183 9691 10845 766 12594 12417 12065 2001 71 5389 6844 4628 4769 3093 9080 1219 2965 18104 
3765 388 608 3650 6153 5396 316 2532 14508 3743 2236 5415 553 10788 15227 1308 19542 2648 16760 5015 20665 534 
3766 8655 4263 16326 6488 6135 21625 2048 17448 12157 838 3436 6042 12539 5988 18842 11576 4872 1296 9831 
3767 8658 12453 12454 12957 
3768 4449 598 1235 12163 397 3437 497 12395 17412 12650 13937 2815 3859 28 691 5593 20186 21567 20517 5243 3495 
3769 668 380 8753 4008 9636 3536 699 1011 1420 3175 
3770 8663 11698 15317 16867 5029 17263 5080 
3771 4079 7156 9117 2382 4475 10663 4759 19903 21639 
3772 8671 4953 4271 11372 10008 4463 9998 650 15391 10568 237 3431 16406 20805 22070 21815 11115 
3773 8675 23305 4882 4102 4323 19102 8369 5802 7576 18202 12177 
3774 757 4463 5777 12034 525 673 1878 4695 3808 20500 7444 15122 
3775 8680 19605 4196 879 14637 8164 
3776 5847 5406 2768 3274 11134 6928 13436 6709 12818 9962 14115 7622 15238 15458 15742 11114 9669 15449 
3777 2323 8687 1598 8717 426 8001 8718 5641 8720 1014 11907 13279 13280 6649 17477 16944 
3778 628 104 2911 10180 3704 17531 418 10673 264 1179 
3779 2650 4199 3494 1262 8132 4235 9122 3945 10534 9905 8696 6528 
3780 4916 13582 9653 11340 8550 4498 11139 16226 11021 19104 317 17001 
3781 8690 492 4581 14360 7005 3770 8479 8717 
3782 3746 13927 142 4198 12563 17626 21431 21725 23599 22651 5749 17309 3319 
3783 624 9007 2554 808 9171 793 14307 3154 14309 14311 3185 
3784 7517 8694 3442 7635 9009 3076 7640 2094 7222 824 10476 8651 5007 175 1118 3146 2301 
3785 1671 2970 9190 9193 13083 
3786 6261 241 14042 17817 21360 19552 12713 22703 22046 3093 
3787 8702 8704 18013 2985 18361 17598 10505 7833 1444 1124 
3788 8708 7927 8709 11080 14013 11030 
3789 2232 4920 15865 20329 3777 2704 111 4179 1018 4377 5935 10410 1758 2727 2708 2563 4594 20257 14973 3811 18820 1636 20032 9606 10469 12062 5760 239 3754 2800 22031 20671 18488 6724 8295 14419 3611 1068 12180 5579 7494 
3790 805 8712 9447 3202 5218 9196 2155 5003 11292 11438 5271 525 810 1089 4192 5059 4214 13865 4970 6520 3592 11615 5153 7964 6630 201 15565 
3791 8714 15340 12742 6723 23511 7820 23901 23907 
3792 7566 3026 408 13978 18369 1502 12062 3187 13932 7194 3132 4041 5584 
3793 8715 12116 7688 13322 13936 17481 5731 4334 
3794 8716 11656 1307 1003 4706 12120 3283 14383 4925 863 5655 
3795 6566 10595 13264 14 4350 12678 13214 13564 13183 8968 16107 17235 8081 20607 17936 18687 147 
3796 8723 6789 4712 3793 5550 1294 8571 10750 14359 15337 5926 
3797 8000 3737 444 3086 8789 650 6705 7705 10980 6757 11768 
3798 4882 217 9491 7644 2249 1478 9007 10012 7442 1492 11558 8413 20341 1783 
3799 6708 18845 20588 2328 4757 1020 19900 1681 1342 13771 22682 
3800 2970 8732 9299 9675 2594 10026 4907 8189 11079 15210 15776 16285 15124 16591 16833 11686 9505 6455 20802 20785 7393 21023 
3801 8733 8735 11720 3554 15910 2690 12861 9930 1161 13280 1074 5617 11890 11836 4986 
3802 8734 8737 4855 6641 8817 9663 15688 15689 16092 20782 
3803 8045 3536 4567 1539 14859 14860 207 17824 13068 4989 
3804 6903 8743 14978 14979 17517 10839 14962 
3805 8742 7754 1585 11680 9299 8527 3081 12633 2838 2140 17049 12820 6002 13831 5108 
3806 4536 6414 544 2894 1886 12361 12325 14157 17418 17861 
3807 5504 10171 10442 10942 2445 12191 13985 728 4750 18276 125 18630 6933 7455 9466 
3808 4947 5343 12675 60 16764 9 4487 10177 261 21262 7600 8682 21954 
3809 8747 8748 1651 8764 1321 11656 14814 18524 
3810 469 2932 4598 3445 4564 1949 5505 3437 5593 2838 
3811 8750 11047 2653 7531 3927 5092 2112 16226 7106 2725 14861 15513 3453 4763 15904 22016 3276 13156 17766 8293 12982 9148 1244 14069 14396 7730 1447 3564 4020 
3812 8752 519 917 650 3936 3489 9281 19155 4365 2762 16431 4379 18127 1384 8499 
3813 6253 8754 8755 8756 2208 1826 1820 8760 8799 2858 8803 8805 4805 12078 16355 14290 11349 14148 16617 11382 9408 9394 10731 14289 17554 9397 12242 4894 14124 12032 9388 
3814 8757 8758 4494 9359 12069 18553 5617 3034 4389 5031 21220 4206 9926 12158 314 225 8473 1312 7931 8429 4387 15221 8244 21867 3609 141 6887 
3815 8763 12347 1113 6359 3445 11461 7894 15279 7511 535 15439 16821 2820 2838 4871 17530 23 16842 225 808 2328 5057 5867 4719 11521 1414 1492 22 7389 
3816 3360 7046 3924 1407 733 11674 1540 16764 12675 79 8180 4509 8021 5383 11361 20992 8583 10281 17387 11619 1539 8139 
3817 8764 1419 13700 1174 15146 
3818 7079 5271 14811 15577 6251 4149 3238 16033 3205 23305 4846 379 407 4192 17084 8899 24619 7973 3867 4907 2524 10712 11740 13793 2481 6207 
3819 8052 8655 8583 15495 11130 12539 2941 3342 6706 2023 
3820 8788 181 5837 14172 2294 15924 13742 16422 7928 20999 15951 4774 2473 
3821 3293 5457 3438 5023 7855 19097 21989 12115 4056 21263 
3822 8795 8985 8988 442 10497 9374 8701 15499 2940 11703 7245 
3823 5041 14082 18606 19435 2274 16741 12344 641 16564 10245 7871 1173 23217 
3824 6844 2115 144 766 3415 16168 7612 3771 8966 7863 
3825 8797 4242 11404 11581 11583 9885 2705 6662 327 9799 2419 15404 16115 11213 13312 15318 9467 20032 6644 10898 827 11858 3814 8028 
3826 289 8798 9605 3907 13805 13135 13820 9606 6905 
3827 5406 9937 10208 8853 15256 1770 14723 16526 16430 12512 12554 952 15400 18039 
3828 8810 17652 13708 15837 16938 20031 14244 9108 2473 476 20381 20382 7476 9652 487 4661 10794 18037 8017 1517 882 125 2331 1715 
3829 4244 10103 777 14805 8869 3245 11982 8435 5841 11264 10307 13263 19391 18815 11258 19585 18351 19982 19725 12477 2957 4802 
3830 8812 12917 18204 17904 7488 8828 4154 1106 
3831 7031 4654 2562 8515 12494 15328 14046 7688 8380 8516 
3832 1226 8815 8816 11138 13331 17504 9143 17505 17506 18852 5537 
3833 553 402 981 10381 3280 649 3097 2401 5718 8566 21016 17309 215 2510 6904 2814 13084 142 
3834 2067 7716 1377 15943 7635 20287 8931 11431 9296 
3835 8820 4450 9044 9050 4387 11302 11347 3243 4212 11967 12610 12698 14099 2388 874 5140 14693 12089 7708 4710 10460 3823 14620 302 6887 4157 8026 15414 13855 14430 4495 14395 3456 2527 4666 16483 11743 16454 17253 17518 12328 9318 18198 16853 11679 6338 18254 2374 12232 3045 4986 5801 8075 16627 9923 9008 3174 19119 7732 4865 13763 9897 19721 15465 9455 20680 20914 19575 21775 21599 1893 22367 22271 12160 21144 22807 2159 16609 
3836 8823 12805 12881 3440 13830 1429 249 418 9059 16852 4254 16188 14275 18168 563 2010 1809 9887 
3837 8824 2992 3153 4059 1432 16167 13000 12106 8075 6265 
3838 7143 2686 10570 2146 186 808 4724 18489 5914 14466 18809 3004 10930 3502 14605 4653 
3839 8832 8840 8849 3891 8851 9235 4079 9336 9341 8292 2416 6647 9449 7913 9692 7089 4727 5890 13421 4006 
3840 6845 8826 1326 4290 10849 6898 10157 1870 
3841 4924 13068 11597 7543 15376 6719 4748 10177 6538 8281 9028 2880 868 11948 16956 5170 4396 5898 
3842 8847 428 8855 2958 2600 3111 1009 750 3145 9619 4860 2991 15269 7412 15287 9919 468 15490 16084 
3843 1783 1626 11498 2607 5042 12929 2297 1499 3062 13362 13598 17162 17166 10601 4530 1720 18359 4083 14406 831 14500 4433 7705 2554 17208 20796 8711 
3844 1082 8860 5594 8869 7489 8936 2612 14667 11449 5019 14703 13395 15771 13348 2389 10497 11698 17263 2817 19514 36 18815 20637 5026 15955 19585 4820 22929 24399 
3845 8854 2698 1133 10692 8807 4884 2228 4915 10027 1736 3715 232 3376 11936 
3846 5788 2788 10211 4213 1326 856 8893 12675 9040 14287 11619 6719 485 19017 21262 
3847 8425 9919 5269 1413 2004 3145 4011 11829 18107 4094 1630 428 750 18745 21505 5943 22219 15757 1824 
3848 2653 6789 8773 2999 2911 2211 399 4704 15292 4022 16361 3704 7396 6812 3295 6306 1731 13711 3832 20036 
3849 1679 8913 7973 201 9254 7797 379 8216 633 3565 3403 1717 881 5288 6137 2089 1871 963 2803 11341 9137 11549 11599 1884 5975 3262 7593 3556 826 5554 2109 7029 1882 5131 2248 13570 2932 1879 
3850 6153 6340 1810 13325 13393 8804 12568 8059 979 10355 
3851 96 9338 2769 1259 10841 10362 11320 6655 5579 4129 
3852 6340 248 8571 9180 7201 3848 9400 9633 7755 14730 12567 64 386 1114 20043 19594 599 2112 4890 6763 2498 16885 3244 
3853 8870 9420 11205 3588 24605 5015 957 
3854 3026 288 7090 8872 2378 6728 1130 997 12417 3193 8028 10701 571 144 9233 3415 7082 11195 18900 4520 2704 18574 5907 14837 9723 12211 5040 20602 22307 13884 20032 13347 384 19188 23362 16580 19724 
3855 3111 7430 7176 124 8884 428 6981 3330 5765 8998 9032 5254 9283 641 2600 11304 3689 8495 1906 9140 9619 2721 14366 4860 2991 12699 15269 
3856 8881 8882 8885 4633 1115 2641 7669 1838 1189 10686 454 10704 10705 7280 11316 662 
3857 8070 7226 8943 6772 10286 6453 3618 15899 1747 186 86 14362 12016 
3858 8895 8897 3859 3867 2395 11607 1278 1760 5003 7662 2815 16138 4113 605 5083 7981 650 12442 1440 9029 14202 1421 16821 7637 2246 1288 13206 7027 14919 2529 2481 74 9281 6656 5443 3982 4323 13078 17036 14771 2131 9113 4286 11814 4871 4671 1154 14205 17977 8960 3086 186 3517 7834 1676 17601 5053 1235 5276 6118 6237 19265 5479 3727 8062 2168 10403 2666 12061 2673 1300 
3859 8898 5858 8901 4563 6987 4513 2783 13603 104 13478 7414 14245 15711 8876 18031 132 16874 19177 1096 15940 16514 7583 17832 5226 1729 9994 14142 21725 19621 14226 14377 22775 15243 17486 
3860 5361 2635 8948 225 9141 9366 10571 
3861 8906 4268 1753 12529 13150 8033 13254 21066 9702 
3862 4023 3090 7079 488 5763 1154 10853 2375 11384 6540 2195 2807 10773 13925 2750 9747 15814 12253 4430 6600 7438 435 5357 5736 11693 16380 2248 1760 1492 
3863 8909 9365 5942 4472 4324 13081 15832 20584 20586 
3864 2629 4758 8956 5435 6003 1983 12295 11938 4877 4855 12616 660 193 19018 15018 6228 11268 5142 5270 15885 19997 21734 21280 18749 1530 
3865 8917 13207 13238 8315 3025 8642 14233 9911 14281 14322 6838 12745 650 14587 13363 2952 594 13642 6256 5558 13655 10780 15632 4747 13887 17258 11414 396 4610 7834 13984 898 12002 
3866 8919 13171 6387 196 4821 17669 2073 19526 12779 7524 8253 5432 18815 40 11557 22784 1349 16593 9247 
3867 776 17211 14810 22571 19033 2802 
3868 8380 9056 3208 607 1380 4510 16225 14845 5710 8263 11546 8693 4547 
3869 8924 930 12021 12023 11194 5105 9306 6859 3284 5473 19217 
3870 8925 9748 5583 15513 4020 12112 10588 18063 18013 19836 
3871 6708 9002 134 599 13475 12237 7396 19717 18518 553 1955 1114 4939 10449 6748 3927 7455 6880 1935 
3872 8931 17442 16861 8369 4874 10186 11060 6241 870 5799 1490 7539 19878 11895 4359 16909 10459 9411 20516 11459 7576 22196 20890 22384 14039 10802 8389 1377 14711 21691 9661 21707 3821 10612 7534 5867 677 4382 24272 
3873 8917 898 10518 12002 7788 28 17955 7884 1747 18148 8837 11028 6726 10365 4835 3339 16570 18453 12442 3727 6630 5174 17890 3863 8728 16996 7691 2554 22634 7257 9793 4976 228 1990 3463 14980 
3874 8935 4672 5805 13199 12404 1225 4710 8075 2450 8001 2452 2399 6684 7498 13217 485 5644 7485 1457 1967 225 14295 8004 21343 
3875 3400 3434 1382 8683 10008 3238 4632 5276 304 9139 22 17412 435 11464 3136 942 9732 18550 1413 28 1679 2188 
3876 4492 3136 4700 2224 5479 8940 8348 1529 8421 1676 8722 5799 10233 3236 11642 6177 3425 1949 12044 2666 963 5380 1150 5777 10446 1750 9702 3859 5819 195 1569 6424 74 1783 2557 4882 
3877 8944 9402 4361 1945 9773 8551 9783 2517 10064 4237 10227 1537 1146 4360 8789 7652 11772 2519 3837 12274 3855 11514 11044 13333 4369 2699 14081 14130 10519 14834 15155 3936 917 4645 6889 16080 16431 1728 144 3336 8752 7788 16246 6775 9024 15568 10486 6600 19511 8206 7332 4468 10864 7178 4985 493 786 11002 15801 
3878 139 1097 2341 10549 4427 7352 10555 5166 388 2312 7850 1994 16303 
3879 519 4362 1569 66 3003 4629 16942 13435 1129 9988 16384 11945 17530 10403 1492 1747 237 15210 13333 3425 1594 3849 8415 4100 7466 10652 6359 
3880 1035 3704 3954 1664 13289 1195 2011 20017 1757 991 
3881 4157 4387 227 9793 5920 7498 18799 4667 7512 1554 
3882 111 8978 4769 8351 12286 7121 15570 241 96 11974 5602 11959 2287 18085 658 4831 13210 6178 6828 13312 3026 22046 4336 23252 22660 11730 20581 18180 8187 
3883 6126 11587 798 8075 8001 4710 6684 2450 2452 7128 7498 4329 1488 1225 5805 1916 7367 8004 
3884 698 8977 9921 20 6887 3318 12522 22385 9549 5340 21144 19482 13053 15302 
3885 8981 9312 764 8247 11 12226 12380 8338 3877 10827 
3886 8987 12956 17528 1260 16595 7677 4398 17046 17633 6028 
3887 8989 8994 17990 6437 15235 17678 6600 2792 7647 17052 3582 13009 6779 18985 11283 3012 3612 9783 
3888 8997 9828 9833 9986 10978 2328 4165 3666 10418 9183 13487 15207 14631 15992 11919 17641 15026 6386 2936 510 19804 224 21159 660 2406 3209 10437 12227 6313 20683 13158 9965 5869 
3889 280 12519 12539 1224 1098 1467 3051 12462 9634 1858 20309 3709 1514 16326 11920 12721 
3890 9003 5864 5077 16191 15944 7091 19977 20516 6006 1707 14822 6620 15037 1198 10322 14850 
3891 9004 237 14650 18801 12496 9113 19565 13877 
3892 2489 399 9851 16111 3840 19175 6975 6095 1670 21194 10379 64 13951 12208 2581 
3893 1009 7504 9011 6078 5114 9427 5763 284 11968 11973 1670 593 12219 9995 11568 13319 15890 7571 13105 8202 2928 17677 8697 5268 17785 5069 1593 16049 3858 15530 6980 19530 16127 
3894 1966 9460 4873 4387 2192 2635 9844 6029 12669 12754 10560 8996 9731 14091 8776 2642 13780 447 17188 20695 397 962 4515 9259 
3895 9014 7179 4127 7776 584 7454 1631 13029 16324 6215 21982 
3896 5726 11394 13766 1517 6764 14451 10218 4795 843 19428 3139 8613 12631 13117 19177 10406 45 7206 894 2072 
3897 9016 1989 7399 5927 6720 8283 5490 8192 1885 2004 16605 6893 15401 10317 22081 17910 13142 18550 6156 1058 1141 15966 
3898 9026 9168 9169 9206 9446 748 1670 9563 9668 3783 
3899 5139 1019 2635 3463 832 962 9781 1989 5836 9784 9785 2018 2426 
3900 6981 3 943 17142 11908 1902 5557 829 913 1254 19971 4827 21753 6413 3610 6665 4608 3077 11110 
3901 9028 3586 5824 1488 10613 2169 4825 11715 747 9439 501 13867 326 15595 1359 7128 6862 19643 3655 5384 3749 20006 20638 5170 
3902 9029 2873 2454 2882 6032 17479 2926 19257 7396 22790 
3903 9034 6323 53 13211 15985 7414 296 14359 2397 4605 516 2211 15082 6708 18644 
3904 9035 10784 3356 4695 13626 13330 17328 11233 5218 3135 
3905 2832 1943 9039 9040 18564 10238 20330 17321 
3906 2200 272 23308 11201 141 14430 
3907 4700 4369 179 1382 15567 4143 5479 9770 12804 8499 3425 4458 188 9741 3921 17317 91 999 5288 1528 308 4846 1637 16431 2656 5856 6245 870 1676 
3908 1858 6965 8682 209 792 3166 70 19643 21583 
3909 9049 4270 7836 6426 6470 5646 3612 11635 2785 12161 496 2058 9683 4330 1615 2701 13292 13293 1287 13566 2801 13761 2326 13808 9863 8713 
3910 9053 8639 8653 8607 8597 10212 6262 10217 1168 7003 2235 10243 2768 3270 10310 3748 7854 8007 11708 4721 12266 439 15160 17751 11612 13834 19439 21579 20000 1265 3887 17669 12252 8609 5080 1465 4030 7796 7470 14258 10376 
3911 397 9057 2637 959 11326 12924 2833 4623 18354 13608 7744 5159 5154 15722 3715 22564 22596 805 
3912 944 13966 17766 543 16237 18473 21617 19539 19540 4772 9620 12792 23684 7418 100 18950 
3913 9062 1407 4859 6901 13733 8756 14289 9397 11706 14290 8755 12918 3468 2946 70 11051 1326 22211 5592 12138 8052 
3914 3817 6298 4044 15410 2379 4250 8403 15636 1204 9957 2916 5902 8679 14648 8276 
3915 4328 19965 15382 942 444 18858 15211 9719 
3916 9069 14264 12034 3356 4682 3654 9451 3522 4152 4792 
3917 674 9091 1063 9315 8531 3856 9605 98 7477 2287 9723 8533 7187 9292 12180 7768 3708 5752 10253 3193 15605 13107 15646 253 11168 15687 7047 3597 2741 15866 12210 5701 12341 6842 3447 7303 18572 19052 17817 2231 10121 12025 19552 4764 994 
3918 9075 10520 1980 5429 18007 4244 4119 11709 20454 5729 7318 16809 14784 11070 16324 13564 15529 22035 20871 22252 22462 18134 19939 21938 17759 8346 411 9538 11794 15388 23674 12678 15714 15841 22172 1066 15076 19756 8030 14521 13597 7331 24447 16588 22157 24633 6566 20413 14796 24235 12954 4246 16668 17597 581 19281 23188 6056 16352 13531 8962 8968 20624 12338 1808 
3919 7592 9577 5761 8381 4983 12927 11522 13418 3497 5842 955 7831 1304 16416 1152 16418 16420 8835 15201 16823 6647 17984 
3920 664 537 15323 16436 10788 13215 19966 18171 11917 23626 5087 
3921 5350 10079 103 10618 10619 10690 2172 11595 23057 2176 8350 21785 5459 1956 19332 16882 8136 7877 2235 12524 22248 16016 
3922 9081 595 14208 14433 499 9304 1693 19390 6607 3450 7921 2559 
3923 9083 8878 9085 3599 9086 8351 9118 327 
3924 7516 5182 12605 2172 4464 2073 17263 14820 7245 13983 17966 1619 5351 3885 12423 
3925 9087 11477 10272 7669 11736 2654 3021 1944 6092 4640 13610 10947 15766 
3926 6515 2274 90 7726 4170 3111 1670 1413 750 7275 5566 9096 9097 
3927 9090 5252 6246 16219 2499 18550 583 20023 16641 5251 6129 18555 15109 8558 11188 
3928 9093 7987 9840 12328 15414 12323 88 16454 16337 227 14430 20864 2967 19915 9105 
3929 6488 3050 1467 10590 1098 6293 836 1326 332 9212 6014 1011 8069 6856 11674 2467 2048 2946 2193 7128 954 12984 13786 12539 4512 6408 4263 9755 1799 2586 3359 1359 9933 5983 3424 73 5993 344 16326 16512 6394 1606 609 3655 14148 4467 8893 6912 16389 1830 6422 8232 14185 13068 10106 19484 1306 1027 11289 14059 7563 8459 1378 7277 15785 13198 10873 210 16764 2590 696 13664 791 3865 5343 7216 3580 20309 1540 7492 2918 22275 6317 9830 6096 209 19763 5955 2286 1296 21451 21138 7028 21963 1575 4924 
3930 6852 444 208 2249 18143 4735 1871 18144 188 1926 9770 18148 16519 4468 3425 805 7719 870 5649 3592 3240 5007 15326 435 16604 20360 5924 19395 810 509 13505 
3931 9101 7743 12275 14150 18569 535 
3932 71 1379 6403 6261 4377 6662 1922 5598 730 6724 1023 4749 18572 9720 4460 20988 16120 1137 
3933 9105 9229 5920 7987 5216 20917 544 14394 18724 3157 22294 21380 1373 19825 8039 20049 19 10200 20750 5034 1894 23866 
3934 4756 936 965 9304 4774 9442 23225 10583 9620 21560 
3935 8704 8578 2998 12244 399 12568 3501 15012 19652 1020 959 398 14295 16278 19621 
3936 1963 13844 12625 2176 13845 4139 6588 9412 8437 5460 5020 4649 16376 4003 21132 10389 15029 23337 12978 13630 
3937 9124 1885 2216 2003 1413 3814 2018 10649 3404 2241 7399 2426 2621 
3938 3114 5254 829 9249 9459 9619 12277 11405 20234 3241 
3939 9127 4249 7735 546 9525 4339 9526 11154 12363 12944 4729 
3940 2065 10026 9181 12815 14607 10755 1603 9964 14206 17211 15334 6243 4695 8388 12190 6307 14880 2058 20961 8949 
3941 3087 3808 16274 14627 10931 14682 19541 13724 
3942 1783 7800 10634 4493 1626 6972 4738 6642 650 3129 17019 22 5153 3458 8686 1492 15386 5863 
3943 9149 2077 8092 1581 6203 8600 8045 15830 10672 4226 11961 2678 280 17449 12368 6332 5781 5046 
3944 3111 2110 16642 3310 186 14255 14753 8889 1885 90 4549 18994 6890 
3945 2358 9759 1141 3610 2552 9796 12910 10402 1779 5882 6981 20537 12771 17807 20994 8786 22206 14947 24341 
3946 9153 10154 7231 1181 15366 13564 17635 19705 10290 19769 19917 1631 
3947 9154 942 7837 2498 1246 521 6340 2225 4574 6913 13551 8664 11691 2500 13007 3107 5494 4113 912 5374 1892 3271 2135 19483 
3948 9160 1250 1661 10523 7544 9137 13143 13471 2139 16542 16573 594 19256 15192 16033 15284 4564 1665 4385 10439 3236 14982 197 21308 
3949 9161 10562 15437 20576 13948 5782 2620 5924 186 5939 
3950 2727 9278 3132 3187 6828 887 453 4179 9424 6724 9560 3570 4129 10845 10545 2536 1725 975 4242 3679 997 1350 12202 7864 4428 12238 1970 1130 11577 3210 9345 4769 11763 10892 2269 13444 9534 2769 5695 11213 98 1102 1775 14732 3753 8783 5840 9529 6200 3978 3019 575 2763 17855 827 5759 571 4388 18086 2708 3346 4765 7967 5389 3482 10249 3091 241 3777 1273 3754 17863 15280 2723 8058 3487 1636 2000 9192 6472 4037 2836 18104 16674 20032 5959 3768 
3951 9163 9718 13155 2179 11647 16675 18340 4740 
3952 9164 10038 1146 16152 13138 1761 16081 4252 7652 20246 3472 3936 10601 186 15155 1493 808 2970 
3953 2631 4107 7313 10258 868 
3954 1540 265 13614 2208 14313 8200 14316 12675 9589 5781 8105 11948 14976 4486 19763 1858 16389 17130 3103 19373 14148 13342 21262 22419 1266 
3955 9174 4514 3927 7666 1729 2653 3379 2341 6868 7643 1726 13268 7423 8886 23323 14132 8086 23550 3693 10113 17837 5680 2407 21054 7414 19226 7410 
3956 2365 9180 8537 9375 5374 10468 1020 10676 6660 7911 1192 10381 7449 9108 14396 4757 1312 476 13412 10218 16461 142 1275 2112 4378 2046 1872 15769 17471 
3957 9181 496 9717 12674 5191 9016 5730 6712 3146 10963 5763 2764 18562 16723 7659 11826 21298 19271 11559 11492 
3958 1639 5275 7543 73 4054 10097 10177 344 
3959 1846 9880 575 5828 17147 327 2836 17434 11730 333 8878 14452 3446 
3960 9194 2417 16894 15294 15989 21331 8821 17755 8144 20677 18997 4079 
3961 9197 5520 18666 1629 11803 2026 20347 11469 20348 18131 7465 
3962 9200 10100 18752 19409 19410 
3963 9201 6612 11339 3785 1523 3515 13235 14706 13275 9817 18703 2173 17168 3796 8376 16899 8544 14570 2767 11881 20048 19506 17396 4741 11150 9399 14533 
3964 9204 5501 14878 19750 4345 5530 16220 2416 4184 15952 
3965 9208 9210 9211 4284 3339 7906 12469 2834 3495 14975 15879 16296 14673 
3966 9222 6515 10648 8370 12074 8086 11376 3773 3751 2428 459 7109 14347 18909 15958 627 5711 12684 10274 1766 21868 1821 10834 3610 3 5490 931 
3967 4660 9227 13546 327 3778 1920 6166 13932 731 
3968 2214 9999 8277 13598 13972 8363 14930 15428 466 21738 18298 17908 7573 
3969 239 3446 6197 5439 4922 9838 14867 8299 6270 9879 2879 9223 4377 9129 333 13444 
3970 9228 7020 10304 13651 7378 3009 14276 2323 6783 9876 18 
3971 1780 1240 5361 2147 15018 16512 3360 17819 11588 
3972 2507 2023 4486 11241 2325 332 17101 865 9439 6556 
3973 9239 4244 11800 13047 10825 8155 3035 10936 
3974 9201 9817 11881 3785 12615 7642 
3975 28 21610 8662 23070 1822 3592 5543 1493 2748 20757 
3976 7326 5867 1009 6023 6152 4011 7165 9909 1572 1204 1765 12057 1526 
3977 8247 8155 8279 8968 14946 8962 4244 11490 16554 21456 21762 
3978 9248 3412 18150 22644 10004 23242 23250 10951 
3979 6420 9479 10855 6848 12971 8989 1499 13365 2908 12745 16979 16980 6059 16984 16985 6316 18767 
3980 5757 9276 14054 15470 15802 580 
3981 5383 9268 380 6011 10793 7298 17387 1378 2918 6741 210 3857 11526 8755 15115 7492 8281 22838 21954 3951 12617 863 
3982 3004 9552 2885 4387 6639 5999 14639 10116 2782 4163 17187 10010 11967 12690 7498 5255 5066 17845 2114 14254 8479 12200 20041 2449 652 7490 11015 21533 88 1898 426 8757 7732 3770 21288 5626 4873 2201 22905 1225 8645 18 22051 2897 8280 15735 227 12553 2969 578 12047 6439 906 
3983 9279 17726 11525 17729 18249 11613 9314 4010 13781 4976 12741 12911 314 
3984 5519 186 3437 1384 12392 7573 1884 2131 6838 13669 5613 1772 3474 793 15013 11894 9899 15746 12267 12458 12768 3262 4095 7138 11767 14475 17043 3526 3181 9584 18453 18534 4907 
3985 1878 3431 8251 6290 10009 870 2989 808 1287 3680 525 28 3859 11591 6237 3711 1978 14205 18453 6840 12190 2283 2249 
3986 8505 1098 16764 344 18842 17824 13860 9634 
3987 9182 563 9677 551 17626 18571 19859 5749 634 3944 24234 21913 553 
3988 7175 1270 6712 8234 7437 12578 12579 6268 15053 5114 
3989 1967 15442 17502 7382 11512 4189 15772 4010 14231 890 12997 9258 9170 1782 2137 20767 12158 5587 3614 18852 21159 22389 15018 15341 23102 12577 23110 14912 3178 9828 4625 21280 16582 4511 15820 23283 3968 
3990 9289 6421 4602 10742 3164 18135 14480 20467 4089 20053 4259 
3991 9291 9292 2123 2728 9118 2726 10702 3599 9227 1502 384 5602 13440 2706 144 5095 6242 286 10412 18229 22549 1636 
3992 1442 13016 13712 4047 10772 4807 2482 7150 1557 6050 19242 1603 1247 9051 17208 8371 4384 4817 9089 20384 750 1988 11066 284 11968 5421 15325 4965 21140 21113 6420 6118 12665 5558 8642 972 21788 7573 22142 16320 
3993 3825 4013 2381 2020 9957 10046 6122 5804 10724 14020 729 4511 5054 1019 8816 962 1967 2132 3969 12821 8429 1634 
3994 5051 2497 15771 5352 2608 21622 20592 7618 
3995 6217 12382 3887 1135 8392 9517 8883 11258 12014 15016 11991 11703 7097 8446 15677 614 8985 6738 10308 463 12423 12845 6213 7861 4138 18975 5847 5432 12471 1619 97 
3996 9300 8982 13775 7425 16375 3602 2716 3771 2765 3815 16958 
3997 5990 208 1177 7029 6997 3205 525 7719 6757 1421 17656 4078 4690 1720 15815 
3998 3907 3707 11463 6905 13932 1018 16837 3754 6857 20032 19552 
3999 4795 5680 1294 12412 14149 10554 19540 418 16033 6789 
4000 9306 9787 15199 6174 18078 
4001 5917 3537 6405 5590 11535 19635 5671 10200 22480 24659 
4002 4157 2201 4557 8318 14705 15414 18405 19009 18511 22309 19635 10539 1898 6405 18809 6780 
4003 9318 1125 4494 9497 7378 5656 8011 4043 8561 4390 3318 4206 3243 5340 9923 5169 2929 13355 15668 10087 13417 15882 7512 16157 11273 10699 15119 9191 16197 8717 13728 4861 13543 1894 5661 17552 10170 12814 5058 4588 1205 
4004 8236 10722 13383 11269 3190 9746 8756 3516 12343 2023 16090 12570 17819 
4005 8771 6251 6207 5975 9473 6520 16033 9648 16522 21179 10177 21039 17062 435 1480 3652 
4006 1822 6207 9327 15226 6955 15391 1245 20544 998 17412 19517 23820 20164 15815 5059 458 8789 20740 23271 17869 14546 4369 
4007 9326 6123 3437 9084 1436 21823 11507 23951 6630 824 861 
4008 9330 6018 6012 3770 14538 4962 14590 15038 15039 15715 16488 8396 5465 18283 
4009 3050 9736 1307 6629 5367 4263 8008 11793 10106 2941 3066 12120 1266 11755 7817 14248 14384 10833 15115 15878 1829 3367 17363 4706 3557 13867 7308 3533 4567 2063 4478 6157 5988 6733 10092 7492 6011 14059 10873 2522 371 485 21628 
4010 1759 4513 8409 6266 7081 859 5850 11390 399 16172 
4011 3695 4146 14070 15803 7504 16132 14897 6093 
4012 9342 6229 1846 9343 9344 68 9467 2658 14659 5134 2769 5449 
4013 899 3334 5579 3679 13444 4749 5389 3570 15281 7090 13978 4769 
4014 4772 2291 132 1078 8246 2211 16125 18630 3481 
4015 9361 3884 5747 8751 2694 4341 51 418 19070 
4016 5975 10864 3737 1480 1528 435 164 9434 6424 2873 2776 
4017 9368 9752 2500 6459 5975 6815 19415 19591 22098 9491 11691 22753 
4018 1300 8012 6473 2132 1931 15732 2030 12261 4753 14514 7250 2301 3737 3354 942 2304 4927 4681 4113 6968 
4019 5660 4623 385 3583 3520 16102 12158 314 
4020 9376 11258 16101 97 18008 18155 11991 11135 
4021 3499 6092 14930 12875 15358 17033 8828 1570 19457 6952 10893 1838 4636 12190 13895 
4022 254 9115 2419 9379 9381 6728 17147 23310 8531 1716 15017 4424 12180 6857 1350 8117 7052 2651 
4023 9377 17166 17171 8267 4524 15368 4458 181 21788 1154 429 4449 1313 9112 9253 22965 22274 7800 
4024 4894 4596 8756 3115 9386 1820 8799 1826 9388 9391 9394 1390 9397 9408 8198 9487 8765 8805 11349 11351 11382 9439 7126 4611 14260 2107 12242 
4025 8531 866 4424 5934 14959 10708 11315 384 3093 3091 7860 994 4769 8028 13352 18818 1219 18104 13879 3772 4831 1807 22170 9189 4377 676 
4026 1096 549 1121 9099 10904 11081 14068 14943 2407 5086 
4027 4916 2152 4553 3948 2057 20336 10905 15527 21252 418 5226 10555 19387 17411 18145 
4028 9395 12184 6739 6447 
4029 371 1003 1561 4082 12675 326 8655 4109 10177 3128 9040 838 
4030 388 1444 10905 16003 850 2621 17408 14162 4800 9619 5566 16226 8417 8073 7733 222 15890 4011 21054 8411 3695 21544 5662 397 13565 3192 
4031 6905 5934 1102 2000 2836 12872 6721 13670 6724 14025 9611 15280 15687 730 11309 1725 1379 12178 369 2723 3155 672 4769 7832 17865 15649 10037 13709 4656 123 20602 
4032 8561 1225 10681 10876 3502 15414 12671 11637 
4033 9405 6576 6518 5003 3545 12162 13078 8310 13457 6656 14691 13507 14811 716 5442 14055 226 4849 11918 6137 15983 10073 186 11551 17546 5863 3445 14673 12445 17036 19687 2262 18340 20770 20987 17025 4470 2250 784 14475 8234 560 10780 
4034 9410 12034 10963 10964 6204 8189 17062 1317 12859 9773 4907 
4035 9414 6842 1507 9083 8028 17180 18449 68 
4036 9417 7041 4180 1778 209 12675 20007 23413 19629 4226 16999 1307 6898 9039 5185 9858 539 6966 7686 8199 326 18608 
4037 4769 9419 3482 327 3395 12058 899 18821 8531 14740 22170 2741 21325 2536 3210 20032 10609 19461 22703 126 
4038 9422 8201 4653 170 6649 18413 482 
4039 9423 11615 11740 1257 1384 5228 4332 8000 18138 5218 
4040 9426 8299 7948 16719 18702 997 3187 21935 
4041 9430 7124 854 5943 13881 9273 2426 1771 3965 15191 6663 11716 2029 1662 13918 8884 2621 8417 14412 17881 22863 12816 11279 14663 14764 4067 
4042 4495 10839 15653 16483 14430 7007 22367 
4043 3812 9638 838 2781 11183 8830 3424 12343 6054 9746 157 2731 6040 13867 8673 4581 15856 1031 2345 10797 16060 11057 7128 79 1518 16512 10150 7228 210 636 8755 19152 3865 1464 19151 11792 4487 3468 15661 16764 2164 
4044 9433 13282 22185 12423 12605 7510 4955 21568 24610 
4045 7449 14226 6677 10547 9881 13491 14832 22775 8593 8644 3918 17979 19801 4661 
4046 7441 12871 3637 22861 4915 17098 193 22665 6811 22687 5435 
4047 9447 9587 10881 6808 8957 5205 15492 4818 1287 5777 9038 5593 1750 6555 13330 12162 20572 11523 858 6121 3680 7620 10454 2660 15921 7976 9024 23354 23287 870 23484 23606 21292 18865 6263 20493 14080 12944 5873 4047 23997 10768 20879 
4048 6177 8443 195 4875 14546 5558 16405 6358 15833 3040 18448 21645 
4049 4766 10393 9823 1411 7160 18420 4858 20180 20605 12541 5872 11022 1378 5655 24788 
4050 9455 9688 591 12668 14430 2566 5410 18254 7348 19482 18809 20914 6942 22520 17268 5891 15910 22681 23441 23180 20555 24193 
4051 5340 7738 5954 13385 1892 22051 22468 6265 21867 
4052 3443 8117 5701 1023 7197 18449 5279 19200 730 575 18421 15271 8028 
4053 1630 4238 2987 12391 13283 2358 3033 18382 
4054 9478 233 9479 2482 12536 12756 2660 14424 
4055 9486 9550 548 10673 10993 3705 6614 1284 7809 1907 13268 13691 4772 15540 2916 9301 418 13944 7878 11098 6063 3745 6517 4790 20017 19900 1562 5908 2512 19540 6495 1504 2391 15656 18165 16611 9936 190 330 22814 7898 6279 14101 18531 11906 3875 
4056 9182 9864 3626 17782 843 16175 2532 16286 5187 2321 2070 6340 
4057 9492 1266 6965 11288 9 12322 12539 3467 14719 209 15595 8353 2313 13860 19643 14446 14780 
4058 9494 16595 16803 18604 11691 6913 
4059 9498 11313 14968 335 16881 1527 14347 20745 1254 17220 8159 15312 12419 
4060 9505 13366 17444 1198 12505 5924 7326 12909 5190 4613 9102 22458 1838 6092 21804 10886 2524 20971 
4061 1966 9512 4093 6993 10559 7858 3637 18053 707 
4062 7173 9576 9581 5510 9582 1384 9583 9585 2699 9586 1314 
4063 8565 10879 15702 6265 18800 6338 17253 14444 
4064 9507 9236 6549 10721 15986 15987 6387 20005 2970 19332 21785 2418 7611 
4065 9510 819 508 14486 7854 15538 11029 17281 
4066 5592 1406 4932 2169 7353 636 5872 12564 19059 2286 18689 9039 10664 6799 
4067 9513 10057 1422 10111 19307 12366 314 20946 
4068 282 12600 1983 19048 2221 15 9436 5335 21059 15957 6806 252 212 17892 3968 22296 20440 2406 9539 22093 
4069 4202 5726 5346 502 7322 3793 3199 3780 15420 3962 3421 1610 15030 546 404 19900 5374 20017 685 20795 16237 13967 15691 3276 215 21384 21913 1342 19975 5469 15337 15547 16361 5680 12354 14788 6412 14679 22682 3786 3964 184 4824 22328 20028 1579 909 19286 19540 15173 10517 7453 23292 17452 21195 2112 969 23015 19539 19567 189 23080 23206 12840 13562 14297 418 23752 23404 
4070 9516 4326 498 5524 11637 4390 12668 5661 9422 
4071 4123 8609 769 2889 5341 12423 54 7440 12523 18280 19880 7321 15867 460 3601 8416 10079 
4072 3014 3610 9995 10331 9676 5302 457 10729 3640 9781 3628 9092 10778 4897 17491 10433 22667 22113 11075 284 13316 3695 20039 18064 
4073 5429 7776 10894 13564 10828 13531 14816 10003 6813 15949 14393 3344 2501 15546 16401 19576 11636 11094 
4074 1688 12583 15036 9967 8350 20015 9944 13351 13946 22929 13593 11787 6367 
4075 9542 2521 6384 18116 17845 2892 
4076 9546 8378 6421 4328 11117 7114 20934 15905 2534 
4077 4737 14469 19130 16609 
4078 9205 9807 8243 8781 10577 10579 10936 11043 545 11622 11636 10826 13996 13997 13998 
4079 9551 5043 3921 7818 805 14682 15655 13227 13511 8859 203 12724 6176 19218 17551 3356 8651 13957 2607 21218 4468 16431 11254 21688 2881 1703 1109 493 23461 
4080 9559 13084 13085 1342 2911 2999 122 17015 13811 10673 
4081 7648 11026 2349 14468 9854 535 6358 6355 13101 1388 12945 21694 
4082 8209 820 1434 12539 1561 1101 14949 16863 7298 5889 2446 9871 21583 6648 8610 10510 22419 558 13860 
4083 9569 9589 5655 15868 2467 8199 20069 76 4595 3536 344 5242 13459 2107 13068 3865 11241 15961 836 73 
4084 8771 11251 12 9047 24113 14811 24353 24496 
4085 3516 19373 18027 17267 2350 4567 1518 210 8281 13127 22127 15778 
4086 4541 18237 4857 22887 10482 12877 
4087 9080 327 2377 1970 15649 1350 18702 20032 3334 18104 9426 
4088 9592 18811 11907 19870 5521 11576 7021 17290 6385 18156 14489 5154 
4089 2387 550 6835 214 5015 6596 
4090 9594 2439 9595 5067 586 7632 9599 11206 99 13402 1855 15204 8984 4881 15143 17004 7188 312 
4091 230 9325 11325 4848 7213 12373 1936 12593 6144 3310 1528 6630 16869 17041 7901 5121 13598 1413 
4092 2999 4202 4513 969 13657 4551 16188 16611 4110 16213 1142 17200 15719 2997 5809 1148 19022 15462 7509 6306 5215 1712 4601 17626 3387 5437 8164 
4093 9397 4317 1390 4805 8803 12242 2858 13068 3083 16617 9386 8760 14148 20701 8471 6253 2332 9680 12675 3196 
4094 576 9603 11149 20107 3437 1245 2881 21308 17706 1528 3474 1103 4700 15210 
4095 9606 9607 4015 7494 21056 7425 3346 7477 8839 71 16784 18104 2651 3155 22969 23416 2706 
4096 3815 9611 10609 6839 16020 15850 18754 3019 15246 19968 18024 17180 1298 3811 11628 18740 22980 7494 
4097 1373 9612 11720 7793 9359 5619 9549 17579 18811 20037 11907 2521 7787 739 12610 
4098 9496 5065 11343 2542 13720 7945 15588 234 5319 17181 18198 10057 4163 
4099 7775 3536 7004 9707 13257 4008 6845 2354 15642 5381 5669 5309 326 13867 7588 2592 4816 16521 17405 7353 21721 21287 954 3521 20175 23990 17819 23259 73 23631 9886 23959 
4100 2600 55 2241 13316 6073 5136 119 13076 
4101 9640 11409 18377 6782 2387 6709 3055 11340 6859 20255 
4102 4603 7079 3437 10712 8413 435 1211 5243 11740 10008 3040 1676 11889 6479 576 11615 10142 2435 9264 1478 14829 768 14811 9309 6895 896 4632 9825 15391 5218 3859 6451 324 8499 16996 17167 1717 17236 17810 9899 18016 6251 2089 18127 5088 17412 4937 18898 9837 3632 2155 6207 3248 5271 1245 
4103 9653 19194 12151 10714 17856 19352 20073 22257 24167 817 7580 11095 2786 17563 5177 14497 2407 13913 
4104 9655 3871 1377 444 17630 2639 7019 8302 1528 16243 7222 12424 19185 
4105 2807 15116 1847 15117 9325 12194 17192 7213 1333 6204 3873 4318 16545 5059 9216 12622 20612 4729 10765 10482 8569 18371 
4106 9658 2725 1727 12222 2331 9936 2255 2911 932 3375 8568 12320 21229 7597 2238 3421 22573 
4107 9663 15721 18936 3011 20159 20172 5142 2406 
4108 3010 9242 10474 4387 8629 12643 375 11050 6385 5230 9876 19537 5623 739 
4109 9665 10994 11116 2595 1012 10739 2600 20690 
4110 5562 1376 10982 1737 13294 1430 6495 14294 12466 29 
4111 9479 10749 1847 3052 4463 5685 6972 10795 15472 
4112 9674 11196 10490 9088 13616 10195 
4113 1404 11995 3689 1989 468 1034 7298 1576 4975 21954 
4114 8370 9676 3695 6536 587 11066 2928 13177 8922 12771 279 
4115 5383 9680 3296 838 11382 4766 9439 485 4672 1326 10191 13867 2647 10393 6480 6408 6870 12635 
4116 9030 5378 4632 1493 9308 662 3678 1996 9675 3425 17464 15116 13136 
4117 4079 4475 9691 3803 9694 7282 1717 1679 208 11492 
4118 386 3244 3071 9695 1246 4661 4774 8572 2852 595 6504 2473 1445 6321 
4119 9693 11166 11167 3155 2216 12005 11781 13203 1253 7444 12062 14773 3309 15454 5602 8034 6261 15271 6403 11644 676 9189 10469 17817 
4120 2500 19483 13194 20148 10864 7644 
4121 5706 15381 1712 8173 17471 418 909 5550 100 3626 2962 8539 10077 
4122 1326 5898 265 70 3511 10965 9621 4311 2593 1780 7298 1410 822 
4123 7760 9304 9713 9768 6827 7100 2498 17947 17320 4786 
4124 5336 2418 17263 7003 439 2843 949 12557 20707 8186 18307 
4125 6739 7101 3936 13513 13362 4638 14783 162 9511 15126 13545 10273 12857 389 8752 14111 1106 7598 14873 19414 243 6972 
4126 9719 4154 963 10446 2594 576 8627 1679 17062 17236 
4127 4079 14305 20374 8298 17145 2494 14933 6195 8292 15952 1149 19623 17984 
4128 6776 279 19395 17062 4695 2607 13333 12672 3238 17702 
4129 2573 11689 12210 6724 19013 2658 19433 6655 19970 13075 19873 241 2706 887 11959 1063 1920 
4130 2844 4295 4959 12504 17610 4035 6781 3412 6232 7618 15590 
4131 4419 9733 7414 104 613 11137 13657 11185 
4132 9729 9730 9731 3757 15128 15932 9663 3614 7859 1126 1055 18487 2406 
4133 6577 6547 5321 1892 13245 17472 17975 1239 11983 1031 4495 227 
4134 8752 1679 9739 6225 1939 8850 1871 5197 10330 11513 
4135 9742 6261 7052 6728 13716 8982 11195 14770 1502 2965 
4136 896 9747 6511 9749 10881 13361 556 13363 4818 6050 9038 1235 4430 12253 16577 
4137 9751 6842 130 9753 2704 4520 9458 7424 14419 14421 997 14887 2000 1379 724 9189 3321 2836 13044 1201 12473 16165 16168 15857 11195 2651 16474 1018 3551 3187 17872 7058 17817 12417 18744 9572 12830 19399 5403 2890 16124 18449 6867 12210 9278 6058 19361 2115 7444 11628 21564 7386 6844 15606 7082 8043 144 18572 21360 5701 7426 22703 287 7612 21325 18104 1970 4660 16470 7706 766 6857 8319 5977 23780 19993 6339 10462 19473 
4138 9755 9738 19647 6862 5859 17576 20619 4872 1799 20950 5172 7277 9625 9933 17070 4904 1223 695 3987 12613 14923 
4139 9758 19362 18875 16102 3294 15320 2630 4726 7505 15981 
4140 9762 12149 18228 20490 2642 14043 13035 22184 2328 22378 9143 193 22665 22290 15932 2071 3364 4517 
4141 179 11283 6851 1300 17063 4613 2882 12261 11966 14384 4433 10213 20970 
4142 9766 7205 6766 9208 1553 20634 21444 
4143 3426 9776 205 6346 13730 12304 6140 3 1215 16077 2747 921 62 20395 13807 10374 19038 17105 13469 5175 1009 6073 24262 
4144 225 1133 4378 4799 5099 3664 6072 9786 942 9789 6256 4114 1035 418 6725 427 313 973 14293 
4145 9780 5228 2160 16148 16210 6045 11002 12275 23485 2151 15114 15210 884 19980 208 3849 5271 1384 20010 
4146 3742 2727 9426 11463 17876 3679 821 
4147 2986 5015 8746 703 505 3138 11243 1035 19777 4370 19986 9718 6970 15240 6258 757 9131 
4148 9782 9819 9821 8715 10995 8083 11236 6562 11240 
4149 5817 1729 10180 6074 15152 2070 3626 13478 15381 
4150 2396 10673 3560 10536 5467 
4151 4593 5917 12200 4962 4387 4536 8479 16230 17459 3451 7892 6684 18624 14469 18809 18498 17861 9917 19747 6453 1989 14693 17845 7266 13556 20158 6956 21396 7857 8092 16249 15414 4158 9552 5954 2967 10764 19119 5783 9460 23406 7142 
4152 9811 5636 1872 628 4712 366 399 2391 6306 17170 190 6340 18285 5184 6286 2775 3835 5709 
4153 4168 67 28 5288 5599 8000 5799 2496 4185 2109 19913 2297 10566 3859 11640 
4154 9816 7145 1372 12973 17900 20374 13421 16667 
4155 4924 9824 9774 9823 12460 15736 4766 11589 2345 8265 12576 2450 7558 2779 21776 9382 13068 3488 
4156 9820 10182 5151 15864 9219 1020 419 4378 4799 4099 
4157 2598 9832 9881 140 10432 3001 628 1252 14759 264 16163 2512 15731 642 1504 
4158 8206 9845 9855 9920 1106 11109 6268 633 3863 18303 10483 14647 9154 10484 1431 9084 1492 19066 
4159 4346 21 9131 2764 208 4738 1382 6256 4114 732 
4160 3231 9837 208 8913 28 4114 4203 1981 5613 3437 15260 1148 15586 5517 4149 4907 12148 13223 942 2776 1401 16769 5968 6840 2299 1679 1528 17202 11599 5443 18869 226 6077 2780 7957 10773 2435 12357 20821 20822 19890 17061 11850 
4161 9847 9157 12037 14737 9368 3612 7836 3320 
4162 1297 9852 9901 7731 8190 5139 2451 6806 10173 10564 10604 1648 176 8359 8669 3049 892 8067 8591 6993 
4163 9853 15210 7211 13604 22858 22808 4671 24600 10684 5819 7244 22113 
4164 1296 11443 11447 479 12675 7500 14191 11654 
4165 9867 6843 12383 7913 15676 9441 15952 2382 17349 15201 7849 19061 16716 9021 20377 10210 14914 1026 23210 22704 
4166 9868 8448 11198 11199 10487 8606 12800 884 17049 162 4995 673 3255 186 6380 10021 1585 22052 
4167 9869 4410 12031 13867 6866 2205 1307 1098 4478 12235 12157 21732 209 
4168 8395 7366 16639 14945 14914 3991 8835 19750 8144 16796 
4169 9872 10909 3187 9419 3907 4599 6339 2216 10921 11955 7459 18572 15271 4651 11644 
4170 9873 9874 28 1931 3262 12426 3437 834 7981 2463 4645 2481 2249 3495 10065 1440 8612 16843 1300 14819 308 9689 5593 4953 4850 2359 5238 
4171 9878 4315 8189 4083 1303 12393 4738 2932 10026 16783 1497 15334 18972 13463 7368 11945 16427 18959 12588 5153 7880 1626 5057 795 2109 1388 
4172 9879 9880 12025 15737 16619 3026 358 6505 10032 18086 7514 4388 5756 5000 9838 10048 3753 2700 7932 
4173 9448 10397 11225 2595 11410 5426 5633 3127 335 1913 7124 6351 474 8333 2991 4238 18742 9628 818 18064 6938 12268 8794 15633 20858 3121 15027 16881 4116 6246 262 6402 9152 21980 3265 23222 11471 2004 12304 12640 16597 23106 19615 11423 750 17833 3080 13105 12344 3735 5126 3563 3896 22241 7072 4549 7464 10751 16049 24346 
4174 9882 1596 10074 10159 10878 11430 11596 7423 13685 511 12595 13085 16361 
4175 9885 7649 2705 730 7513 10609 17370 2264 18885 8028 82 2738 7863 4377 9080 20518 18930 14565 13310 2879 2727 2723 9381 3833 7860 14887 21620 3828 21048 4892 924 
4176 9887 13677 383 12384 19234 10077 20194 7146 16540 21667 
4177 6156 999 11802 8080 7281 20582 21612 5041 3014 3241 6564 
4178 9890 1044 269 8378 12757 6399 4328 
4179 9892 9895 463 10079 6180 6798 2186 1871 2030 3762 6512 3822 3270 5243 
4180 2990 9916 9921 7966 6265 5888 11637 4962 8645 13454 10791 14435 6143 
4181 3248 3437 11986 4700 4845 808 7981 8722 14707 3612 5083 6773 1637 16382 4237 13378 15055 13505 2873 7286 14304 576 594 2481 8864 3425 
4182 4790 9898 2401 969 2074 2307 16948 4742 21164 16283 
4183 9902 6735 11293 
4184 6141 5962 9907 1773 7942 3825 6182 4979 9909 
4185 6340 9924 5669 5959 8696 11857 10177 7297 11792 12343 4843 2635 19151 7543 73 11948 15752 20286 3463 832 18888 17363 15268 
4186 9932 2635 3463 398 4887 959 9202 10675 10676 1353 186 2241 1568 2018 4868 1717 2351 2660 9702 12008 8506 7323 435 3403 1493 8722 9136 13377 14707 16041 18665 6448 4098 18666 8141 12835 1941 7374 2796 16008 4069 18691 6712 7022 757 11414 2370 1409 11572 18696 19236 19516 4603 1106 7433 3859 673 808 2528 11461 5228 1154 5615 2297 3425 496 605 2375 4102 6391 181 1783 5276 6238 5380 1882 3238 732 12379 11918 5278 9309 11895 4458 9215 522 23 3129 6081 11768 
4187 8966 10700 10701 10702 10703 3026 2651 1507 6905 5853 1922 2216 11955 12088 14799 10032 997 287 7090 144 6067 1506 15857 
4188 6385 5723 12668 14395 18329 12610 19454 17518 20217 3640 4987 12601 3695 13954 906 19905 18623 8778 
4189 8818 1127 5777 5114 4408 1441 497 3403 1235 7066 5276 1288 3040 6493 933 9899 3489 12991 9596 10734 19913 208 3938 6391 1608 21644 16336 9406 5799 5615 2888 10949 1154 1882 10365 633 509 435 4492 
4190 9944 7877 4030 11128 1770 4955 1131 323 8392 949 
4191 9945 9504 2422 10208 13686 1688 8046 4056 20635 15524 
4192 9947 11099 12280 14141 17882 12346 20472 1685 
4193 4700 1384 2815 5274 9953 1288 1873 13365 10780 9696 2435 10693 6142 963 8506 11645 12353 6976 9491 13669 7345 1717 
4194 6217 5895 11729 357 18506 439 109 3952 5019 9246 9967 11458 17669 7003 9667 
4195 3859 3310 4603 23 1528 243 6631 12379 10519 896 7045 
4196 8371 9996 12657 1058 3834 7359 6515 1334 18654 818 1824 909 388 16053 2236 
4197 2765 5759 8028 397 13565 8414 1630 11423 14398 3546 20656 
4198 9963 9964 2787 2051 4403 981 16885 16886 3605 5912 
4199 890 1486 225 2192 14701 397 3682 16087 14147 21967 10358 4758 632 
4200 5170 954 6293 332 2053 1467 219 2583 1307 12170 9831 18564 1924 21100 12031 
4201 9971 2611 11964 6649 13474 14254 4305 4668 12528 1239 2456 1735 14705 11350 2271 3790 17518 18498 18963 9897 16853 
4202 9982 397 3969 12306 12726 4884 2535 8013 14842 15992 3299 16473 18476 9828 7974 4919 8067 17092 5151 12158 15104 1297 
4203 4335 7414 1078 3345 563 6891 2398 5680 10671 4409 1712 3962 13121 1030 5487 45 1114 11906 12595 5858 1413 750 5490 17174 19540 617 17471 15731 7219 
4204 9992 11000 750 1413 4036 1989 
4205 7496 11292 230 7045 4785 11808 12034 10738 3380 
4206 9993 1133 232 8013 3058 171 15026 714 7806 5139 4207 11998 1312 9965 8692 8656 13158 3757 7968 3652 17592 11239 15903 4758 17665 5154 20577 318 10418 3462 18852 13733 16426 11777 4976 974 11588 12158 8096 14229 3056 514 15885 15403 7369 3520 19553 225 
4207 1233 310 10583 10587 11473 4774 8973 936 2083 957 1035 7055 965 9271 2423 64 7622 21518 550 944 22775 21157 2270 3916 
4208 9994 5926 6789 2233 374 106 3199 1657 5550 2910 10442 4605 142 1955 13478 4198 11511 3421 17471 9418 16366 505 
4209 9997 10248 4932 70 19643 441 13068 73 11534 
4210 1944 10001 12353 5271 10347 1245 810 1598 2718 15877 2271 
4211 8528 9479 15208 18040 14311 1550 3048 1663 3320 1103 12976 
4212 4949 13360 9280 14376 15400 9608 720 5897 4966 14198 971 9349 16663 8985 489 3952 19585 15256 109 9502 7820 1942 11458 18121 14569 12423 5460 5019 15345 4821 7170 13263 7912 5895 12014 5916 439 
4213 1106 10303 15117 3466 14257 6970 397 225 
4214 10030 18035 11200 2903 1688 10284 3979 19636 103 7489 17964 16150 20231 6805 8844 
4215 2599 454 11934 17073 2795 3107 19368 20700 4928 7766 6393 18318 4354 
4216 485 9755 699 2869 1464 1003 6488 10175 2053 666 2337 2813 3190 7228 783 1307 10450 8610 6365 10500 10538 5063 1645 5170 3326 1411 9158 3865 14148 5082 8729 186 673 1384 4227 1926 805 16389 
4217 729 219 3101 11256 10761 4926 7268 2053 2063 5827 21963 22284 13217 12079 
4218 2416 5233 1036 13421 3817 10252 
4219 10035 10036 10642 7635 10956 6383 7138 11470 11364 15943 6620 18304 18520 17055 245 7511 
4220 9045 232 3652 10040 4799 419 11060 535 11089 3682 11160 3294 9708 243 2867 6119 16017 2607 16403 9891 12492 18858 13098 834 6375 6137 20338 1974 20761 1414 10008 12054 4218 
4221 7880 7403 10041 6362 2841 5364 3804 5822 20496 21687 7534 21826 5717 
4222 6188 3881 13601 20246 3526 16572 28 4237 23500 5790 5043 4097 3310 1537 650 
4223 10047 2797 11888 660 8067 15721 3401 5909 
4224 4530 5778 15645 3859 17190 12148 20575 4449 274 3730 
4225 8740 8386 11150 10024 6099 6289 14464 
4226 2428 3787 459 11795 1386 11424 10726 4384 7983 11503 1756 15530 13319 284 12340 9894 6413 15678 17874 16132 13318 6453 10448 15109 8064 1902 4901 14283 1773 12114 1107 19733 7359 
4227 2276 10067 13222 6155 9549 337 15395 17253 14395 19635 4163 13898 8874 17248 23736 
4228 4492 10065 28 3727 11900 17412 2249 179 4610 1493 22039 3437 
4229 10076 1202 3371 4161 3532 17727 870 6238 
4230 10081 6377 11371 16008 5512 11986 17906 12835 1941 7374 8239 14707 7138 20091 20168 20554 20833 21952 8951 8529 14037 5523 11469 
4231 326 1003 1407 8505 10092 2518 636 265 2590 1540 20421 21963 23413 8748 
4232 1328 79 2313 2465 6082 7371 16269 84 332 4766 3050 7004 9827 11534 
4233 1712 10113 1097 2083 6933 10289 10291 3960 9812 5028 8545 1142 10442 3453 10444 11155 2986 13947 728 17626 
4234 8740 11150 15100 8380 1851 12691 11379 1274 19742 18380 12183 8377 8375 19506 4741 7642 12465 13714 16259 8083 15244 
4235 10000 12895 4257 2953 16520 9901 12897 18641 15018 21159 5660 21343 22093 
4236 10110 11821 56 14876 757 15831 1530 16740 6863 7352 
4237 6690 10496 4136 8975 6813 1808 3344 18247 5429 11501 13415 
4238 2099 13697 4085 11326 9258 5150 5622 19386 8813 11465 8013 6122 2137 
4239 2598 3365 9595 421 13927 9365 12412 4534 3780 7347 
4240 739 6385 7727 800 7703 5617 7737 21802 6378 9921 22056 23494 
4241 1498 2476 10118 2526 1114 2401 5714 690 13811 1078 438 2312 4773 12840 14275 9975 20024 4202 5199 2267 191 628 1478 16616 23138 4563 6063 
4242 10123 13494 13495 5050 1647 4563 161 13376 15509 12932 2725 2433 5001 15572 
4243 10126 4317 10129 868 10145 4810 2053 1768 10157 10166 10168 1390 1326 15486 11932 16410 1606 16617 19208 8459 13068 5508 
4244 3520 397 225 1330 9141 2922 14447 7942 15109 1173 14459 5832 18462 14855 14132 18463 3116 6524 15713 14387 11897 3896 7871 570 818 13175 
4245 5462 11556 856 11948 10594 636 9383 19763 1930 210 332 
4246 6394 1027 16512 838 12540 17399 13411 3924 79 5170 9439 19151 15268 865 5988 
4247 10151 12698 10522 2256 16525 4044 17088 3525 15748 5058 16197 19645 22344 1086 6209 
4248 1074 9814 5626 1898 11187 375 10839 14118 11201 12260 18583 12461 4666 8595 3950 17014 18655 4212 4495 14430 14254 16968 9105 7987 7107 
4249 10153 4509 5383 7284 6486 13068 6912 3709 23413 
4250 10167 1647 190 6495 5908 9599 5050 19375 
4251 2385 2032 12500 4961 2307 3618 5566 12581 12340 10293 5213 885 4915 
4252 10170 717 2256 16877 6528 6106 18788 591 16800 4862 12610 11413 10879 3502 4832 16079 13517 
4253 10178 3298 6045 12971 11918 8577 8732 10009 
4254 4044 4201 14345 8398 18695 18261 19300 21302 
4255 8052 1282 10488 13707 6368 695 1827 3427 2813 954 7263 2635 2823 73 10248 22838 6719 5037 
4256 10188 559 14398 10382 3825 4420 8794 13647 18418 475 143 1009 8697 2928 12268 14355 6268 6118 22349 21565 
4257 6288 10454 10857 14152 16531 556 9367 16577 18321 4614 
4258 1877 8629 9548 10382 11280 20555 23595 23848 11743 7742 10839 11967 24403 1111 23750 
4259 6626 10772 10776 10777 6561 8864 4143 8651 6717 3585 6144 13262 197 3612 28 4237 5198 4303 13617 12198 933 11570 12945 3717 1871 1528 1154 6194 2135 9309 3437 13755 20127 6268 5228 16081 17890 5479 
4260 7570 10592 12597 14961 11056 16840 17377 3878 8172 3565 16847 5052 
4261 10190 14698 2218 14811 16522 8859 8774 17236 12672 17412 22282 7080 22274 22352 23734 
4262 10197 10198 10206 8159 750 10216 10221 4116 14397 2358 
4263 10201 3621 5710 10203 1516 10995 12691 15615 
4264 4079 3817 3204 2416 9948 3469 10250 3479 10252 3890 4692 2293 10913 3239 4074 11387 9527 14431 13446 6195 
4265 10205 4405 9328 7282 10546 10968 10883 2632 15405 3826 
4266 1581 1224 3277 16257 1266 22733 12772 73 6668 
4267 10213 8666 2230 6917 4659 17344 17346 418 2364 18854 8074 12414 
4268 2806 2955 14572 9031 15099 16512 17077 5381 2813 5872 1434 15313 747 266 21262 
4269 10223 1066 9014 147 6695 18581 22172 24125 7331 11794 
4270 10228 3111 12288 15683 1918 7504 10887 12822 7109 3751 7072 7124 20703 22136 8269 11105 20537 21623 
4271 818 11771 1009 9041 3197 8865 7983 21962 1646 13519 23582 23445 15686 
4272 6146 279 10379 10380 7165 6086 10382 10383 10384 10386 1670 7707 
4273 254 6728 17974 10048 1502 4769 11628 24297 
4274 271 5434 8745 404 11209 580 1153 2112 11303 6752 11036 12279 15032 6796 1078 
4275 9934 5847 1147 13928 14681 5834 2621 9206 16831 17433 14471 21746 1688 1770 
4276 6738 451 10843 8883 11408 1790 14684 10872 6502 16396 7251 8689 770 4121 1049 5026 1345 2186 3622 4003 13396 109 20253 3095 19463 7861 23057 
4277 5788 1296 70 5872 17387 9983 1407 14738 4825 60 2943 6253 5588 
4278 8606 10733 15626 4985 17728 2206 3612 18153 
4279 10260 7062 7572 9846 12543 12750 1526 2074 1765 6595 14213 14292 
4280 1894 10261 2690 2181 227 10264 5119 1530 1225 2399 11927 17253 5524 4163 118 
4281 10266 6616 3612 18177 18604 10976 20823 10738 15210 
4282 2999 2236 248 11903 6153 3635 1727 3405 13871 543 
4283 418 3001 885 1284 8116 9301 9276 12189 1729 12233 8773 11348 12694 7387 3276 4320 14214 6065 3295 13825 3423 2171 5166 580 129 10673 5183 3388 18409 18095 1810 18387 8578 8796 17605 10654 8768 608 3041 7180 17230 554 4472 10946 18967 20017 19818 10050 3275 12412 6758 19363 345 19198 7418 2818 2916 4790 19540 3558 6501 2433 4186 16052 5809 7396 20237 14592 8666 427 550 6371 10306 20086 715 16215 5518 8139 553 882 3964 2998 1861 5942 3097 15513 2675 20200 20697 6751 4496 1610 20948 17042 2692 10130 1681 6725 2613 15353 22100 14849 13927 7610 2387 909 5719 18857 20875 5928 7643 2974 718 9639 264 1727 7808 
4284 666 9983 3128 11447 747 17130 15313 12564 15685 5343 16196 2273 2330 21262 17776 18663 4810 22284 
4285 1078 448 9936 9767 8315 1430 
4286 1513 918 10313 10315 18516 1959 4464 14667 3885 6928 8309 13676 1104 21364 
4287 1877 2996 10107 5376 3222 2072 421 5680 3072 2895 7703 12339 7490 9237 2525 9548 11126 9535 5529 3010 
4288 10181 4784 6331 1545 6317 485 11619 2053 332 3924 
4289 10275 7517 11559 519 7973 19150 19517 1857 1109 17932 245 5543 21788 13822 22274 
4290 2313 2208 3516 9158 17387 4684 523 6636 18842 12675 4410 209 8814 735 20007 873 14290 22284 
4291 9158 1407 326 7028 485 11534 838 12635 11948 3467 
4292 8798 17256 18338 19232 3031 20571 17249 7305 
4293 2726 2115 4920 12315 3407 8043 17643 8028 7864 3155 16019 10192 13107 887 10121 17817 18494 10682 4052 18791 18378 8319 3573 12417 1043 7649 7415 7016 1298 7798 3777 4377 5389 2727 7526 5852 997 4769 130 6166 82 4660 15246 21312 20032 13758 9879 7497 12088 16020 7860 21360 21511 
4294 10281 5858 7874 553 10352 13927 14399 14422 17471 14180 18409 18062 21008 
4295 10282 10292 3403 6220 11325 3863 2142 13288 2672 13760 2316 237 2785 9232 20963 20268 11647 20811 2529 21807 11778 2606 5725 7465 
4296 8603 2332 2345 13068 6488 9207 3233 11619 13383 17226 13860 265 18027 3924 485 1870 12235 14138 
4297 4398 9664 237 6121 16463 19752 4782 2816 2529 11002 2784 16928 2206 13794 12190 2290 22005 22027 1594 876 
4298 1384 4332 9068 179 6291 13329 7250 2249 8788 3430 5243 6238 11129 16928 1611 435 9853 13457 4023 3867 1441 16056 
4299 5583 3916 15804 10107 5311 4890 17648 8139 5369 16616 1114 11321 1246 4786 13825 13861 4403 19540 
4300 9522 10397 8884 16484 12358 3241 12771 335 750 21628 14491 
4301 10293 4011 6453 1568 10515 222 2729 5201 7275 5835 2241 1593 
4302 924 6704 1526 3111 1885 10529 10553 5201 6227 11928 
4303 3800 770 7745 72 1155 8985 11991 12096 12196 4540 9978 3882 12468 4056 
4304 2985 6837 1124 10905 1757 14802 15763 16226 5208 18126 6266 13861 4099 9637 17408 5571 715 18343 6624 19619 21008 1839 17557 8160 4150 22292 6763 22775 19540 22998 5104 
4305 9374 11161 23395 9346 18243 11703 3822 7877 
4306 10312 1345 10721 6276 11729 97 319 11010 4678 15411 1950 5897 15754 257 15955 13348 14012 16371 16381 12423 11258 3822 13567 11726 9329 439 4891 18243 1104 15040 19237 12081 13538 12700 
4307 10317 6778 10866 11658 237 12727 4719 9154 5975 7647 7345 3463 17341 171 1413 5566 1670 14809 11923 15523 11353 10858 
4308 10318 7138 15947 9478 2206 15210 17426 14223 12977 19007 2139 16955 
4309 4152 2024 13288 15921 10637 9479 886 6555 13361 
4310 2030 1384 4610 655 17236 6630 1478 2258 8347 11947 
4311 9527 6195 12848 15201 12508 2293 19475 18931 8298 20881 22825 15860 5338 19598 
4312 10327 11709 2501 16610 3344 17214 1690 5035 1980 21696 2734 19145 10290 7315 
4313 10334 11870 19926 2067 2524 8694 4234 
4314 10338 17263 769 14084 7516 2386 5721 20051 1131 12723 
4315 6666 10723 14615 17116 17117 3116 12411 10260 8546 11960 11830 18012 1144 
4316 265 12539 210 9362 1858 326 485 1395 332 19091 4739 11241 9871 3233 219 1410 2148 2880 4542 1306 4486 20784 
4317 850 1308 10753 16226 14913 20054 20854 22054 19713 
4318 10342 6225 3437 10768 9038 2660 8684 22209 15717 13744 
4319 10345 8370 9776 520 12894 3834 17533 15277 8238 1254 
4320 9712 5654 11441 1413 19847 15609 6182 11273 13872 14722 
4321 3993 5478 10348 8814 10814 2354 10244 4843 8600 11862 7128 954 12906 3103 
4322 3319 944 6835 16248 5166 16732 6284 10946 3728 7808 
4323 2373 4653 5408 14418 10151 15748 16497 5319 18623 4387 1898 5146 20539 
4324 5898 265 70 1326 7588 4311 2593 12479 12480 10607 12574 13147 3175 2943 822 9750 1410 7298 
4325 10365 6475 4729 10416 4161 1075 9030 6978 466 6164 2838 11389 201 1138 12767 3859 13433 1245 13876 4275 1493 4695 15380 8406 2065 16742 11725 4489 1314 7964 6634 
4326 7414 2132 2406 1020 10373 1297 400 1322 19818 17652 14905 2498 8571 17137 22491 843 
4327 10369 9297 10370 6036 360 6885 1478 1593 931 7598 186 3783 7637 6840 167 7265 7855 655 1679 
4328 5009 12201 11248 5450 
4329 7434 11701 12238 3447 10609 6728 1219 9345 12175 2362 11781 6396 18104 4418 3289 
4330 4038 15150 5626 7333 10151 14705 1886 8717 9976 4600 11448 17384 4063 3605 11186 17916 12437 9917 1197 1225 4494 15670 725 6385 
4331 3887 9078 7854 1265 13567 467 507 15933 4223 
4332 10375 10376 8653 10212 10455 2086 7274 11141 15560 73 1946 11638 7489 7516 2485 
4333 10378 9717 4463 8960 5007 17302 4751 10976 11129 8342 16275 
4334 4700 3859 6879 22274 8093 2951 535 2109 17062 
4335 8075 2323 6506 6398 2369 7737 1317 4581 175 18700 298 4710 
4336 332 1326 1296 1870 9439 3166 13863 2522 6014 11443 7298 326 13068 17387 17776 14320 18828 18842 20007 1780 13860 15376 873 6465 21011 21262 8583 6394 2148 7141 21963 
4337 10389 8046 11258 9518 9346 12378 9967 11991 8254 15784 3171 10526 14569 2120 8988 7556 
4338 1478 3917 1129 1154 2463 3646 4972 16274 527 17607 19543 2294 5924 5763 8887 
4339 2871 1921 1880 10859 1905 14244 16436 2887 15357 2280 12091 2322 5181 6876 7455 
4340 436 10394 9057 7931 10991 410 9202 19136 962 20912 3192 11160 9523 11852 1019 
4341 634 2999 1363 982 9733 45 2799 10673 17066 21431 7580 
4342 10407 13150 11869 8625 10230 11844 18294 18962 7678 1742 5329 
4343 1822 9857 12190 9435 258 17127 13009 6250 3098 3248 
4344 7058 5134 12549 7946 12550 4660 21185 13497 2001 19931 7783 22695 3443 2533 3570 12342 11213 
4345 2071 5150 3377 228 632 12158 16578 645 714 2279 
4346 10430 17033 1314 17870 340 18587 10234 19377 16038 16104 1577 
4347 2435 4610 11889 3608 1060 14033 5873 9309 11591 2932 6840 11615 
4348 1872 10355 1142 1170 2998 2799 431 2999 8098 15441 1204 
4349 10437 9143 10418 2431 12109 2272 13405 11777 13817 14109 1990 13017 2137 3382 11998 385 5154 4693 10000 17665 6443 17753 3136 4010 13158 16520 15380 1312 18098 4111 9683 892 9392 3376 19448 10560 11263 2085 5239 19746 10316 4612 9188 1782 2136 6481 5139 18827 18852 16578 20416 14230 12070 2698 2132 20777 3967 2833 20696 15018 21255 1127 4361 5228 2299 1537 12366 1528 16208 18296 21718 435 8219 5622 1321 8669 5038 9258 16489 5081 18477 21809 22167 7256 13733 18228 18677 4976 3299 21894 20726 2637 22508 18867 6230 8502 
4350 5290 1507 5602 13044 3742 10701 297 3573 
4351 1610 2999 617 5105 6008 17679 5749 20850 264 2441 894 
4352 1212 13813 14190 14555 242 6442 2872 15522 8950 14286 2567 6031 778 13486 16461 
4353 1544 3847 4261 12539 332 1306 1178 1221 9736 3533 4784 16325 12864 10707 13860 16326 17958 8610 1336 12695 13068 18027 3951 17824 5825 19151 19484 13201 3057 16196 
4354 3734 10448 10245 5212 11279 2922 16876 6515 921 12543 1593 16236 8425 3695 1413 
4355 10452 13333 4227 650 12321 2519 16080 3473 186 22889 20856 23073 20106 16810 13654 655 626 6939 
4356 2511 16121 15935 20250 13415 13565 20008 18681 959 17449 
4357 9637 1498 628 3704 4358 15731 1935 12595 137 4779 778 10427 
4358 6164 1401 6302 21873 20148 7178 186 16331 2754 6664 324 4626 18617 
4359 969 2407 2916 2112 10299 922 4852 4506 5015 553 843 2280 5022 12131 8550 12203 10214 
4360 9924 19217 20737 39 232 10099 13131 14121 1559 
4361 1791 13796 5770 3274 15295 17669 20290 17251 22001 19220 
4362 1602 11688 1687 5396 14131 18285 10478 13973 5138 8109 
4363 3859 624 3863 5599 1235 179 2776 5228 8518 10128 6207 67 1493 3867 7027 1882 589 5044 5505 4603 17167 5288 18929 4365 15157 2932 896 5053 8000 3310 1148 17601 7446 5243 2838 9277 10589 5924 22934 576 4610 5683 22938 2873 16336 
4364 4130 11940 9700 9510 14012 7536 18970 
4365 10478 13768 13769 2509 39 13683 3726 6134 17994 12027 
4366 9571 7606 2885 6018 2718 11462 7876 8478 23064 
4367 7702 5263 3189 10482 10483 10484 6362 6117 6259 10486 10487 10491 10494 
4368 8555 10489 10492 4334 7752 14751 13714 12691 2129 16726 8626 
4369 10499 3598 4321 5612 1710 2846 8143 14236 
4370 4165 8473 10573 10576 10596 18937 2112 11303 5945 1304 7108 
4371 3405 1387 1030 189 10673 14668 14669 13268 5865 13478 8769 17652 19308 17471 5232 19540 940 19670 1552 19621 
4372 497 4100 11363 3843 5091 13119 379 3136 6734 9164 1154 11615 17195 6290 1717 2109 7613 
4373 10518 12163 8859 14210 633 2249 9297 7036 12358 7852 17167 
4374 4682 11615 4622 14767 16075 10466 589 17333 2304 5486 5763 4603 21039 21637 21567 6630 9899 22210 2820 3608 
4375 10026 4782 10483 8863 8625 12745 14564 15429 4848 942 17589 15332 14145 5682 1594 22104 11558 11779 
4376 10527 16130 2058 1536 17367 17705 
4377 4191 1225 620 11201 12404 10839 14552 2271 8470 20680 23750 1898 11280 544 4387 2967 
4378 10539 11886 1225 10879 6956 2761 6277 1898 3950 11201 1197 10839 8039 5076 14378 2181 15762 3823 574 2288 1892 748 4420 1989 2196 841 9337 23069 3386 5265 2449 13556 7285 20917 3605 2109 15014 2660 1110 23546 20829 15743 12733 4387 1209 
4379 3348 10149 3717 5238 10561 5519 3522 1441 7957 3529 2089 12190 20293 18016 5799 2640 17317 5271 3976 17062 11615 6251 7247 11591 4603 67 4331 6726 6493 2710 3217 435 21039 
4380 8972 3434 11115 10508 2530 20138 16572 1006 5123 18069 1618 
4381 1223 7274 11715 12539 4672 8547 16156 3233 13095 1576 13782 10124 11932 1456 21230 73 12343 9755 
4382 2828 9904 13779 13780 12439 13781 8657 3461 13783 3652 3290 12577 13787 6467 13788 1163 12981 9436 3614 13904 13905 3649 13906 2826 13922 13034 4623 9135 13934 11990 3364 13990 13992 8118 12545 13994 4342 5435 13040 14763 8502 
4383 4073 7914 15593 2494 5233 7145 7592 4251 10252 10029 15140 2285 15213 21425 7372 6645 7317 19598 
4384 3342 10550 401 10552 6313 8471 10557 10559 4511 224 
4385 10551 6455 4645 4228 9911 20177 226 8423 17062 23723 9051 1934 11079 8189 7193 23810 6640 15386 12859 1245 23906 2342 8913 23908 23838 4895 1811 2087 4538 8532 24040 6268 4408 15577 23338 2065 18798 1885 9846 4700 2408 23307 2673 2309 
4386 10574 5645 1630 11337 648 12822 14764 15907 1824 16694 3503 13181 6938 854 16132 11423 3080 5207 21541 2307 12948 2991 15089 583 4473 
4387 6150 10883 11307 710 6637 12739 5338 6744 3817 9948 16310 13421 
4388 1131 6262 23883 1730 5904 13139 9517 19114 4540 7968 14554 1405 5847 
4389 4259 11442 2837 12609 6267 3587 1384 2952 4700 12333 870 13045 17921 
4390 5355 14406 14789 1536 14791 8204 73 17886 13808 9288 6028 8711 13473 9139 21083 16572 14785 
4391 5181 7220 6485 10597 10906 1351 10517 10969 2475 11067 11069 9881 848 5373 11917 12051 12128 10279 15293 13229 
4392 9018 17821 2412 16368 5608 11666 
4393 10610 10611 1588 10612 8612 9734 4610 1384 1493 589 12458 1929 
4394 725 14074 2456 9337 1892 19635 574 18719 9191 8489 18139 7868 
4395 4975 8180 4813 0 16196 14369 989 14290 326 2813 1410 2084 20007 1464 
4396 7132 12538 3628 8371 14135 3695 13537 5843 6351 
4397 5764 15649 15997 16674 10032 4015 2769 14799 17609 18104 11281 1775 
4398 9362 15489 13068 6408 5309 11618 8105 637 1514 6040 20661 836 11769 8271 11579 19763 14148 17824 3326 
4399 10632 13703 1066 8009 7776 14921 1005 13902 3893 13423 10821 987 8257 19698 3344 10595 19985 18829 12644 6849 11707 14576 11661 14462 17549 19145 9023 7094 545 7315 2242 
4400 3521 12541 5824 3233 2507 1326 868 1545 16195 6648 3700 6040 
4401 2600 3747 1796 15800 15803 3610 14283 14897 8371 20494 
4402 10640 10641 10846 8117 13666 3406 7477 1646 
4403 6124 2354 1852 16512 10488 13068 3683 13867 5750 3175 17110 2399 4946 9827 2193 2448 10244 380 10868 
4404 2018 9784 1796 1902 14675 4034 2424 750 15609 7515 12699 
4405 3041 6725 6352 10654 10788 5116 9614 6080 4496 3650 14710 13004 17321 6782 879 7287 3830 3119 20137 4324 957 4506 
4406 3863 4331 1287 525 1611 7025 1480 2202 6908 5114 7577 226 12061 6121 17317 5599 1879 19830 6207 8788 963 2666 2455 2089 1603 16735 1871 3086 21096 2260 
4407 335 8333 9781 17128 3241 583 8884 9481 12543 17614 7503 9628 283 12074 17117 6446 
4408 10662 10157 20876 4888 14928 17761 13637 5185 9613 20996 6966 
4409 10431 4660 6472 1794 10412 16345 7058 9742 
4410 10663 13705 9449 15406 11754 15619 17503 17700 12883 18383 6637 19011 21425 
4411 10666 2632 8381 9021 11552 12508 14227 14305 15294 3802 1371 14906 7145 4475 13747 13067 11539 13907 19750 10493 18649 8698 17700 20515 21253 10781 21024 21305 10748 11242 21825 22487 22750 22772 21784 
4412 9935 7927 3515 3307 9721 6113 6218 6304 8085 4412 607 17971 14845 17422 8557 18009 14525 6289 5540 17310 17843 17885 18637 8911 10062 3414 
4413 10687 15210 493 3154 4740 14264 18094 884 2206 3711 
4414 10688 508 10217 13631 5023 12221 
4415 8084 11230 11475 13275 13606 2884 1516 16726 17467 16356 14781 17815 12097 14583 8385 1291 14013 12999 6445 19506 
4416 9056 13235 13236 13275 14845 19350 1392 13936 
4417 9031 10707 326 10761 11447 4604 4486 6300 17072 16414 696 18317 23381 
4418 2473 10763 3453 7840 505 10673 12567 3388 12568 13290 969 2961 3007 
4419 10706 9229 620 8649 15414 5911 1225 3072 9876 
4420 10556 6400 5374 4301 8509 11465 5103 9188 12966 4517 7924 15018 5142 645 15471 10516 8087 5285 2136 4230 232 17471 4963 16361 16311 11185 3058 4511 1240 16815 17665 4758 8866 21907 
4421 7927 9531 4954 14464 7240 17011 
4422 10645 741 12946 2107 4509 13917 3359 
4423 9683 5243 6328 16572 23356 17904 11848 12190 
4424 1417 10722 9569 13068 3749 609 1494 3115 6301 16090 15642 6538 4595 19927 13219 9268 12138 22427 
4425 1167 11340 4677 20060 1290 6080 6691 12413 10669 20463 13336 21053 21095 10906 19542 7684 311 317 6725 1122 11899 13122 7784 145 
4426 1410 2 2955 19151 4180 5788 1359 18828 1389 539 12031 1576 79 558 19983 5521 11534 2813 
4427 2813 12099 4740 12803 2206 2785 13854 13835 7326 7570 
4428 4884 5154 3053 3463 12287 4585 6438 10058 2584 14978 17085 8520 18270 962 20587 24715 2638 
4429 10725 10726 10727 10728 2987 3140 9626 7922 2263 3640 5314 10723 5691 16177 4116 5566 11880 9726 3858 19435 18552 19791 8137 10198 2928 113 15847 17719 16178 21962 19347 11665 641 13177 3111 
4430 4687 3014 3241 10730 10808 10812 10751 1386 5268 4238 2088 5248 3106 3229 1646 3080 13086 1365 14597 11423 14491 9626 13541 5314 1630 16399 3317 12684 5421 
4431 140 20704 20114 20028 19540 13475 19143 16237 22951 1738 
4432 1828 4826 18524 19208 19151 21583 22966 23259 17387 23413 788 1307 21954 20007 24576 2023 23056 23113 
4433 10739 1988 9673 19436 20066 13177 11860 12017 23527 3686 
4434 7031 14542 4954 15917 
4435 10522 1125 10740 10741 10743 10744 6550 4724 5058 10930 9167 19279 
4436 10742 3163 1838 9254 12284 13624 18298 15058 21890 
4437 1568 2274 10447 7517 931 11117 1113 2639 11202 8442 
4438 10747 14600 8383 19225 4465 13902 152 21975 21885 6849 
4439 1620 8000 6921 1679 179 8614 22039 3737 24437 324 
4440 10673 6614 3705 10993 11098 778 7878 11158 5018 6752 2112 2391 16611 3039 22407 18165 18514 22814 10861 11304 2922 3769 3322 23466 7272 4549 18531 15337 17531 23558 104 11906 6469 8566 14694 2532 19004 19560 5577 18289 10135 2401 
4441 10766 10767 9589 11526 11961 20766 23011 
4442 10773 896 3314 9473 10889 10890 5288 6198 1871 4895 3025 7691 1300 16152 5395 6959 8972 469 4564 2087 3474 1679 
4443 4661 7622 4757 18570 23566 9695 1729 386 6863 595 22775 2477 248 2840 1971 10281 4795 22845 5374 22345 7633 1114 159 5747 2473 3613 9924 7455 16468 64 2134 6788 1381 4186 7219 22631 3097 18285 7461 
4444 7859 10093 13781 20223 21910 6609 19826 4165 22155 14643 
4445 5756 2727 20032 16042 19188 18740 2981 19607 
4446 8030 9153 2380 16585 11354 15212 10847 9014 17759 23187 23188 1808 
4447 890 9965 13885 16151 12141 13493 11588 3682 9512 5359 1667 5081 1990 212 18166 14735 13158 4378 20818 17318 4758 17149 5959 20468 2336 18852 2272 225 16815 1240 9986 22564 21646 
4448 8075 3701 5031 1584 4987 7376 19950 16546 14418 15150 16497 3174 1898 17518 6956 
4449 2999 19975 1909 20461 3835 14173 22283 9881 4039 23190 
4450 794 4023 7025 9717 324 4021 11553 12008 11028 
4451 10801 9176 6412 1444 14991 953 1246 16974 17873 1140 
4452 5926 4840 1170 16732 10673 5258 3041 1656 4819 19567 6789 1610 
4453 4661 6340 1810 3916 1737 264 10536 7418 10427 1727 10555 1712 1080 
4454 10809 9602 5766 6393 11373 11374 8889 626 6468 1287 
4455 3824 12557 2172 2186 7037 320 4828 460 16867 
4456 10811 17633 7630 2086 22492 4899 508 13567 
4457 9080 8622 11315 5618 18497 13107 8028 3264 10249 4556 8142 6221 82 
4458 8155 7776 10821 10822 10823 8243 10825 10577 10826 6215 10827 10828 3035 1695 
4459 2631 2063 3511 6394 838 332 3233 219 13198 5960 6719 8459 9638 17387 17150 5257 11597 19763 8682 
4460 6524 3688 2922 16792 5251 16795 2928 5882 12590 1992 
4461 10837 6541 12833 1013 11705 2223 12885 1842 5489 5867 
4462 6393 4089 10840 4490 2226 15332 933 13921 4587 22 8113 1528 12190 3556 2067 18865 11120 454 808 2160 19495 12086 1303 6263 4102 8107 7901 4647 5121 1115 1654 10705 10813 9770 
4463 10842 11730 12214 2743 17415 19686 20045 10037 
4464 2835 2804 2641 6084 4700 11591 4640 3137 8774 15127 10012 1462 16038 14930 5578 12357 1945 19592 
4465 9374 11557 4283 4056 7522 1104 
4466 418 3119 6593 13004 13065 12093 14068 6821 4496 2746 13500 553 
4467 4781 14977 1140 5183 12566 7607 7622 521 19003 19006 1356 7106 2278 19335 4471 5611 2353 19667 8986 15716 3235 12854 1233 1241 9409 4824 14377 9098 1351 7209 8870 21226 957 965 20930 16510 1128 17000 8750 17320 15513 6031 14249 15352 15527 13825 9881 1341 22254 5208 6675 21855 
4468 1478 2109 1287 5091 1090 1288 3136 4489 5053 4237 
4469 10871 2955 2330 19019 
4470 10872 2186 9725 918 1345 4121 3095 1104 12423 4689 8985 2176 4834 1433 5594 3622 6928 7251 9679 
4471 10873 9 791 4932 747 4810 1395 3566 11356 
4472 10874 2863 1358 15644 18019 7438 7938 22565 7640 13457 10342 5613 17600 19890 17061 19139 11442 15014 
4473 10877 7567 13896 3308 19787 10549 12758 1184 19453 4339 18884 402 16822 20123 21553 275 8246 12840 5001 8059 11979 5838 12083 20215 5050 16369 
4474 10879 3174 2611 1530 7210 10882 841 7005 2688 4058 8624 2686 2453 10884 1451 1894 1111 3072 4326 7892 7879 367 8696 2897 2690 6506 1110 11186 4862 919 20041 10090 3504 
4475 10603 11442 14298 3247 12458 1975 308 14304 8729 5613 13989 18898 1154 20916 
4476 10887 15147 5943 15508 17342 15191 20882 2600 22548 10751 11897 11783 4060 
4477 10896 5145 10897 4943 11162 11458 2167 4700 14569 18328 
4478 10902 3767 10606 11834 4106 18402 15989 11329 18934 7474 
4479 10905 8246 16229 957 2203 6605 940 3007 23199 20803 6758 8666 15665 1741 19540 1342 1759 4777 1445 1124 1122 23667 3388 5137 4249 2999 1035 1114 1673 9896 752 
4480 10908 5723 20291 5410 482 15075 8565 2695 17565 1607 17534 15165 21700 2542 3218 2555 3986 10967 9709 4962 17567 
4481 4755 10923 10924 10926 10927 3019 6546 9124 2709 288 14381 10405 15667 571 12770 3415 5885 10680 246 3611 
4482 9854 10922 10984 2067 11056 1750 251 795 10114 11929 6355 9984 17898 10447 4729 3717 13374 
4483 685 11072 8953 14592 3007 418 1517 17531 19427 22512 15220 22839 
4484 5982 12079 0 13700 15560 6866 332 1606 17378 16839 17298 13120 1326 
4485 1528 1879 5554 17733 2258 13534 8315 11266 7029 3087 10275 186 
4486 7095 16668 10831 12707 13423 3176 20620 11627 
4487 2148 12865 2273 14287 16880 16068 4467 17820 4290 17945 20421 21680 9040 1805 1417 22518 22559 3050 1802 9886 14928 19302 14128 3941 80 2346 10911 11761 1306 7959 22958 6363 16251 6329 23779 17185 4975 6902 10415 
4488 2790 12704 2522 10873 13068 11443 4487 14474 14185 18888 1483 6369 5971 4684 6360 20907 5960 8830 
4489 10928 6691 10929 18251 9866 415 2118 12093 
4490 3866 10690 2176 14376 8046 5895 7820 4540 19332 4139 4688 8521 15675 
4491 10931 8771 9956 3437 8841 10403 1286 9643 11615 16604 10774 
4492 6263 8120 6288 6045 12441 13755 17446 
4493 10933 11667 3008 18687 14000 277 24150 18010 155 10 
4494 10934 10935 5763 15172 593 15633 15490 4687 17491 17649 7359 15530 7226 14709 21836 5069 7464 23130 
4495 9197 14270 15893 2435 5512 14707 1941 7846 
4496 3884 5166 11027 8746 21913 8125 5838 21326 20771 10125 22682 10113 20239 21699 5103 10555 9677 2597 7219 5582 17169 7916 17766 15198 13289 12639 24717 19827 9095 15780 8450 
4497 10651 10423 541 2498 14239 8759 5092 22792 
4498 1056 5788 3655 261 1870 5367 1488 811 10950 3448 1296 12908 7375 1410 326 2880 2324 16377 2788 1395 699 16727 19838 2330 19907 6892 10816 1307 4748 
4499 1638 13601 9565 13602 9499 4104 1822 15053 3526 20246 
4500 6472 2765 6915 7183 3475 8356 13024 5134 1063 17186 11309 
4501 3637 1240 5909 2637 10173 2406 3299 20361 15329 2945 2227 890 1482 15351 5241 
4502 10835 10961 1506 144 89 12693 130 12696 71 3852 9233 7183 997 2651 4040 2741 6339 254 1485 9838 10141 11506 575 1785 4377 
4503 916 5721 12362 12720 769 7796 14820 19277 2133 8761 
4504 10964 7735 10160 14217 1412 18619 4254 4472 165 16783 
4505 1312 588 12755 8502 15903 14043 3291 9013 22247 3652 8656 5013 19136 8473 1736 16613 13904 13783 
4506 10980 16500 9511 19768 5591 6316 7883 529 2482 8088 18985 6420 23727 5141 3668 
4507 3929 7730 12507 413 12611 4423 3088 1815 5105 14497 4099 18183 14987 11073 7547 2439 18831 9653 14301 11295 969 15199 
4508 179 1926 10931 9113 1384 1070 6123 1106 1614 1478 12034 21352 1753 810 5218 21039 5003 1287 1750 5228 1493 6630 
4509 4988 6694 2335 15203 3686 9995 5843 2958 15508 21623 
4510 909 2550 11957 14670 16878 17015 418 19047 19508 20831 18151 8514 1139 161 3125 
4511 9857 870 10717 9333 12296 8850 9435 5790 13261 13330 11737 2036 31 10558 1091 11658 12823 14209 14263 5990 7855 962 86 8964 14691 15283 5442 
4512 7219 969 11072 3308 1657 703 6306 3626 1342 13562 
4513 10997 4693 8816 1966 6818 171 2823 10173 4548 3831 9311 9514 832 252 216 7132 7759 19925 
4514 5747 3613 2278 15561 18951 19112 4939 599 5507 20176 3998 22775 9994 4519 1140 1887 21714 19813 4516 24307 
4515 6728 16906 17462 16004 7863 2651 6724 13884 3315 305 20600 3815 2709 12238 3778 14381 2726 12602 7386 572 10609 17829 9691 
4516 2330 10335 8655 3580 1471 73 16343 8366 5152 6252 8021 17576 
4517 3263 5320 11643 12100 2818 2871 10209 29 14821 3745 404 5575 4533 2433 57 6400 5487 15731 14294 2134 14849 13294 6153 2860 18095 15049 3638 8139 6727 7362 140 64 11214 
4518 9031 20284 21422 8764 22094 8204 8907 
4519 1079 19818 6080 1596 2962 20270 15731 1170 2694 21330 15324 22409 22849 16481 22610 3319 634 21913 
4520 428 5490 11148 999 284 5201 8794 11066 4170 13496 1630 5633 3747 15890 6023 6129 17203 113 
4521 5471 13578 8960 8128 7452 9395 2901 2838 6068 9690 208 13759 2952 23078 15943 886 1490 15658 4333 14140 21392 22488 
4522 11019 11020 2916 1696 15324 17979 386 2396 3564 1935 8539 7956 20028 1759 1123 
4523 5843 12590 2018 7430 15490 17674 17005 1902 9138 5800 16049 13177 20745 
4524 5479 1127 3430 4592 4733 3167 2815 6123 208 11895 8937 5114 21618 1876 28 
4525 8856 9328 7147 4090 8365 20277 16884 21425 21922 13908 23114 
4526 8839 1219 3026 5134 2377 15946 6472 827 368 11281 1920 18173 17434 11315 12763 12769 10412 
4527 5645 1234 11075 16005 21798 956 1821 2621 
4528 10673 10180 8958 1668 418 4218 6074 14149 18501 617 6071 5680 15337 
4529 2711 11558 17250 161 5763 17574 2112 18947 
4530 444 7341 2701 5782 12261 2776 3437 22217 4592 6840 
4531 11034 2634 11035 514 3049 12158 3053 2097 7365 18915 
4532 8125 1184 3097 1186 3275 11036 10381 11038 2016 11040 1686 8407 11042 5846 10130 2407 
4533 11045 8515 6099 16354 18558 2432 10201 
4534 1123 3013 64 2498 2292 13708 1998 16540 4939 17979 19390 20489 6812 1246 
4535 10142 2109 9956 4102 11049 324 4331 3437 5276 1288 12162 3430 14265 4610 35 8825 2776 19731 14255 2135 5615 12393 2594 3496 1679 2131 8612 
4536 11055 10022 12423 11449 1977 1465 10618 10194 15962 9450 7170 20633 3762 12115 1207 1616 8309 12647 
4537 11062 136 6986 1737 20968 550 5213 20131 
4538 11066 3241 2254 12699 12703 3610 7409 648 13313 20039 13105 1824 
4539 4567 18061 8032 15785 2978 17060 12032 16299 17064 15778 2731 8747 5171 16302 
4540 5365 11070 16284 13703 10458 9312 12759 21755 21756 2436 417 10828 19939 
4541 11074 709 313 3850 15322 388 2236 2295 5583 19115 8793 9660 17850 
4542 5429 11077 11129 6123 186 673 6144 208 6072 858 1884 226 1158 1637 8889 1528 2160 
4543 5166 1170 930 6725 15547 21913 21195 21821 15095 9119 7916 23290 345 
4544 1154 6324 3582 9302 1750 11492 21657 
4545 4207 14147 15209 13077 15018 1368 176 7256 6467 2635 
4546 3081 11154 6736 12858 6600 14558 12857 15284 4195 21308 5141 3064 808 8727 17250 662 9570 
4547 11085 5215 644 4050 2986 17136 2818 10078 839 2811 
4548 8555 16460 15828 18092 4412 9033 22327 23353 23836 12289 
4549 3340 16466 16467 9447 8315 7542 12161 3737 11254 493 17062 11757 398 
4550 6218 11159 8376 2773 8379 4731 8382 8297 17734 10024 8380 8693 7927 9819 2129 9531 11843 11379 10489 2531 23353 
4551 4661 2278 9174 136 11027 6700 3944 11085 3276 14108 1142 12181 7843 10877 1194 14077 18037 9671 
4552 962 17595 10624 11526 14928 326 6386 5547 18805 20229 2813 4467 6898 10766 15189 1326 9039 1266 4910 1541 10157 16251 2330 569 485 13343 15495 
4553 474 13504 1913 842 5397 
4554 1766 185 2928 16652 17342 2196 17116 3392 5379 17496 3567 4034 12299 11807 
4555 11102 11103 8933 12235 12236 5482 6205 10672 13343 4512 12620 17143 17185 
4556 5543 6019 2168 13414 9137 2309 1235 4818 5479 3136 4598 
4557 11107 1792 8689 3952 762 9510 18328 19012 2186 1168 11703 14050 18275 557 
4558 2446 7115 8049 11942 6965 5827 4579 15054 6203 13068 3191 13257 2208 4375 19639 2448 13786 16355 9774 13104 19041 12918 9638 14290 8814 2593 
4559 1307 8893 3993 17776 19853 4109 12540 266 9040 6668 10672 20996 5521 791 1410 5381 23259 2313 5275 
4560 7030 11120 1287 808 13865 1612 17062 1414 21941 881 3535 20177 13151 10026 12013 16038 23820 
4561 11122 469 4787 6121 1550 1873 3430 1480 11813 15015 6420 22995 18985 15296 23363 3654 
4562 870 6600 3098 18118 7419 18928 18445 8413 21758 7812 
4563 843 2387 2039 5296 9017 2321 8164 17684 6835 5258 550 2550 6868 6265 14010 15715 2581 214 17840 879 14648 12027 6158 4705 2775 1681 2580 18880 4004 16212 5415 15639 10231 8611 7697 14272 8121 8554 6725 11688 6138 13621 721 
4564 3386 1002 2779 11126 8629 272 11743 10764 578 4494 
4565 8578 4403 8139 15681 2799 16052 13162 4601 6820 19540 
4566 11140 11687 5989 293 14496 10744 13000 7965 
4567 9178 3610 11066 2956 3014 8922 5557 90 5490 21965 1902 116 10786 
4568 3485 8771 12393 67 2710 7079 6630 6144 4681 1384 598 8859 4700 19021 
4569 10034 1518 13068 12675 1098 11269 15768 11792 3145 15642 3521 2448 2277 20481 11001 10177 8236 17896 
4570 4289 11478 17551 8612 1934 22846 7665 4470 2036 1750 179 1235 1301 9406 3681 
4571 949 1792 1131 8300 5448 1120 9895 557 40 2386 5460 6549 1168 7037 8007 2862 17839 3822 19332 460 1956 2418 10721 5350 2854 
4572 11171 8726 22909 7666 19518 13701 23355 4144 23412 17309 22718 5469 9671 6975 23958 19428 6167 611 2916 15266 3253 17582 2391 20870 5473 21402 
4573 6151 20682 22875 2785 16859 858 11178 6778 11615 20816 
4574 691 6808 11178 2970 808 186 308 1478 7647 4587 2435 
4575 11154 11182 754 15708 12185 8713 2064 5662 
4576 10496 11709 4281 14370 15388 3903 3035 16397 16610 148 13183 19856 5538 12405 6923 14 2610 12954 22166 2511 
4577 11189 6359 11191 9998 340 6879 785 4629 1138 917 
4578 11205 12039 1308 2648 10788 4016 
4579 5793 12844 8379 13401 14948 14574 
4580 11210 2403 4478 332 5383 5677 16535 6139 8468 6636 2193 3436 3536 14260 2467 1456 1395 5178 23413 2205 3424 10164 5171 
4581 8041 1648 3604 4190 16343 7132 9 21954 7308 21262 
4582 11212 2782 3034 1795 9876 1225 4710 11927 
4583 2998 12320 4099 13381 12108 5742 25 9687 8641 8063 8892 12151 19540 11185 
4584 6059 11215 11799 13744 1880 14826 11002 7084 2206 682 11460 15210 16868 10642 8963 13078 18761 2409 16928 6421 12284 8831 14154 16198 20961 
4585 1300 4753 11266 8889 9826 1413 1885 3140 1204 13191 1786 1009 3111 1765 13142 6023 
4586 7799 12250 12252 14471 2235 16767 8609 7377 5080 1964 22574 7796 
4587 11224 11447 16023 7195 17298 2055 4778 4910 11526 20907 5992 21493 10207 962 12386 5996 7338 12453 783 
4588 11235 16033 6873 22448 2132 397 12158 3377 2071 21403 
4589 2766 8362 8970 13532 14049 20493 17621 21303 235 1934 2682 8850 23949 8036 24455 6263 23606 4607 13555 2027 15216 
4590 11237 8377 11883 7688 3796 
4591 11242 11245 4475 11246 3817 11247 15222 5778 496 17602 6968 9520 10008 23 3403 186 5519 2904 
4592 11257 16342 18698 10980 8983 9479 9508 2679 21852 2680 
4593 3034 7329 8718 11261 8075 20490 23675 8502 3652 232 13062 3757 447 1020 1634 
4594 11259 475 16279 452 15185 17174 3059 7939 7852 335 9995 10198 13086 5379 21875 
4595 9068 8107 2078 11272 7679 8363 11292 208 9171 794 416 8651 3396 4083 6401 11999 1493 1978 15346 2326 8122 12194 
4596 5801 12232 223 7450 2895 12069 2066 1894 19640 4862 
4597 6427 12689 1491 16044 16634 1754 6262 9450 621 320 5020 4649 3622 1168 8592 22919 16063 10179 
4598 9789 2519 17275 12198 6081 6165 251 21174 6142 5561 22907 
4599 6879 4379 11270 4603 201 1882 1257 17025 1299 18776 181 19150 10066 8929 19864 
4600 965 2424 9909 2029 6885 1670 1413 2006 1885 9757 750 
4601 11269 4447 10152 1098 12075 84 14658 3108 16739 8052 17996 4031 12918 18977 19017 5963 
4602 4237 10734 12944 8504 10038 5479 22039 7928 7452 22683 963 23339 3843 21096 12162 7575 5683 
4603 11271 11275 11277 713 8717 620 5805 11413 698 12313 6405 4946 2399 5030 2014 
4604 219 4581 12733 2403 2313 3961 6488 332 2813 7563 11619 11816 609 3102 1266 2053 6394 9869 13120 18828 811 5996 2337 4467 16512 12157 10207 3359 2330 1870 
4605 10032 11281 1807 9534 13107 1890 2419 1018 8299 
4606 11274 16178 14744 14098 3027 12358 5107 6095 3241 9092 11817 
4607 2249 3711 2607 11283 237 2206 5161 11497 3081 3612 2529 10561 12190 4740 
4608 7966 2143 12517 6143 10010 2893 8631 9921 17697 8874 5031 
4609 11289 7338 1483 4748 3233 22768 14290 1027 13860 24142 11534 17819 2217 1820 380 
4610 10491 2223 1250 10155 2881 10523 20275 5108 16847 2640 14584 5597 13471 23742 3612 7950 10439 
4611 11298 10484 1593 1706 1009 2621 7398 1773 15622 2798 15297 16916 16283 13914 
4612 11299 197 6142 9564 8651 901 4682 7735 1603 4603 6076 12795 1478 691 9232 7446 5243 6176 9134 8787 500 67 14673 
4613 3375 4472 11321 4403 8116 883 5067 11061 13115 14992 10349 799 2692 8578 2447 5183 16223 16227 15352 39 313 16229 597 16232 13124 14087 2962 5001 8842 1114 418 12233 9653 885 14849 2278 5865 6434 8768 6758 9316 17842 7610 8246 922 8796 1187 2238 2648 2112 18343 17042 909 5850 8139 17605 16858 511 2859 2291 7418 534 14944 5581 21157 21158 1810 19542 4186 13376 5258 7596 6533 15547 
4614 2089 15178 18416 18883 4430 8581 4875 6324 7534 
4615 11309 9424 3801 1507 11704 630 5290 1023 2740 44 4377 12088 5907 
4616 5433 139 15440 12427 17671 2818 4506 15008 543 1670 23696 23697 11952 15247 
4617 915 11319 4331 3678 6631 13185 13186 3262 3425 6840 
4618 9854 8055 12312 17107 13027 19440 19334 12547 2523 4928 
4619 11332 8687 9318 11368 7830 16725 3534 
4620 4149 11334 17207 324 9734 480 22782 9398 6643 24780 
4621 302 11343 11187 9897 11967 14430 15414 17657 17518 14705 12103 841 6799 20897 11280 17253 17838 
4622 4690 13157 5891 13160 10156 6087 3921 13166 42 884 13231 13228 11470 9591 8970 13314 13470 11469 6823 2179 2785 10490 7077 12518 12905 
4623 3950 3946 4861 4710 5230 3174 75 12586 7142 337 1225 482 15175 6385 1415 7525 3790 3949 3045 2256 18507 16853 8696 8977 6376 5490 3928 2274 2600 
4624 10062 4741 2591 16851 16922 7520 13235 12571 18446 9201 12999 8424 11881 3515 5540 
4625 3682 397 9475 909 5485 17605 521 17962 3572 13825 8666 17927 21362 
4626 3412 5457 10720 19751 19332 20051 20079 2098 20005 8186 21097 19512 
4627 11354 14277 13828 277 15475 15482 16660 16662 16671 18829 1914 9312 11548 19238 1991 10821 12759 17314 12584 
4628 5313 8468 12539 1410 4825 17130 5786 4542 21954 252 2749 2313 232 4926 6394 1395 6042 485 4165 9202 
4629 11357 14770 98 4377 8319 12211 12238 10960 7514 11281 15413 
4630 11358 11362 9399 11546 8380 8708 
4631 5562 345 4202 5965 1872 11751 9418 15347 
4632 10926 13135 2651 3026 14353 13909 6844 7783 6568 21884 9879 9838 15454 10032 13026 
4633 2403 1391 1389 5824 14446 219 12397 2522 1326 2208 6408 225 15026 
4634 11367 4422 6400 6787 543 9313 10351 1559 
4635 10556 3299 6443 12897 6466 9219 2678 212 12255 15104 1352 17188 1463 5361 3178 11263 232 4165 19407 15151 8219 13447 924 15062 1771 8073 5421 1706 15936 9907 
4636 11375 6960 856 3436 4109 4911 7128 6875 1488 1307 2332 15481 7775 7696 2446 3709 16512 13079 1255 3536 3424 
4637 7746 190 14253 608 2887 1592 3835 16760 20739 16936 5857 15542 20474 10373 957 
4638 10915 9533 5175 11105 11279 13807 1058 12391 11110 3123 9522 11617 19038 7750 6413 113 18793 7777 18745 21243 1107 913 7176 16374 8666 4403 
4639 11381 7938 12177 16073 17604 19273 8420 1090 784 5271 17295 2620 4681 21218 
4640 4479 3739 14594 6331 1306 4190 865 735 1805 19983 6964 822 4595 2286 20983 209 
4641 1977 9263 554 316 3746 13081 18357 5396 5183 2447 19745 18343 
4642 1916 8935 4672 798 7128 12591 6126 13217 22400 9671 16858 10444 13299 19540 12840 
4643 9986 7724 6713 5139 5909 15018 11037 3969 2953 4111 10418 22373 19804 12223 5869 23976 3520 21343 24099 7174 13158 
4644 35 5160 11431 7270 14500 9961 3449 6907 5042 6419 13770 20534 11325 6973 22883 21483 25013 
4645 11399 2878 1688 7516 2133 2854 8607 819 507 16947 1265 
4646 622 4834 1345 1688 5666 13392 12557 18903 11787 1977 
4647 142 646 11200 6798 7839 8007 460 949 8392 2236 399 313 15566 5942 4177 
4648 9253 5288 963 5044 6238 3348 16934 179 1300 9899 3737 3867 15791 6906 1528 20349 12008 2873 17025 1441 4463 20435 480 8732 7636 3086 11996 1493 1480 5505 7307 
4649 3114 1670 3116 11403 3928 5379 2274 1779 21604 
4650 9012 1684 962 14793 11525 13904 2535 17335 8496 7744 8429 13037 15023 4799 5229 1312 3209 14043 4380 14994 20417 5151 6702 20027 1243 22247 4342 
4651 11404 4041 12778 9116 4522 10469 14261 327 3264 240 1137 1524 144 3710 8500 
4652 7637 6258 15216 16258 485 210 17653 16156 14721 9539 
4653 7082 10501 7058 18592 975 5701 10924 22443 1506 8058 
4654 11418 9903 10350 5051 3671 14044 13983 14486 20561 5026 
4655 4116 5268 6175 3688 19791 2196 12601 2922 22693 13316 22694 21604 17225 
4656 6734 2089 7193 6952 5272 9655 6291 7080 17258 12006 3314 2299 12945 4538 13822 
4657 6407 8694 12163 16093 6356 
4658 2970 12666 13558 28 6359 14863 1113 18690 1926 1626 
4659 3740 11441 11201 2424 11519 3111 906 4038 12066 4862 2718 5034 10764 1002 8102 12174 10110 3174 2146 13129 13291 492 13571 
4660 11436 10013 10088 11483 12527 13278 14008 10155 
4661 11438 4432 12321 18146 11814 4365 1537 10519 7652 3526 6561 13513 13607 23863 16059 
4662 2576 5720 595 909 12029 12033 12413 18145 19390 6080 
4663 5196 1225 1455 3537 17518 19014 3949 19672 10572 9930 88 6325 1919 6106 3504 
4664 10848 11456 4126 1285 3272 2047 14987 8125 
4665 4272 12976 15210 1879 6000 15914 7640 18898 3358 11553 2290 3556 3048 20246 3936 10601 9396 4330 
4666 5763 9613 9755 3911 4579 860 1395 863 13919 14287 7528 856 13357 12157 13367 12570 326 3865 6293 21501 873 1364 23779 523 15685 1784 210 
4667 497 3425 2932 12190 2206 966 1797 8122 444 1608 
4668 4748 4813 1003 261 10950 3874 22284 4859 24363 10415 15685 
4669 11464 11488 4227 11514 4937 1384 12085 11115 6544 5673 10239 4610 1939 186 179 1478 2058 6005 
4670 11425 11266 10342 4096 4084 16769 1904 17933 15013 20544 7323 
4671 11469 11470 8951 11472 9368 9094 13166 11986 9752 
4672 11471 12143 468 6769 18436 3398 222 20690 17128 21623 16132 19646 5041 17270 2846 
4673 8131 8694 4105 3938 1436 12909 535 13056 17404 6877 
4674 967 4160 10603 15525 11189 15025 4995 2370 19980 6656 6144 5735 7668 
4675 9080 2800 6472 10141 3015 8531 4769 327 2836 14774 3570 287 15258 2726 5250 15884 21870 5840 2000 
4676 11486 9738 17824 695 17576 19763 15060 14185 18027 7269 22556 3709 3508 332 
4677 969 14149 8827 1080 1994 13478 1412 421 418 19900 2070 2910 264 2598 20704 5374 
4678 507 17687 1958 18715 11703 8936 6097 19332 3270 720 
4679 11490 15169 15557 19599 20618 21456 7866 7234 15529 1066 
4680 9383 261 4684 12539 10722 1514 9106 12751 1027 9755 6456 265 4947 
4681 4331 5493 11492 324 5599 7446 10065 4747 28 1637 230 861 3310 17333 15525 17601 22274 16075 3430 435 5114 12247 4259 
4682 82 9426 11495 11496 575 8043 4256 4749 16442 19361 20656 3026 253 2765 3187 8058 21325 15621 6724 7197 12214 21474 12872 9723 3091 7386 2741 7300 12025 3447 2662 3394 3446 658 22834 6844 6857 23039 8351 21183 20252 3415 2533 144 
4683 7037 13563 16126 13773 11107 10311 1104 4540 4678 22919 4842 4123 
4684 3482 5998 10317 9097 17013 14397 15103 2335 279 8073 9538 5370 
4685 4797 6194 11914 2970 1478 19637 6734 3248 6911 808 5288 12445 2299 
4686 7936 11485 9240 
4687 1893 2464 8276 12147 3010 1773 6934 17384 13517 14552 20914 13547 4987 
4688 8985 16392 16222 16428 14323 4224 16430 323 4821 508 6097 14569 3979 
4689 1885 11560 10293 3020 11564 10286 9907 11566 5421 11568 8495 11911 
4690 11510 11515 90 2343 14136 14242 583 9522 5249 22329 
4691 1458 8425 14766 5254 14447 6584 6515 3699 12105 1818 15899 11830 5041 6571 871 18757 222 
4692 7563 11792 13140 2035 15313 15595 17264 16364 8314 1924 
4693 103 12094 12440 12014 9967 3422 14634 14012 10284 377 21647 1049 5406 971 4277 4649 
4694 8138 7623 4435 740 1606 3296 15146 16414 22440 22419 7195 23204 23124 
4695 9983 7277 11537 4509 6862 7375 6042 17862 1823 20766 210 21954 
4696 11535 5315 8132 17233 16836 4297 
4697 3415 3132 3395 8966 5602 22925 2651 7741 19744 
4698 10664 1223 10025 656 9738 209 6312 12170 11792 2918 
4699 11539 6295 12883 12884 710 2285 
4700 430 9258 3968 3660 974 7670 12283 13485 12158 16112 22149 1966 5587 11326 16426 
4701 11542 12022 2953 13797 447 8737 11990 11936 2839 10760 10093 20046 13039 579 4623 21064 3462 22447 2642 3290 4957 15402 2228 3715 3364 13371 6169 
4702 7142 6543 11967 13855 1225 15259 7876 17715 9876 591 9897 12970 473 23546 
4703 1314 673 13205 6968 10094 10051 2863 8902 15014 556 1490 
4704 3679 7070 10609 14325 7183 7612 1298 7619 12090 254 3778 3710 3599 4242 12623 
4705 11551 8972 10798 3397 9564 12665 7718 10275 10038 2087 1287 
4706 6857 89 2123 899 8500 13310 4040 866 13909 11505 1219 3015 378 
4707 3608 10008 2882 2435 4632 5899 8066 1480 22142 20401 9261 10365 4288 3437 1679 
4708 1010 0 7696 2023 11253 14124 4813 16673 1307 265 6011 5383 19489 9383 4853 3924 6636 
4709 5228 10874 197 15483 7024 16033 18136 20657 3737 8261 10709 6678 3431 4953 3520 17955 11996 1148 16642 21001 1882 17177 3354 28 2302 3167 7027 12458 1478 2699 13505 5849 1127 1154 20919 12949 1750 324 14889 22659 1637 3582 3136 8025 
4710 11573 8889 7648 15124 21919 629 2660 17548 19928 21082 
4711 11576 12539 954 7698 10415 6902 10106 17115 3050 10309 17387 
4712 11358 8085 1251 9817 5236 3621 2579 1425 4401 14542 
4713 1710 6937 13455 16362 10397 587 3145 
4714 3941 0 326 11715 1395 3586 209 13860 17077 4932 3283 10824 5644 13867 
4715 3360 332 4103 1456 13894 9 3050 3924 21954 10633 
4716 1992 10808 11960 12277 5692 15958 14709 5111 16973 8425 279 18233 22197 17559 7707 3145 4965 22570 5017 8886 619 12300 
4717 11592 13068 11618 3124 4008 14273 17218 15060 17130 14589 11792 20184 8412 13682 17576 13335 577 14185 
4718 2350 5556 13068 5256 1467 14589 838 1223 1606 495 13159 219 12613 5872 2678 1802 17123 13867 1777 4611 13383 9634 14021 3586 1464 1823 11022 12019 14860 303 79 
4719 7736 5233 8862 17900 10210 15405 17951 2240 8144 3410 11604 3754 13446 
4720 1034 2420 12948 520 3747 7942 13319 3695 5998 11406 15937 15694 2861 16178 283 5254 7018 16492 16549 113 17520 4716 7591 12558 11313 7281 16804 1365 17081 14291 3116 262 9104 3130 3896 13391 5843 397 13565 5154 8473 423 406 10994 15203 1989 2547 6665 15725 3111 5835 90 17238 15508 20494 452 11817 
4721 9641 8654 12539 13342 14949 14989 79 332 10613 7259 11611 19173 11356 1483 7216 7274 19763 19152 19208 5971 22585 
4722 9529 2769 9534 1922 730 19467 16482 1201 
4723 11614 14013 11409 13236 18637 607 3785 11883 875 
4724 11617 3686 6413 13319 4321 13807 2282 15062 17482 
4725 11618 2586 3521 210 3077 12015 14317 14320 838 2585 4911 5893 4011 5779 1336 16326 11792 1799 3427 18027 1858 
4726 984 11625 1808 11626 11627 19501 15158 21885 11718 147 
4727 6880 264 8793 7838 15692 909 22593 2322 1381 17648 14180 1599 
4728 2366 11659 
4729 6385 14466 14418 3318 272 2791 7005 4159 19537 5408 
4730 7079 1603 21643 4203 4564 5395 469 
4731 2908 4719 237 12952 14792 15623 14031 18851 2785 12877 3541 10342 3681 19420 2693 7985 4355 2925 11825 1017 6441 2206 10482 4929 18662 20171 16928 17637 
4732 4620 2970 2932 10014 2290 4610 2135 2246 3310 11640 5799 4100 1618 4598 11645 4214 6225 10857 1717 308 
4733 3616 11627 15047 11077 3344 14393 7092 5429 1808 10830 
4734 4230 4207 19144 314 21465 5363 20603 1009 3140 5909 
4735 11641 2524 7270 2589 1841 268 
4736 4785 22921 14953 13125 11426 3543 22617 3158 
4737 11651 3399 14757 14807 6142 7119 22019 10568 
4738 11653 5697 15457 913 8159 19029 570 13881 2657 24408 
4739 5763 8175 11784 522 11922 12195 12705 12837 7570 3843 12046 
4740 11659 6218 5793 8693 1845 3561 10489 3741 3208 11339 14845 875 
4741 649 2396 4712 2476 215 6708 10535 969 6888 6789 
4742 11661 10033 10458 5496 7233 17124 5370 
4743 633 2932 2249 1873 3489 3430 810 10889 10890 9499 1441 11980 4610 9520 2087 15228 3248 1528 9309 8025 
4744 11664 11666 4536 13525 1225 2279 2892 12103 800 19915 7142 9921 14693 7892 17472 620 
4745 241 11689 240 5695 2765 7357 3394 4920 2269 6655 12773 9785 11564 11357 111 6581 3026 10940 7300 15851 1357 3410 16114 21227 1259 299 8361 
4746 11200 15520 16322 16486 323 11408 5594 21309 
4747 11672 11833 11006 438 15204 10077 
4748 7556 11008 10079 12423 1433 1104 4138 2189 4121 11141 19332 1946 
4749 11681 1679 2816 5239 13276 1431 197 509 5427 754 5615 2660 15225 16083 1478 16480 2139 5543 16487 8315 3473 
4750 332 11683 11755 7288 17507 8691 8198 3166 4478 6753 1820 20701 
4751 9075 3531 12584 1631 11739 6337 15197 15714 17915 22143 13530 
4752 760 15392 7019 9136 2534 22377 12597 
4753 5244 11115 12991 10603 808 12166 6344 2299 1335 18070 8443 4972 13642 6268 1873 1747 10297 18056 19785 2435 1760 2309 2754 21191 6019 10989 11772 
4754 4897 2928 2958 6534 3353 6146 6930 16178 7242 8923 17559 21715 9894 22113 2196 
4755 11695 8525 10557 9793 3463 9202 11750 7994 8816 9141 10675 232 11919 11938 11954 430 959 5976 2833 2451 4799 12141 4887 9057 3520 7257 2328 3209 
4756 11700 11843 15024 16054 
4757 6218 3805 10367 11379 16065 1851 13714 15059 607 5540 2432 3561 8740 15863 4401 14845 15176 5291 22327 5710 2173 13179 23131 
4758 10519 12372 8828 13269 10026 17239 18610 3150 7901 8627 7517 4333 11378 20315 12284 12194 11120 8963 11966 11466 14713 13194 
4759 9911 13926 2303 4492 18563 522 20473 6881 858 808 19248 
4760 11710 2151 6978 14817 15250 
4761 6581 368 11732 7075 384 7967 5870 2126 6472 10835 4242 130 15280 14513 6728 352 
4762 11723 11725 3925 9068 13374 3185 10482 11312 
4763 11727 9071 12914 12745 14461 5209 15502 11199 11446 8960 12624 16008 20347 
4764 4684 371 11861 11898 10337 9634 5814 2 5186 6636 13894 16458 9386 569 2204 3709 12539 1266 3115 10607 
4765 6437 11068 243 2151 11737 10446 14096 5197 3403 15655 6290 20909 1487 8549 12372 1747 4078 2607 
4766 4874 11744 7290 3994 11745 11749 
4767 5020 11703 18328 21105 10004 22131 7246 12423 8437 22919 54 11258 8985 1513 23694 12271 23851 3214 5019 
4768 11748 3711 15339 11373 6374 17712 2461 2528 20805 13477 9392 7771 10491 
4769 10751 9273 16804 8855 1413 2958 570 4067 9894 
4770 607 7148 16726 15828 22291 18558 10201 17168 
4771 11764 210 7388 4894 11811 20901 3296 
4772 11141 4949 2878 3866 777 16901 16952 614 4630 7611 
4773 1348 8531 15281 658 11583 384 3309 15884 
4774 11774 7706 3754 12706 3779 22443 6178 11730 10122 24583 22703 3415 1379 
4775 11776 562 11883 12375 12376 12463 12465 8379 13356 
4776 5313 9613 16195 1576 2678 4859 1410 2333 3580 9 1326 265 
4777 5416 11783 570 11810 1824 9273 12074 736 1918 14181 
4778 3044 3610 13544 468 6515 1365 12143 1144 14321 19783 2900 17719 5251 7392 5843 11423 1141 6351 21875 6980 
4779 8107 18407 1747 8711 164 1806 15015 19749 4675 6437 13635 2226 10637 18593 624 20502 1614 4729 208 6846 17361 21037 3668 4788 3582 12194 13460 12756 1550 3654 2691 
4780 11789 8036 13755 13760 15492 6441 2668 21113 2327 3305 8093 23869 8062 1105 24220 
4781 4868 12057 9907 8886 12105 11309 368 2920 3446 6740 4628 4377 1339 21886 
4782 4015 15479 18513 7320 2377 18839 4920 975 3394 
4783 8059 3481 8953 7732 5076 492 12814 1705 3249 2045 1186 14262 5846 14312 7146 10763 644 1586 14413 1567 5640 13216 1685 1418 
4784 1506 12329 2378 13353 144 1807 1704 7948 6568 6844 3446 3309 96 5701 297 
4785 1157 10284 16813 1049 
4786 11801 2481 12054 19246 13340 8347 18186 19754 
4787 11803 2679 2672 8684 11805 1629 11806 3668 8970 12122 5891 6087 12124 2037 12125 10630 9100 8448 13668 2316 5098 7444 16041 16995 5630 17926 1568 2004 12114 750 10812 1992 2928 10380 7465 2660 2682 3205 15845 20841 2179 
4788 3213 489 9937 3413 8253 377 7522 8007 18161 20873 8535 9078 14471 
4789 11824 2922 8923 4827 5691 3241 18866 15827 18064 8848 
4790 11665 7460 7476 6812 7219 6103 7911 6153 1673 9025 4730 
4791 3968 1648 8996 13152 15853 6430 
4792 4987 11347 337 4862 7142 12102 4044 5617 6397 17893 17518 18198 17347 
4793 10358 4625 9844 8669 3520 1648 13678 11853 9358 15026 2085 3192 4515 18852 13371 12158 12897 12669 15018 290 19144 3337 13158 18045 1694 
4794 3186 9948 3802 10252 10493 16666 16667 14917 5585 8042 10083 7282 4079 16676 12607 15274 1149 10968 18102 10883 
4795 5759 18084 3346 3491 731 2765 4129 15627 975 
4796 10643 3408 8577 4194 20230 21824 7250 1708 5085 5615 
4797 11867 12503 4854 4569 3873 21550 4227 
4798 2104 11283 4078 11790 3012 9036 3064 13620 10792 1720 16683 2482 15210 
4799 7959 11611 9382 1751 
4800 11876 1274 13843 10062 8693 15615 9348 9870 10489 2767 16105 
4801 11877 10746 5233 1039 10252 23872 8705 4079 10247 449 5036 21151 23738 10429 8298 7474 19500 17109 15952 
4802 4003 11884 7865 13448 11141 16016 4540 5350 1963 20112 21097 
4803 5835 20725 1872 10442 64 1344 4704 9975 1610 9672 
4804 7919 14746 14748 4977 3473 21701 6123 10266 23151 
4805 2446 7228 3175 4008 1282 954 3115 5669 8756 10613 10164 2813 2035 2345 609 8236 3436 485 21287 2347 860 7043 9106 
4806 1785 3212 2743 82 4017 3264 12898 13523 13535 13684 11955 13246 5598 7090 1846 14235 12830 9426 4037 6472 1636 7497 4304 14852 15873 10141 16094 4831 4573 3333 4041 2533 3091 19790 288 9534 19941 18702 253 1219 9116 3491 1807 3026 23416 
4807 11899 7064 16687 15542 20528 992 14396 
4808 4769 2000 6844 8028 8531 7434 288 6261 3853 22443 23416 1137 
4809 3678 9712 11275 1110 8011 4206 19000 1225 19 170 9921 5524 5058 4557 17248 4065 5315 4187 11005 872 16230 21802 5954 10110 
4810 11910 11974 12696 14133 3602 1920 5759 3309 4040 1137 
4811 652 7267 18946 10744 2143 11301 21288 492 2201 1670 18960 2101 1886 
4812 11920 14128 9553 7298 11820 15919 9972 1326 21445 16103 10613 2959 11932 
4813 10906 3746 12199 14428 16305 5373 5258 213 7837 595 8793 22375 6292 7838 6764 2498 7219 159 
4814 1784 2325 14120 406 326 9632 1545 16144 7 16512 18842 21451 19907 12348 12540 3166 12460 
4815 3135 9770 3146 12658 11918 179 1414 1287 8443 14811 4023 527 6019 435 186 
4816 7948 7090 7444 5579 1043 2008 2765 4015 6909 1807 17265 3346 7741 
4817 3603 11833 7859 11936 1163 13350 9904 4855 
4818 11950 15210 7884 3205 6245 7465 12190 10162 19180 13524 16320 1528 2234 19456 5873 3711 20757 2672 
4819 2611 9318 5169 13517 5065 18034 22056 21802 
4820 896 1717 2370 3238 9932 10985 12379 3523 13534 1286 9215 2246 1148 13617 167 889 10776 4237 1750 2557 2262 17165 7030 10342 2766 7573 16319 6137 6712 17300 14957 861 13793 2258 5228 5819 2327 
4821 1245 28 1884 4700 11607 5288 605 11980 1287 1480 1154 2327 870 1235 12682 1478 8888 1493 2160 208 
4822 11070 6566 12380 6849 10496 13873 13564 15505 13415 14946 18099 17828 18100 18101 9042 13029 19186 1808 16588 6215 20563 764 20620 20786 8383 10053 20506 20221 17936 12294 3032 21659 8338 11451 22572 18921 5419 4244 11794 
4823 4192 5471 4430 19040 14140 1487 11255 175 
4824 9489 2224 3938 12008 11770 4738 2297 4432 13091 3963 2435 13937 13238 
4825 11969 12241 12243 11180 11353 4070 14889 14223 11305 2816 11554 10144 12655 12041 4270 6992 6958 7884 13091 4541 20303 20893 6476 16491 20856 21495 21188 21155 8559 7171 11431 10360 18371 2801 4284 10342 21663 7119 4566 
4826 11972 5793 14751 14843 16689 16899 14013 12097 875 2767 12447 
4827 2453 1451 11975 272 2146 5127 3418 1415 6398 12668 10151 1898 1110 3312 5031 17480 8589 2718 2159 8102 906 11347 3593 9976 16335 5917 302 20680 4987 3740 9064 2320 1641 5506 8778 18250 620 2449 11967 15150 7010 4862 22367 375 12586 13782 2955 20007 569 2857 2813 1255 10570 4989 23835 9592 1002 
4828 11977 9901 12213 8588 228 9043 15885 16082 16087 4010 2137 4393 6122 21809 923 22346 7132 23555 
4829 11980 9211 3589 15170 4214 5218 2067 17194 17976 2820 525 810 
4830 11989 3877 408 16265 17293 450 4281 7499 13461 6009 2268 8458 11323 7234 14576 21456 9312 10825 1695 7776 
4831 11992 963 4544 6518 11994 11996 11997 12001 3489 6879 12010 1882 6004 5493 12013 5386 5599 3867 
4832 6636 1384 2071 753 11642 2337 2065 3618 397 10550 2718 1530 8315 
4833 12004 8677 17220 7503 15686 6937 
4834 18 12009 12011 1225 5920 5119 6257 3318 14561 1859 14874 14895 2779 12103 3174 8474 17580 9064 3868 16335 8733 5792 15414 19737 11927 14430 2566 7143 17014 12066 16337 15465 
4835 6393 12012 7548 13598 4398 5121 20053 2078 18673 472 5949 15339 13929 
4836 1781 7967 8028 10469 658 21325 2981 20656 4520 4015 
4837 11622 8155 10826 16643 8279 13531 11070 21754 3156 18829 12226 16265 
4838 12027 597 990 5022 9936 20061 1194 6593 20704 399 13927 
4839 6139 14571 14976 2583 1011 17823 2330 1326 13786 8654 
4840 2869 1296 5955 954 6636 1098 7048 1326 2590 3233 2053 326 1831 6014 210 1328 9636 2918 12438 1575 5186 6893 2337 7295 2286 225 6443 485 1540 3580 14148 332 
4841 10734 2689 20422 20423 1679 16604 522 2838 4854 11452 28 5218 1926 2089 4610 1857 18645 2246 179 6776 
4842 2858 11224 17264 8764 2054 8756 2337 868 8782 8799 2077 10168 
4843 12038 13488 13857 15923 16926 16927 22489 
4844 12040 952 19114 19294 5019 357 9079 11991 2334 17966 21805 
4845 9034 7040 2295 3144 10673 13268 990 16036 883 13927 18335 15547 4513 19159 8029 19900 381 15420 15975 7552 
4846 12046 7442 5542 12052 12053 12054 7544 1661 4719 10523 186 4365 3526 5763 12676 6258 616 14753 905 1614 14756 7962 6555 197 11303 
4847 10653 12050 13087 1524 8594 13841 6905 1348 2981 7054 3853 254 6060 12409 8043 827 8621 12058 4920 3309 14774 4179 3457 13666 7197 14695 575 2419 13535 5602 2378 
4848 1365 12168 619 6819 5254 9907 13469 2547 
4849 4418 3391 1794 12056 730 3779 9572 12058 12059 2216 12062 2377 12065 9529 11775 1350 6867 3599 12377 3301 12830 11701 12064 13306 7769 11872 13386 2568 3984 5753 2362 3289 6248 13210 8497 4037 11628 239 11893 1348 14740 4663 1117 
4850 2137 4111 3377 6481 9597 4693 13158 15018 2936 8219 5304 1020 1634 3058 5150 11268 5270 3637 16109 3660 2071 362 4010 1368 11909 4976 9135 5532 7806 232 5151 1489 18540 11465 
4851 12061 7964 5899 6840 14975 5443 17483 19798 4907 21082 1857 164 18786 16295 4259 
4852 4603 1384 1287 4227 201 3526 7640 2970 1478 2168 757 
4853 12068 2424 3123 7373 1204 1906 21282 8148 13109 8395 20696 14701 
4854 12070 961 12123 430 1489 12126 12127 12130 707 15325 4011 
4855 2746 3704 1517 3944 2653 2365 388 9767 12082 5116 100 2818 3244 3927 553 8973 4704 5311 4414 2407 551 10077 6533 8925 628 5575 9230 6868 2999 5747 7523 6521 547 12840 4786 11113 5183 2433 2916 1741 2396 386 2072 969 981 2477 8679 3421 12979 12732 7760 4661 13268 1035 11021 6675 10373 5376 617 715 4320 13924 14047 5086 1342 9898 3964 11004 9639 6071 166 418 2278 608 912 10542 13582 4506 16193 13090 8723 1727 11214 10377 2760 2911 16395 3119 5586 1170 404 3746 10669 3698 1000 13081 521 940 857 3165 10214 9647 125 16003 2270 13603 17648 2266 1124 1356 15665 15293 1759 957 3365 2617 1381 129 4795 6691 7911 8773 3744 264 922 595 12403 2596 1092 17918 4939 4048 19900 13478 5749 142 3626 16226 15220 10597 20017 14069 4186 4427 10906 8411 3388 2503 7847 1994 
4856 10564 6183 2431 12521 1243 11587 12755 5151 13062 5359 1240 13077 4301 4393 9355 2406 14818 14881 12726 15179 1321 15423 15528 5361 15930 5038 318 15853 10068 16495 16640 3652 8004 385 2637 10901 11286 10556 5054 10112 12070 17006 17475 6111 14126 8867 5909 17959 16578 8948 9358 19932 1226 7744 867 8219 6415 13609 11547 19804 4501 1331 9199 14632 19778 10560 8510 9057 306 20153 18018 17504 21139 8434 6641 4957 19144 20653 11750 16489 20172 22167 6702 22203 4855 9791 961 12227 2405 7260 3649 18983 
4857 4827 15109 12930 20537 17331 13319 143 17174 3751 17005 15312 913 19131 19536 5557 829 943 21868 15193 20426 5691 7109 8884 3640 999 22136 
4858 90 6564 12640 11568 750 6186 1593 14615 
4859 12085 15968 14095 15037 1270 11574 10236 
4860 12101 2962 13811 264 1657 3453 215 6266 1668 10671 969 6725 6306 140 
4861 3942 136 133 817 5757 3345 3007 14690 1238 6725 2968 10673 969 275 16175 313 5021 2911 503 15547 2532 19540 2341 19308 263 20725 4890 12840 5187 5022 
4862 12106 16105 16161 4413 1248 13596 11236 
4863 12107 14716 12798 10560 18652 15491 17592 5570 2243 9279 14229 7475 
4864 12110 2709 10251 3391 8621 7459 10410 9278 168 11701 13107 8299 16801 18988 15177 17682 19748 10609 2264 18572 
4865 12112 12113 6283 4781 6876 11227 14710 
4866 2489 2972 8613 13265 11917 3368 14541 13756 551 553 
4867 10026 3654 8452 15098 81 16642 6630 21939 17383 15097 
4868 5034 12134 8474 3947 17347 18198 18623 301 6257 6542 
4869 12137 9020 12146 12147 8228 6956 10151 1230 9814 5308 1500 17409 17410 17472 
4870 12158 14043 15654 9436 1133 13487 11998 6163 
4871 11276 4856 10497 11408 6105 13809 12504 1104 8046 4834 14329 14630 14777 14824 1511 7470 13674 
4872 5187 3421 6888 1294 142 2407 17471 969 104 11955 511 3309 10462 8028 2709 8533 2510 7497 8801 14774 
4873 4681 2294 5958 1353 3517 2067 5060 324 435 6237 3466 896 898 17037 85 226 4603 10322 8344 10773 
4874 6466 1126 1489 17894 10480 2630 13592 1312 397 11852 
4875 7257 1990 8258 2823 3463 1126 3967 6713 4325 1457 6111 12366 
4876 7098 12205 5019 6236 7516 10179 15660 9248 2235 1950 13174 13983 8607 14379 16449 6387 15361 13844 19753 12285 14634 1120 12723 19114 30 3169 6262 19179 21368 21482 22311 19519 16016 16149 3822 21132 10690 21991 15784 1958 769 4464 23149 23638 4224 557 3350 19434 9722 17152 19462 24016 7556 21333 24054 
4877 1630 12303 1918 16778 2603 2630 20684 9624 5812 19559 14941 12391 6413 913 10575 
4878 12179 17677 17738 440 1173 10887 283 17561 11560 4680 
4879 12181 14626 6669 6428 17287 15731 2886 5562 2961 17471 16732 
4880 1479 16253 17908 2187 22383 18003 16309 3871 10762 21738 11620 15117 11316 
4881 12183 12482 12615 14493 4046 14177 19742 21186 21742 17578 
4882 5187 4514 4852 12842 7666 12893 4516 4049 8700 2470 13432 17301 5022 
4883 1478 12192 13414 15291 7928 1154 16869 4700 678 673 
4884 6207 1317 17732 5551 17084 14546 9307 12395 4747 3437 2952 1478 4610 
4885 4748 12385 7551 12386 1174 2208 3436 15146 8805 2678 80 18352 2099 13867 1515 6133 5971 19208 10873 20383 19907 10833 
4886 805 3499 11607 13064 10705 6426 6212 19789 
4887 2092 4379 12544 8093 15079 10065 15424 2519 
4888 3437 4323 808 5228 8771 13349 9405 1154 3025 19719 7079 18786 7023 19102 3238 12163 9491 8859 9213 17799 12861 
4889 12212 8043 10932 11775 2769 14090 12770 1350 130 6662 13243 18878 17355 6724 20656 
4890 3186 12224 4727 6834 14917 13110 21331 
4891 619 10525 62 15713 17482 5112 20118 124 12324 9619 
4892 12230 19533 9686 4880 5676 17027 7677 12187 
4893 9113 17373 808 19758 12133 5288 1783 15025 1154 167 
4894 3070 1810 2314 8343 15991 1114 16443 13825 
4895 11998 2630 3250 1517 550 18026 10917 6708 8953 312 8539 
4896 375 77 6542 9876 18198 5954 1641 2555 
4897 136 133 12663 12936 10449 3007 3345 350 5757 16864 1861 2968 18037 969 15547 1191 18884 6400 6698 2532 17287 9002 
4898 5530 2382 17973 17125 18556 16639 15294 3991 20058 13999 20943 20515 17749 
4899 10358 1055 618 3053 909 2337 8870 1322 2757 515 832 6423 
4900 12267 1772 8406 12282 1287 13505 
4901 3866 5019 10497 902 1155 12271 6180 12272 5145 12273 10208 777 5460 10745 9412 9374 12978 2005 2425 7166 2878 11703 9280 15635 4003 2186 2889 7861 15599 7820 12583 8795 5020 
4902 79 2023 954 14720 3580 15642 11051 12541 12751 4932 10153 
4903 313 6891 4309 550 3119 13078 27 1759 2997 1726 1194 4572 12847 9659 5749 14950 6628 5902 2811 3780 3365 13389 404 3832 5838 57 1030 15349 5015 80 16418 10484 1732 13445 8785 10449 
4904 1051 15280 8166 3814 2706 1063 14090 4179 305 
4905 3741 12278 1380 13509 7927 14390 14391 15637 15843 14533 
4906 4987 18049 15994 8718 6684 6799 4557 8244 13387 15543 18198 15438 7876 5620 11201 4450 3740 5167 2791 2271 22316 2450 5127 18246 1898 9922 264 
4907 6555 12345 6184 3432 3433 13554 
4908 9259 3583 12295 13847 12600 1226 13848 14051 13692 19227 10760 19228 9904 
4909 12297 3921 16789 18051 6970 18265 14965 16273 
4910 10784 11894 5121 5123 243 7542 4369 9398 13435 13795 8770 6600 3936 15684 2932 17062 7836 3340 
4911 12299 12300 12303 1779 2991 15171 11083 8558 6346 1824 
4912 2507 11932 13217 1471 13068 791 7909 2458 6756 1483 16727 17123 2827 17096 16779 577 4780 19078 9875 4180 18664 
4913 8066 2748 13789 3098 230 19118 12133 6256 20307 2149 6561 8551 2699 13172 14756 3933 7419 20492 4292 14558 14549 497 5043 8584 7907 17328 11252 18174 7812 20998 14834 208 5599 2710 17498 8220 21527 3592 16033 16431 19218 3086 17177 3859 14016 22050 5543 5084 181 7307 
4914 264 1727 6896 7125 2911 10673 13165 2811 16180 16435 7643 9639 16616 10938 1035 8111 1729 2070 1633 9896 1596 4661 1933 19417 4339 6888 19900 8644 21187 16514 6628 1955 2976 5018 18031 104 8749 15881 1668 6788 19709 711 3793 1175 3723 1294 
4915 12305 6831 12332 12941 17920 73 6489 3488 3993 19658 1825 11454 18897 15903 2328 18301 3652 2337 3506 20734 20901 6196 2849 13131 1966 1830 232 3664 5366 17318 19416 3439 2136 4501 10556 15967 430 5074 15894 9169 437 10552 8692 9500 15018 1840 23321 23880 3018 23420 
4916 12311 16449 2844 1237 17263 463 5406 2843 257 10350 
4917 7027 2829 2482 9511 6496 12650 7029 5591 3982 13511 
4918 12316 17826 10640 18699 18921 18282 11835 1005 
4919 3147 7523 317 2322 912 5181 19419 6604 49 20072 
4920 11703 13169 1977 18737 12285 21785 20592 19462 12557 2172 3959 1730 21097 
4921 7517 14011 3358 12499 12310 805 15240 5006 5822 5218 16633 7350 17211 776 17976 4981 4355 18779 17798 6051 
4922 5857 1560 521 13216 20412 2605 10381 6513 
4923 11945 4192 942 12333 5782 1286 1384 13054 2952 2463 9489 1679 2873 10709 10403 21788 1638 23121 
4924 12341 12342 7627 10412 368 7459 327 7300 4040 12623 1728 1474 
4925 12348 14128 6729 1784 19601 21238 17517 3508 20766 1336 9638 
4926 190 4775 9415 4057 1196 3038 904 3755 13117 16330 
4927 12351 4636 6241 14170 5218 14415 14678 15634 12184 2304 12793 4188 
4928 9564 7027 7954 8518 13737 1493 9520 12010 5084 12013 
4929 12353 4371 13241 8066 2258 4632 4185 1009 7373 2524 6118 6062 13957 1926 9398 5505 11487 4907 3231 6544 
4930 12357 3430 1495 6344 3863 7950 1384 808 1493 870 4610 963 9702 435 21094 6734 12446 6906 12665 
4931 12358 1009 750 15530 5251 6515 9740 4316 6826 13537 9152 459 18124 11177 12790 6569 17874 3145 10757 11771 279 5393 1034 
4932 1528 3078 12499 5599 3996 4719 2089 966 969 8925 7455 2203 2748 2051 1717 4449 6251 4084 
4933 11615 6144 6630 1286 1337 5567 1288 4610 10931 14166 2495 1091 1090 4270 9576 8344 4682 3522 8261 9661 2455 1764 7638 7393 9520 16033 18127 5543 4647 7944 8671 760 11902 15296 4972 163 20715 1753 20919 2195 16572 11044 776 91 3358 1822 9254 2155 
4934 12360 12927 3239 21572 17020 12201 7474 16447 20677 9021 19061 
4935 6123 11129 13078 10879 217 15902 2342 2168 16670 6520 18430 7973 17955 17546 9232 10674 8261 9254 
4936 8551 12363 2699 17328 8413 1528 3430 3098 435 1245 3040 
4937 4818 18117 10155 633 21871 22174 6250 8088 2685 2679 12986 23892 15502 1873 
4938 6678 3240 1421 4587 396 1884 20341 21001 11607 4084 226 605 881 
4939 2172 5952 13456 1265 9502 507 6097 8007 15383 15384 
4940 7973 12369 5863 2455 5505 3458 5084 6198 1661 1570 19702 
4941 6362 12371 5499 6437 7721 1709 20168 19108 1165 13094 12971 20348 1941 237 5141 
4942 2399 7020 2014 397 12540 10744 17248 8075 1894 4329 4191 15515 21408 2675 8566 13468 1810 
4943 3592 768 4613 3431 5490 6036 18822 19783 6573 6141 15215 18890 1204 
4944 7247 3559 188 3146 19386 4511 10550 397 6706 6723 
4945 12379 20446 1287 808 6630 6144 5123 2463 4430 81 1612 16047 11189 12934 10005 16198 
4946 1637 3425 4288 14146 5030 9976 8053 15414 3527 7742 2885 620 2449 1898 7774 4212 1225 1894 3045 8717 
4947 2446 856 1780 11611 6936 70 3233 7048 485 741 1828 3115 8052 
4948 12389 1747 6072 3678 6123 7577 396 86 3025 942 
4949 12390 6526 10626 13573 3561 3741 14845 12289 20034 10201 8084 3307 18703 22216 22629 22327 22896 20920 15328 11876 13536 16054 
4950 8926 16434 16824 1711 17861 17087 
4951 5557 7109 4827 14070 7399 15633 2004 5212 2424 21868 13181 
4952 3348 67 12401 7029 14362 201 1245 6493 7573 4331 
4953 12402 14995 7446 5220 15004 15013 650 5155 5443 2303 3444 16298 
4954 2670 3731 2610 1808 2268 15139 15158 1991 13703 4474 11 8155 4127 4350 11639 16585 6337 7866 7776 16873 6498 545 17390 17597 
4955 12409 7294 3155 9885 2920 10835 6724 5695 12433 4015 12506 6535 2539 1846 2765 7477 7090 1038 13243 13246 6320 9292 9799 
4956 3944 8751 3626 16982 19540 15331 608 22283 17471 
4957 12428 15430 8515 15244 13606 
4958 10786 14236 4965 5213 16932 7299 11423 17117 8354 9805 12894 3773 23445 
4959 8007 5406 5721 14554 14557 3169 4842 10455 9991 21771 2912 16149 11787 
4960 161 14416 9653 4099 19352 3375 20668 5742 21229 3225 7541 2786 11004 16845 13846 5722 4327 1696 19169 17856 582 14497 14101 18451 21846 17714 11206 9924 22130 21655 11295 15960 5001 4812 5901 20788 10213 4177 22575 
4961 2354 11022 1221 5963 16512 5955 13120 2347 8265 7623 1780 8755 265 11001 8799 6490 6960 2946 21240 
4962 9770 633 11189 13626 2036 14559 15779 15326 14925 3310 5272 2664 11120 12672 469 1496 407 11615 
4963 10128 5218 2199 12085 5247 6616 1426 12152 11255 21093 22484 7290 1091 10717 
4964 12442 3632 1441 186 633 11924 808 527 6290 2327 
4965 12443 9286 13598 14564 5924 7045 9999 7213 1302 
4966 8773 20072 17015 12384 10917 17452 21290 5215 1816 847 10444 521 12083 787 885 3705 3125 19081 
4967 8814 12460 1042 1827 11289 2035 3521 11792 954 2056 
4968 12458 881 3646 1528 18069 1384 4227 186 16033 435 942 20617 12044 1211 3727 1871 226 8315 
4969 2134 4268 1944 19217 957 12024 8925 21362 7633 8842 23383 550 6158 20295 14999 10893 4100 3042 16038 1535 2400 616 24251 4499 18587 1760 8889 3310 2970 784 22659 
4970 2932 1882 6241 3717 11129 1490 8025 14925 6908 5554 5288 7636 1676 10128 5228 3737 1879 
4971 4346 12474 4113 8482 2155 9323 13027 13349 11615 768 
4972 3115 1307 2330 10323 5851 13219 3580 9386 3083 868 670 3995 6408 12675 2522 8092 4805 1467 5186 1820 6253 16617 7563 8049 1801 4509 838 14148 1826 1326 16090 1539 6394 21125 7817 14290 19208 2813 209 2918 2286 2678 2790 3533 1870 792 17372 1410 22805 2788 10258 3296 23185 8265 1390 1805 836 
4973 10369 16597 1053 5490 1765 10895 1573 3027 6294 1141 2922 956 11617 5691 17223 11586 22030 5428 
4974 12485 19387 15719 39 16982 21589 11139 16738 13849 12787 5879 
4975 12498 2962 12792 13778 3276 9559 9975 19004 1170 8451 1657 9260 15008 19900 6428 2376 15780 78 505 16207 23833 6052 2253 4320 18335 3405 14694 
4976 7862 4661 418 13811 215 3328 19818 15731 5105 13685 18063 883 
4977 8125 9409 1604 2818 14795 14508 550 3276 21586 1664 5079 1647 
4978 2002 1754 13801 5020 8761 6798 13188 11107 4003 10311 23153 21105 22131 
4979 6122 397 2635 225 4757 1743 1312 8219 2071 8258 9514 3382 1240 6811 10617 12509 6443 12510 2823 12513 
4980 8121 2648 1644 8838 2860 6878 3041 7746 20817 2783 
4981 6889 1106 4114 6256 16032 1287 11945 5599 1478 3632 8889 14771 9661 6037 11615 10734 16347 15089 6182 
4982 1088 2969 5308 2718 4989 
4983 5048 12752 17640 18029 879 8554 1238 2396 6691 
4984 3172 7736 7473 12927 5009 15989 23587 23443 7765 8395 4074 3469 10544 4079 4692 10883 8292 
4985 12520 12640 13164 13745 8202 14902 587 6034 16070 16291 14284 648 5557 16736 18654 
4986 2235 11484 5631 1791 4637 4638 15003 10627 19524 
4987 5763 12857 1431 13453 2218 10484 14558 7639 16012 13365 17176 15210 5247 7950 6952 10495 10017 4372 6972 10491 17712 3845 17062 
4988 12522 4297 5319 13187 3179 15574 8874 9149 11584 5861 8685 12106 20294 788 16195 12539 1309 4859 1420 873 20931 21284 10850 9824 20129 21371 7413 21406 3521 10097 20901 11223 2330 6252 15793 5763 
4989 10026 15391 8802 12312 16604 12767 20785 17702 19517 12194 23203 14380 8861 2607 7901 
4990 12534 12535 4079 6553 3803 2416 9527 6744 8259 10781 2643 4006 15659 13110 15916 16716 14916 5585 16884 710 4090 14869 14485 4526 19398 5342 8169 13303 12848 
4991 2304 11615 16604 2249 858 379 8000 3859 28 396 8771 3189 13626 
4992 12547 12555 12849 17416 
4993 12556 12231 15500 17055 13761 5892 14109 19541 6470 
4994 12559 7790 783 2062 9824 21713 22942 4911 4054 21583 73 1639 
4995 5494 8889 8929 15501 12970 16604 5543 3492 15326 12777 8443 6243 
4996 6891 14017 13478 313 7184 418 2910 19655 12420 14526 20028 12840 19540 21330 1738 2818 3729 
4997 11703 17263 15317 15340 2172 2158 12423 6387 5020 21368 524 4842 4030 10243 
4998 870 2089 5155 2463 6359 2299 1760 12660 13101 10346 2297 5238 1158 7193 1441 5733 13539 2620 13759 13570 4303 201 12745 3437 1384 12054 1603 9261 13518 2309 7575 11902 2258 17718 435 17062 10275 1154 
4999 11113 13481 14249 11021 2203 922 1477 16404 12281 9098 1283 10279 122 1185 1000 
5000 9932 9940 237 11178 19757 18804 3352 6779 4690 6002 16928 3435 5509 2785 389 10509 10858 18146 3648 13094 16122 2139 21495 18985 
5001 11339 13356 14706 8557 5236 17852 6864 17971 18703 13714 
5002 3094 9994 10535 815 15889 14026 3281 1657 
5003 12608 13089 3409 7753 7845 68 17031 6568 3853 22703 
5004 3769 11278 13088 9482 2305 9960 1526 11968 1601 2421 16132 587 16362 121 11423 14102 4817 15297 3018 8202 3965 6694 
5005 12612 6553 4006 7096 5338 13999 6150 3168 8365 9948 3469 18642 17160 19398 12534 15294 
5006 12617 1395 17161 1003 326 1805 14290 3115 13860 
5007 10673 969 25 3284 19427 634 22533 15802 
5008 9102 7669 3449 18974 7468 18989 1435 5160 10893 8150 12945 14516 596 20442 20443 5699 13743 16783 18003 15766 21876 
5009 12621 13592 17338 15320 15848 20298 20513 13797 18867 2584 
5010 12622 4406 11154 1115 7280 12724 9878 12725 2654 6935 
5011 12624 12832 12835 12838 11371 7985 7544 16538 16607 3435 15507 15210 11803 6437 20171 21077 9299 18371 19108 22139 12363 
5012 2792 15210 14826 1880 15751 13744 20168 1103 4719 
5013 2435 12985 10297 1857 5228 4676 3737 16915 4492 7022 12942 12261 8315 3575 7975 4227 4632 5271 20164 1612 4489 8423 1317 22080 
5014 4582 219 2193 12632 11948 7578 12634 1420 
5015 9879 5134 3187 253 3029 7194 13879 4922 7864 9560 3801 15649 1807 4769 14513 9839 6842 19200 3779 8299 1725 15367 
5016 2083 4669 981 4018 9631 7837 20381 10423 3070 6153 14351 18361 20382 
5017 2922 999 4473 5392 13181 13182 3036 13191 6665 6036 3145 1058 1009 1902 11066 
5018 4645 16059 2754 6002 933 1537 624 870 17062 1287 
5019 6405 6398 5265 17730 18811 1438 19167 11743 20846 7595 
5020 8080 131 8848 999 12656 12657 14503 5251 334 14714 14715 7119 1148 1992 14807 2421 18076 16859 201 13541 14284 1786 9676 283 18782 4717 1593 
5021 12659 7675 3572 17221 12133 8732 12152 22186 13435 606 
5022 12662 3403 9505 9644 13876 13365 12672 
5023 8637 12735 7916 6013 2398 13289 8115 1196 64 23290 24652 24692 
5024 345 5995 12237 4358 7414 23667 25197 13268 
5025 12671 492 1530 5991 12716 8475 21288 4158 
5026 3504 13543 15262 14731 3157 947 6265 10876 4390 3797 23059 
5027 12677 870 4216 4985 7836 19613 14145 6815 10484 7084 
5028 2788 954 8265 13068 12675 2344 4487 14185 7228 14518 2332 6161 5309 10707 8056 17072 17388 16326 4768 4872 157 11588 19763 22127 21262 7563 6862 14128 1391 
5029 5117 10781 8576 3073 710 3201 11011 2416 4006 7372 15954 7317 12680 4475 12508 16889 15294 17725 17125 18642 10913 17749 10029 18940 11831 16028 7828 6373 683 6308 21569 
5030 3884 5684 13420 1712 2364 1194 690 1387 2157 13324 14245 296 628 
5031 12681 9235 5953 12612 12687 12692 11834 3204 14338 16987 7658 16992 10543 15294 17750 17700 19398 21248 20433 10083 18649 
5032 12684 267 15638 1902 11148 15609 2721 1568 16566 16706 15426 4340 
5033 12111 1750 3608 1211 442 5457 13483 6275 19332 8985 10079 8721 21785 54 755 7968 1237 1619 769 
5034 3464 9729 2953 13840 15853 1739 18576 8087 21216 7819 22246 
5035 2524 12697 3878 8632 21942 10765 16567 22075 9495 7296 
5036 4713 13642 5646 3430 861 15959 
5037 906 4986 375 2374 4581 7892 19825 4710 7732 2271 3045 15321 1894 13244 6155 12323 2210 8001 21575 6799 5119 8244 1898 12733 
5038 12707 11794 11718 14393 11217 7229 1520 7315 417 12715 
5039 5268 2241 9598 16900 1216 62 9907 6663 13316 7506 15694 11566 12017 17760 10757 17550 17980 
5040 12711 14652 14653 9323 15409 14734 6145 3081 2303 4371 4885 10023 6997 17858 17884 1939 17646 3849 208 20156 9069 17946 17887 16985 3648 12867 8994 9100 22786 11686 2154 4355 
5041 12715 17235 14576 5370 16324 2670 13653 14393 5734 11217 1808 13415 148 4474 4132 4350 21800 10399 11718 11794 
5042 727 1304 849 979 11168 7864 3026 5579 1890 19200 4179 2419 6546 9560 4242 13012 7810 6725 21318 
5043 12723 7502 9079 6512 12627 1172 12477 103 18484 7003 1688 1791 463 9502 18039 6236 8446 4802 4314 19982 11141 7489 5020 439 564 3750 20297 1168 16300 12423 5406 4943 12718 23700 6689 18618 
5044 1750 4818 1537 5561 3472 917 650 4365 7652 13030 4237 4470 6475 3310 16930 1006 1679 2519 4360 6002 1384 435 808 16245 
5045 3709 1326 8052 12541 7588 735 13256 2467 9703 6950 16326 
5046 10850 3941 2467 332 4703 13560 13561 4221 6831 12564 8021 789 10148 326 1410 2324 873 9736 9 1326 4924 1266 6422 791 9727 485 
5047 12732 4677 165 17440 10859 9767 12951 728 718 6788 
5048 12733 620 13525 2566 9592 4950 3950 9105 8757 15414 19331 16335 14430 227 4387 17838 19119 1110 4201 21473 
5049 226 8000 81 13239 7077 7652 4489 5849 15391 19828 1384 1528 18094 1882 6290 10931 19681 3592 13207 3632 776 16519 4100 758 1353 23838 67 
5050 5256 4703 326 3511 479 485 838 1223 1467 3051 9031 12747 12749 209 13066 309 6636 9738 5038 14336 14148 1576 3115 8219 6127 2330 210 76 11130 13428 18187 3050 10414 17576 12613 3857 1410 
5051 10878 859 9882 12847 99 10789 2152 10074 21229 7541 41 20546 909 885 989 
5052 7549 15146 16103 5903 12453 19580 11856 4910 7195 9827 
5053 9697 7831 2468 9409 14882 925 6080 10597 16510 16584 4824 16590 12979 16226 12204 
5054 12765 15164 8513 17741 17827 18006 18205 18030 5369 17001 19081 17598 16172 515 6855 142 5850 11006 19540 7203 7100 19674 386 21677 1586 
5055 1869 10905 13576 1731 5310 1124 12979 142 19542 1304 22515 14642 849 22726 2772 4427 
5056 370 215 969 7746 1035 264 1657 15337 
5057 1885 3825 3111 1572 4742 9909 2018 4034 11423 3769 
5058 5357 616 6258 186 7532 7598 
5059 6872 2957 7728 2425 6798 21985 5020 11531 
5060 12781 1918 5298 1771 1766 5416 3695 14181 142 17270 5252 11648 14132 6704 4742 17631 3834 2274 19113 10071 
5061 5134 3187 2001 12088 17089 8262 1273 15579 21870 6724 22969 10120 3091 
5062 9782 10995 12786 13248 7520 12618 
5063 6425 250 5324 5576 10231 1769 13416 7835 10975 3705 13756 5857 6761 843 608 2805 14478 12029 14654 3922 13627 7590 499 2582 16301 16656 13229 7607 848 17272 8641 902 20208 8324 19736 19169 18952 2004 5843 10715 20061 
5064 8375 15328 15615 15863 8376 12786 15843 1380 20034 20057 18558 19506 17396 5540 15176 10489 3307 3515 18009 8516 6311 8380 22245 12482 9870 3796 11240 16744 1392 
5065 2102 84 332 15690 20681 13079 6648 13127 
5066 9084 9277 7576 3591 18562 308 4610 18127 5218 18700 18701 4318 2303 4194 4702 2294 10693 4084 3592 5517 1257 19150 
5067 5556 12876 836 12879 11001 3536 10996 1801 13357 5830 13459 4190 7254 3233 7216 73 10814 7274 11857 6411 18128 871 14663 3111 9909 15672 16706 1593 10382 7226 10380 10071 1771 17911 7398 19642 7299 5835 7430 19733 4868 7651 
5068 12808 7636 5231 11615 10931 1202 2218 7022 17380 810 1314 14811 
5069 5594 12813 10307 3092 10497 2889 22368 1951 1157 1155 14256 8416 11408 
5070 3058 11089 12821 12887 12888 12889 11004 13756 9403 14417 17178 1994 15566 2295 548 13084 1810 20489 5955 1494 13198 485 6031 53 8059 705 8343 22491 9559 
5071 4237 2139 1148 4682 5123 5561 21637 4070 16920 15210 
5072 7265 6258 616 10484 662 12899 12902 905 6926 12905 13712 24026 
5073 12818 2550 13114 2516 6859 8898 2811 1035 5612 1906 5662 2424 19347 2721 3018 18550 2064 23335 16177 9140 1885 2004 13142 
5074 4179 3978 11775 8357 287 6229 13978 1506 2651 571 384 19528 15308 4418 5618 3775 8465 3443 8299 5579 20032 71 20257 7459 1789 20518 9124 8104 6724 23320 246 23621 2578 4697 14732 6166 1510 11732 19979 23469 7425 7494 21004 
5075 7687 14637 14077 778 7387 3215 15357 10673 2476 418 13768 7347 14696 13933 553 
5076 12827 12846 6018 3986 6265 8396 3770 9709 7498 4962 1554 1522 22567 14539 22051 8743 2328 10202 22848 8479 23750 18283 
5077 11375 3709 5313 1101 3057 9641 
5078 12829 3951 11289 16623 5982 84 10244 4684 4567 14059 10775 17958 1027 4190 17130 19484 19017 1540 14665 12574 13068 2048 3847 9383 
5079 12437 4952 2969 12047 2466 4157 1451 2967 11201 13399 
5080 11913 14139 17112 16100 13382 17407 16706 7299 18994 17835 
5081 658 1728 13107 3093 13444 3155 3679 14063 19569 8531 899 
5082 2476 1175 563 264 363 10050 4339 5434 12432 2070 2916 4356 3295 16967 13478 19192 3629 2396 5577 6174 
5083 430 2112 1696 15566 1593 19342 1572 11676 19426 19843 428 16694 3834 3896 1824 20078 20306 11716 18582 
5084 3002 6532 4675 12852 15296 6437 18445 9069 2607 19690 
5085 11399 1950 1964 3350 20915 9934 23255 23399 14044 17359 20079 524 
5086 8437 14966 4743 16150 4314 14439 16887 1028 10049 5051 491 20589 
5087 1869 848 849 6605 15527 15580 1246 10077 9908 4824 10547 925 388 11340 9697 19859 5015 981 
5088 12849 18384 18444 95 
5089 5362 7659 5763 4584 1989 4575 1571 3773 18942 6086 1670 1923 17009 10529 10046 2020 14293 13738 2042 3769 
5090 10558 4682 1091 5044 1127 4379 758 2656 208 4695 
5091 12863 7219 6874 14913 8059 19446 19859 165 4824 6371 2043 14359 
5092 5972 12236 13867 13894 11375 9366 
5093 148 13584 5370 13047 5497 20964 19661 11217 1980 21479 16710 21885 
5094 3711 4885 6757 13956 14219 17934 11353 12905 19050 15210 
5095 12866 842 648 14855 15678 3145 8080 17740 16896 
5096 12867 556 8530 14683 5873 18557 937 9902 20268 21099 9479 5278 
5097 12877 12878 12676 14494 11097 16532 1103 17623 
5098 1725 4769 20032 10469 5840 19588 327 11545 3264 4015 19521 3210 23298 
5099 2532 11114 3388 1246 9850 5187 7867 14831 4514 14285 16514 19621 14517 6767 2512 12208 
5100 12882 16207 11386 1268 3964 12595 
5101 2168 12990 12991 13167 3737 6118 8325 7539 6002 6032 9690 6241 
5102 290 397 11938 16757 962 15899 3693 2220 4537 24837 24698 24092 12897 
5103 10612 13921 16608 6640 13723 4469 452 2241 3145 6036 17351 7079 2970 18242 4632 19892 13349 1679 3437 12945 19719 
5104 3741 7752 14574 8626 18299 23353 23131 11339 13236 21547 
5105 12915 12928 5678 12877 17514 
5106 11353 1478 4070 4282 10584 12495 12483 1878 8325 15812 15434 7570 20893 5288 4284 
5107 12918 12315 5923 2678 1054 9227 1255 7043 695 7277 5830 9595 6987 
5108 12925 2091 1104 918 11008 12285 7202 16946 11408 15135 15569 23057 16901 
5109 4536 18655 9064 11890 15856 18522 1886 13245 14348 5058 
5110 12934 446 8216 2260 6144 18022 3087 6204 
5111 7579 9609 3518 2256 10151 3883 3880 15534 17304 1225 1900 
5112 9153 9470 983 13183 14401 5751 4244 5429 18568 10223 
5113 12943 8717 21611 21624 7506 5302 10085 8495 9206 4584 3111 2809 7398 11560 10369 
5114 73 4610 10356 12675 15554 16128 10459 15944 8888 
5115 179 4610 2656 8902 2560 12963 8577 12446 6921 4218 2302 
5116 12961 2651 3777 12062 1728 2264 1920 3378 
5117 186 2342 12050 15570 4920 5839 21411 314 12821 17837 18228 
5118 12965 13798 2641 7137 12862 179 15134 12231 11615 5228 5190 673 1878 13529 3449 11966 2500 12319 2607 444 8774 3154 1944 12662 19517 19368 5064 12493 204 942 606 18407 
5119 5465 9237 1530 990 551 5817 5684 3927 2341 14508 8769 
5120 12970 18676 19135 12987 3025 3869 4671 13119 8413 11147 13887 2952 
5121 895 225 8219 17318 1983 1484 20153 15744 2147 5465 7012 1031 1894 
5122 12668 2025 8305 11983 7328 15150 5723 4053 15221 7727 10503 8649 3945 6106 6942 4873 3740 20885 
5123 12981 12107 16711 16112 19144 14891 21467 8996 13780 4241 
5124 12988 12835 8390 9654 13213 5763 5299 5639 10991 406 
5125 326 3614 1410 7817 485 2790 441 1003 3580 3359 2053 4768 954 3360 3655 120 1296 1307 2813 265 3050 3166 13860 1467 3191 1326 20095 
5126 5215 13008 7970 17283 9594 19101 12239 2476 7597 969 8539 10074 12854 12151 15547 7201 18006 11596 14359 19540 2376 10844 885 3225 7188 17626 3944 5067 1195 
5127 226 11615 15794 1300 2594 5673 5276 1414 6137 19517 179 15391 
5128 10000 895 10232 1297 16520 10418 8520 224 12533 15179 23455 6183 2635 23110 
5129 484 146 4350 11354 12405 83 12707 11684 8253 14256 3899 8936 16892 9944 12423 12715 6922 10831 
5130 1452 3165 850 49 13324 1341 3572 1450 9951 15665 7219 
5131 12910 593 2552 15182 15193 3610 1876 4592 
5132 13013 11983 21142 6547 2197 13273 2276 12009 3605 10477 18427 2256 
5133 5383 9636 15685 12539 17387 2023 3508 6135 7492 4748 21011 18828 
5134 13015 13501 12392 14534 4288 6882 3730 23137 
5135 13020 13726 1258 10534 21988 8306 11271 18435 
5136 13024 1785 2769 13144 13146 10048 5000 2765 10412 
5137 13027 8889 1070 4530 5463 5357 2309 200 15728 7437 10861 
5138 4824 13430 2560 197 8325 1158 9620 4049 7622 2911 4186 2083 2166 11114 9896 1019 
5139 1657 5187 4099 14045 9896 8679 4110 388 3698 14027 806 17200 2498 7844 969 296 19540 19619 2072 6525 18451 932 16435 3453 19717 623 3629 634 3627 2550 17471 7808 3244 18967 
5140 13034 13035 13037 13039 13040 6466 11833 14182 14183 3290 14339 
5141 13051 13052 6407 17211 3540 760 11229 21203 21691 
5142 576 9137 3437 12458 469 3425 2359 14311 17236 6734 20431 17317 
5143 5942 20472 10214 546 18947 21035 23297 1685 1121 1374 
5144 13058 16747 4581 7005 7210 1886 13142 5214 5662 5490 1773 1706 15089 17677 6130 
5145 4835 444 692 6123 1478 2065 2294 12321 
5146 2301 8355 15770 18690 22554 3466 23261 
5147 4795 5185 15288 16512 9632 3516 20007 11269 12541 6408 
5148 3892 990 17471 10040 7994 225 15722 962 11160 22687 808 204 
5149 1679 20295 7280 4636 8885 18209 9578 3657 232 20999 645 397 212 225 12158 7711 
5150 13083 17199 2297 14919 2481 2970 1478 7640 22500 
5151 9595 6987 264 8548 6679 6306 548 2550 16971 628 4704 1810 15975 25 2911 16514 1035 2598 5719 982 20188 3319 511 7219 399 13478 
5152 7461 1657 5018 13090 642 3626 969 3793 215 2476 5686 13295 13296 13326 5504 
5153 870 833 3310 15893 5288 13738 18436 20781 15125 418 3510 
5154 13100 8682 12675 8021 11576 5185 13810 12814 2452 21084 1943 9737 13199 22094 17218 
5155 1879 14112 5682 2641 17444 4499 3065 18792 19032 14607 20442 1742 7103 20613 21003 
5156 243 12333 2766 5220 9662 6118 7964 1154 14016 4237 915 13822 5260 435 17062 18923 7193 6019 6630 8770 3863 4154 10566 2168 7973 469 17463 11189 1603 7538 2299 12379 7323 9410 
5157 9409 2152 13699 14196 14642 14861 2080 550 12958 2974 8121 3138 4427 17408 15516 
5158 4492 1385 1679 13237 4700 9932 11414 197 3859 2224 13277 17236 
5159 5338 4006 3991 4068 6308 14431 4074 21065 987 2734 7234 17314 15294 
5160 13122 13124 705 13659 17452 957 1374 10136 22651 21926 14644 
5161 13125 14121 6081 11229 11870 236 19930 6144 18500 4753 186 6656 11851 16840 452 3353 1988 6141 4965 10046 15325 17649 
5162 5852 13149 9799 15281 6828 1890 15280 14732 19244 1273 82 
5163 11720 7792 1894 5464 11350 6385 18511 13417 426 3514 11777 18066 
5164 6667 17269 17044 20625 4 23181 
5165 397 12806 11239 4612 20222 2953 3652 1624 
5166 3626 13162 421 9371 6987 909 969 1035 264 2916 1657 5103 3453 142 2596 3964 3927 4339 
5167 1250 6963 12049 2776 858 1874 208 7952 5329 10523 14982 17075 7797 4379 9309 18241 8859 1421 17163 19299 2131 18415 11487 17166 12052 4430 13937 435 175 4882 18853 162 14309 17171 12858 1436 9416 9102 3323 
5168 10581 3130 14330 5214 15549 3210 3069 7258 10462 
5169 4494 13548 7329 14389 6994 739 6385 4724 12135 3004 
5170 11417 17945 1768 73 15961 5815 13256 18317 16999 3580 
5171 2552 13320 12943 11152 19620 17836 4034 5254 5612 22570 
5172 1034 12791 3747 14165 2729 6711 6946 7572 11724 471 4589 20317 3686 20494 3077 22548 14104 14135 22342 7495 21623 6665 13588 
5173 12703 8403 11207 4742 13462 12684 5113 1706 13482 4575 2241 
5174 2120 8099 23395 22929 16304 9777 9725 10872 1951 24591 
5175 4548 4010 8403 5836 12306 5099 962 16359 3463 20249 21137 17437 2328 14877 21251 
5176 9159 1172 5020 769 11208 14645 3145 4742 1790 18832 
5177 1403 14035 14115 2985 14226 4712 9174 1574 
5178 4011 962 1312 12213 892 16071 1325 231 15075 10380 
5179 13194 1629 14807 12220 201 966 18529 18530 13143 20190 2139 13017 16620 20886 21466 
5180 2079 14965 9266 21385 
5181 918 13348 720 10117 10287 770 5666 1433 15036 2418 5895 8701 1104 6502 4121 11703 20592 
5182 1611 3219 15467 3081 10326 2151 12556 5875 4541 
5183 13082 13210 575 16470 16471 1201 10462 16474 16031 20396 12417 866 19569 2727 731 7444 6067 12110 15271 
5184 11515 10098 17881 6930 15490 1630 22771 
5185 13215 9182 553 1731 3746 3927 11194 18539 19054 6986 21225 4120 2387 
5186 11948 1326 326 485 3676 2813 1307 1784 70 19763 8052 17132 1467 1483 4768 7 6901 13257 20286 3738 2217 5889 8049 2448 3115 6490 15448 
5187 13218 5950 4758 4298 4085 8816 9135 8013 314 3209 11326 9588 2132 18983 11263 1240 2220 9762 12158 23001 
5188 4331 4284 1637 16075 2594 2302 2294 1382 18658 598 4846 5819 3437 1764 2359 
5189 2344 15107 4311 8052 12751 20983 14148 2448 23056 22153 2035 12539 445 7274 
5190 11002 2304 12190 9953 6470 10325 15014 15210 3711 22603 7884 3081 105 3612 24546 14382 
5191 10673 13478 3942 17652 10444 12412 628 18063 15337 617 16514 20028 12840 
5192 13257 8814 2583 5781 1827 4477 13383 19373 
5193 9258 962 1019 7652 13794 16245 5210 13333 3526 6775 
5194 8960 13260 162 10639 9741 1154 197 7446 497 10491 14755 396 496 4122 5856 1637 6672 4489 6391 3863 1760 6429 
5195 5543 12458 8482 1528 5276 379 67 11255 7446 12493 7973 3808 22743 1679 4603 2935 1382 11924 2116 5238 
5196 492 18012 18467 10187 17562 8371 440 6129 3689 22152 10887 185 
5197 7362 8793 1673 16262 17681 17979 1327 8571 1114 15999 17652 6880 7755 1290 2046 18406 3635 3927 3613 
5198 3319 563 543 2818 7895 7704 12100 9975 7762 1134 
5199 5571 10377 3244 8665 3926 2267 3234 2910 15337 3956 5845 3705 3039 981 
5200 1963 13282 8007 1619 11703 9349 4121 7489 5026 15314 5708 14323 15867 4003 16722 7221 918 4138 3245 5666 9374 
5201 6220 7213 18016 4370 4614 1978 19832 9038 3040 1936 4639 19835 4070 6717 4610 2995 9899 9946 15058 6045 15753 23128 
5202 5571 7663 13229 2270 1114 6504 21640 34 1810 
5203 2911 8637 7597 1501 2433 4099 2725 5001 8746 859 2559 10673 17856 1729 3793 17266 184 1035 11004 7461 
5204 2932 15418 17062 15963 2656 2065 8771 15210 3430 13793 3859 
5205 9491 9956 12162 1528 1384 6952 1822 2932 186 10709 10427 142 5680 12412 
5206 13313 15277 14070 3127 3123 18554 17407 593 842 583 11807 16177 21980 18766 12074 19971 1646 19435 19644 5843 7504 17128 15530 23214 13519 5633 23853 12543 8202 
5207 10139 619 3059 1779 3747 5919 3220 3769 16049 17198 10786 21277 8697 
5208 8749 6700 1481 21586 1430 2486 1757 5373 137 17 16516 
5209 12380 13029 4136 13415 6056 16690 9205 8257 6215 10821 8247 17611 12807 17759 8290 4474 2734 11667 4127 13564 411 8428 4132 14521 13214 13461 20077 1005 15159 12759 3893 1980 12715 16324 11758 
5210 839 3063 13117 17015 15572 11095 413 6888 13866 
5211 890 13740 832 14643 8956 212 397 22432 5154 6443 
5212 13339 14684 6492 5495 3366 16813 21462 21296 10526 7611 
5213 13344 13345 7966 906 2718 3770 15941 20041 6303 7892 
5214 11515 6095 12304 2928 12074 2956 3116 6351 13590 3106 15672 22113 4064 17807 4901 20944 1204 17174 8855 8794 8159 335 23521 2987 3197 7226 7398 6693 2600 1779 
5215 12083 12248 15330 16256 242 5469 7220 14944 6138 4196 
5216 9850 13896 14696 2692 2321 8950 1079 8578 2646 19851 
5217 9734 9717 4751 2896 9416 10964 274 3493 3529 22500 6493 5663 
5218 12615 19506 
5219 11002 3081 2529 2139 8530 11647 3612 2785 2206 2784 
5220 6292 13373 12048 2498 936 22775 13930 13706 1444 9474 
5221 13368 5228 950 6808 8972 4122 28 9308 808 8057 2309 6421 1286 
5222 11596 14271 15731 21907 18794 78 20212 15719 979 847 12912 19539 5050 3828 1572 10515 2621 1526 21999 20595 750 7495 
5223 3116 9089 12076 1107 5111 5162 2600 7460 17311 4591 
5224 2003 14692 14808 8873 5302 6095 3695 3689 5835 6750 5843 1173 6175 13723 
5225 4113 6123 15728 1836 16928 7654 18070 13754 14264 19595 6921 9308 19248 970 9084 10322 4161 237 
5226 2816 3081 16312 16313 1722 2206 3219 15030 4114 6256 9462 7784 
5227 2135 10603 9367 2147 7005 841 21683 9966 4387 5792 
5228 10064 14094 14095 14096 14097 5247 1490 2656 861 2109 3936 6921 10612 186 1287 17708 1436 8752 
5229 5843 11424 5557 3059 3928 2108 2358 750 19131 10948 1365 12074 15836 10648 1630 11304 16989 21243 
5230 808 8972 6444 13506 13511 13512 179 13724 28 4610 
5231 13385 12318 1002 15121 2608 18 234 14561 574 15515 2288 10879 75 3949 18800 17268 4201 11927 3791 15414 3072 5637 8717 9064 22032 9050 20 11637 23543 
5232 13388 19994 4756 19801 64 1738 23506 7663 418 13478 
5233 6708 13285 9617 3234 5857 4166 635 10449 
5234 13395 9510 7516 17234 19816 4223 14820 2167 2172 20730 23168 
5235 8022 1978 14318 14458 14459 14499 10812 8585 9909 
5236 2922 5213 13400 8884 5426 10433 18716 5212 14002 6036 284 
5237 2683 13754 8101 3576 5114 10976 19066 10236 2177 18186 15655 22675 11363 
5238 5215 10213 3063 4812 18363 3596 11430 8293 17568 582 5741 5177 10878 9884 
5239 12755 5159 890 9514 3652 13608 5502 1486 5054 7133 
5240 13409 968 16097 14409 19339 17934 16431 
5241 13411 954 1027 1803 6096 8175 3191 5556 17077 1364 14148 16685 6488 3233 18483 1378 2286 1306 18828 13707 7563 5381 4888 12539 5383 6211 8018 9613 15685 
5242 1158 16203 11461 11414 208 23987 1717 2370 3437 1245 2594 
5243 13422 3376 13447 660 2284 6466 4010 2625 14075 2833 15012 3520 15090 3460 8669 11977 4726 13592 3342 6641 8817 15351 5038 14247 1297 9354 15018 13994 2192 17183 290 1367 15320 3715 18487 8807 12158 13158 
5244 1307 3516 70 11792 2286 2448 10177 1780 4509 15642 11183 6901 13256 84 3536 13257 19763 6490 21262 15685 22710 3376 16891 377 2076 7489 1688 
5245 4378 13434 4799 225 8816 9909 1204 15792 8886 9016 10418 22459 10596 9590 11750 15724 
5246 6840 3040 10176 164 11642 15346 9406 16033 6451 16990 18178 9447 13374 963 808 10334 17551 5510 870 5615 933 4216 8060 7789 2092 4470 3711 20552 435 3680 
5247 12802 6122 5694 5951 15938 225 15939 2642 4431 4511 4693 579 6806 
5248 11465 11286 9354 18641 13158 5154 16520 19804 15471 18983 15435 23628 23675 10997 
5249 4227 7339 1103 2785 12046 16787 17454 17194 16847 20608 16129 18495 5353 269 21901 20737 2523 14121 10802 950 19185 20368 14038 13098 8787 4328 6383 
5250 435 186 13457 3859 13458 4489 3437 8651 324 11799 
5251 13465 4100 28 1154 3221 1382 2260 4610 1487 3437 
5252 639 4996 2473 5583 3215 543 1035 5586 3119 1185 16353 2407 628 547 
5253 5664 8985 15680 6502 15682 5531 15693 2172 8254 15784 11258 1951 
5254 13471 2135 2304 16699 12054 11680 11093 7544 905 5892 
5255 13472 425 2068 3165 5374 2916 16645 7177 17309 2498 9647 19776 9797 8843 13671 142 1595 1140 7414 494 1727 5704 23762 2711 
5256 3999 2985 14913 3235 3635 6104 7001 15904 21317 3916 22553 1595 
5257 13478 599 13479 1955 19540 5575 1727 3038 18062 2911 2653 
5258 6234 2746 580 551 10299 5300 22451 13055 5138 19605 3746 15353 17582 7552 399 7418 21598 6700 1668 
5259 323 5666 4314 2862 2902 6512 6097 9937 4464 5474 15361 
5260 3244 13380 6863 11039 20579 5376 1664 264 567 14821 2818 
5261 2967 1110 3797 4710 6684 17518 3023 14760 2453 23595 
5262 13493 10418 16844 17592 18476 19929 17475 15992 13633 22373 
5263 5673 8972 2993 2518 379 6952 5543 10931 175 19517 6579 20435 16604 12677 5649 
5264 10323 11356 2337 7857 8049 1547 10211 9862 4583 6253 3536 16196 70 4904 12570 
5265 13498 14222 1114 14623 5648 7622 11352 12831 1139 
5266 1981 9741 8518 5479 15018 18487 4511 6443 2932 17025 870 19719 13349 1760 10014 5228 308 1493 
5267 1753 186 2873 7079 4610 1822 18016 15222 20435 4695 8093 
5268 1612 6570 4432 13277 12885 12745 13759 13570 14356 870 14827 15658 3437 8960 16589 16686 10531 16818 4237 16964 7339 17003 17023 17063 17195 5717 2326 2092 18075 11189 4066 201 17239 7273 3804 10144 11507 7628 3416 20612 5260 7964 11266 
5269 548 5022 2280 7585 4120 9881 4249 4824 1599 49 1321 18477 
5270 2416 8292 9198 8169 7311 5224 
5271 13520 14029 8435 2186 952 2671 10690 918 1207 54 97 
5272 5751 13528 13530 3531 5035 3731 221 1991 13531 3886 2734 2735 12294 
5273 13536 7148 9817 4496 12933 2570 13756 12844 14542 18526 17928 6445 7934 
5274 6189 13694 12921 2715 18171 5575 8334 21913 6057 5576 
5275 9502 2724 524 6097 17406 19294 7003 9700 12423 3274 7246 12273 4464 3822 
5276 13541 5426 457 11278 8923 3695 10216 4591 13319 6109 2428 5843 6515 5692 5379 999 10221 
5277 2850 3614 13765 632 12158 7990 15604 15772 1486 17641 16426 20071 18257 18641 15018 18228 6723 21465 
5278 5370 8208 3660 4298 2635 9852 5466 14701 14877 8813 2730 8258 
5279 13559 2270 16374 2772 4878 19419 1445 850 5184 7837 
5280 3220 7491 1531 3858 1034 3229 19620 7503 12304 6431 9082 2987 8333 17198 6663 21806 5882 119 16792 14744 19644 8159 21541 13074 6146 7604 18543 5763 
5281 7932 3615 6728 11660 1137 9467 1018 21325 1023 6581 6905 19797 
5282 13568 7477 98 8801 15033 994 2008 2709 13107 17922 6745 13958 7357 8117 
5283 13063 15417 14941 15217 5213 3111 1181 4610 1679 4227 704 10008 808 6077 1384 324 11492 6630 28 1478 435 226 
5284 13574 11428 2901 851 655 8581 
5285 4786 9347 11061 5622 1020 225 1321 1126 3463 5359 17042 4756 4018 
5286 13587 3169 4943 13845 9247 5666 13946 2422 11264 8721 10897 
5287 10673 2312 14593 5166 15161 13708 1854 2401 2596 12412 3453 20028 21195 19709 1294 
5288 13594 13595 11845 2713 16184 9342 1051 14800 17998 19244 8878 14133 7225 17434 
5289 67 5515 1105 5007 4603 4143 28 1478 15079 186 1421 881 12565 3425 4122 1245 5155 496 1876 1882 9166 8940 473 19150 14809 5856 20500 15525 1154 
5290 9170 6537 12158 16757 3011 17126 1352 9793 10047 282 707 
5291 1920 15271 8533 674 8801 14334 12830 19790 1357 5279 18572 3024 15726 3333 2709 14381 9605 384 7187 12062 22847 7477 21298 14090 
5292 5375 13598 12194 11971 81 12646 13599 16763 14255 4105 8518 6455 444 11189 606 
5293 2236 1342 215 9217 476 6216 6747 12900 2852 3780 142 2068 19616 13861 5749 12302 244 313 3786 
5294 13604 10475 4559 8997 3136 1353 1384 5813 1424 5155 5274 496 435 8529 12161 
5295 8972 7079 1926 17025 12458 12163 13329 15013 18069 28 3585 
5296 12241 13628 12041 397 9045 8816 9219 11160 15918 14980 16264 13565 2151 13550 8203 17500 20855 
5297 954 14580 10608 1805 14148 2832 15868 7041 14128 10722 17096 6965 7775 14857 14571 2344 20632 3857 
5298 8399 3710 9233 6581 2800 9779 18474 14189 
5299 7901 13616 15392 4070 12194 454 
5300 7602 13621 4019 5581 9555 165 17528 849 12039 4004 
5301 1773 3114 11724 5843 6381 7879 20318 6219 15965 15214 
5302 5460 13631 5448 2176 1172 2854 3750 11260 12557 13438 762 557 7968 15452 10497 
5303 8828 13598 14969 186 8969 13078 12133 15386 4227 12192 12774 19592 274 4016 21026 5015 2112 214 39 5942 912 4756 15349 10291 9778 15807 597 12280 5611 3147 21384 23374 955 9660 21472 19851 1668 1246 8666 23031 15547 248 14232 4939 
5304 13629 6886 11318 10159 909 1696 5177 3125 6835 312 2962 78 2725 1647 16369 1579 5722 4151 3596 2253 595 2558 845 7813 17714 4551 1815 413 3929 13913 586 122 2498 550 9351 174 18518 511 3755 11098 10673 3453 15572 13866 6837 18605 10080 20017 19540 4498 13478 6855 21104 2238 2818 
5305 13634 9634 12654 3900 7312 3161 15377 17541 3580 5154 13331 21239 2313 6365 1802 11288 
5306 4625 6122 4380 7140 22680 3178 1369 16757 18045 21646 12755 2209 22455 21465 252 13039 20416 20361 22428 1609 2630 7756 
5307 13637 1832 9 9039 838 9781 19555 326 21084 219 70 
5308 13645 12820 13777 13915 14982 15817 16487 13134 2801 1661 16752 10070 13712 6996 2151 
5309 3044 13646 13647 6943 8794 1034 4687 2064 3747 13785 5490 559 3111 9912 10369 2006 7373 4469 
5310 13649 8700 13265 4998 13081 14285 15625 6691 166 8593 969 248 5415 879 8746 18285 21429 12199 19128 1308 6833 14492 21945 19540 19472 
5311 132 1030 2291 11132 136 1591 15696 17283 1817 17850 9653 
5312 13661 7092 6553 5530 3469 6746 4184 16508 12973 1149 3497 10210 12607 1371 710 5953 1036 3186 17923 3677 15405 16884 18578 18731 13908 3590 19921 12604 2643 20547 20548 16949 21034 11522 21269 11242 5526 20277 16993 21452 13303 477 10663 11539 
5313 3236 1105 17577 3189 15568 14884 10076 19195 2249 5615 5479 5085 12499 211 4882 
5314 10864 3048 2816 2199 5552 6435 7836 3489 17177 7656 14931 8312 5699 4541 19316 12041 6470 7919 7702 21410 13795 21001 3262 3871 5203 20391 12667 
5315 13676 8721 6777 16106 16615 20316 4689 21829 20637 1954 2172 14193 7003 
5316 205 15154 587 15616 10730 3241 15698 15977 16132 4064 3500 17381 3699 3751 17484 5843 1824 
5317 4756 22775 12979 20412 14972 2083 9555 4339 19900 
5318 4563 617 11295 13880 909 2910 17856 10074 8773 2725 
5319 6830 8443 2925 11649 14265 14269 3968 15967 1163 17509 5763 7132 430 19656 11765 229 21340 2928 6130 7226 1593 22473 22510 3323 
5320 4972 1679 13835 2455 15005 19333 2523 9144 304 11026 17211 784 20522 14846 10036 851 
5321 13695 7120 18212 10085 5912 
5322 9690 3136 6483 8732 13892 13862 4214 12395 7973 19533 9084 1286 1871 14311 21126 
5323 13698 9258 13715 1325 10559 1133 430 5054 3969 19830 
5324 13702 7079 10709 10341 8651 5084 16670 7985 
5325 6396 3491 1130 14765 4424 5840 8872 16703 931 7036 4245 10845 4556 7090 3482 3570 12872 3446 3978 20032 21870 5756 3131 
5326 5995 2006 13086 14283 9784 3773 1989 748 11865 4024 5214 6156 2241 2004 
5327 13708 14137 20692 15963 22421 8193 23031 9695 1810 19670 6216 5648 1194 
5328 13709 12417 19052 12188 21360 12341 4418 3611 9291 4037 7860 1758 1507 12693 1350 12062 12686 24359 
5329 6465 2943 9860 4441 332 9439 5860 14124 11654 3536 4546 4440 84 1307 9569 12635 17896 6480 18796 18537 735 954 18393 9761 9362 4317 17229 18524 14185 3993 18420 2813 9207 21583 5824 5830 14860 17742 15575 13867 6408 70 8391 
5330 4079 2494 14878 12884 4554 3186 10250 10663 11754 10387 17386 2240 1276 20353 19563 14159 19566 20933 4759 3204 16098 10029 
5331 13717 13107 3443 6828 8978 15187 5134 16988 16734 17997 4041 
5332 7029 435 12293 1879 5163 11559 7027 3087 1876 3517 1884 7446 12061 
5333 5288 12916 17789 7560 9256 1303 20717 
5334 190 57 1030 6400 1429 5995 2134 989 18619 15731 511 16971 973 15975 8796 8246 7387 8723 538 638 455 21241 19567 19540 14359 8453 10427 19709 
5335 7775 4180 5185 8760 8198 13634 10849 1256 4182 11970 7686 18336 1820 4567 4290 4932 2788 4815 485 19784 11001 4226 20766 9439 6085 6133 21556 22724 
5336 5005 14283 3145 14135 131 1315 2928 23407 6826 4064 23702 23507 1034 
5337 4031 7228 2955 12438 21287 1282 2354 2448 344 10329 
5338 13748 885 1035 1817 161 8451 13376 3225 4099 7158 1815 4561 12384 
5339 279 13462 6571 14947 14070 7412 3111 2991 116 3783 8311 15508 6870 15631 5426 1573 6332 3688 18606 2358 3229 11075 14902 283 19360 11503 1034 7871 20241 20317 3114 14491 5490 7036 13881 6980 4687 10834 2430 13590 
5340 12768 13764 4797 7167 3936 14559 14621 12193 4879 6436 
5341 8028 4697 13841 8801 724 352 8399 3301 3815 18513 22787 3391 4052 15281 
5342 8371 2274 3610 7430 459 7467 13590 5557 15576 1034 5635 457 284 587 5254 15892 12962 11873 
5343 10721 21105 439 18328 7556 1947 7820 5666 755 2862 1619 
5344 4090 7311 8298 7049 10913 8365 1276 7129 4106 4006 2293 9979 15278 13450 3204 14431 20972 15140 7282 1039 3817 9335 3469 13999 10252 4184 4475 11246 5221 
5345 13784 11979 2401 2341 638 3558 8450 12181 1196 4551 273 
5346 7239 13908 13916 7096 1156 17179 12201 9527 1026 12508 15201 8298 3204 6744 13747 17386 12534 3073 19042 8602 13907 1039 1149 7473 
5347 5145 5457 4295 1754 640 1 7246 971 14022 5894 10830 2621 9097 5005 5832 
5348 5797 2923 6667 9337 12670 800 6405 17196 11297 5308 8201 492 7703 3945 9225 9714 
5349 1251 10489 7148 8709 3208 3414 1380 9821 
5350 4586 10281 15243 8793 14543 10905 18361 16226 16584 12213 5139 4511 16167 16656 7969 20017 21028 1741 8017 2112 
5351 10212 467 13995 14084 14085 621 14164 13311 14457 2050 7611 1787 15111 4721 4678 7912 1958 3899 10226 4224 13171 1047 916 16947 12440 17686 2229 561 18612 5305 20163 
5352 13268 6708 1246 2433 2818 1729 15719 4183 2484 10673 11039 2004 9097 
5353 11610 2637 4301 2284 20403 11286 4726 3454 11909 974 2099 4085 
5354 921 1141 3879 5843 6981 11078 16581 15457 9019 16903 13613 7162 17631 5400 5188 9784 17999 62 619 4608 
5355 9320 13468 7476 1114 3839 386 64 17648 3013 1246 4661 6371 3572 7201 13679 
5356 6217 1688 18150 19332 13348 5666 323 1155 
5357 12893 4049 13903 142 2962 1737 5747 2171 3405 8773 15462 15881 
5358 9423 9136 4603 3522 8902 3717 16274 9511 5799 15391 2666 2838 4331 19517 13642 7573 12589 14847 3517 5599 6921 5505 3938 19150 1154 14925 6123 20715 
5359 3436 5171 741 8271 695 6591 79 1784 5781 13867 1464 1266 
5360 65 13982 1324 3038 10289 8125 374 2648 14310 263 13890 
5361 3621 14845 3561 18637 2579 15863 15242 11265 
5362 2313 4511 24719 21108 
5363 8192 7430 3116 6571 16271 9448 8068 12656 14283 1786 15453 11423 5269 9138 6704 12358 17174 2928 121 3192 2335 13218 
5364 247 10982 6954 914 3308 1562 3295 6501 1872 5582 19371 1999 22718 
5365 4729 2065 3236 11894 9956 10233 12672 15655 16274 15210 16033 4719 4610 17317 5243 
5366 13858 9759 4827 15490 131 1527 1568 13318 10245 18064 20537 15312 1058 7777 21868 428 17740 
5367 4419 10078 9431 12639 15547 9599 16858 4050 
5368 13868 638 15875 8450 8125 10113 1170 2597 6670 10285 2398 19363 39 
5369 3206 5726 4049 13871 13874 21089 9057 21258 410 5804 7299 
5370 11894 13887 13238 3608 21039 3493 16075 11487 20909 7834 12815 
5371 1314 16245 9030 6630 22579 6251 6616 7901 4084 8211 
5372 1023 9091 7434 11937 3029 1137 17375 1807 1253 89 144 24200 6844 
5373 11543 13825 14180 17681 6880 823 4249 18667 9695 8759 21705 22595 14476 6103 3850 22593 
5374 6845 14238 13637 4226 10323 11508 8092 10767 18113 18114 10145 17644 11526 1326 19261 13068 14804 4825 18586 14128 11761 9589 13634 10962 8232 18608 6494 
5375 13891 8804 14239 5522 1448 21534 3793 22515 
5376 2785 237 12190 2051 2327 10196 2816 4252 12241 6461 2762 2784 13968 4430 4719 13969 8310 12274 13972 4369 4362 1044 5276 1761 5924 6144 5561 7613 167 2993 13980 1358 3939 4639 13988 5272 230 11772 2995 1025 1257 10519 2952 9891 5613 4729 2226 14071 1750 23 14140 7788 4360 3526 1103 2199 4346 3863 208 6421 186 14144 3078 12054 1106 14145 4227 12052 8789 203 5699 6256 14146 8651 
5377 13895 1838 8277 19377 840 4648 7675 19134 10840 16104 
5378 11918 4237 3863 3400 8888 950 1879 5091 8997 23 16000 208 11521 3238 4682 11607 6005 2247 
5379 13811 100 13111 14297 14440 628 17479 2553 1238 10542 5199 189 4963 
5380 1019 279 7572 5832 15272 3332 11829 3241 7942 3747 20494 4420 5726 1955 2267 
5381 2943 10722 6365 5476 12654 12574 14511 3709 13721 1420 
5382 4309 23239 138 18752 15223 20735 
5383 5566 13914 5490 6522 8812 3695 5201 2006 7226 4892 6152 9563 13965 11564 7373 10071 8068 1572 
5384 1750 1717 5849 6475 10903 10509 8940 14919 7042 5441 16811 2881 6391 10065 4806 4458 808 1528 9232 13069 14169 3859 8329 8579 4603 20116 20117 5442 7178 16562 3445 3403 16348 5490 12750 1989 2018 8283 2004 2426 10071 9309 15222 5856 8580 21340 17919 12401 14033 3711 18898 18785 
5385 1712 14158 1689 14694 17560 2407 413 1681 3188 19371 1701 418 13811 
5386 2928 9784 10384 871 4028 6346 2508 6243 10172 6072 
5387 13811 5550 989 15802 15940 15731 4202 2999 5809 2112 7414 8246 15324 
5388 8219 11286 2431 397 16520 7859 3614 3224 5038 2535 7198 890 23195 
5389 10692 3761 7759 232 5344 11588 225 5139 18270 18861 18867 18868 18871 9219 5959 18352 18873 18874 
5390 1287 13160 1105 3837 3167 9084 8972 2668 14682 17704 
5391 1307 792 1805 539 747 397 3463 13782 2164 209 729 
5392 13933 14782 16485 8767 879 1475 2387 14637 
5393 6840 91 1286 4023 197 2838 8681 14160 179 2155 1257 175 9277 1478 4258 
5394 8338 9014 14479 15797 16341 6743 13003 8988 1470 12338 9270 14463 20871 4244 21314 19985 6056 22172 
5395 2398 13953 5226 160 617 19540 516 19172 4890 3079 7414 20640 15975 23768 8796 13380 25 
5396 3512 19510 4576 15642 14148 4311 6394 14928 3436 19484 3586 1924 1326 11576 2845 2330 6668 11792 4447 13342 14949 13104 19763 11948 2592 20566 21301 
5397 13068 14148 1027 15662 9755 22194 23415 20605 
5398 11122 4433 3064 1720 13970 5688 18985 6377 20097 754 1287 7640 1158 878 1719 
5399 1807 11213 14513 1728 5853 2769 6811 2823 6025 12141 7825 1331 12158 
5400 13977 9552 4962 12560 4987 7349 1877 8486 6684 18200 10735 5931 4710 
5401 7314 1944 9238 5155 12319 12529 1837 6919 18238 6027 
5402 2691 4719 13794 3873 17946 1635 19574 12995 1978 5364 
5403 8824 14004 11925 2791 14207 3463 3715 15341 12130 11998 20999 11852 171 4537 18166 7256 
5404 4764 15280 997 5250 14335 3777 11520 17544 20671 20032 2269 21474 20252 6581 1219 
5405 4266 1442 4610 3608 13205 4185 1384 208 414 14873 13804 12944 4192 1978 6068 11791 2863 4682 237 4200 17589 12426 15170 13069 17798 20240 20916 
5406 14005 14007 18472 12317 691 22485 4268 14473 14281 
5407 14015 3453 1712 15152 16175 3626 5522 2442 14026 5346 2407 4514 16361 12237 10542 
5408 1312 14618 3715 14489 12117 436 5139 3112 23223 
5409 894 3954 1727 4202 418 2541 16051 3250 3387 806 690 
5410 447 15835 923 7806 12509 890 19430 16757 342 2808 2328 18852 4884 5361 21465 12158 8829 10418 
5411 6304 
5412 5662 9909 7018 9668 3111 5835 7226 10380 10541 14088 2020 14293 4469 2241 14403 
5413 8484 12868 4295 7782 7246 6797 16882 17359 
5414 8147 11193 1416 2132 367 11588 20276 5099 21801 
5415 5851 23163 841 6211 23164 7931 9202 11943 403 22357 18487 1782 
5416 9637 6434 2968 7833 9220 4506 16270 1275 4781 250 17486 9409 100 1069 13736 12128 7602 15832 10279 850 
5417 14033 4289 18508 396 18136 1478 324 3493 7438 19102 3912 1878 5763 11591 10076 12163 1651 21637 
5418 1413 5490 1885 13482 279 17311 3620 22956 19859 3089 14086 1327 23787 14749 4110 20255 
5419 386 7219 1167 1374 6764 2831 12886 4403 6153 21376 11321 20852 14849 6080 20031 
5420 12892 3097 12858 6258 616 4470 18125 13057 7855 6000 
5421 7448 14056 6070 17799 8579 8220 4681 7341 10149 9837 2195 14809 3909 3437 9187 
5422 714 8582 2953 14079 11239 18983 225 6313 1966 18852 5154 890 1020 18487 17183 4325 11101 4501 11465 4915 18576 9143 21216 7819 
5423 9530 7419 3579 19602 13777 3837 24110 16313 20138 13831 19786 8527 14494 16312 24570 
5424 2993 3146 9717 14487 407 525 933 2304 5479 8089 5218 810 8054 16075 4695 2496 5059 428 943 6296 6036 10433 121 
5425 5260 12195 5114 6000 1335 2141 6908 11918 1637 8940 12756 10772 2195 1148 5554 
5426 14065 4333 14888 8632 15037 15943 16861 10956 6165 8763 11573 6375 8562 21297 6454 21539 18226 22332 1108 22719 2415 5915 14039 3595 14711 
5427 7552 8324 8317 215 2692 511 3160 6758 649 969 6863 6888 8723 
5428 1681 11039 10817 2011 2387 14077 17840 1121 1142 15241 20472 2012 521 9850 3944 12154 19022 19900 4210 8125 15337 192 11345 6235 1689 19540 1610 18571 
5429 14080 14083 14889 19007 3849 650 
5430 4666 578 1892 3034 574 426 10460 4581 3949 7020 9548 11186 4989 3463 17518 
5431 1990 2535 4855 2625 17822 8744 232 14231 6466 2328 16571 9828 18945 12509 15853 1352 3460 
5432 327 6472 4769 12374 3212 3446 5756 7183 10412 358 8028 10892 1636 3599 14090 9338 14028 333 89 821 1298 7863 21360 1970 
5433 1373 7738 7283 492 12160 7361 1455 1262 7512 14118 9976 1894 9923 4667 4390 5503 2690 2201 14620 4581 9876 4163 5989 1225 7343 8874 7006 7774 10261 8174 3973 13547 2971 118 11696 14731 14895 6404 13720 
5434 4157 9237 10165 15775 15150 18624 3949 11050 7012 3950 12339 17518 1197 17472 2449 8595 20484 
5435 14102 4979 14104 4961 13482 643 2385 10529 12017 127 11083 1593 
5436 14108 9310 13963 14828 9443 3916 14836 15875 6381 593 3640 10514 14333 4011 
5437 14113 1765 2335 14447 13519 4665 13189 736 20703 1413 5212 11783 21630 3059 17376 
5438 1602 4339 3588 8838 5116 2475 11377 8164 
5439 9470 1005 8383 14725 6563 14796 5370 1066 8428 2436 11501 16067 16341 3008 8517 16379 4248 13564 18292 
5440 1349 7377 1172 18397 11260 10350 11527 1688 5406 7489 3617 15317 
5441 1425 13358 3414 
5442 9273 1824 14331 11078 1215 428 11278 5041 15713 14530 22118 9430 1821 3265 17881 
5443 3781 9353 9784 18680 15171 7398 12340 3640 4941 14405 21457 19540 7297 
5444 9439 14188 3516 1467 838 2023 3700 12541 9006 13867 2313 2647 4261 4313 1266 4813 5996 2845 6486 15206 4739 836 10510 5781 344 4768 6293 3709 14989 7269 656 13367 20884 20567 19935 
5445 549 13503 16775 11688 6596 5258 543 23278 550 14433 
5446 14154 208 14169 13669 3310 10627 3939 757 7640 9786 4084 7391 14281 1679 14352 
5447 1345 4649 7516 2902 9374 902 12423 918 6262 1790 9725 13396 4444 2386 585 
5448 10480 5361 14688 212 11777 14912 3968 8012 2132 7713 18987 
5449 14168 403 16504 18301 1869 14453 22708 7969 3690 11047 
5450 1805 1395 10662 326 14928 12710 15558 1670 15417 4226 7298 
5451 3871 14171 3040 8267 15409 14647 4292 14707 5247 5161 4296 4069 19728 5520 1603 19690 7178 6600 22461 18797 5427 6328 
5452 12871 1482 470 3967 5951 4010 3637 8669 2936 15354 13060 3463 6481 
5453 6617 2370 13921 11895 6121 3474 6077 3859 15644 6642 4610 1926 179 6032 3873 13172 4613 2109 1879 2067 5792 3087 9980 18927 18016 
5454 11002 10421 14206 5542 1663 11497 14264 
5455 7359 587 17097 23296 7572 21437 20234 21753 5998 16178 1058 6156 16179 
5456 7498 19363 4450 15270 3901 14893 2225 20597 10213 16635 
5457 7738 544 4667 4163 2114 5905 16450 16451 4861 3072 13720 17518 2893 6041 6155 3973 9923 5265 591 15740 2146 14010 18072 4616 14722 9976 3790 3569 12734 7333 4063 22231 7343 12011 22237 6956 21302 10706 12160 3880 11385 16437 6994 
5458 14202 2435 22 2109 23 10149 3221 7957 2557 3087 13349 4371 21788 
5459 4210 11047 11345 11039 2011 1035 1121 2012 9148 2916 2853 2007 10817 1693 8173 7730 13911 10869 1681 8870 8051 11040 11340 4514 
5460 3805 14845 3414 6612 8380 13401 3307 18637 7243 1851 1251 10489 3741 20920 23131 15843 
5461 14214 1657 1741 6874 14408 3538 14505 14506 7809 14592 3558 5434 16078 53 13811 296 4605 8545 138 883 5407 14821 7552 1985 16858 2859 2134 885 8578 19445 19446 973 11098 4790 19617 642 330 6933 18095 6172 14267 3148 13874 644 19540 192 
5462 5554 4700 1478 324 17084 17086 9644 21179 21681 22045 
5463 11733 15587 1031 3791 10581 11925 5423 13725 19293 13517 8228 3418 3600 1937 2147 16718 
5464 1603 4084 1129 16782 4549 3825 9846 15325 1989 3111 3783 11519 1992 
5465 14220 8543 6410 11237 9348 13322 7930 
5466 7622 1610 16011 15247 7287 17605 6789 20255 6758 14537 3273 11390 9182 11855 19369 18281 715 9925 21913 8725 22587 10209 13823 15456 634 16209 1448 14214 1445 
5467 7475 14225 11239 2953 14229 14231 10532 12741 
5468 4998 3746 326 1307 4486 20146 10613 485 2053 1930 
5469 2355 7774 10102 12102 6219 4199 19203 19119 6404 6106 11964 17880 8629 
5470 13421 14726 10663 7849 12084 14906 15140 11011 4079 7474 7913 6373 14603 15923 7900 
5471 14246 13136 8855 16733 11894 2036 1703 15437 15058 20998 
5472 9849 8090 9910 18825 10772 11895 
5473 6199 14252 6083 15663 10741 16497 5129 10151 10930 
5474 5081 14268 2629 14147 2137 4348 6466 15864 12889 11998 514 17651 19253 17174 14715 19940 11035 392 15018 1126 618 19826 13487 21522 5951 15885 
5475 8130 12911 13255 9791 4342 11998 21727 16991 8816 8807 
5476 11343 6649 16276 16800 9339 16234 11347 7512 18156 234 19870 14693 7329 17880 19618 
5477 12977 4488 1177 19678 9299 14713 2710 6997 21592 2249 4634 21741 16562 
5478 1617 9761 13219 4109 13120 2678 2164 4440 15489 16068 838 868 19983 9841 
5479 6908 1490 186 4455 10874 12357 12152 20446 12046 1106 
5480 1641 3085 7787 12733 19482 5410 10503 11280 
5481 9502 1964 1946 13437 9987 13844 6548 6262 7785 1045 19068 6195 1688 10665 
5482 6122 10173 890 1932 3209 232 707 12141 3463 11998 5217 1634 15341 11465 14643 
5483 9205 13264 13530 15197 2610 16401 16621 16622 11717 11548 4248 83 1808 16905 12118 1911 5596 14784 8009 1005 2734 5429 7331 16809 14 13653 6999 7094 7866 6849 21228 3992 484 
5484 14300 9135 12966 4347 10047 20324 5869 397 16649 5304 13609 21420 3338 1484 23234 
5485 5980 11695 10552 18087 18362 6809 4971 22435 22848 20276 
5486 10573 14716 14718 14229 14721 3652 6466 5139 4207 1782 
5487 12066 7923 9971 2453 3949 2399 5641 14705 17026 5076 17347 
5488 9355 397 12577 225 13447 16815 5054 15354 3209 8258 
5489 12786 18535 15863 14845 13236 17991 
5490 13257 22696 15642 10538 8803 14474 21287 2955 4930 11001 10348 3175 13068 13383 
5491 4215 14556 1455 7498 2551 2197 14705 4581 3072 7569 7020 2355 2969 227 
5492 14359 2648 313 4890 2916 213 14369 2397 2291 11158 8796 14599 14633 
5493 8186 11703 8844 12423 5051 1688 16149 16016 13233 17114 19012 
5494 9233 1379 130 11845 8043 13958 2740 7059 11910 5535 14373 2378 1018 2651 3336 68 18821 19767 
5495 3077 14853 14855 131 11078 13319 3610 17740 19589 921 20537 9353 4988 284 9522 10245 11568 9448 3145 2603 21868 5490 3735 2335 13318 
5496 186 3133 942 7640 6256 4114 9784 5557 10515 13893 
5497 8144 7849 15333 9867 2752 12038 19596 19598 1372 7147 14726 5317 1156 9929 19383 
5498 12013 692 3087 28 1493 784 10321 1908 509 11842 
5499 14377 14299 13050 64 13823 1567 14766 9221 
5500 4494 5905 8717 574 11201 21538 5807 10170 2025 
5501 9667 8932 6427 13940 4943 1619 1085 12523 19097 15036 
5502 10281 17648 1246 6874 16803 1728 4756 21384 8500 3206 
5503 49 14404 1599 214 1583 506 1517 10050 13376 1693 5787 11854 6138 1692 296 106 
5504 5792 20041 21288 10839 7732 2456 5626 18065 1894 10170 19372 1584 
5505 11908 11873 14530 3111 14545 3640 2018 6095 428 2310 11913 15678 9481 1710 8167 7464 6536 16948 643 14447 11783 749 1413 4250 
5506 5077 12312 8154 17153 760 10471 16456 10738 20970 21033 14975 21483 14011 18461 2349 
5507 8009 10827 11217 14839 1808 16643 5429 13264 11354 15169 12759 8279 
5508 954 6408 1266 6741 13614 13540 13867 6411 836 3580 7216 888 10672 11857 16512 1830 10590 5309 3924 18778 12654 6168 8199 12613 2330 8018 2035 16832 1391 5955 3108 14185 
5509 14414 9620 9195 5571 2083 9625 10816 2590 5848 741 11556 868 7216 
5510 14423 17648 386 909 1412 6788 2498 64 2134 8925 7219 20486 129 8679 
5511 459 14515 520 3598 12030 14524 3751 6515 2282 12791 1472 10345 11481 8855 5832 1918 131 5566 5843 11148 5162 3183 4473 10433 3116 3834 7176 3688 21623 2928 5379 11783 
5512 5022 3099 1657 2476 2648 6501 2985 2070 5200 296 6395 12244 4343 20068 4049 617 13253 13923 1481 1741 4584 12358 15089 21602 12500 3734 11590 19540 6638 4549 16226 1035 8179 19709 4250 13229 948 
5513 13825 7449 18361 9226 1114 158 2498 1810 2134 6340 64 981 5747 
5514 14442 4845 14931 9479 237 3012 17926 4195 
5515 470 14483 14657 9048 15532 19348 9539 17571 11833 12158 5435 15320 22413 20298 20404 
5516 7434 1725 9879 4040 6472 1379 6568 3446 12374 4424 12830 9189 8784 11463 327 8872 4242 9572 11495 11662 3856 658 13523 10048 6505 1775 7136 
5517 11894 16329 18083 15296 1480 17202 435 17662 21758 
5518 8985 918 13845 2703 16887 2189 10287 15955 1168 11134 
5519 14070 3197 12219 16204 6750 17174 2335 6704 3695 17117 3265 19676 20321 
5520 3342 14519 14871 8258 15028 3757 8510 15824 16035 6415 1782 18487 18852 
5521 1804 6922 704 8009 1005 10496 7095 2734 1808 14784 
5522 485 2515 14287 1364 16364 7420 13096 4579 1924 6722 
5523 632 15081 9901 5154 2625 18641 12229 
5524 14470 2247 11615 3608 760 7517 1303 12672 3517 8261 15326 4253 7548 2094 8336 915 8899 14829 5883 768 1287 3522 4610 9764 19517 1949 2160 6958 3240 1708 1926 5228 13626 6873 17908 13511 776 9899 2058 5505 16519 7896 3167 2932 6344 11432 757 14071 6544 5239 12458 9911 21039 11401 
5525 10240 14471 6387 5430 18306 18307 12311 19978 8007 6512 12920 6549 7854 
5526 14473 11016 2297 11725 11768 16942 4753 186 8828 2989 7137 2299 11180 6393 3163 13712 3581 22764 1882 
5527 8056 3795 14185 6408 18027 1483 4910 19086 2571 22578 7623 485 13383 1223 5894 23116 6488 
5528 7606 8489 3022 485 1296 2053 265 5275 16764 1306 569 10181 7420 
5529 5151 15104 5435 2192 18852 890 10063 15689 225 4884 
5530 14491 2424 279 7392 16469 13745 13918 750 11278 12543 14387 90 2922 16736 18215 3610 4170 10757 7571 587 16507 5268 3145 520 
5531 14492 1327 6725 165 10511 7128 17226 11685 21990 1321 
5532 13229 11021 248 14971 6513 158 12567 17408 3929 6789 12760 6833 12893 9561 3572 936 9176 4786 7523 5583 817 422 17452 2321 13708 18838 5586 
5533 6908 4237 3403 3592 945 10275 4100 3129 1626 9911 23831 11591 1287 8917 1926 12777 201 2309 2299 21644 22099 3087 24108 3517 208 12666 24420 2620 
5534 14510 13658 371 2313 4221 266 21138 21954 501 9031 20421 3266 326 22227 9736 1395 558 1561 11619 1296 4766 5385 6636 2465 11241 3536 733 
5535 12376 4657 7243 12482 4543 
5536 14533 14583 14845 9399 6612 9531 12390 14562 15950 15863 7243 1380 19506 16105 13397 11485 21186 13401 3796 12691 15503 4401 9935 21791 4741 
5537 12724 7042 12275 18604 8527 9591 1923 11564 14283 4978 17348 9016 11913 5557 
5538 11764 9369 6011 10127 8468 12539 19638 1823 11556 1831 6866 
5539 14540 7737 2288 14722 1892 426 5620 14466 18511 3034 6506 5127 11871 9922 800 5617 1125 16490 15496 
5540 4530 11478 16319 1288 3711 7307 16723 9741 870 4574 2051 2249 308 164 3843 2258 10365 5593 3859 5153 435 11647 1165 13620 1245 1679 1871 5288 8482 
5541 14560 13068 8056 13342 19152 16746 5309 15060 15489 1098 1848 1576 16780 
5542 435 15389 1245 1528 6251 274 16348 12357 18898 624 11389 17236 
5543 11128 1754 2724 23639 23640 3899 17669 1963 13774 24039 2847 5051 4464 24214 24316 18412 3171 103 8985 3822 
5544 5268 11648 8269 1771 6095 19435 2426 3773 
5545 12995 6739 6447 21979 12917 23647 16994 
5546 144 8966 3487 4769 997 1846 3446 9233 9572 1219 4041 4242 14786 14787 1725 
5547 14606 16300 10301 2334 2111 1433 14327 13360 9502 
5548 304 2834 11838 8423 2297 13365 11360 1772 4359 9741 
5549 14510 13240 4672 1306 1011 24107 12613 23259 2986 543 8539 
5550 11676 14675 5836 2018 14503 15125 10529 15224 4013 13738 
5551 7817 2813 4932 8696 601 18065 13571 19372 24328 8075 17624 1894 1100 841 23946 11126 12610 
5552 114 5366 6597 
5553 14628 10476 15943 6541 8638 15944 7716 15945 7319 14468 16017 5153 6051 17404 11359 12547 175 10661 14613 15360 13929 
5554 1773 18764 18765 5254 3618 3503 19436 16597 1710 5421 11560 1009 7299 8915 17174 23755 9363 943 23983 
5555 1046 2229 3350 1964 16149 20425 508 16322 20561 5080 10194 5029 916 
5556 3377 4515 11943 8258 8195 6650 8068 2015 13899 7304 
5557 11615 10931 4214 5649 12321 4252 3608 6188 243 67 12190 20740 18146 21174 1761 
5558 8744 962 9258 15354 1743 2021 16151 5150 3058 1133 14818 18181 
5559 5683 4149 1663 13704 21357 19562 6754 7244 
5560 6412 710 2097 5304 9188 18915 19826 12314 22537 2099 10516 3968 23813 
5561 810 12261 8882 16038 13302 21351 21804 226 15433 2641 
5562 14677 6733 1930 13217 76 10672 2277 9487 6753 9031 1979 
5563 9755 7588 12762 6203 157 9384 1404 1073 
5564 5451 9265 7929 10313 14193 9518 11991 13593 19020 5594 18411 4299 13686 20253 21051 17122 20973 777 21843 21856 12477 20635 15411 22397 17844 9502 9248 5026 23161 10998 
5565 3304 15074 1897 16230 18396 15996 17362 14866 9709 4077 2066 20 348 4616 
5566 2369 4291 11679 12232 19618 13013 6768 17215 3578 19805 
5567 14697 18271 8092 8071 20490 447 16091 14371 
5568 13238 16821 19926 6204 7672 19984 16842 13101 
5569 870 9741 14700 8960 12745 13260 1154 4485 10495 7446 497 18186 12321 1287 14755 1478 10639 379 396 8420 5083 186 496 197 
5570 11095 15337 12824 19900 11206 24693 515 5563 10844 8762 
5571 9896 9639 14848 14505 9620 129 14849 11321 9649 1810 8175 8578 4414 8116 14087 3319 883 969 7418 7610 2230 418 634 5809 
5572 14723 11703 10350 40 1349 13630 461 1792 357 8607 12423 2073 15452 5027 
5573 1985 969 2112 1657 628 13295 1268 5103 14297 10442 10031 13121 3954 6501 14728 3964 1175 2916 2476 3453 
5574 2424 1571 8110 9846 14779 1572 6590 2385 12017 2241 2020 3784 7165 11913 4034 
5575 14042 14732 899 8621 14733 327 4041 11623 4418 199 
5576 3757 397 10573 14735 959 6432 11685 14736 3361 216 12510 4511 232 9965 
5577 4531 5793 13714 6562 16726 15242 1380 4974 
5578 4852 16175 8550 16772 2916 3723 20122 5516 2241 7165 3379 276 402 5796 6709 1504 10113 
5579 13402 19136 10133 20865 14300 11465 5660 
5580 14768 15304 7285 14418 16490 14466 15740 1373 7737 
5581 3743 9316 10436 608 3119 962 2887 20665 19542 1308 
5582 2271 12103 2323 16412 17233 4112 8075 21272 
5583 3593 9714 1898 1894 8075 2181 2650 1225 10477 1892 10010 8874 3973 16454 4201 1110 17518 4038 17347 17409 5743 
5584 14690 3345 7008 21150 15731 2510 15547 10167 18188 969 1041 22815 2886 19175 23190 22610 6888 19679 4533 13727 64 8231 22849 19621 19540 948 14821 4838 3423 23400 5487 23404 190 13945 3244 22718 22283 24466 16088 13839 1175 17620 184 
5585 5782 454 2495 6958 15839 7548 2620 10255 2103 21446 3310 14819 201 6475 6436 5593 5663 624 9232 7030 7735 7640 14071 4084 6207 2297 17045 181 22144 11725 4406 5271 682 14473 1106 10531 4538 1603 14194 16998 11316 208 8016 81 2463 3159 7119 5228 12565 11670 1811 5763 8963 3433 20898 2283 13655 16642 194 4603 20961 12808 21973 5924 2820 6164 
5586 8500 2651 2800 10121 3446 7706 3807 8872 3333 2769 
5587 1306 2583 8755 1003 5681 8265 11289 4317 12541 11508 1027 23056 3362 4843 1056 1467 8603 3709 11792 10645 696 210 
5588 9440 10838 8377 12691 13843 3621 15917 11150 10489 11080 8322 18579 13038 1251 8085 
5589 7637 2305 1572 4028 2721 12267 186 7265 11791 18701 
5590 13756 2414 554 12091 1839 2581 14967 12400 6593 12957 9705 2006 
5591 11955 1807 16975 17682 16375 333 827 7459 5695 13542 4522 3394 2704 
5592 14751 2173 15615 13328 10201 17467 13870 8379 6311 14533 3208 19350 17396 12463 8377 6289 4412 11380 10758 13179 1274 4401 4699 4543 18703 11339 1845 14845 11939 18380 2579 3207 7642 6864 12786 10367 9056 8708 4791 21566 7240 13843 10626 8715 8387 10489 20394 13106 14542 1291 23353 
5593 14822 15005 18022 6848 
5594 6351 459 1670 9152 3628 4238 452 3928 12068 2595 1386 
5595 1064 14838 8975 7317 9251 19908 5204 6143 5965 7619 14852 
5596 225 1670 6455 11541 13228 2092 5561 1493 2792 14169 19474 22014 15523 22991 950 2168 232 3660 
5597 3884 8063 8450 3558 23174 10670 2725 17856 12151 22588 8637 5563 14497 3375 
5598 88 5034 4667 17056 6163 4666 17518 2025 2450 2150 
5599 14841 12675 16068 6011 4261 699 23413 4509 1027 1467 7373 11619 24343 24835 9158 23289 7492 10207 
5600 14844 2845 10559 18762 16426 1321 20957 21646 2071 7671 8096 12227 5154 19305 4378 2451 
5601 12557 13348 16201 12285 14557 1619 5666 6097 14554 2862 1792 19332 4444 2098 
5602 3241 1885 3769 2307 14960 2421 15171 1601 12358 15936 11278 7998 6208 
5603 7021 5794 14864 14866 10002 
5604 1266 1858 9439 9476 14677 5992 5149 1326 2063 5880 9028 22284 15685 4924 
5605 3309 2740 2377 6828 16860 3551 4922 3334 7425 4418 254 3131 18899 12175 19052 9080 8299 21870 10412 
5606 14876 9139 7193 12828 5118 3098 14748 2089 
5607 8597 7516 18297 20195 4649 2073 10338 21368 2186 12423 1265 8007 21995 20163 
5608 12755 1739 12798 15403 15988 14509 16702 13350 19103 6984 8737 13097 17665 17149 21306 10418 11588 22373 19925 406 21159 
5609 2036 3146 4620 12321 230 1314 15228 20127 6251 3492 
5610 8286 1263 13726 1564 18372 12135 1883 6265 3569 
5611 7043 4576 1868 1848 1464 13867 6408 1003 6161 
5612 11806 7544 1750 9602 15362 12261 8448 13668 8802 13378 5121 12372 230 1099 7235 21878 2234 1154 22186 13550 15210 633 12190 8536 237 19578 4740 5276 1760 15708 8670 7465 7546 1944 17328 10813 16480 22302 10931 8266 1106 1934 22817 23167 21114 19602 16069 4061 4640 12926 1679 4700 3252 10864 23706 2199 
5613 2933 2916 12507 778 8773 13927 15547 161 313 516 8796 
5614 14911 14913 4511 7257 15164 244 5374 3119 5104 18063 14517 2477 3302 16024 7847 951 703 19593 20017 6855 10218 20181 2986 515 476 5518 15349 21714 21574 17309 12033 14825 
5615 2416 14914 4006 11387 14726 7989 14915 14916 14917 14918 4090 13908 1347 
5616 14928 9638 12031 10664 280 3467 4576 15685 19983 6312 1151 4732 21713 5343 22284 11674 22942 663 4859 22958 4579 80 485 23289 23531 23692 9 2062 741 3924 22419 17399 3951 209 
5617 11890 12733 17196 11927 18627 12846 5991 19831 2147 19995 8171 620 7333 6956 10204 11967 800 11925 17657 12200 17909 16944 
5618 6289 14938 22291 16225 10995 14197 17291 
5619 14940 1287 1493 1528 2528 7027 14755 2109 12190 13470 7534 518 
5620 3428 20400 16659 14041 4171 23002 23615 4681 18202 
5621 727 15513 15953 14408 17100 18629 6108 3624 14035 22836 2772 1599 849 3923 679 19419 10517 
5622 14957 9404 4455 833 16228 12111 1148 20617 12044 4735 560 6475 1750 881 5479 12001 5288 9112 6678 2435 13329 16338 
5623 6375 6399 1377 1978 17442 2979 11229 
5624 11679 5671 2450 4291 14962 5743 3593 1027 6722 4672 18896 2678 7048 636 12339 841 20741 15775 602 1093 3010 7333 11005 
5625 10892 6193 674 7479 6740 2920 4350 22582 20363 10846 
5626 1371 23852 4079 3469 9948 3204 8999 15278 7905 14699 6637 15274 23574 
5627 11967 10764 10879 12102 8565 1009 6398 2361 
5628 2217 12675 3683 5037 3566 3190 12984 14665 16326 13860 1307 16389 4313 22831 
5629 3072 3085 426 1422 574 3605 16672 5579 8624 14345 22732 
5630 11621 12486 19151 11857 6795 7804 14290 11057 3436 79 22127 6160 1098 8281 13093 8021 1858 8332 23202 15575 3175 23379 663 14841 5171 5655 15377 16935 21389 5851 5872 5556 11942 13367 9727 3580 5521 5185 15785 6368 7309 6966 6871 8049 14804 13693 6253 2515 13867 11022 
5631 11776 6562 15821 2366 14013 2129 3692 
5632 5440 4056 3800 5024 10718 15118 1948 7785 15463 15591 9803 7712 13844 3553 11531 4721 9722 15372 17139 13983 9848 17965 5452 8598 18097 5023 694 14990 319 971 9978 21785 3438 6920 11010 
5633 78 11295 17066 847 8636 9351 12903 5901 7547 3375 2203 9697 11206 6235 688 883 16223 3060 5748 12208 21261 20212 312 
5634 10492 15615 17076 1425 9214 18579 17885 1203 4741 17011 
5635 10166 5172 11556 3113 8782 1768 13041 10323 4910 12385 1777 17399 
5636 1369 14994 9512 3192 5154 13484 8657 232 7140 12997 4800 14043 447 13037 6774 16112 19190 11101 20490 5304 9802 2198 
5637 10671 13478 8451 3942 22331 628 11185 2407 646 1737 19709 2596 3199 
5638 11576 1307 3161 19763 14287 1296 4213 16389 16764 17387 23413 23289 21963 3924 7313 
5639 2961 161 313 4563 1816 14359 383 3861 18605 13790 16579 413 3060 5744 9431 13866 10937 3097 285 883 3832 22682 22257 5995 
5640 15001 1978 1384 8374 23111 14953 15788 9060 13811 7511 870 5147 6661 
5641 10779 15259 4987 302 14705 6106 9814 3153 11967 10485 12092 15877 15900 7210 2969 16171 1590 6506 15150 17083 12134 19077 16627 7450 2971 18198 20041 20104 8470 
5642 7090 7479 71 10251 10254 12594 12506 676 2920 6740 2921 478 5579 11309 14797 199 18169 15526 
5643 15010 15373 1110 9806 17666 19156 2650 4989 4065 7329 12135 11733 
5644 9799 1273 333 11281 15017 369 1051 14799 21924 21925 13225 7783 11577 11774 19968 2743 6662 15318 12763 4232 18410 10680 7933 5701 
5645 15020 13872 7020 5626 16693 2147 15798 9840 2929 3418 15556 4053 4724 2611 21275 10165 22999 88 10973 22056 5991 1373 2555 2551 1002 657 2399 3949 4387 11225 492 141 8147 6398 3593 19906 16437 2897 1110 4329 18589 9237 19418 11106 2450 1530 2452 2315 
5646 5158 14918 19346 7144 21554 23758 14159 20943 21282 16796 21206 10543 13242 2548 4526 16423 1371 
5647 15025 4719 4792 9163 10582 4457 
5648 1935 129 2886 7411 4498 1810 5571 16938 15542 599 16444 142 628 10673 9804 969 18967 4661 6691 17648 
5649 5099 1966 2625 15050 4325 1243 15087 4501 3463 13609 14881 15275 1242 5217 12521 15402 3299 6597 8067 9852 15026 1739 
5650 7474 10237 14933 8298 14199 8800 16889 12607 
5651 15046 12525 4708 4471 22706 3635 7001 4661 19540 
5652 15049 10472 2134 7722 2470 6833 778 2986 21013 4777 7633 22737 
5653 15051 13290 14548 5902 6677 20463 
5654 15063 11274 5421 5070 15089 15091 15101 10779 3241 2453 4063 
5655 4897 2621 4024 17836 1771 18552 117 21868 22548 4966 11376 842 
5656 15083 18543 10008 1287 1750 950 616 7265 22829 13561 
5657 15092 4827 17550 4897 9665 17746 15508 17675 13181 14155 16492 18286 15193 18599 8546 17342 10245 1824 5254 13918 16600 20849 20861 2060 5882 11956 8294 6351 6957 9598 14764 17081 3127 5249 11177 12030 17720 19589 121 12930 3965 1821 12358 9673 8064 6098 12771 20663 17121 16736 9705 4036 116 17223 7281 15312 854 3787 23295 17174 1058 4923 11960 11083 
5658 15060 7004 17054 5681 8052 210 8199 15915 23056 8930 
5659 15093 3565 18375 2067 17211 20731 808 5414 4700 
5660 1757 17652 14045 11092 13065 3892 9182 11069 7418 5719 19966 18043 22339 8539 
5661 4586 18062 21551 1712 2112 19975 969 22682 21725 19900 
5662 7298 2148 3656 2344 6363 7126 1326 371 8289 6361 70 18388 2955 1323 1027 4975 4109 5872 
5663 13247 7004 11142 7043 15642 2946 8756 11654 7528 
5664 6708 883 9017 1647 511 3884 989 20948 23768 
5665 15113 10758 11234 3207 24795 
5666 1266 16766 14928 19019 6722 8180 12695 5872 9031 20421 2077 23946 
5667 10973 8717 2923 15119 3514 20869 16944 739 11106 
5668 14031 2498 64 7219 1810 386 882 6340 
5669 15121 3072 4581 5529 4 12307 1393 8470 16370 
5670 3899 2098 9666 15849 4138 8007 16541 14379 16108 4955 11141 15810 
5671 4769 15131 6662 4425 12686 2000 3334 3019 1927 2875 10892 866 11213 12907 1704 7514 18675 9189 15649 9605 327 3599 358 5870 68 18821 18702 
5672 2651 3801 3815 16031 7434 8982 1043 6067 2765 766 
5673 6882 18400 3431 6461 4645 2932 8859 4575 
5674 15161 5995 6400 15273 17287 9952 642 3345 16438 19972 
5675 11141 508 11940 7785 21686 22609 640 3214 17216 23800 
5676 11853 12158 6230 8948 20960 6481 21809 397 16578 18045 5150 
5677 15167 5680 965 1935 166 806 12302 394 3244 9176 15911 1246 330 16468 16287 3165 13478 
5678 4997 16365 4899 2843 3355 5073 10226 1787 
5679 15173 3998 9681 521 15303 13736 6031 11206 3388 8293 5563 
5680 6160 1323 3468 1820 8756 10731 3115 8755 2035 21197 9028 
5681 15176 18703 14542 12278 13195 5236 
5682 4338 3046 839 215 5407 1732 22504 2255 15780 7146 1567 19674 2725 4565 13823 1304 20437 
5683 15183 11162 1104 14569 21737 23057 24414 2073 
5684 15190 2253 929 16046 17015 15337 16616 9620 5518 20645 3206 18363 8513 14689 13701 
5685 1926 17903 1637 5733 13793 7336 15565 18922 8990 
5686 3437 4797 13759 12745 13570 14172 16321 12537 870 4603 5060 8461 10531 4538 12544 14559 4237 204 6207 
5687 2220 318 12158 232 14723 6033 1951 8714 19049 11408 6247 5666 918 7037 4821 1135 9777 8007 4959 17917 3030 19085 14029 7221 15045 14471 2111 10497 614 11601 12115 442 20197 10567 20730 2844 
5688 15202 14476 5374 2648 15513 10180 6533 1683 18838 2225 6725 
5689 10221 12411 7363 3781 15203 3116 1034 12910 11510 15725 8371 4459 16597 14321 1670 1526 457 19791 22548 10726 641 14491 9427 23844 15892 
5690 624 16059 2375 16519 5561 4365 4879 7975 1148 1761 4682 8789 1478 15634 3936 12774 1353 20961 10302 1431 606 3668 650 22605 208 808 22659 11615 18898 
5691 2307 124 1885 8003 15214 15215 4420 9907 4896 8073 9096 4742 2420 
5692 13753 13901 2003 2004 15297 15309 5421 15325 13173 15335 5490 1765 15444 4585 15446 15447 9909 9168 18107 7941 
5693 2638 977 15282 12562 2318 14842 18746 17757 18835 20062 20193 15824 18650 
5694 15221 6385 8874 2566 21460 4581 10067 15880 21802 21275 4450 
5695 15223 6989 5166 1196 765 15888 10352 134 418 1342 16046 3944 1741 6670 4838 12735 3421 2911 17301 567 9559 10752 10511 6725 1696 
5696 108 15518 574 16916 13050 16502 5823 2450 21612 18047 
5697 15230 1320 16531 17113 13287 19772 6220 4188 
5698 232 1133 6111 7759 12457 2136 890 4511 224 5961 2429 1580 2227 2535 1691 6415 15984 11268 8829 15992 424 13612 12966 7255 16649 14126 14091 510 11415 13715 3058 4446 14296 3969 17466 6473 4124 10560 231 7974 10516 6598 10000 10072 18650 3660 2945 5976 3932 8744 18906 4625 3761 10316 
5699 3206 15251 8827 2985 10920 3672 6660 9784 
5700 442 12423 11703 9246 7912 9725 20130 19751 21805 21785 
5701 10995 8322 18637 14570 13248 8377 3307 22216 15828 18377 23003 13235 11265 13356 7243 
5702 5516 1933 7418 11321 883 8116 14087 6758 6533 5485 15352 728 4403 15353 5183 14849 8545 1610 10214 1872 1363 8578 12100 3884 18236 1030 10130 2607 396 1603 186 4155 4227 
5703 3608 4690 3081 6151 4214 3428 15210 760 19517 6165 19890 2673 2640 
5704 2365 8986 6065 15561 15716 16169 13193 7347 2407 3698 18570 7808 4661 21008 11021 
5705 241 2651 7494 8839 13758 7649 16976 3771 1023 3815 14335 68 12238 12964 6472 
5706 15265 2621 15125 5210 8417 10380 7733 9820 399 7461 18837 14149 15802 421 2407 1729 2823 9143 
5707 6376 4986 3034 14896 8846 4557 9422 11912 326 18992 2895 4187 4326 7261 20525 12671 800 9228 492 21548 3009 4653 16490 22271 
5708 5450 8395 4079 11539 15407 6637 12508 15294 
5709 3678 17701 4985 4408 18360 2699 6145 9478 8062 21664 
5710 8315 633 13063 509 12565 527 5091 4100 4747 2116 576 3859 528 4610 5799 2454 8000 23339 4023 16390 20919 
5711 1170 4701 7749 21074 18403 21913 20472 21832 
5712 10325 15326 12977 15655 2789 966 8643 12231 
5713 8974 16298 5778 7084 18480 4690 2500 810 5272 10589 5121 19707 5054 14818 12158 
5714 375 11967 4873 13571 4593 15371 15468 1225 11063 15425 15670 11201 1898 2146 272 15775 5805 
5715 4774 1989 4575 21278 1885 15613 2381 17272 19115 
5716 13716 6828 4769 21325 4041 2706 21360 866 13107 11495 17817 6724 
5717 15311 16098 16154 8832 4090 9241 13406 13939 11522 5117 15201 7801 5318 15148 
5718 1261 2342 2888 12493 15779 12148 9662 28 9277 12035 4178 20157 182 
5719 1894 13697 8656 17030 20962 4453 15030 14247 10417 22712 12127 3058 13592 
5720 7705 12452 1480 7342 13228 4690 18679 20757 20682 7884 1806 9392 6779 20980 
5721 13517 15775 16653 4329 3072 3600 21268 7490 11560 7018 1204 4011 7261 367 
5722 6717 4700 3136 870 7919 3680 4218 2065 3310 1154 7573 11602 1441 2455 435 9489 776 2838 1978 3632 4489 2656 4729 1466 1528 4470 1478 2528 16522 186 1127 3591 1287 3938 6734 1106 10365 4603 2375 3859 1750 1651 624 6137 3863 7797 11389 5091 2594 28 
5723 9527 15989 8259 20677 17900 4727 5317 3186 
5724 11952 15331 948 13045 5433 5456 7040 17557 9748 14836 11216 1344 955 
5725 11967 4873 15657 7396 1533 981 18967 2604 18062 20192 3555 752 3572 14359 16514 20951 15911 8749 3119 5116 21347 9925 
5726 5288 28 67 7029 560 19400 3585 22095 3863 308 15833 
5727 14912 16479 15209 15688 17888 10552 1489 15012 16715 20276 17326 232 10480 8013 10417 3969 356 15050 3058 14247 
5728 15342 10359 18527 18528 
5729 14705 8011 2456 17134 7569 4191 17518 8717 9592 9228 8874 
5730 11967 5119 75 16877 15074 869 1225 5410 7923 14074 
5731 15351 7671 7995 11322 15068 13252 21465 216 17183 22224 16649 
5732 4712 1170 8539 11390 10100 16438 1815 8450 1016 
5733 15356 2746 553 879 10349 12091 5396 21087 20791 316 4506 2581 728 
5734 12217 14741 3936 17870 4636 7669 21903 1115 1099 9710 
5735 9141 15412 1325 1242 11618 19126 13867 1174 666 1389 11857 6317 20566 18664 210 1307 12572 17378 
5736 14229 2953 6466 4912 3652 645 2492 18331 21159 3439 3583 13780 
5737 15367 7526 11955 3404 11885 7380 18821 3818 22046 17643 
5738 1414 4155 13616 4270 1413 11560 8073 4541 230 1968 15767 3048 6847 14682 12556 15861 20244 5561 9308 14223 16875 10064 
5739 4907 12945 6712 23271 3532 3052 14215 2131 21657 17921 1676 
5740 14128 4082 2330 18805 1407 1410 21713 1467 962 20766 20818 
5741 7971 1612 605 208 9257 264 17924 23457 3038 778 22138 3585 23566 24826 14811 3926 
5742 5304 6003 11035 16426 9188 19005 19144 8087 17080 21749 
5743 15385 467 2073 7912 1048 18021 1050 4899 21976 
5744 8092 11526 6394 1326 1734 6966 12349 8459 5063 9888 1645 569 16224 2813 1639 2330 792 16410 14067 1266 1830 10850 
5745 12609 4564 186 963 3310 16033 2092 17317 1679 19863 17412 1528 17062 
5746 15401 4585 15426 14863 10541 19347 21103 8329 8527 24288 
5747 11332 17518 20056 15856 13199 14346 13571 10876 18511 7285 16276 24574 23501 
5748 1078 10355 15517 18068 2648 1562 2997 4004 1175 
5749 3980 10141 3978 4040 7386 14890 20252 21474 2493 7798 1920 253 19724 7082 8594 2269 3615 
5750 8001 7876 10973 1373 15468 1002 15438 1136 13855 12661 18198 3537 
5751 9837 6359 1879 2994 2109 4113 12400 17891 13874 4498 5232 10271 444 
5752 7891 8028 7967 14001 1785 2765 23862 6472 4831 7082 
5753 13529 11467 4642 12086 11768 15083 808 17163 
5754 15416 10425 4388 15231 2769 1920 3415 866 22606 8594 
5755 11027 17 12787 6013 14668 4186 20954 10753 7622 5747 2818 816 187 715 418 2916 3626 1810 5485 6533 2278 7418 20977 7002 14408 521 9561 4824 6412 2152 11232 1170 1759 728 7596 5586 4786 4427 12979 8411 21326 9443 14047 
5756 2724 103 7794 8844 11940 911 2878 11108 20179 11527 19434 1946 4678 14472 2235 16255 10226 3750 21904 22574 22586 14723 19179 13567 23438 17878 23112 23753 12689 
5757 1616 12423 1946 4955 12435 12524 11502 1104 1237 2186 6274 18157 18159 14379 18234 12081 17493 5904 7502 2878 18297 4444 11884 7127 11161 17091 11058 11595 4959 12171 18721 15933 16016 13623 5666 11228 4287 7221 489 3822 18328 15699 1956 6635 2189 1217 19726 481 19896 10443 2844 1065 19751 20297 13774 2386 14022 3274 5145 6805 4294 13174 5020 7516 19249 3438 4630 21513 20051 11141 21482 13392 21105 11726 
5758 12033 550 214 14232 2387 1096 10904 13973 549 19851 
5759 5243 8732 15833 16904 4695 17317 5088 3248 4449 4259 5486 18898 497 7307 2036 12945 3437 22207 20998 389 6268 23403 
5760 397 15532 15018 9311 12213 9109 12127 11084 6709 10436 2468 17713 16475 1538 17854 
5761 12901 2856 11023 15809 2073 1135 2609 1046 8046 3351 12266 23800 6805 561 3617 21124 8919 9053 23512 9507 11076 5847 
5762 15466 4114 1679 186 12267 7013 2904 11287 
5763 12759 14367 1695 15144 4127 8155 13531 11501 4281 
5764 1846 4922 2879 2377 13087 305 18410 18426 12165 8978 
5765 3979 15569 6492 2909 18411 18412 377 8761 
5766 15473 2328 10202 12158 12577 12972 892 2431 3614 3209 
5767 14677 7353 1895 6901 1410 13919 5343 3175 4887 7696 615 1483 2601 2035 4816 1027 3190 16378 9394 6139 609 4190 12138 17054 1464 6408 13257 11654 8236 8092 2044 2337 5644 17494 10248 5669 2448 2880 15495 1266 1518 4611 79 15661 76 17405 19510 7043 19780 432 
5768 12211 1507 3334 6728 9192 3809 7444 24257 2875 16375 5290 15857 12456 23219 
5769 1327 2225 2617 15516 6709 15517 4603 15914 8731 7971 1247 10929 2574 550 6725 
5770 12056 1636 10412 299 11357 3978 5756 7863 10609 8028 
5771 6247 14256 15699 463 7735 186 673 7855 6072 86 2970 518 7497 2737 23359 
5772 377 8932 7820 7098 585 17878 8883 12273 3245 
5773 435 4859 1870 1003 5309 4218 2970 18842 8052 19484 485 6719 
5774 15487 11657 5587 4010 5154 11518 10268 5909 10222 3603 22812 4306 
5775 5475 20301 11691 20343 11250 11748 10495 2103 
5776 5543 15510 186 3403 6642 1090 776 6468 12233 13880 16268 646 8924 10695 9306 1586 8063 3374 
5777 15511 3825 20004 17000 15082 14131 9557 
5778 8761 7516 12423 15361 7641 8791 13675 14569 19294 
5779 15150 14705 9916 544 1877 11300 17518 1209 2143 2315 18254 4164 12610 4063 19513 3514 652 20642 14577 11560 1989 21802 11967 5030 4987 21796 8945 
5780 7193 4700 28 16033 17062 5288 5155 4610 2841 6630 4237 
5781 1321 3463 398 10676 7257 4165 6481 15614 12336 1126 8359 1990 8473 14660 7993 10675 9089 4549 16279 1902 1992 
5782 8775 1988 4011 14283 7226 16110 7359 10994 7467 6524 7018 10380 17575 12640 2411 3145 1771 18417 
5783 8842 3244 15531 1810 1673 15822 16443 14228 
5784 15537 5187 313 1194 2886 21907 5995 13890 2175 20192 23435 18571 613 7666 17000 
5785 15544 15545 1808 12761 10821 10825 15546 987 4350 15640 15641 
5786 6195 13067 21305 3825 18642 12927 9527 20515 17717 
5787 3011 6723 12158 1743 13487 8734 11101 12457 8255 3520 19802 19839 15012 832 18652 14842 1634 645 16030 20863 21050 21244 21463 10557 2228 8130 9444 397 21342 11943 23045 
5788 11665 5420 2335 4591 4146 7733 15718 5490 471 5426 14924 7412 7430 15899 5228 
5789 10037 327 19767 3334 253 899 2000 21382 3772 20508 
5790 14705 13872 6015 5524 8489 3950 9548 17518 3949 841 1125 4581 6325 
5791 15583 1686 2574 17632 13967 5640 18826 9463 10990 1538 597 13769 1723 
5792 732 5088 8512 4776 19631 6520 9520 896 
5793 6662 7497 7967 2865 2216 17974 8028 384 14090 7082 4388 13666 3210 
5794 7820 7556 13282 13483 3110 14256 11008 16044 4121 1619 5019 9666 
5795 9488 43 12362 16947 467 18210 13567 7854 16946 
5796 11794 277 22709 3937 1133 1321 232 21465 10040 1020 14980 7257 225 400 398 19136 959 4887 22848 10557 15992 4378 11943 12158 
5797 2735 7776 1190 14578 16060 8345 2690 6799 24243 17417 10503 12846 16437 8489 
5798 1816 16159 16160 1861 688 1732 4099 16051 8268 10213 19375 9108 
5799 313 885 15975 8578 8246 2998 20875 20948 8197 11137 20212 19540 2596 15420 2598 8538 11344 6500 2911 27 6761 6023 
5800 15609 1706 9957 2381 15613 1572 11564 3130 4575 2251 
5801 12760 709 6748 11114 9176 374 11133 22218 4148 20038 17648 23476 5018 5583 
5802 15621 6249 12088 7753 19044 19476 16114 8500 4015 144 11763 2723 14695 15246 246 3811 4660 11281 2706 5000 12713 299 12417 5760 7425 
5803 1525 17091 2098 2189 11902 21161 10618 103 19332 1822 16986 
5804 837 1759 10673 6888 5926 2550 969 806 17681 19542 5504 142 3365 2911 1647 6080 1079 3453 13478 505 20031 
5805 10259 15628 11849 16712 15028 3178 2328 14842 18296 3224 4621 2543 2634 
5806 4024 931 5593 963 1493 1679 5085 793 4489 9689 12177 16274 1127 
5807 7199 11005 13525 17007 2566 6547 11261 12461 9064 16337 17014 16454 337 17018 5031 12102 12301 6543 8673 9339 906 6398 11975 4291 2210 17268 15267 17304 4326 6887 
5808 116 10345 17895 14978 2876 20418 1100 3578 11406 21177 
5809 4032 3106 15648 10345 4060 5416 4665 17520 116 9919 
5810 12735 313 15769 6669 3954 3319 930 20017 63 3972 23894 
5811 8028 16784 89 17129 8104 9291 6242 17698 3155 14280 16020 4037 5818 288 568 7305 14025 23827 2981 14341 3742 
5812 10905 4677 12204 12979 6031 8925 16226 18133 2617 6854 5183 16166 12326 5258 6091 
5813 1892 11983 17215 10460 1898 11063 2450 9548 24085 1110 9064 7923 12335 13802 18156 367 19216 2893 6325 
5814 11375 1224 13068 1827 4263 3827 7492 4486 12157 7338 169 
5815 2407 11593 1738 719 617 64 817 646 1030 14131 
5816 8379 12116 3741 8380 9819 11500 8555 17467 3307 2773 19441 15796 20057 12376 18535 
5817 15669 1785 6844 8500 443 7320 10932 19471 19568 7494 19569 20723 
5818 3899 15675 3885 5448 4402 14723 3286 20051 439 22368 8844 5019 21785 23878 21805 24054 21014 
5819 10727 776 1913 5017 5633 4227 21898 
5820 4050 2933 5001 11318 14987 247 3440 15572 11209 6886 
5821 10737 16999 19612 17644 6386 17595 1565 13637 19784 9039 20632 9413 7888 17096 15736 3182 23381 11537 
5822 15700 6998 11754 19563 7239 10512 13067 9204 20305 3239 14869 4068 6308 3838 7005 5792 10882 9966 13571 5861 1530 21683 7311 4006 
5823 4942 2202 15902 4735 1615 5247 16810 17589 8206 678 1878 10519 8551 14234 16275 2303 15626 
5824 10207 4542 2148 4975 1395 1858 1389 1464 12675 21262 21954 18027 11930 2217 
5825 6290 6358 6268 7066 8315 17988 18825 12491 22524 1566 13642 
5826 11430 10878 17856 11596 18026 20875 27 7146 2306 
5827 2884 1516 9348 16054 
5828 15720 14030 16999 10438 
5829 3153 1892 15745 13199 15831 2876 5127 2450 869 7112 14637 11047 6725 20672 543 15352 6709 1854 7911 5504 4998 11321 5137 1657 10517 6442 
5830 15456 8796 16175 2407 16514 23825 22849 23186 2442 23080 11137 15731 16971 6510 505 
5831 12031 13867 12348 17449 14128 16364 15189 12368 22369 
5832 5070 15738 643 6351 15739 15741 7165 10402 3145 267 
5833 11812 15750 520 10293 12822 4473 2196 7504 17482 19530 
5834 6819 15757 5692 17381 6515 17874 21964 24351 19435 20066 14308 
5835 13383 13068 14148 8471 10248 14185 15662 6160 7216 17824 19086 15060 11618 5780 954 22284 22153 3521 1464 13342 663 
5836 2816 15764 8852 5698 15765 2082 5327 23167 16069 11149 
5837 15768 12539 1098 1801 332 1858 3580 10722 7528 11576 1831 6408 9 19373 11948 9613 
5838 15773 12710 20166 12332 5185 2034 10766 19601 20901 2330 2788 326 21583 
5839 3952 7877 902 16867 11703 9502 19332 11008 21263 
5840 3120 11511 15152 688 1985 6822 1732 604 8905 16311 17297 8746 6859 5103 5516 10651 296 11020 12900 12974 
5841 15795 12199 1375 3725 21832 2512 9182 3343 13701 3453 13923 8539 2236 8164 8666 5573 
5842 3652 15023 11322 12748 230 10236 3133 14255 18920 2149 20495 692 12321 12637 18628 
5843 2999 19540 16052 3453 4198 2486 7414 1035 7418 22292 22328 19709 2998 
5844 1524 4041 14090 10609 2875 3333 2533 3778 7514 674 7627 
5845 3808 15806 1871 18138 10233 16033 7023 21166 12392 8841 
5846 7153 1080 885 18386 17968 1741 2997 1657 1712 15731 12466 9887 12842 
5847 11361 2023 3436 954 1326 6845 1027 3709 1858 5037 1467 7105 14059 23413 6488 
5848 3681 4691 15815 915 1335 201 9837 2202 2994 20107 2262 1764 200 10321 9853 9254 3730 6889 
5849 15818 1966 3897 15992 16777 14442 17157 1400 17392 17508 14247 2199 9444 15087 19416 14718 19498 20062 3761 178 13740 20644 20218 10133 18650 
5850 14852 7082 89 3264 3710 13497 378 7197 20648 3597 
5851 15513 12427 9285 7219 5092 4148 22375 21518 
5852 9232 1931 4228 805 1288 2841 18303 6717 9007 19890 14282 2131 13205 23 834 12379 21062 8423 
5853 1815 550 2725 2558 3929 17714 5722 13913 18030 586 4551 78 909 9351 174 5369 3755 969 122 10673 6837 4498 15572 3453 1579 2484 18605 20017 13629 2818 19540 3596 845 20955 21261 595 13478 11098 21667 16369 2253 13215 7547 19975 1657 12384 17015 15719 413 6284 6886 
5854 6336 3111 3327 16678 16200 9781 19946 19948 13541 131 
5855 15280 5411 1485 384 3346 4377 3597 2763 240 9115 15606 89 8028 23489 6857 
5856 15837 4240 4708 8539 4795 1114 1246 1412 1763 64 18062 23251 
5857 7006 9219 12798 17822 660 6334 22432 22246 9045 14079 14231 3652 
5858 11792 15288 11769 13894 3115 9862 12368 11820 1483 3175 16512 1326 9031 4546 3683 6360 441 2788 6490 1010 6408 738 1306 1561 4109 4932 6875 8412 1606 1456 
5859 11058 1958 22015 3748 17669 1792 12423 2418 1946 5019 21221 1405 2425 
5860 8626 11240 12465 4974 14525 15242 16259 14843 12618 4046 14751 3561 3307 1392 18703 
5861 2094 11951 1303 1115 12087 3040 5153 10026 20759 2495 6958 
5862 8030 12761 19876 22779 10894 7094 22166 16397 16557 6566 7331 3886 5497 
5863 15880 2844 10313 5051 18351 6275 1433 4689 7929 19723 1049 11982 20637 1770 3030 12423 4217 12468 5026 
5864 4577 16187 9614 2244 13148 7622 597 5015 6725 16812 17431 17432 1375 17883 18647 
5865 2416 5317 19221 4006 3204 16884 10252 11754 20098 18931 5761 11827 9251 13515 3186 8849 3497 21934 
5866 1576 13068 6408 16746 9158 1829 15060 8105 
5867 788 6443 265 210 11563 21954 1296 1870 3191 79 14814 21583 1541 4509 21963 791 8779 
5868 13294 3904 17989 6874 2166 3835 8925 6371 18967 1308 4004 
5869 498 8489 482 4668 1894 3072 15965 2611 2147 12755 3463 2635 8258 
5870 15933 2768 15934 15935 8995 16108 16300 18542 2069 6434 10028 1186 5846 3249 20086 
5871 10662 14544 2832 5482 5588 14928 9039 6722 
5872 11921 11468 6951 11521 2294 11003 1286 3146 
5873 6750 5843 12219 17174 5834 13499 5566 2196 1902 
5874 3040 14470 2455 1384 179 16413 1478 2249 7249 4610 4700 1878 2785 7601 2554 8789 1570 4695 1750 4489 18127 17062 6251 1247 
5875 4152 2809 5490 8368 986 921 14709 9427 6413 5112 
5876 7213 4603 1822 8443 18127 3248 9764 3348 1857 259 3221 1431 
5877 15490 15958 4827 6606 4988 17238 2922 7777 14491 17482 
5878 2236 8925 6690 129 4669 6371 15837 4186 386 8343 
5879 1576 5309 2918 5011 3191 12675 6486 8018 3266 6408 4263 2467 5955 210 6139 2613 7523 14069 11948 22351 1467 9841 3676 5669 1326 485 23413 5786 23259 23533 5872 1456 23113 8547 18088 4924 1359 20294 14153 21100 1307 1410 2313 1011 17776 14446 5996 12031 12679 791 16164 14510 209 16685 73 
5880 15970 15971 11101 5139 397 9170 14489 15050 6334 12755 15087 3583 21259 21076 24962 17954 14225 24806 19656 2406 
5881 10612 15973 12512 2724 12423 15979 15007 3622 15553 694 1706 222 9892 6427 19332 6920 6549 
5882 2991 5843 2241 1568 8865 1670 2018 5214 1706 397 3828 9726 15826 3027 281 1034 1786 10071 
5883 2249 6630 24348 1247 4592 8887 14234 4735 2294 7919 175 11591 17354 4776 1878 1528 11607 4095 5763 4753 21039 11461 23929 1421 15644 5228 435 204 1009 7036 5566 10041 
5884 9496 10461 19955 19825 21173 21210 1415 1883 5912 11666 739 3347 15321 10862 3034 7587 2892 17518 1325 
5885 5692 15977 12076 8697 2552 16388 7922 1058 3059 10006 7651 4170 3610 1710 3546 17174 18994 8371 471 12684 16362 587 943 5962 7072 13499 124 6109 750 7871 16484 9995 1293 5254 8003 10757 13105 20989 20990 3116 9626 6536 643 842 3140 18606 5843 10514 21875 1141 9619 18064 437 22113 22401 19834 24027 3114 
5886 6368 3580 2622 1326 9028 6253 12078 10166 17554 16617 2788 8805 2055 70 9638 1011 11351 1820 12675 3083 4843 5889 79 15642 15887 9388 14317 485 6489 21287 15685 
5887 3048 7910 12190 4385 3921 2206 3612 4719 3711 16562 4376 2801 9780 
5888 2797 11909 9143 3606 1321 8816 314 2492 2317 3637 14147 3192 19386 18641 18783 3463 3342 4855 6473 20662 9670 11465 18487 3520 5139 13412 7848 232 9262 19925 4800 1019 135 14877 9512 707 3757 22747 11286 13788 
5889 15996 10085 2892 13651 9905 20405 21135 21144 1883 18655 
5890 7735 208 16034 10922 16842 11929 
5891 16002 3605 9943 1413 12943 21955 14403 4979 121 21993 5214 2721 10380 7707 13965 9826 9563 22759 186 16821 
5892 4748 1518 3709 13217 1326 4383 5468 17399 17776 11356 
5893 7221 6427 8598 1948 16394 19249 5024 7799 9803 22609 
5894 15527 10279 14249 8750 10435 16498 21021 16590 6761 15665 10588 22305 
5895 15362 12261 589 1115 5091 2109 3146 3435 17810 197 1528 15210 23312 3845 
5896 16018 1685 224 1375 7844 5640 
5897 12190 3859 7971 497 4502 1878 4095 11553 10292 11778 4084 2139 17899 8518 8960 884 18174 3081 16314 4286 11808 16875 4985 2206 2534 11870 16138 7539 16148 20106 12041 3849 5084 6419 2463 11325 13607 9702 5083 4200 3727 19265 4185 4102 21673 226 17040 7639 3472 230 16254 20164 9717 1287 16545 
5898 4 16022 2650 21460 9548 874 9612 2210 3304 15373 9592 18065 
5899 7328 5617 9549 5619 15119 16247 10204 1795 6649 4 20940 3347 19831 
5900 12290 1569 11640 3238 5900 8825 1300 9741 901 7023 9662 4846 2303 17670 2301 4113 6851 9076 200 3493 19139 1384 204 2304 8902 6238 4379 188 678 19858 824 18786 18704 230 16075 6210 2496 10014 17333 6421 
5901 14999 17002 4114 3529 4670 16914 9675 6000 3804 13205 15812 
5902 16039 13771 553 4496 16439 9409 3564 19258 20105 
5903 8987 16043 18340 17528 13619 11182 
5904 8648 8811 2608 3770 10876 4962 348 14722 6143 21288 2288 1074 19412 16488 15300 10735 23189 22051 23077 23432 
5905 8984 17827 18205 8513 19081 5369 17598 16172 142 7100 18006 19674 386 21677 
5906 16058 17978 4251 3991 13281 22371 
5907 496 186 12192 2970 16136 3202 20772 11321 5075 2236 20486 2445 2423 2095 7219 
5908 16076 16200 12684 14082 2254 14491 8786 
5909 8315 1384 4369 7928 4218 4729 444 7290 5427 5153 4670 1760 1750 15362 808 3430 1493 7498 7469 6814 19396 35 88 11530 11988 15910 4252 5228 17194 7737 7742 4845 1761 18511 2323 6385 4108 20280 13981 435 17412 11277 6137 3585 21082 7222 7517 
5910 11492 732 759 186 1623 251 9480 754 2428 8073 
5911 16091 16092 6806 962 17475 15315 22878 22665 14182 23660 
5912 917 1936 16095 9047 1884 6375 896 15972 4369 2908 7576 10220 5114 201 598 3136 2481 18373 
5913 4301 1352 4933 17188 12223 10617 1243 10556 231 1463 6313 21020 216 10222 17274 
5914 16099 521 7106 20551 1124 3635 18990 5704 14377 20437 1683 
5915 766 2575 2836 3907 3779 2763 2123 7358 7477 1350 3210 15177 22840 6857 22170 21870 2769 
5916 7864 11195 16114 3815 19953 2705 5695 20257 674 14770 7386 1502 20671 7186 130 9558 6724 2577 7863 23091 4236 
5917 16116 16350 1420 16839 838 2943 17226 4780 8236 73 17218 10166 
5918 10038 22664 22138 3248 5238 2309 9164 3403 3425 12247 1873 1235 3678 5958 9254 7540 3194 11129 13186 5554 1978 8320 6243 3982 6468 14819 5114 4237 186 24108 4935 2109 5228 
5919 4710 11300 6018 8396 6303 17847 16488 17697 17808 8647 
5920 14393 6813 6337 2501 16141 13584 15169 7776 16835 6690 19145 13003 18581 
5921 16131 14229 397 14649 3652 5869 1648 2953 3501 
5922 12610 602 1894 16628 13407 6405 11413 4861 17248 7606 5408 4989 3504 5989 5127 17543 3600 19119 1111 7876 
5923 4489 6906 808 3348 732 8320 1679 1929 6123 1235 11645 11464 3737 4603 28 1165 8000 1528 1384 5288 22138 7452 8771 20757 4610 6019 13470 14281 626 167 11996 1876 966 4492 5505 1949 5276 
5924 1620 7448 11686 12724 8917 2554 5615 3642 6921 11569 11233 1148 15466 16331 3354 5084 1537 12777 22 22274 
5925 12218 4428 2740 3334 11631 19947 8260 10846 13135 3026 12706 3907 2377 6472 21325 
5926 3605 15856 23439 6118 28 4200 3063 12412 
5927 511 3942 617 817 5436 9975 15561 1955 17471 2396 3421 13165 969 6789 6235 19486 3295 7553 3281 6216 19949 1759 20036 10673 19540 623 13478 5504 7219 3165 22333 23762 8925 388 
5928 1706 90 2241 3783 2146 1031 6398 1209 2150 20056 
5929 1399 2858 8691 1826 12078 23580 21583 8180 21451 
5930 6375 16515 13308 14411 13098 1847 624 16243 15005 17003 13577 
5931 5162 1995 3116 11066 10966 1058 124 8546 90 
5932 890 397 10557 4325 18924 1637 4122 14470 4559 21891 22675 20190 12667 
5933 16162 1135 12252 3422 17091 5182 5020 1345 16300 15754 
5934 16170 18355 9241 21585 16927 3168 1350 6044 
5935 16173 15256 1465 2172 9666 2906 9667 585 19085 17288 1 2855 7865 12115 10619 7246 315 11128 
5936 4193 1300 18898 237 3859 5790 17728 20892 7702 7950 20998 6344 16599 2248 23680 1478 5247 
5937 16190 16417 11254 7150 15921 15306 1108 365 14767 1635 
5938 14806 18342 11718 4350 21032 148 1520 984 
5939 3737 5900 4218 5519 179 19517 6879 3430 21815 4253 13804 10777 11129 1384 435 1106 11895 2036 9309 2309 14925 3348 
5940 16198 11079 6164 6204 1154 17084 1528 1679 1317 2557 15013 1608 20919 446 17062 1245 201 7025 15437 9953 6207 6625 21179 7964 5924 6478 1603 11189 6251 6455 9051 6144 5271 13151 4538 15951 8990 8413 7024 4430 5939 19934 2641 24029 17171 17075 10343 9102 2460 24978 14172 2463 8532 22883 9961 8423 
5941 6099 14533 607 17578 17815 744 15863 6445 
5942 8958 2512 5652 675 53 13923 11158 17650 7189 12842 19788 4498 3329 10442 23186 
5943 4677 16209 5310 14241 5246 6412 8160 
5944 1863 10004 7556 13623 13188 1951 4295 1754 1938 16376 8791 
5945 11200 1345 14256 5916 16493 20179 2111 7489 8628 11531 15261 4955 1948 8761 10179 20981 18516 3622 13983 5026 14723 24119 22279 24165 4123 1954 5145 21976 11557 18903 11735 
5946 11889 15815 12970 6000 8651 5084 12660 20462 8025 1158 1070 7601 9661 200 8463 9565 91 
5947 15595 12675 16389 1151 9553 11719 23267 16144 
5948 1765 1413 12783 11865 5662 986 14449 5390 5113 2811 14987 3018 
5949 14836 2372 6931 19363 12912 5166 14214 7778 404 
5950 6662 1219 327 6472 358 2700 2536 11644 3210 4651 11213 1725 15997 20032 2800 3132 4377 4922 
5951 2115 3573 3597 1510 14786 9118 11404 368 10940 
5952 16260 11518 16261 15604 1825 15 1162 18053 4230 
5953 15852 9450 24473 2167 24123 23800 2073 24474 
5954 13707 17695 6870 4910 20383 2107 210 10782 8748 5970 3128 21840 16832 11755 12454 20261 10126 
5955 3859 1528 1651 1978 19351 2932 186 3843 1384 1493 4023 20799 16033 18534 
5956 3863 7448 91 2838 6630 1493 14110 9741 7573 6717 6436 5856 1154 9137 435 20341 6840 5479 1105 1487 5276 1783 4700 3310 3248 4023 1637 3680 2135 3843 3040 2065 
5957 485 822 326 5824 1539 16512 4082 12539 1801 219 16389 11597 1780 3175 
5958 16281 16283 3111 1009 4466 16462 16730 2018 11403 648 
5959 827 3779 8356 3394 7619 2651 18740 10841 16837 239 
5960 4429 1054 7513 3406 1357 2568 2737 5936 15650 369 7477 
5961 4859 569 3676 6394 699 1326 7528 9001 10613 15595 
5962 1480 3248 16274 3737 1637 11044 594 6177 3025 7307 5085 2776 6757 12001 194 
5963 2923 6385 17477 2197 5529 10764 8718 4797 19807 12000 14559 6005 7045 
5964 7670 2793 13781 5213 5927 2018 12114 5835 3130 14681 11560 748 21682 3784 
5965 1772 3437 4691 1750 18178 4935 6908 1300 14566 21117 8220 
5966 3801 6857 2000 3407 3708 327 4041 333 6472 358 3334 1970 14765 16837 17817 3570 
5967 11718 17051 6849 17212 17214 17217 16386 4244 21885 11328 6566 23144 6695 
5968 3422 8392 5182 7221 9329 3652 432 15089 18798 4133 1885 17128 4034 
5969 11638 1950 8535 12430 2418 1619 19434 4225 557 4123 
5970 16332 7331 16334 1808 11354 12644 3616 11501 5429 13183 19985 
5971 7503 9960 6819 13177 9317 21470 842 1365 12168 1733 22789 11841 
5972 5946 8694 2834 1996 4328 8562 10837 175 
5973 11514 20756 1949 1148 2258 10065 2496 1414 8662 1536 2463 13045 5554 18471 15577 
5974 16349 22075 14468 9890 2163 7350 15350 10738 382 11060 3090 13750 4355 20898 18777 3158 20136 9046 6620 6375 18512 21565 970 
5975 116 1058 3114 736 13319 10948 6186 5831 6606 11515 17536 17342 14136 
5976 9409 388 3704 1356 4162 19665 848 6605 
5977 11253 1828 5408 1373 2320 2256 906 10839 
5978 8064 1141 15890 5426 17376 10245 12365 5998 2991 14283 12656 3059 15899 18064 10887 8425 4589 6944 2958 7651 20537 15147 15109 20494 
5979 4613 8889 2018 5070 16258 1413 2241 8403 1989 10605 
5980 1000 6725 2648 628 10818 23367 9896 386 5015 10517 957 2112 608 4506 912 184 5583 5232 13341 925 2473 8593 165 10969 24358 22515 15665 3918 5857 7523 
5981 11948 2946 21262 326 5096 6312 14320 1576 3057 856 1932 6127 
5982 8618 15170 4284 20303 20765 5394 11705 
5983 2931 5073 11107 1754 19012 13563 12504 439 4802 119 9206 22342 16382 4700 1676 
5984 8538 885 5719 8116 2230 17042 5809 8578 7418 7596 11321 14849 4403 1810 22100 23644 7610 418 6533 8139 17605 2503 21778 7000 
5985 2495 17275 3430 11848 18563 6881 2995 6076 19007 20002 12556 3358 11325 6307 14425 805 6377 13979 19892 
5986 13068 6203 1483 6902 1541 3812 3488 19629 11792 1306 1724 6480 6126 13258 2162 12407 157 6300 
5987 5763 2020 11676 3322 3769 11423 17155 281 4575 1572 9092 
5988 418 13478 1294 1035 9850 3109 17471 628 3623 21118 969 6074 
5989 12620 8204 17945 14527 20410 10737 2959 
5990 2295 969 2916 4704 5942 909 13202 19900 17471 4801 3097 1762 10381 21521 23910 10257 1741 10442 5346 2911 13478 14297 13084 264 20192 
5991 13734 14705 9897 12733 15882 1239 5524 23690 7920 872 15465 3823 23055 
5992 4113 4700 497 435 14549 11147 1442 4100 6388 5441 9193 11901 15389 
5993 16438 14342 15547 10449 3387 1647 19788 10671 19961 9059 1194 20122 4254 12100 8773 1078 2999 
5994 6014 12460 17387 4103 2467 9703 11289 6363 4826 
5995 78 1815 19730 99 7550 15547 4099 10213 18030 14987 4812 15493 18313 3440 5105 
5996 3215 20743 2043 18179 879 7451 5636 17787 22651 
5997 2071 895 9833 510 385 18852 24099 16426 
5998 8381 12508 3117 18780 4106 5579 15201 9493 15643 8800 4068 9282 19224 
5999 5163 9254 1090 14175 2283 2784 9857 11926 18127 4379 4866 17111 18797 3311 8770 525 3592 915 22187 3648 
6000 15222 16496 12284 3473 18258 9784 15899 3773 7651 5213 17337 20144 20540 1721 4188 7740 
6001 8630 3458 4398 1753 7345 11615 6664 7344 3136 1384 
6002 5160 3180 163 7534 18834 11328 10830 387 1181 8770 
6003 1321 9057 2499 1312 4378 1634 16602 5154 8525 
6004 16506 5549 2100 8773 
6005 13552 6863 6933 16616 8973 20409 3235 11397 9442 1880 11695 24924 8473 
6006 14863 11790 4361 11909 3757 3472 22187 3189 5218 3522 
6007 16513 7029 11599 7593 12016 896 12395 1871 2294 
6008 1261 2804 458 1154 4871 4192 1436 1857 12991 2838 15180 
6009 6194 16033 5849 3310 9704 870 12899 1287 1679 2454 5283 186 179 4227 784 3585 17412 6241 19321 6734 2294 3236 942 1440 963 
6010 6526 17228 7930 13714 9640 18787 15328 
6011 16522 11559 1235 11147 1528 6451 12826 3437 9899 6198 5243 12034 1314 678 19111 4458 396 3310 444 9891 6237 21567 1493 1478 3585 1313 4524 1105 22274 18138 970 1753 4818 197 9137 1466 2851 2528 67 2351 22938 23706 1871 
6012 1569 2018 5566 2241 3111 15966 17311 437 13710 5213 
6013 15496 16370 17715 18442 21268 7469 5058 4163 498 4387 5458 14254 19590 
6014 4551 10045 7567 969 4514 1142 1562 16213 5487 10449 5079 
6015 2091 11735 19429 12115 2724 18715 1619 2189 5023 19332 4444 
6016 2422 4689 3245 12477 2418 3899 3413 8988 12925 
6017 7233 6056 15505 2511 8112 7095 3903 2736 16552 16554 16556 16557 12405 
6018 15147 3116 7062 15678 15826 9522 921 1215 1141 5800 2282 9089 17331 5834 8070 62 2308 1058 5711 19614 15062 10751 5112 4012 11873 3695 18561 19615 15694 11116 4011 16564 3241 11306 
6019 16548 12649 5570 11239 14231 11613 14716 15988 13765 17592 15853 17665 6334 14225 22432 2492 6984 23140 9993 24515 3652 24516 22246 17183 24522 7819 20664 3058 
6020 5578 16555 8774 16560 16038 3042 19716 
6021 16551 17528 5141 17027 2409 8410 20867 8664 21887 21959 
6022 11973 11423 6191 4036 1009 2018 3825 10845 6472 9534 4040 20143 8285 4575 
6023 10328 14427 3405 597 21012 25 1668 5187 22799 19619 
6024 10972 2575 16580 575 2216 1920 5411 7082 13820 3710 8622 5618 
6025 1730 11991 12801 3413 4464 16669 12557 9079 1349 2418 9722 6798 1956 12627 5847 9700 6272 16892 9895 14167 12285 16963 2172 3422 3887 15591 16946 9848 11408 17263 20981 17359 13520 8392 18157 439 720 1237 13799 4943 320 
6026 1378 15685 21583 18027 5186 10207 1467 22387 22194 5257 3941 3676 4233 1576 7048 19866 8930 1223 791 7288 18393 11349 2325 3359 23259 615 23113 
6027 10489 4510 14706 11339 4543 4481 16065 8740 
6028 15210 3581 4376 19613 20189 11068 9491 105 4430 12949 
6029 16619 15231 13820 8178 3615 15271 12594 6396 3409 8594 168 4922 11763 14090 5713 287 8621 
6030 13913 8077 2725 16635 11173 296 969 14271 17015 644 12384 8879 4812 1816 11596 
6031 2393 4222 18529 20269 7764 3871 
6032 10671 4049 22657 12427 22610 1796 13341 6264 11132 
6033 5900 3485 3437 6165 673 6678 2249 3591 11615 2815 21788 20919 
6034 6126 6422 60 741 371 10510 485 9031 747 20421 21713 21583 16606 
6035 13402 6725 5215 8766 2725 10213 4723 11294 3125 1567 7632 
6036 14789 7985 2078 2495 4154 4089 232 
6037 15542 15330 2498 10134 21827 24481 
6038 9924 19540 5187 1933 8749 5018 516 7206 17660 1194 2976 3405 3421 8646 22906 
6039 3993 11346 6829 12305 16144 8041 73 4595 13240 12564 371 1311 4815 2465 4911 4109 2522 14320 4107 783 1916 485 8092 2077 3659 1326 6668 2832 332 9031 19671 7817 1003 6831 16224 10707 2782 21488 9897 22032 21080 
6040 6449 5688 2482 2660 2682 10160 5197 15921 2908 4787 6496 17901 2027 20572 12745 10162 7609 7405 14061 21292 
6041 6261 2377 17951 13758 6662 6546 20252 297 1927 23416 
6042 4874 19531 8931 19677 
6043 5963 1547 13068 142 6408 2217 1483 19763 9613 2332 836 11256 9738 9158 12541 10248 7543 14185 6090 11857 15961 10664 6139 695 3536 2946 20887 23471 1464 
6044 68 17711 13523 1023 2493 20518 21740 2740 2424 9485 
6045 13365 2297 9845 20855 5599 9232 1245 3871 12682 2195 
6046 9817 13356 4401 17736 16065 8693 8380 13236 8626 13638 
6047 5441 181 7178 12446 6840 17240 11594 11478 15058 858 1528 
6048 3757 5949 17685 18003 12926 20322 16572 1103 7137 10705 3052 21060 1842 1260 18989 6971 1112 3021 
6049 3041 2387 20086 550 6835 21882 21978 20753 721 6159 
6050 10946 5215 7992 2916 930 3097 4521 567 9483 18880 1344 6284 4099 10673 11952 2775 19975 969 
6051 1706 15549 8258 430 24337 212 962 432 8096 1321 1989 4469 4011 2241 
6052 16297 13867 13068 6408 20661 1848 6300 8281 4823 8830 1464 485 20007 
6053 1516 16726 17815 18054 
6054 7732 9609 10879 88 2466 6528 7920 15882 11441 17402 4494 
6055 3644 9729 13487 15721 24263 5139 6122 962 22378 11990 314 17318 13040 16186 22562 3058 24475 21646 11949 18277 2749 8699 11322 3603 11160 959 430 
6056 8363 10346 7719 19702 1384 17190 680 12177 9005 
6057 16734 3288 18042 15870 12202 7497 6568 3980 8447 
6058 728 10467 6878 2760 18653 29 6876 345 7537 1122 17440 7387 4009 608 16166 2468 6354 
6059 9775 986 19189 19747 4024 9258 171 20999 24892 5468 14877 15423 4348 7806 4378 3637 14268 9141 
6060 2327 11599 1384 208 624 1314 16735 8787 1288 7101 
6061 16752 11808 17038 17252 17254 12976 5607 3913 15134 12665 1492 19401 8713 
6062 16512 16780 8332 10502 7263 3047 344 10559 
6063 16758 10192 2479 17780 18378 6644 1023 7425 17031 2739 378 3811 2563 9467 7477 2706 2727 13310 1357 3779 5574 
6064 620 15410 7606 6015 16761 4063 8470 7010 
6065 16762 20355 22145 16701 17104 2097 22545 977 
6066 5150 6415 16771 3376 2272 12439 3715 15012 4010 21646 18477 2638 8096 
6067 2415 5763 8175 15905 16846 12298 5518 5235 15337 
6068 6236 16394 7003 14990 11008 6387 3750 1349 7221 12423 2957 7556 21805 451 8761 17139 9944 12250 377 
6069 681 3310 12849 8127 4738 6375 1317 17221 4084 4538 17329 17551 17553 8787 10035 14711 10440 17944 1615 18082 23 5220 6493 5288 8010 17275 18346 18389 4449 10149 17521 5663 3912 201 13254 2163 186 10484 12646 16979 1747 3592 14829 7466 19160 8559 3937 10773 13045 10483 650 15565 16626 9277 3829 1929 5542 17858 
6070 3219 12655 15947 11808 16562 4084 9586 20678 20679 14223 7985 1103 18617 11178 
6071 840 16807 4274 8828 16808 66 4072 9576 13433 4458 14386 7789 8016 917 650 3668 10568 
6072 7598 16783 7880 35 535 8686 
6073 13573 16851 8424 15242 11440 16105 16460 4481 18579 14525 21156 21320 17011 
6074 5187 2818 8578 264 3005 57 817 2999 9469 13811 17652 11185 
6075 5190 10518 11457 9166 4603 15956 17955 22352 22659 16519 3087 
6076 355 15722 212 4693 13493 12577 1482 4010 232 14877 13158 9514 
6077 2643 8395 15140 4079 12607 22085 16170 8999 14159 6295 14485 3767 7913 
6078 6813 16809 5418 2732 1808 148 704 22776 19856 11501 
6079 3177 5226 18281 14427 2509 19685 10113 21504 
6080 3178 231 11037 16815 1634 8219 15018 3460 14091 15066 4612 13327 16816 16817 7192 
6081 7923 763 5503 2147 574 1225 2261 1892 4710 11666 
6082 838 6133 16355 6486 19208 1979 6901 2918 6125 5655 7126 
6083 11055 18953 557 14723 10311 11161 13154 9667 
6084 11149 17426 6642 7789 11293 35 20354 20510 12241 340 21605 18051 13875 606 19809 1847 8022 4574 13365 5283 1106 10407 
6085 5816 3292 2245 16830 14857 14672 
6086 3388 10719 17471 14173 10135 7811 34 296 3729 3832 16237 
6087 16838 1738 313 3623 7443 516 6614 5187 20803 3860 5995 4144 10426 2057 10877 
6088 3223 16841 10498 8476 16693 8652 8824 20128 20291 21700 15371 
6089 388 13478 4756 6031 166 2442 2999 9217 5772 20704 
6090 16849 15872 624 24891 9846 1426 6893 13551 19125 6162 
6091 1956 17844 8985 1349 11735 20165 491 1207 6549 9248 
6092 2000 3334 12686 22170 478 20671 3309 15504 16837 
6093 13107 1253 4749 6261 384 4304 3019 12696 11937 3611 3210 
6094 5762 10765 19260 8213 35 7427 181 21188 
6095 2642 4241 18868 20173 16082 21485 2132 8816 18873 1133 22493 8012 6473 890 21724 10060 23341 23458 22564 7673 11454 2406 23618 
6096 14514 2260 15525 19517 1091 915 3737 2395 177 11615 1109 4463 7247 6149 5649 
6097 1892 2929 10973 6577 1239 15078 6934 6385 
6098 53 1712 597 2312 9490 16852 8973 16772 20406 11158 9260 13265 
6099 12943 6182 11560 5490 7182 9168 7036 8873 9996 17398 
6100 2374 16453 9496 16870 5255 7512 21796 21797 8474 21833 1094 4536 17253 17845 23406 5774 23563 7965 14496 12325 12066 18999 19206 2147 
6101 1532 5434 894 1184 184 3453 506 14186 1741 14836 5226 8109 1057 565 
6102 5166 2398 6669 15780 18324 18596 2614 5582 2253 2401 18964 138 
6103 6097 7122 4464 1863 16882 1237 1964 2176 2186 1172 5460 9502 10619 9608 1977 19463 15007 19751 
6104 16883 14891 17092 15012 4010 12070 5139 12924 9143 4085 14483 16290 22093 
6105 13771 6884 14508 10270 8051 18038 19860 550 10077 18750 20379 12051 263 19542 14272 20170 8611 15378 
6106 167 6245 13277 4906 4272 6825 2051 16803 896 
6107 16898 15095 13388 1935 8343 5722 9420 15597 13478 21907 1016 13402 23943 1933 23974 23404 23699 877 16051 932 13966 
6108 4188 9367 17468 91 4355 15230 3524 6555 18817 20064 4799 23869 8362 
6109 4918 12263 8981 5419 5032 7499 15432 1181 19796 8454 
6110 16903 21185 1253 14341 21958 1506 11506 10121 5602 11763 2000 1507 8295 7615 3597 6396 13444 14133 89 11281 3742 20602 5290 3404 287 15838 3980 1348 19744 13758 
6111 16907 1466 11870 10578 3025 8837 10026 677 
6112 8749 16923 2916 13706 3000 17273 7414 909 989 2185 3962 19069 2694 17832 9536 13296 5577 11555 10432 9073 21523 1759 104 17970 13849 4169 397 22868 22869 21009 3682 22093 11909 7848 3342 20662 15651 3636 
6113 841 18 5321 1530 14705 15150 9050 15799 8147 4191 10570 8595 227 16853 17715 13618 
6114 882 1246 3564 1657 9304 705 388 4625 3119 8012 2999 18037 
6115 1955 9485 2015 11560 16933 9909 468 4795 6153 7840 418 455 15337 
6116 4496 5373 16936 16624 13065 7970 7663 2331 8109 6321 7689 6691 
6117 699 2132 1646 570 17261 1948 397 3949 2147 9927 
6118 9182 4496 13771 3746 15227 22651 18285 64 6340 23251 2321 551 418 
6119 4112 17697 4164 3686 143 6296 14581 16594 5795 11300 18946 170 4080 11302 7742 426 8645 23026 23050 6385 23055 6250 3252 20493 13361 9966 19355 8624 1886 1530 
6120 16805 12235 76 344 7128 17465 8332 5556 
6121 1599 16972 5817 14069 16139 2477 10218 6412 6371 20340 1560 953 909 12434 1444 
6122 10834 11617 16973 69 16158 1052 17262 15062 10345 4608 
6123 16977 12735 10750 23288 1610 16893 12542 10942 
6124 16982 1097 18693 16215 8334 1587 9361 5757 15355 11555 19994 3956 7347 9483 7895 381 879 18057 
6125 2476 12100 2818 5726 1738 14690 1035 20114 9415 19540 3780 13830 13811 3120 
6126 699 7128 6365 8092 2062 11288 11022 3586 16999 73 
6127 16994 11847 22652 23315 21058 884 2796 
6128 15549 10605 9846 3825 2424 4011 14283 2004 7399 1885 
6129 4598 4237 3087 2641 13365 2482 6879 2935 12990 3354 208 15296 6238 
6130 2428 10751 17559 11564 468 17547 1765 11586 5249 1568 10140 2922 4011 3834 6750 
6131 10282 15409 17487 1558 10772 6895 9252 8065 17151 10454 
6132 10442 3623 12215 7396 995 2999 1363 313 1194 12033 53 10754 2295 
6133 15203 20494 8371 5426 3111 1058 2274 11075 11817 17575 1850 17174 283 7363 750 3928 116 10140 2928 8923 13496 2956 13319 14070 8153 121 648 14530 284 
6134 4584 12268 14872 6826 9781 559 1989 9619 6381 16271 23480 
6135 3360 9212 17387 16512 17130 14059 16764 13860 265 22284 210 18027 10805 
6136 1404 8658 17060 7404 14859 17961 2515 5971 10181 16299 21454 1829 8018 280 9383 
6137 17021 17022 760 2639 12780 5958 18806 11353 8336 16296 24999 6865 7326 3380 851 8688 7171 8037 19819 21444 7270 7628 409 
6138 2635 1126 3682 14476 6412 9176 6593 7831 2072 7455 386 957 3453 
6139 16908 20559 536 5857 8160 
6140 11615 4682 810 3592 1384 901 7030 5123 6359 5675 2415 1257 194 3348 8113 10922 201 13151 13101 7719 9837 13865 1857 2089 19811 8216 
6141 706 18440 7502 10004 2386 15045 15876 4464 14379 4035 21105 640 22566 621 5406 20079 16009 22688 21780 2878 17224 
6142 8311 1786 10834 9317 19610 3197 5175 457 20507 12324 
6143 17035 5251 12358 1706 829 999 12791 3059 5800 19435 10786 283 7942 2305 20494 3879 15193 7939 18064 90 1009 9103 6564 8775 1573 6980 16792 5426 459 3928 5843 6515 12276 14136 643 10994 1786 9619 3145 18076 10730 
6144 13172 13607 18734 11079 18786 17062 10610 17860 23770 1812 
6145 15649 3978 10609 13310 15664 8358 17985 9607 4428 19052 2536 20032 
6146 12615 11080 10838 13354 11843 
6147 17055 5822 304 17057 17058 10642 17059 3540 
6148 2328 423 9588 17592 17183 3666 3520 1932 892 14043 15988 7859 
6149 210 9158 9613 17070 6722 13919 1326 2813 3676 485 7288 1460 2788 326 4748 8105 2164 4263 5955 445 3988 11556 1307 6014 9888 21830 19763 1354 12407 9028 18842 8209 1827 280 9031 1311 6488 1456 9755 6636 11346 8199 14316 14928 4467 1832 10488 
6150 17067 402 9811 17078 14427 21012 1327 19054 5369 386 4939 
6151 1581 1326 17218 1399 2107 339 
6152 6396 1379 4425 4769 8872 899 13107 730 5840 288 18939 17817 20032 16094 2836 1636 89 3570 22170 12417 
6153 1770 1104 918 1345 4834 6502 3245 2005 952 14630 7221 8394 1951 2878 
6154 4112 1373 2453 6398 4588 7324 3949 11201 9930 9922 7703 5989 6015 1590 2876 14346 16525 17087 
6155 17076 17453 9563 15430 11440 17843 9348 13936 
6156 17082 114 17085 3520 2625 16883 9135 4548 8816 2431 10418 212 2220 15012 1634 
6157 4202 15462 10549 18548 11390 1142 6469 9059 21293 22512 21523 
6158 2532 3600 6821 15747 553 3746 849 10328 2112 5586 21276 4186 7808 
6159 4819 4202 2364 2295 1186 13478 13572 19496 885 19540 7184 12237 17626 19900 2335 5422 3130 3111 5421 3964 388 15531 16514 
6160 9334 18190 7986 
6161 12425 5521 6966 6315 22559 11526 
6162 17106 7805 3623 12525 2376 16113 13165 10789 2916 2911 19172 16514 3001 14359 
6163 12376 12264 11045 18454 18597 1425 
6164 397 225 6013 835 15731 8796 930 418 20188 3884 2811 4790 22112 9301 8231 8644 
6165 1009 11560 2006 5835 15966 6191 12581 3111 3783 4549 6098 2241 9785 
6166 2730 18347 16302 9016 1326 21680 14527 
6167 16311 12033 13701 13491 12233 4118 996 16886 5507 13685 21518 22512 23053 3550 10031 9985 
6168 17128 131 14283 3773 20479 20582 9373 
6169 7492 5848 3266 209 13860 1027 210 5988 1003 8353 371 8198 6950 14719 4479 6042 79 2590 1540 20309 
6170 2969 10165 5671 3514 10764 12069 13525 6325 5204 4201 6408 9921 17026 
6171 16149 9126 1168 1155 770 22866 23332 916 
6172 4011 3640 2241 14330 11913 10317 7272 6107 
6173 228 4511 17502 12158 4915 18683 12754 18228 18677 13935 3643 171 9791 2328 13158 645 3693 20468 3299 5154 4758 8807 18166 15018 
6174 752 1342 13202 6306 14593 9649 6371 18808 3962 15241 6343 15032 2156 3038 3623 5858 16361 20968 16088 189 6789 13903 13145 22650 4341 3572 1517 
6175 5186 4505 6139 8049 3200 5827 4261 16737 70 3709 485 5992 1930 
6176 5698 16312 2413 12820 2785 3252 19786 17049 21931 
6177 17161 1326 10181 9938 13383 76 1010 8353 16299 20146 261 2023 4512 7228 22284 12236 2806 2465 6870 23580 17761 
6178 6987 10257 5292 13811 5726 142 5991 11106 4191 9871 10761 3101 
6179 11115 2864 6879 8000 2116 1871 605 18841 11442 1105 2932 3737 1496 7027 9899 
6180 3497 6115 7049 3084 5526 17499 19061 4184 17430 10210 
6181 5731 17291 18597 5657 14562 12097 
6182 1135 5594 21805 20297 5145 16663 2703 2854 7839 25108 19479 18953 
6183 6263 4607 6050 179 6045 6319 10776 2729 9909 3773 4011 11796 6453 22088 4149 4113 
6184 4729 808 1158 18670 3240 86 5283 1882 8310 186 1764 12351 2496 5554 4753 15906 14465 616 4619 28 6005 21094 13185 2309 1797 1286 
6185 5159 14043 4800 14075 13565 1321 8473 1240 17892 17335 19376 10011 
6186 17198 6156 3145 17364 11783 15576 12781 818 17740 9273 
6187 15337 6371 12281 17745 6342 3835 8679 388 20645 10423 248 1114 2498 386 64 1810 12422 14180 6876 15547 8842 6340 1925 8793 9221 2477 129 21472 7837 17440 
6188 4165 3294 228 4915 3501 232 2730 2635 5154 2272 11101 10372 8816 
6189 6647 710 16583 17386 19165 18649 17951 18642 7720 7913 19708 19598 
6190 6625 5114 3238 10038 3678 1679 9232 20517 9308 4259 300 2342 870 
6191 4845 13668 2691 20572 18639 13968 9038 6050 20268 878 14031 21140 22436 9287 3096 19732 8088 15717 20342 16145 6713 225 19074 1486 
6192 16522 6976 10065 6176 8315 1679 17062 8957 1493 5777 2750 3437 6475 18785 4700 1154 7193 6879 10233 1528 2065 1717 16033 15055 2481 3859 5088 1549 9702 3517 4331 1466 2435 5849 8220 12401 5085 13018 28 2218 963 5593 6630 435 3996 7080 17084 497 12044 4100 
6193 5429 2436 704 8383 1005 11718 15076 18342 22166 5419 
6194 9217 17385 2322 3929 13268 3328 5016 6888 3832 4837 3284 988 15298 18950 19679 17309 1285 4048 
6195 4024 17284 3747 750 7827 1571 3077 5392 1885 17724 3241 1572 
6196 7029 11813 1679 8182 22144 963 22274 181 8220 6840 5161 5141 
6197 2596 17287 20385 53 10671 5964 19818 16481 22610 24885 17626 
6198 8693 7031 11030 7927 5710 16065 10615 8083 
6199 13691 6525 7942 9919 1034 3747 6665 3332 21672 20317 11066 22618 10638 12752 12932 15337 11829 15101 13050 1593 2112 14743 4029 14690 1429 138 1498 
6200 17229 12946 12032 1576 3436 8236 1296 17363 10207 3128 
6201 9374 4821 777 1049 7166 8985 8564 9667 7556 1791 2817 6928 18607 18815 18039 9246 5594 14958 10690 5708 2130 1461 12689 1135 17639 18121 19725 4721 103 11527 3866 10802 14468 20368 5026 3882 
6202 3839 8411 15561 16443 6235 1246 3698 9647 6880 12886 
6203 2852 16468 11047 4249 10859 125 6748 6292 3839 1192 7531 4506 14299 6703 3388 19923 16046 2503 17605 3835 
6204 4242 10121 658 10032 20328 7566 3026 
6205 2206 15296 1020 11919 808 753 15210 4218 20816 3859 20083 11790 32 18648 10684 13729 9434 11252 5409 1718 8994 966 
6206 11101 238 3463 3192 228 1020 4511 21729 2431 4976 5038 
6207 471 6214 810 1384 1105 9298 3133 1091 4470 22758 15391 
6208 12158 12070 15820 3178 14532 3787 17259 16711 232 17188 3967 5013 12889 3463 
6209 17174 10994 6110 1628 931 18790 18916 10256 17286 11083 
6210 9948 1036 15140 12330 5036 10371 449 17825 17900 7881 21133 6115 19598 7849 5953 5117 5761 17984 
6211 1410 5824 16389 13257 8232 6574 70 2035 485 2647 1326 441 1830 2592 3580 15961 2631 13867 
6212 10726 11333 1571 10383 6098 2241 1773 16695 559 5490 1885 14924 2018 4034 143 1009 1572 7939 9912 7165 
6213 3372 12423 1155 16173 11703 10317 8068 9784 
6214 759 208 2139 9920 3090 13078 17354 754 16821 86 17463 2540 8864 
6215 17285 13115 19745 5581 5232 534 4004 1308 2447 14302 
6216 13781 15903 18017 18533 12755 8488 6597 15628 20957 19925 15307 22290 8656 
6217 10673 8451 10283 3481 15420 2070 5124 21751 1759 
6218 3090 20448 15790 1557 13755 16939 4714 7976 4370 593 
6219 17310 15863 5540 6099 16726 14938 18637 12786 11440 17993 21046 21353 18299 
6220 3158 7716 9046 1340 9547 17495 13125 7326 14438 6541 6051 2639 17539 17540 6375 17542 17545 9664 5399 1960 17548 17607 13754 1873 2640 9254 5190 1822 1936 11389 1441 1165 15014 1836 9770 10603 12756 6000 4610 8864 1857 
6221 11943 12158 224 19874 3486 19804 10559 1214 13252 5951 7690 22900 8829 5821 10316 
6222 16356 4547 5793 8084 14562 16054 13714 10615 4412 8516 21566 
6223 1333 7339 6541 6475 304 1118 17800 18373 10837 5489 15195 677 13514 6210 22617 11705 
6224 4779 16125 22911 982 885 9119 499 778 1429 9059 
6225 9349 8253 2724 9608 2889 12081 17359 9270 14569 8254 9126 1147 1465 
6226 7506 3020 2426 2020 14293 9909 15622 5555 17547 8574 13965 12500 1572 
6227 3933 18797 2607 7973 19248 2838 11924 8216 
6228 3058 3606 16102 6597 11324 10617 7858 24256 7365 11998 2543 16109 25227 
6229 1647 418 1816 15547 10569 5563 2433 427 5067 4335 15696 4099 2725 5001 3063 9653 15948 5215 13376 5901 646 2818 2401 18769 27 404 4571 
6230 222 1771 2335 17790 2733 1779 5379 3116 4591 9317 4197 17491 1850 
6231 2836 2231 6206 20908 17682 12090 2575 15850 22847 4460 24498 20648 10121 
6232 17395 14377 4427 9652 1246 9985 4018 6854 
6233 10047 1126 17435 6124 14162 961 892 17673 12968 6641 12158 1133 5976 13131 398 4758 11750 2535 12966 9418 15298 6279 3097 3365 2598 628 
6234 8839 781 1846 10121 2563 17817 12599 8299 4310 18572 7886 18024 3315 13716 12713 2700 1201 18426 144 4037 13758 3333 8028 2125 325 7052 368 12623 9300 
6235 17437 17752 17763 8067 14034 19103 2192 3715 6713 19190 18041 5213 
6236 17443 17485 7290 14134 2639 21691 20303 15170 13463 12310 
6237 6645 5233 7147 10781 13303 14878 8298 18997 8835 6553 19598 3803 7913 13908 21957 17750 17020 19383 6471 11330 4074 5585 6637 23600 8698 9441 11753 
6238 5691 7162 3014 8697 20317 5711 9273 18115 
6239 17455 11764 3113 741 339 13256 5384 80 19611 10438 7578 7302 
6240 1703 11998 22225 22393 3376 12022 22464 2934 17475 5074 22661 21205 12802 6806 15903 7859 8657 19190 20223 7439 890 1463 447 4623 3461 13034 18683 20683 23996 15938 13904 15820 193 10480 7140 1368 
6241 4742 9297 7363 2307 4798 4340 3640 1571 3769 17807 7515 16049 9665 6034 13496 11817 3879 3114 18419 18064 3563 13455 18482 4897 2922 5557 2254 1786 5211 10197 10726 283 3628 7484 3241 8003 643 5017 8922 3014 3127 10274 12962 750 17746 16070 1526 1215 19057 7740 11690 13745 16484 7827 6186 14284 19380 1141 3610 17836 14960 10206 16597 6564 18460 13318 20150 8371 4316 20321 2358 4591 13086 11481 11771 18124 20494 15892 9103 1885 12657 14491 6826 10370 7036 3229 4687 7460 2421 22118 6297 17775 22239 17364 19360 21868 20582 22633 
6242 2418 15635 2386 19332 18815 5023 19944 10836 9246 3622 20676 2703 5024 3800 7889 8435 13282 17917 21895 21785 11991 4277 16371 1688 10443 21805 7556 13623 10307 19114 9502 6797 10745 12014 103 5545 8254 6920 12423 97 5594 5457 10718 
6243 17473 13681 933 18221 11296 18326 8828 10508 7901 20961 8490 
6244 942 393 3040 1679 12267 8089 4620 673 7640 6256 13804 1384 
6245 3502 13168 17696 2150 75 4962 14385 19854 18435 5917 
6246 16115 1846 7497 3370 887 17544 17031 
6247 3931 17667 2070 13706 19709 3964 3119 15904 9182 11020 2234 13478 
6248 15231 7434 10121 4922 3026 4256 9315 2741 20252 9426 
6249 3555 1092 3510 16361 21471 13478 536 17889 23206 
6250 9768 12937 15603 19184 922 17632 17458 1993 16611 5246 20753 
6251 3870 1207 22131 12081 6247 2186 13774 22919 8791 14554 12415 20297 21368 23358 5847 23851 
6252 15853 13485 3342 9135 14231 4207 9828 4912 6713 2192 290 2492 224 10278 4548 5139 1484 7731 12649 19882 3897 19074 632 11101 8096 
6253 2135 6062 2302 10589 1949 5505 11233 2304 8990 5554 4286 13398 17333 9717 7345 1882 4113 8787 1300 942 9584 793 12333 9689 1384 2701 4953 
6254 660 4877 20865 22428 23817 15104 19028 212 
6255 348 9612 3949 15585 4616 482 2608 2279 6143 8479 8483 17534 10908 2452 2450 4962 2542 13344 6016 17565 3223 17567 17808 4710 9438 7348 3072 1894 2885 
6256 2595 3080 643 15508 23106 6246 7072 21819 
6257 11382 2286 12410 5824 6126 3191 4932 1420 209 20983 4926 1326 8803 6829 73 10607 18393 12032 21954 4233 21262 15919 1359 4478 8092 6253 23531 
6258 326 17576 1606 11898 266 3206 18625 4186 4440 9031 13579 4926 17776 5872 6722 558 16606 11534 7563 2507 2880 11619 4853 19208 20145 13867 6486 9736 16535 
6259 17501 14165 17881 22529 1058 5711 22239 13086 6587 9152 12017 13130 14764 
6260 2018 17564 9705 121 3111 7484 1204 2004 6182 2928 6714 5927 284 
6261 5602 7768 15873 12056 8158 2121 1051 23788 5934 19767 13107 10121 
6262 14449 5364 8389 14711 1013 17622 17630 5915 11460 15279 18223 4981 12312 3237 18495 16753 935 11431 382 95 2820 17548 4307 21414 16349 9255 3466 
6263 17584 5055 20824 15819 4976 5359 6025 314 2452 
6264 16364 485 7293 738 3179 9382 7909 811 
6265 332 1027 16350 791 1326 1514 3359 2618 
6266 12031 609 10248 1389 695 16343 2348 10782 17507 2522 7563 12312 
6267 1726 2916 803 15948 418 13478 17309 9896 15337 22682 8539 12412 2911 1517 
6268 2572 4506 8796 17626 1562 25 9536 3041 1078 2391 
6269 11859 17758 4227 13017 4502 7332 18083 186 5327 3122 9299 2980 2825 19218 10302 
6270 2524 17771 6375 2067 18932 805 5288 8694 1879 
6271 16361 2407 20028 19540 7396 969 2911 264 15152 5680 
6272 222 5213 9726 15671 17174 17874 8080 9619 5201 20103 8371 124 864 6093 10966 5112 18766 1568 14132 22278 10887 3111 18745 
6273 5778 2147 2885 11816 2374 5490 90 20392 4575 19940 5213 11304 
6274 5226 17652 5187 7890 13478 8942 930 1363 19540 9631 13896 7184 19054 12237 3884 19900 11345 9016 2335 19363 20803 17301 1186 388 2009 20665 5680 16053 21150 948 
6275 4805 332 2286 1003 5257 219 11057 9492 12539 6317 14336 636 14273 12918 16389 19763 
6276 10474 906 3578 18034 4987 6106 18788 3593 17347 19252 17518 19905 15078 1746 13725 7965 620 
6277 9946 17690 7235 8277 13566 15334 18908 230 11460 16263 884 2838 8089 5900 8969 20311 8712 20315 6181 9955 13172 6202 
6278 14297 9559 15719 399 10352 18335 4448 883 15547 3007 16036 6286 19159 4513 8746 5467 8891 19198 12265 3234 5334 7461 373 13839 381 20017 19540 20028 4514 5324 15975 15420 4320 11004 13364 2962 2476 12525 19539 20215 20747 5838 20803 6933 3235 10355 
6279 17647 6999 155 984 21132 11718 15139 3344 10520 10821 13564 1956 755 
6280 10155 22402 10475 17890 23529 8527 19007 
6281 14261 14867 14441 4045 14452 14161 1379 12713 7967 2578 13767 20257 299 12964 1775 1219 3570 7121 6229 241 4179 3801 19552 14732 3015 17370 20755 3210 13306 
6282 6610 17651 4625 9141 962 403 10202 10418 14877 19222 19680 2630 397 
6283 7967 14381 3155 975 7425 18821 9124 17682 12374 
6284 17655 1431 17919 3522 7011 17908 8188 17016 6393 8490 23260 6958 
6285 17390 17935 17936 19211 6849 20216 10595 22091 14784 22172 22258 2113 277 10847 10846 21428 2436 15557 5932 584 16888 23343 5 5957 
6286 1572 1670 2018 18184 14675 9543 1413 2861 11279 
6287 8780 754 6072 5043 2838 17040 5131 15705 458 8627 8211 200 
6288 17683 1006 4985 3492 3651 6736 2482 179 
6289 8297 2129 10024 12097 2773 8379 17737 6218 9240 2432 8382 744 11159 8380 7927 5710 9819 11379 11409 8376 17734 3207 17846 5323 14901 4974 7161 
6290 17691 2270 17692 13081 7431 14861 22515 2615 
6291 435 6475 179 11299 17841 12458 15959 5091 3247 9447 6523 18204 2620 21102 22109 2873 13731 805 1949 
6292 17694 9789 17703 5552 3473 16080 
6293 3239 12681 14906 5036 7765 15405 4079 20677 3204 10530 21388 6647 1039 10252 2416 4606 21425 4073 4184 
6294 2345 13257 17819 15961 9755 20456 3521 2448 210 4290 6871 
6295 17675 17881 13189 1662 7176 17225 1141 2060 1989 17311 
6296 4727 16583 9711 9527 2293 2494 9692 9948 4006 22637 7089 18912 19981 5481 
6297 4610 4870 2103 5492 19909 8774 13366 16720 17428 6194 15346 870 3048 10484 4869 19957 6393 12965 18530 17685 6734 3107 20182 2093 17587 
6298 17720 21443 999 1458 21962 16132 23712 19131 7359 5843 6938 559 2846 23106 20494 7062 13164 23291 
6299 17722 20101 4933 12616 17571 11238 17916 620 7210 
6300 15790 10224 5067 11882 12824 16858 13165 19730 3780 53 17856 
6301 9728 7642 22234 15100 8083 1851 11032 11939 12183 
6302 6514 5154 4124 8471 17515 13609 1133 225 23195 24061 
6303 2396 16514 19621 313 14026 2986 543 6264 345 2476 2962 9486 6701 3745 2291 7387 22849 5407 7396 2255 100 7443 15651 10920 1737 3484 23910 19539 132 2859 4790 2112 623 4209 296 104 12412 338 3423 22682 12840 
6304 17757 8208 3614 20834 
6305 10221 131 10723 3858 5843 20985 334 20595 9104 17575 23397 284 1765 21962 10829 17381 10602 
6306 12772 14148 15782 2147 12200 2315 2114 16450 1554 11183 1133 7995 11001 5151 
6307 2147 1972 2737 1043 10885 15021 4922 7627 17031 13510 
6308 13487 9512 3376 961 2625 2406 960 4758 3192 6641 6064 5038 3968 6858 1739 5074 
6309 17775 2004 13723 750 3130 11771 20039 11066 
6310 10360 5327 7702 1384 3921 2139 19561 15210 16487 3048 
6311 331 11927 3578 7283 11733 11273 620 19355 19950 4950 3600 11983 19482 20869 739 17477 11347 1100 14705 5065 
6312 17783 132 8035 1737 948 2398 4419 1342 2401 989 53 386 19308 6525 3276 12302 1184 642 719 
6313 2559 8925 17786 2473 5078 5611 17788 5583 159 3228 
6314 17798 179 18315 760 1553 4613 6967 16029 3873 2094 16840 5394 756 3358 15770 19334 17055 
6315 8397 19904 2992 11063 3451 19933 2143 19653 
6316 5754 17799 17800 7079 19117 12163 3445 3437 8360 2660 10610 16990 6177 808 7013 9696 8722 19892 2359 1981 8859 15222 9323 19719 
6317 730 7358 333 7294 4769 5701 1043 4655 7357 3029 18104 3132 19552 7090 8158 12188 12062 21004 2728 5935 20373 3446 14800 2740 13310 
6318 739 8398 7708 492 2456 7010 5732 11983 7587 2779 12502 3883 
6319 1866 1689 5258 14851 4725 
6320 17813 5898 16103 13096 6365 18774 4748 4221 7686 17864 20094 20876 
6321 8310 1384 11889 5649 3608 10622 10275 24661 
6322 17819 1576 18388 11579 460 2172 19297 7200 7558 11269 21138 2286 11001 14986 11142 22127 1780 16302 15642 17032 21273 17824 
6323 1493 17036 5733 1300 17062 396 2463 17236 2932 3240 5799 22 226 
6324 7864 4015 4179 3777 2479 9885 17863 9381 
6325 12379 1879 1314 4489 6840 1679 3474 6952 858 1202 1528 16033 17062 7973 16282 20921 3859 2873 4430 181 594 10005 3248 4218 11028 2367 1603 11189 7030 23338 1317 201 633 2089 
6326 5622 1321 232 3501 4515 11588 8012 10559 8807 11101 645 15018 9793 
6327 1712 3120 1668 13478 12882 7596 12302 2916 2653 13589 3038 12422 19801 
6328 17851 13630 15809 1947 15135 3170 19526 5026 8156 16952 
6329 13269 3849 12659 18902 8596 1413 519 17904 
6330 17387 6654 4810 19983 856 8180 485 13782 20643 811 20007 22966 23413 9727 
6331 2449 223 1530 17410 1451 4297 141 12690 6899 15364 5826 9552 1622 2521 18580 1413 2426 4575 15672 11823 16933 20041 9438 4158 6418 16968 14466 11696 21533 15074 7498 
6332 5066 4158 12517 11973 15549 8624 2971 9485 3605 3072 18365 2279 
6333 10165 5524 15438 1209 1530 7606 8147 11005 2146 14346 13872 9548 8163 8489 14705 841 
6334 4241 15012 20226 15282 23914 22093 22687 3501 7924 
6335 15254 17941 383 13495 15143 11072 8695 20273 8242 
6336 17874 17174 15674 284 16070 3111 15109 19341 
6337 9143 9762 5587 17879 2749 232 397 3666 12255 962 10617 9258 3056 
6338 15420 8293 14825 21195 13121 5522 3623 10536 7443 14427 5103 2653 6069 2331 2376 12810 8644 5018 3832 6904 21430 16036 17479 2396 565 7553 13441 2433 
6339 2257 9202 890 447 452 2192 17030 12158 22247 16425 11231 22230 8496 4393 13904 16426 10372 15824 12562 212 11536 21255 12755 4627 4915 15932 18852 
6340 1989 4575 5302 15217 4896 15672 3077 9909 9846 2928 14397 
6341 2155 810 17919 570 3610 2004 4827 6453 7275 1918 212 16559 3209 
6342 6395 17956 7666 18274 18289 10406 2281 4175 3253 2112 14555 6853 10381 1041 778 4516 21012 5015 547 3280 20880 
6343 13026 7183 3091 10845 9345 13932 2965 4769 1023 1524 17865 2533 3093 658 899 6166 2921 674 3801 15504 3570 14983 11775 2506 2709 10189 18169 7497 3404 7566 18173 10927 12594 4428 5134 1789 18180 7967 9223 44 18192 10254 16020 12473 18199 2765 4037 15142 6740 12872 1636 2920 7477 994 15033 12623 2008 11309 12065 18269 18905 8466 3409 
6344 17892 18196 14429 22247 8502 5628 11423 18660 1706 4591 
6345 10941 2636 17633 11748 7074 4365 6913 998 20299 20300 18530 4398 20301 16803 9646 4870 18429 
6346 1858 6135 20950 1467 2048 4263 12539 16326 14188 485 219 2678 6488 1539 3580 21451 10824 
6347 3709 12157 265 16512 4213 21262 5955 3655 8760 2403 14371 11356 5824 4109 8691 5343 22966 1020 7257 15034 14980 8816 10415 1336 4546 15961 8589 1823 501 12120 9 19983 1645 11443 
6348 5299 7656 5043 11178 7601 20148 3185 14109 6726 15684 8315 3098 2224 8711 3221 14311 96 
6349 2027 12296 2908 18448 16811 4850 18615 15305 2316 12140 1635 19451 
6350 17907 485 5893 1547 23918 9990 3130 6023 4716 11621 1266 
6351 10975 2498 16226 521 7106 850 6031 12979 17803 2376 264 894 1140 14790 9908 
6352 17912 12666 1287 1158 8997 12730 3040 22701 5736 
6353 7396 476 9681 17652 1596 10536 3490 22048 19540 2473 
6354 2813 1756 7942 2347 3332 15595 2241 15115 2403 8307 1105 1286 6945 4748 2203 12842 1606 7393 
6355 1364 16195 666 4748 14738 1326 4491 120 21262 7295 2053 539 5988 
6356 17942 1637 1493 1288 1257 4753 1287 10773 9277 11918 1414 2993 1158 5228 5567 1878 3238 716 8681 2155 5003 6630 
6357 1784 8826 11022 10911 4467 6489 9684 8366 6196 10672 21556 5185 1296 569 3022 
6358 14643 2257 17967 5763 4953 7307 589 11947 16033 15391 14840 1637 14811 10558 1287 23457 2873 3522 3737 
6359 1000 2974 6485 17981 17986 1071 
6360 6797 18953 8416 6275 19114 1131 12689 3750 10389 4891 11892 1172 
6361 16053 1151 4508 20176 6453 468 5113 1009 5555 15966 7018 10515 
6362 3670 13029 3035 9461 
6363 3396 17987 8780 15225 4797 8949 3936 8828 3535 
6364 13023 2024 23118 13028 13025 11388 
6365 11967 5255 7986 2697 652 2456 1225 11733 17880 6639 5458 21599 578 1100 19618 2150 13000 15468 19575 21575 21275 591 14705 19091 1886 8489 2440 2388 1986 11368 3023 9548 2146 4964 1110 8673 15371 1877 21775 21905 5321 
6366 14216 3403 1335 12247 11615 2297 5505 469 10558 5924 
6367 18004 11049 15129 17037 10042 17211 11887 4084 9741 3040 2908 5603 7598 208 
6368 4547 11546 13195 7927 14948 4699 13235 15059 
6369 18028 14447 17489 18047 14181 19630 12268 11083 10553 17174 23222 
6370 12755 8835 22086 5036 19750 5632 9867 15148 9694 616 
6371 18038 11113 879 5718 2171 18095 18733 1184 10944 2580 4496 2203 
6372 492 6630 13286 3589 10977 1113 91 7368 1286 13056 7427 4214 15124 17021 760 3434 24356 208 
6373 7475 13158 4241 14716 13732 15166 20006 24438 24641 17504 
6374 13818 20320 20371 13924 22016 10928 8746 22621 22731 21855 9593 9866 
6375 17578 11237 11409 3207 9819 2591 14845 
6376 3904 15769 2474 397 8473 8854 955 9843 11344 5902 
6377 2022 18074 18123 7304 
6378 14290 1823 18260 4810 4583 4805 3190 8691 4904 2348 12078 12675 3700 8756 2107 12242 6960 11172 11493 18504 19208 16832 12626 22990 23185 7857 12343 339 530 16355 4596 1820 9487 7115 4910 7228 12032 
6379 15633 18081 9598 8311 14070 13647 1058 6078 1850 5162 6524 11066 22852 13319 15185 4036 1386 10948 284 5557 10274 
6380 1134 9431 10449 9420 264 15731 719 2811 132 5546 2505 9969 6400 2886 8453 174 21150 27 625 
6381 18091 9642 2473 18990 18063 1304 10905 9176 953 10801 1449 16226 10547 18145 5232 21384 20551 3830 4661 11021 1444 5616 
6382 1092 14541 6605 4110 5857 7666 18466 499 15322 2478 8842 9697 679 17710 22182 
6383 15316 13592 10278 21850 17665 22432 22246 23487 15403 4575 11823 
6384 212 397 3673 225 3944 17626 20215 7545 515 511 8796 12892 23155 
6385 8379 3307 6816 8375 14117 4046 14525 15503 17467 3741 
6386 18128 12750 9294 12365 9909 4034 18417 1568 18715 4003 12100 12215 
6387 18130 18488 3775 7070 9300 12088 5253 2575 
6388 963 8315 6268 2932 3430 2327 2802 10114 5283 1717 
6389 8539 7580 1732 6708 13494 1035 847 13866 12436 17856 
6390 9712 16039 20439 8984 17660 21012 53 20645 20461 22849 
6391 126 3210 13909 10545 2800 18104 3570 1379 15997 2879 11213 1775 4377 
6392 6709 14939 17979 4519 19504 418 5485 4186 3625 20031 125 16443 9230 11019 10794 
6393 1686 10028 13 3258 3249 16213 1142 8827 264 6863 20003 3944 8407 11963 1610 2012 7594 17067 17582 3453 10716 14836 3379 11042 11555 
6394 1679 1871 1009 2274 3140 10966 15899 942 4603 3632 962 397 23608 2132 
6395 12347 20186 1679 3587 13822 17025 858 4700 10378 1493 6630 
6396 3740 15371 3023 5794 4494 1262 574 10534 9922 18992 19683 17566 18719 6414 19815 13548 
6397 18182 22265 22531 
6398 2382 2222 16884 8698 19981 9052 8142 10821 
6399 15798 906 6768 482 11967 1239 4326 14705 1100 4387 8717 1002 1894 2146 1205 4987 2791 3010 5056 11201 578 12103 3318 4043 12102 12814 11261 4862 15371 17215 7525 12339 11186 18788 3514 657 620 3554 1110 602 88 2688 8778 6325 6398 
6400 10473 2206 11464 10776 9302 2529 966 16329 6000 
6401 16874 3423 3421 16052 18541 8116 
6402 10617 14126 14147 2635 1312 9258 2136 1321 12158 
6403 3111 1765 2241 1413 1706 279 222 8865 818 428 8241 1334 7733 
6404 18216 10760 1325 430 2189 524 12366 23027 8473 7543 
6405 18224 18225 17071 18350 12253 19094 1384 3040 15025 6840 
6406 1078 10281 5311 7970 4756 7449 14623 4356 6321 4939 2270 7583 4774 494 14396 
6407 2521 23818 1898 1522 5783 5619 4158 17808 12404 
6408 1881 18365 11225 4946 10572 3514 2399 
6409 9966 7578 792 1488 3175 15536 309 2193 4263 811 6361 6829 1326 14148 15061 3586 15054 5592 
6410 5958 8688 16686 18332 1113 2530 2524 20612 
6411 7489 3750 1791 3274 18847 4834 5019 4121 3622 5594 6928 16430 4842 377 
6412 10836 18532 15452 8689 10307 4121 
6413 1871 18255 10621 13529 4088 21319 8837 1288 201 21367 1320 13755 754 15129 21571 16865 23590 2888 21113 
6414 15992 13904 18291 1983 13565 18398 738 4435 18828 5955 10607 2063 
6415 7528 4317 14371 8018 1266 2813 13041 6203 21954 11792 
6416 3493 175 4174 16319 6879 13804 4937 17317 13512 4171 16083 1492 17061 933 4603 9416 11607 
6417 3381 1900 5797 7143 8567 3537 6405 1554 17135 20041 4163 4159 3174 1898 18198 5119 1002 227 11201 16337 3045 4063 7006 23750 
6418 7449 11113 6235 8959 12063 705 1935 15911 4009 15542 1412 6876 18052 2407 6764 16938 2170 5258 14911 
6419 10427 142 11155 13910 330 894 690 6747 14690 9108 19308 
6420 4471 5303 1578 16443 8793 18789 19315 14687 20225 20031 7002 
6421 4237 1382 2249 14425 1637 1286 9735 3238 14925 16075 1611 23143 393 3086 21859 768 3711 23879 6921 1949 16134 22664 
6422 2932 18984 8239 197 1106 175 6121 5364 16942 15289 3668 16069 2704 1103 6449 
6423 6994 18222 13543 20135 19854 6639 9976 6018 17518 7328 20318 10787 18443 22721 
6424 12768 851 1593 18287 13741 18290 1571 6095 2020 14293 2307 2018 2424 10046 750 1885 3111 
6425 8218 18334 16305 18285 11092 11317 15357 5232 14905 550 
6426 586 11095 5742 2725 2255 8149 15547 8293 5067 
6427 4400 18379 7489 11128 5666 17263 20179 21105 1265 6387 2889 11703 1964 1958 2167 3899 10179 1951 2002 23112 17839 5351 8535 12272 
6428 2878 9374 11787 12627 7839 1082 3169 9724 2862 1961 1265 
6429 10555 2997 19308 7396 2396 9671 6234 1194 2476 15547 2509 
6430 4452 1606 1326 7817 1354 485 2330 1003 569 219 6538 4768 3580 9439 3359 17213 9487 19208 2077 2964 6761 15992 16890 9843 9660 4110 224 2203 868 1027 326 2348 1411 12834 
6431 10517 1304 9881 1140 12812 21047 10281 1114 5311 16053 
6432 11981 14442 9179 9540 7190 689 6736 18305 624 18308 18309 6739 12988 
6433 1766 2809 2721 6095 1989 4473 7359 11822 3688 4011 1885 6946 14663 3220 7038 
6434 17879 18549 10202 19288 15992 2839 5483 977 22355 20153 19386 
6435 17576 1407 9738 15685 326 7048 5825 12613 14859 1464 6408 954 16389 21954 15589 
6436 197 1154 14995 7544 86 7985 11303 2112 7391 4152 1250 
6437 10497 1433 8046 18904 19519 19110 15629 3866 8985 20807 442 21805 19439 22006 23358 8952 
6438 15316 3463 3757 11998 1019 18339 11938 195 1783 1287 4016 2387 17321 20287 10220 
6439 1576 11256 1545 3201 3204 7528 22194 2678 1296 23604 
6440 10177 6488 7817 19580 17150 15495 1116 4810 1832 798 21583 9862 7420 
6441 11025 19213 5139 65 7316 2134 9310 6767 19054 14354 
6442 3566 8281 9750 2522 2333 6965 76 5857 2441 2112 2711 
6443 4589 13499 119 5635 4680 2928 8697 7464 15154 459 10541 6571 18870 
6444 2968 15173 2136 15152 13562 3729 1194 19540 969 23015 
6445 14091 15435 18352 14147 18353 5483 5099 1331 15090 
6446 18366 18367 800 6762 4235 18573 5058 4861 3341 1714 17853 14466 8589 4206 8874 
6447 5999 18435 18141 20798 13726 21448 11696 574 
6448 7735 1287 429 186 8969 4753 6005 13078 14753 13172 
6449 1136 13977 4588 17518 7107 6543 4387 3331 20056 18772 5797 15775 620 5661 23333 20680 2320 20484 
6450 18374 8973 5573 4786 1246 2171 9908 5747 64 883 
6451 15126 13511 813 10916 17043 12991 14822 2206 21616 6889 9603 15791 300 23084 4645 669 14775 17037 11254 6674 24184 3532 5288 11971 
6452 6080 5128 7867 13933 21945 6596 14782 100 6833 5716 9850 14068 8746 543 16187 14696 22491 10969 6758 2581 7915 19605 9767 14131 23431 
6453 16647 13220 113 20840 1573 9995 15154 12948 22770 13129 
6454 12135 652 7714 3303 24489 7461 6639 4024 18960 
6455 12062 3430 4095 2970 1384 12261 179 16868 6123 5663 4463 
6456 337 15556 20503 20538 2929 5408 88 19537 2449 6684 20126 24332 3537 22032 10879 
6457 11725 5763 13831 13926 18407 6019 5218 5601 6393 7137 
6458 2925 4931 16312 11093 9521 6996 4270 18394 15284 17391 9299 18152 18395 5569 7486 14409 
6459 10995 13714 15242 10367 8322 15922 3208 8379 7927 11500 
6460 323 2098 2724 4056 6427 5023 8761 8598 1863 4287 2418 9159 1172 461 
6461 728 16212 2581 5928 2381 9957 19627 15636 3322 18341 
6462 14756 2621 939 6130 7733 2385 19347 4549 1413 1204 16708 13588 9485 4923 
6463 18401 18402 15952 8576 15333 4184 10666 6742 7913 8142 19183 3073 4079 7801 2222 19998 11248 2382 14199 20377 11863 20810 19042 5219 9241 12883 7474 21282 1372 
6464 10026 6421 1303 454 10255 6634 6734 2214 15004 17366 
6465 5027 15867 18833 9078 5708 7202 13946 6217 19332 21805 20079 
6466 754 12565 9253 2065 4747 1148 2815 793 7045 8347 4569 429 1158 5276 
6467 1897 348 17764 11798 11907 6018 4710 
6468 3206 521 11473 14226 1233 3998 16890 9195 12982 2498 14408 
6469 66 13269 11848 18604 4430 4216 2500 
6470 11903 129 1578 6371 386 2503 4471 8666 1381 2072 8793 7755 13499 7808 6031 4018 10517 6874 679 1169 15561 1058 8804 22223 12567 10635 9681 18406 8193 18095 15048 6880 14045 22707 
6471 778 4169 6725 9027 10167 16972 586 4417 
6472 1921 8804 5858 9425 8193 4756 10281 18361 5670 18063 
6473 2813 15206 5955 4478 9439 19580 2832 6386 6538 3124 14317 14801 10335 17644 11022 3424 21235 2346 6875 4109 17308 2348 21634 17820 3179 10679 1530 2399 21981 4780 15000 1354 15377 865 22796 22211 6719 22127 3266 15782 
6474 12268 9909 4188 10009 15210 6453 15966 18824 15893 6152 2241 24100 23989 4995 5228 18016 
6475 18428 1885 4340 2508 18436 7226 113 1670 12684 10383 13741 7399 2922 15309 8495 
6476 805 2496 179 605 6475 4237 1287 1478 5649 5123 
6477 6727 9000 9271 13591 20437 9195 965 1452 9697 17710 17652 1683 6788 
6478 18434 19010 5878 3899 4294 1085 18847 
6479 962 4437 16145 14912 8471 9219 707 18479 9202 1489 11852 19122 2962 4450 
6480 17518 3072 492 2147 7333 11186 6956 4038 11915 5204 7020 5524 15534 4044 5797 
6481 2635 397 962 3463 225 13487 1990 9219 18477 1019 398 15918 18352 14877 
6482 8379 18703 21933 22940 9457 18763 21526 4762 23836 9033 
6483 12816 12910 17836 23087 22113 4384 13537 14283 23755 2282 
6484 11952 4790 17573 6974 8725 46 22055 
6485 18138 4271 4268 9049 9741 16203 2290 16657 12976 23425 
6486 8028 7459 21341 4304 7058 3754 14042 887 1130 1846 3570 866 16020 2232 20257 7932 11775 11517 9560 3155 
6487 3497 3186 10913 8169 12687 18577 
6488 7790 1034 4011 18523 13965 4978 16178 3018 9206 17009 2020 2798 
6489 2606 13269 9863 7944 2226 22664 10733 1260 2534 14406 17908 6815 8711 
6490 1951 19249 8446 17359 463 4464 5666 19332 320 5020 
6491 1803 14290 1820 6901 6253 2858 8049 3115 3468 8755 8756 1364 13860 
6492 6638 17652 7895 8925 9631 7219 3244 9425 2072 595 17299 8959 248 19315 19127 5104 5564 18629 5858 2613 6833 11243 22775 9896 
6493 10569 11098 5865 17042 1041 9677 10628 4419 6306 909 14522 6869 1574 8223 6796 
6494 6863 1738 1035 15049 64 4403 7840 21384 1246 4661 
6495 10514 7429 2241 3111 1765 3773 2335 4707 1009 
6496 1952 10998 13675 19332 16106 17558 9892 7170 13169 9412 23395 
6497 856 16512 12539 12740 16363 16326 19151 2448 2790 21072 21287 600 19326 
6498 18503 19388 7903 2839 447 7744 9844 5154 4437 4515 14034 20361 14978 2826 7859 21259 13781 13035 
6499 2000 9115 12374 16860 3742 3346 13234 10032 254 6841 4129 465 4377 
6500 3175 695 3536 13068 1576 11289 954 210 1464 6368 1848 12539 12675 70 1378 12876 7277 6488 577 19484 1801 19763 7102 3047 6411 2946 2 4684 10722 6293 11930 1326 2023 16606 
6501 808 12565 6164 1761 4879 3431 1382 8728 3248 3445 10519 3437 11894 21636 12241 
6502 15961 485 18537 17131 6866 13867 16224 17322 4567 18088 14719 14148 3549 16164 4706 8372 5655 1460 9492 15575 3047 4595 19083 8008 8069 2330 13120 14589 5063 1010 14446 18187 17115 21052 2277 865 1831 79 73 14841 20095 10672 10393 17229 14290 6139 7295 23531 9515 791 
6503 12280 10478 20061 5337 18251 7451 22651 5296 20137 12354 22084 
6504 18545 8816 832 962 3757 1634 9258 2625 12158 17437 3192 228 11777 6443 3660 15722 11941 
6505 11049 11393 19890 9708 2481 9891 8302 6399 18786 9579 
6506 9206 452 9668 15549 1572 11676 7471 9543 2020 3322 9304 20409 18625 
6507 6268 10809 3313 4211 6355 13759 201 14166 19215 13194 11478 15157 9602 20341 3425 81 1783 12379 19233 6010 14281 1671 212 21091 7030 13605 8216 4430 1879 9911 7971 23953 
6508 18573 2894 3740 14418 3072 1373 3418 1598 9592 8565 11273 2256 15414 12092 4163 
6509 17158 23394 2581 11113 22491 18145 4498 2478 6691 19745 883 19542 6758 4786 
6510 17235 5429 14000 15399 20620 15846 16324 12759 23937 984 6813 155 411 704 24457 14576 24447 484 
6511 18589 13199 11022 19088 3166 1098 1011 9357 11820 13867 17070 3549 12236 2054 9040 16409 9382 1420 210 19647 9755 740 22169 11103 
6512 9529 2124 2125 5695 3984 2479 
6513 3779 3410 3777 7300 3026 4764 13909 9315 253 14535 
6514 18539 21195 565 22682 3884 15337 22333 23015 2509 23404 
6515 2269 14890 9345 4628 241 5250 111 1102 240 20032 3407 
6516 1016 264 9352 1153 1610 15780 2814 11952 567 19363 
6517 10735 7505 3770 21533 21603 15300 16488 8478 17808 16841 9709 12560 8397 21867 14538 15086 3004 21988 1258 15301 3034 22051 2542 11291 8280 18772 16242 20420 14539 4962 15745 6684 20128 8480 12827 15941 18049 6012 23432 
6518 15012 20532 2626 17571 14978 4623 6003 2317 1666 20046 20153 21857 22947 6818 
6519 18609 5030 17518 6398 8001 15877 2885 2200 2718 6768 
6520 5139 3604 17006 9833 7685 212 1486 17822 1020 14020 18810 12755 385 6993 14980 7848 1990 5359 13434 7993 622 20376 
6521 18613 2083 5716 9017 250 2084 2532 1342 13297 11152 1571 18822 1773 19427 6884 19523 3041 20477 
6522 4494 6385 1230 22264 24367 3072 1641 717 15438 19355 
6523 8496 8493 16632 6013 2818 16893 2331 909 10946 9276 
6524 8371 18142 7460 5832 15277 3787 20641 9138 3123 6073 
6525 3029 240 9426 21312 3443 20848 14335 13338 21056 111 
6526 1441 4463 1105 9499 3472 16604 1926 19550 12190 5272 4610 5238 11115 4449 24348 2051 4747 10889 24661 3996 12745 24815 
6527 1288 7601 1260 11681 14109 5505 4449 858 6424 3087 20341 
6528 413 13685 4358 1035 161 894 19162 3005 13376 5187 
6529 7009 4673 8867 11657 3294 14896 18487 4325 11491 
6530 12906 18663 5313 3115 7107 1395 6831 4581 1100 601 2718 2345 19842 4975 2955 1003 2148 3941 3174 2313 20248 4579 
6531 90 18657 10216 15511 3610 5490 3319 6708 4414 1712 19996 1078 10281 16174 
6532 17991 4334 15503 8379 18535 11308 10758 3561 18686 7051 1251 5793 4654 5540 2770 8380 14706 
6533 18646 1528 2351 1317 9215 6207 1493 1154 4538 11079 
6534 3707 254 13978 1273 1636 19319 18821 2723 20032 20199 11495 10909 
6535 17881 15678 570 12411 19971 
6536 17279 10929 20860 9594 13376 7773 3901 5215 2433 617 19567 418 17856 1854 20121 20948 515 9409 7847 3147 10547 23667 
6537 2784 18648 8927 4719 7952 4690 11497 9699 20544 1629 10677 22941 5228 15210 6250 
6538 10205 18649 23114 23852 1036 11011 2293 7474 11874 18385 1149 
6539 4113 10330 1106 5228 1926 8617 5052 16572 186 1528 9877 1158 2367 808 8713 758 204 1382 2656 1287 18898 22577 
6540 10752 3119 13268 19026 19137 3954 19821 13296 1170 1501 7040 567 11206 2786 1729 2883 511 14759 17169 2614 22723 1097 6863 
6541 531 12424 6383 2905 18373 667 22954 24169 
6542 18660 9485 18771 11423 9498 16782 143 12017 2721 2307 13901 17564 1885 
6543 9188 3968 3583 6443 1126 3463 14896 3046 
6544 13427 18148 91 10612 3680 22 18786 1287 6290 1884 11478 3859 
6545 18668 19012 377 20720 1049 17669 1168 1503 12423 6262 18327 8791 15520 12554 7470 2844 14723 4899 
6546 186 1235 14146 6256 1287 4371 6968 4167 1158 16868 13669 8732 15083 
6547 15051 1170 8125 3272 1813 5433 404 138 11132 14694 11963 1344 1501 16213 1610 12269 13868 14821 13727 19284 19363 7387 7822 13851 
6548 2455 633 3939 1871 1441 6005 4095 14514 1148 1926 3354 13186 8113 
6549 4595 2023 18911 22127 7 15054 7043 23259 5781 2354 10329 2446 
6550 18684 10760 18746 6228 10480 18311 11990 18748 18749 16045 18753 16969 18830 
6551 12652 13568 18687 15139 6 18688 15666 18282 
6552 15403 14883 19857 8493 19954 10000 20063 9993 12741 632 20767 2625 10027 6993 18347 14183 890 12022 7756 13412 20736 7132 
6553 4538 5561 6726 6081 1317 20756 396 20148 14647 3473 
6554 11914 12321 14425 162 11647 12152 1555 4155 16083 186 23807 11791 942 13260 18153 870 5044 11553 3262 4114 
6555 9785 6522 7165 4340 7018 9168 5927 12068 1989 9206 4549 
6556 12353 3526 7193 14698 5924 1761 18138 11562 2329 1317 6251 11189 15814 1090 5271 446 6207 6004 1603 3025 7030 12379 6204 21788 444 6493 10531 2089 7919 6144 
6557 12429 16099 2278 4756 1000 18145 7106 19390 7970 4249 9660 
6558 18728 6601 3637 714 430 4612 3439 7825 5941 3969 
6559 14470 7659 18860 18862 8313 20839 4361 5357 1105 20148 14311 11723 5763 
6560 18735 3235 21698 5928 21476 24232 
6561 733 261 15288 13860 5786 1576 5381 4103 2515 1541 3468 
6562 16088 17626 4202 7621 20747 19540 9034 879 
6563 7864 2763 12964 3815 9799 4052 7194 111 11689 299 2719 9885 15072 18818 
6564 1034 2004 16317 5662 1765 2064 3317 4575 18550 18759 4919 962 4758 
6565 1598 14864 7021 18156 4484 12528 6792 13133 14469 6687 1014 15414 16335 16609 
6566 17518 18724 8977 1209 4387 7333 841 2690 9966 8696 3023 12661 
6567 16734 5764 3768 6229 6472 17186 7071 15231 10254 23207 
6568 1693 19240 13896 2392 22449 1583 136 14495 23568 22849 1689 
6569 8085 5540 3805 8693 
6570 8223 719 10628 1574 6306 9677 4419 909 989 543 6869 14522 8623 
6571 2274 4255 7398 7862 9778 7808 2134 6137 14362 3340 
6572 15190 11596 7802 4723 11295 5215 21678 8619 
6573 10010 10242 12553 12146 7727 17518 1209 11925 11063 8629 301 14705 906 8696 5506 272 20829 1877 11201 21275 
6574 10690 1948 14327 12115 4295 1619 2172 6097 16882 4464 8300 7246 19332 1513 463 10179 3822 7170 15734 1104 21991 6033 451 8048 5666 23366 5020 
6575 14755 18813 10561 10239 21190 17600 2395 1529 4592 560 12166 2248 
6576 18812 4687 7740 14283 15214 7484 4133 11568 16564 1766 3018 3145 90 15622 5566 
6577 11526 11961 15558 11920 16766 9736 2813 3676 
6578 14425 15791 8728 13892 2226 11686 9325 181 605 9144 14907 1882 8189 18824 186 6910 17328 11299 18825 18879 
6579 4006 15274 16884 7092 4079 16997 9948 14664 
6580 18145 19542 1092 5258 728 10990 1277 969 
6581 13970 19973 5441 19690 9479 7800 10861 22659 12986 19333 
6582 14230 18835 18915 6597 17509 21497 21724 8404 
6583 8968 987 7776 10821 3531 7179 2268 10223 11548 20454 16265 15841 
6584 18839 1728 6546 384 1357 19361 575 8966 3415 1485 3615 6114 1506 1379 5907 297 4520 22443 1922 7082 19649 7946 10845 674 6867 8594 3710 2706 5839 3978 13800 12417 8801 994 5602 2726 130 443 9233 3742 5885 12623 11763 2264 13820 2115 
6585 10369 21516 22428 22493 16426 3652 5099 3969 4511 8434 
6586 13789 15296 4845 7950 20816 7190 2699 9857 15655 3098 1747 3582 14081 8770 2607 8549 
6587 6616 7568 18601 7901 11891 
6588 3489 17904 17190 13822 19517 20715 18127 16604 20919 
6589 18855 14010 13844 14012 18066 
6590 18330 11795 1902 4923 4034 5314 13499 23582 9096 5843 
6591 9709 2101 2197 22051 18960 4581 6639 2143 24752 
6592 14593 381 15547 8939 143 17128 4575 9784 296 3148 
6593 15655 4433 3711 2529 5688 3064 7609 4218 11044 934 13470 11178 16675 12190 18804 908 1707 19574 18704 435 
6594 17881 2958 5126 5252 4064 3769 16581 9353 17259 11083 818 3628 12344 3735 22239 9152 2074 11824 9267 7242 8194 3197 6534 12299 5041 2922 20690 6957 14515 16694 8371 21715 20460 23513 1229 5249 16862 18863 3127 7429 7072 
6595 4584 15185 18890 10948 1756 9784 14330 2798 16876 5763 
6596 272 3883 2146 4157 18250 3023 12307 2535 4319 3614 15992 959 6641 9976 9460 4946 2450 
6597 16828 5920 14705 6547 14430 12461 12328 22681 11743 12160 1894 16968 
6598 4887 1019 419 21128 21205 436 890 22133 19103 3462 5154 22277 7848 
6599 496 4489 6877 6734 6241 186 1528 1679 1978 10837 
6600 673 5020 8186 557 18193 3169 10301 21097 1688 2334 5457 10311 1619 1461 
6601 15645 5799 5123 230 12677 18920 13607 4492 6959 
6602 1593 1200 6650 1572 3825 2721 16492 3130 1989 16566 4742 2004 1204 
6603 1857 197 6207 7079 3437 274 8518 3435 3431 2089 13333 4214 4218 19517 15210 7193 3356 2297 13365 20544 1250 1761 9077 12556 10765 13865 22395 19732 7137 20740 7250 435 1603 13228 8344 23985 
6604 8872 3446 7753 20988 2865 5290 3410 20509 15479 5618 14733 6178 5000 7741 297 
6605 2306 11173 19193 19047 3225 5050 7414 12080 18451 7547 20017 20073 3745 
6606 2476 5187 264 2407 1657 979 9418 53 2968 16237 16611 1587 19069 4601 13811 1727 7461 3574 9918 19343 4062 1652 142 6235 1933 1759 12489 184 9658 1175 11004 3365 9067 3281 4712 5757 1872 19217 1035 2112 914 14689 7666 215 1712 22591 22682 11158 19827 12805 
6607 9767 18938 20017 6886 16218 4202 21222 23404 
6608 10973 18 1898 1031 4986 6265 15153 10785 10461 17518 12135 1894 8977 492 
6609 805 17062 8344 7609 5084 14819 1286 5283 2482 7705 2481 17583 5543 8899 3431 810 5053 1772 12190 2660 9051 1245 4489 8457 2701 7957 5043 
6610 2304 6302 19096 19731 8175 4620 3358 4286 
6611 1989 748 4028 14675 1885 17511 11423 9140 3825 11528 7399 1923 18142 
6612 11777 6641 9354 3967 3637 2220 10559 20732 22537 7132 892 5154 
6613 5587 397 232 1634 2071 962 1321 17617 2630 10532 
6614 13396 2241 14193 6492 3622 12423 13438 1172 19332 4689 
6615 18955 231 8130 18301 397 2071 18961 10316 4189 15820 
6616 17749 9948 16993 8298 3073 20501 9527 12884 14916 11248 3239 
6617 4326 18967 1114 2147 17518 6209 6071 3001 1408 1381 
6618 18067 3146 19146 18137 396 20435 197 4258 1753 
6619 18886 304 5981 18806 5153 7290 4185 7427 
6620 18862 6965 10150 5527 16407 15622 1773 1706 2018 7165 
6621 17317 1158 1528 4700 186 11267 435 17062 4323 808 28 870 1478 12010 3585 3430 17236 17412 2838 8421 11115 5615 4237 14362 
6622 17408 12427 21375 925 22998 7833 816 8767 164 24289 
6623 3489 1106 3582 8888 5299 3711 3167 7446 2656 7169 4237 2785 10777 19001 11363 8770 11252 19262 19338 4489 
6624 8349 18993 3546 6156 10071 8943 4011 19132 8299 3570 12778 15479 9534 899 2800 6221 4556 7832 21918 14798 2287 997 7514 8356 676 3346 7054 6472 9560 5756 8028 15646 12165 14787 2737 22969 19461 5040 3482 358 368 1510 19447 4377 7860 
6625 3402 3819 12769 239 3019 13310 4129 6857 18702 14452 7090 327 9080 1130 2769 8358 20032 10121 
6626 18785 1569 2160 4408 6251 8711 201 1857 1603 804 4161 10292 17236 13254 759 19066 10531 576 5819 1286 17062 2454 6734 5155 3136 
6627 19007 14264 13155 6825 11497 14969 14233 776 6444 1760 16572 4330 20919 3086 3189 105 10795 1103 9763 4286 7652 737 2656 4174 1926 14748 2375 2160 5272 5649 3357 15114 13925 10561 23673 9581 2151 11889 4270 15122 2155 
6628 4034 1885 18418 10899 15174 5421 7275 5113 7272 6098 
6629 19025 1086 4863 1642 6474 15748 14609 4536 17861 6326 15941 13581 22316 9330 10474 17845 
6630 13565 2241 18428 1413 6993 397 750 212 11822 14660 8068 20366 3209 10553 7993 1573 7257 1593 398 6001 
6631 265 326 4263 1266 10415 3266 332 17958 1010 1326 19487 6139 10873 21501 7288 
6632 9807 16547 19985 1808 11548 983 15084 3905 7454 6007 5035 
6633 1824 9619 17874 19610 5017 12304 11716 5557 7409 17174 593 20989 15739 12179 6453 16127 3965 1988 18745 20562 23539 9598 284 5882 9919 1706 16219 11960 5314 23744 2928 
6634 3729 9639 313 981 14221 64 4704 7476 10877 914 
6635 19033 20240 4105 2995 15434 4333 4648 17798 11049 22072 12495 17932 17779 
6636 11724 19037 999 452 5426 12268 19330 9206 1658 2621 12418 5424 
6637 2330 1307 84 7295 5894 11534 11369 19673 13068 18796 2313 1858 3359 1003 3296 2590 23531 
6638 19046 15192 2139 11364 1431 16148 4559 17616 186 4227 6002 10483 1594 3048 2816 4602 6328 14269 3352 13607 16875 15114 21088 5357 3473 14817 4372 3849 20442 19571 3435 7639 8452 15434 3829 19757 
6639 13900 15124 17194 4105 21814 10036 7635 2688 3466 18067 22899 677 7213 
6640 6421 20169 6053 7270 21188 11364 23483 
6641 642 4165 4501 3510 1877 426 19404 1657 5680 617 
6642 13973 2974 5258 554 8842 21617 20043 22100 22849 6812 
6643 18460 19057 19089 8794 15622 19121 4340 4967 15631 7281 2018 1519 
6644 4100 5380 3098 3648 1612 21006 14109 3231 4161 1679 
6645 19073 2209 1020 8502 9043 5909 13218 4884 510 232 4758 20025 20027 20153 14247 12158 2132 15068 11101 18955 20327 17752 13152 225 13612 17888 9730 3299 24365 15818 16426 24706 3757 
6646 9424 1018 7526 9694 13916 4526 1922 19780 1325 
6647 1455 4215 4710 15150 14705 2791 19482 14430 5458 3418 21683 10839 20539 
6648 4748 261 12385 3233 4109 7313 7959 20094 19017 8753 6317 7857 7039 741 80 2857 21262 4992 9651 22958 
6649 14711 382 1340 8559 17930 12547 19822 19823 340 19869 2802 16787 3788 18415 616 5442 11554 8632 
6650 19090 9755 1467 5090 13068 3508 7269 15575 22942 24078 20421 485 6317 
6651 1023 3415 4041 3026 4520 7477 2378 297 17294 9753 13210 7948 1807 6505 14076 19793 10141 21004 909 18042 1636 5870 3482 12608 16168 8531 10545 18488 1728 6249 16440 22286 5134 15033 7480 1506 5756 1758 3764 15281 22914 19132 14001 2741 19361 23089 19552 13224 21870 23219 15627 17478 997 658 2743 3856 3019 
6652 13483 14820 8653 14471 3617 12557 1792 1085 17669 1956 2878 10226 8007 23255 12252 40 3274 8609 2768 21105 23512 14486 9724 
6653 6744 4025 3469 7989 4074 15518 8144 4079 3826 8395 
6654 2176 6588 14723 5027 19332 40 21040 21041 15340 24070 23963 1045 23149 
6655 5935 68 3984 3807 96 1259 21426 19461 8356 3415 11309 14452 2706 2000 19552 9414 1922 6828 144 994 3774 10841 3019 241 19872 3779 866 1636 6472 12550 1785 6745 7513 6724 3707 6857 1725 7082 1102 1794 4606 21474 15033 4831 14983 24630 
6656 8966 7619 7946 9189 3315 9233 18976 7335 14852 2000 2740 7058 7090 144 1350 8028 18821 994 2836 325 1728 7059 2651 8872 20032 2765 12456 5290 15857 1846 9426 9799 14733 12210 14250 1117 730 16470 21977 18572 14381 
6657 5586 7697 1757 5337 8164 2321 19523 547 597 13973 5258 16936 3798 18059 18712 14354 6878 608 20369 5015 7878 814 2819 2339 16146 11185 2582 
6658 3605 2212 8890 14960 8192 4641 1593 4469 7515 6453 18436 1571 5212 
6659 1172 15933 507 1168 2386 2862 1155 3887 5182 949 
6660 12195 23243 15260 7273 9084 4214 8177 22889 
6661 1154 226 1287 5649 805 4237 2496 179 3146 1478 605 208 4174 1384 
6662 16939 4607 17621 13585 19161 22102 13160 7717 10768 
6663 5380 5084 4100 1611 3098 81 9410 1857 1612 9911 10985 4430 2970 208 21006 9215 16642 17165 594 14311 203 22568 4252 10475 9054 7601 1154 
6664 19120 10543 477 17900 7881 21133 8999 6115 19598 21434 7849 5117 21743 5761 17984 21632 5036 1026 
6665 8258 2535 2227 10770 18983 12966 16815 15984 17729 15026 
6666 10767 5027 755 11260 6275 8919 1265 21110 18516 6549 21112 21364 21368 18328 22131 5721 4464 12423 2724 5020 8392 
6667 11714 20070 15259 1230 1416 9923 19721 5308 
6668 5680 418 15337 599 3629 142 7219 2477 2916 1657 5267 19540 19567 715 6266 14422 21504 366 2968 15241 
6669 16361 9939 19417 23237 20560 104 1729 7455 2653 21118 2407 13253 1035 16237 623 2753 969 13706 13811 2510 
6670 14313 609 1296 4546 210 2148 14287 4859 73 3911 1410 4109 4542 
6671 313 12100 3626 17200 1809 19137 969 3295 817 2818 4775 1030 6525 5995 100 9182 5562 2401 12694 2597 18596 6284 11185 5908 4312 8450 10521 4840 16248 8593 2241 9784 4978 4742 12685 5835 17128 2004 750 
6672 5406 949 4464 4035 640 8761 1956 19751 1513 5904 3214 13774 22919 463 
6673 9819 14751 14706 4954 16065 7927 4974 13870 
6674 19144 22569 20006 17188 12022 3290 8255 18271 10730 14098 
6675 1194 19871 11158 20875 14359 17488 11878 513 22255 13049 6501 9969 2675 10942 14087 17309 
6676 2851 1158 17254 3202 8713 
6677 19153 13438 1961 9848 19714 1028 1085 12273 19294 5350 
6678 16389 12675 13867 19086 17388 16805 19152 8180 7588 15060 12075 792 9842 1777 22272 
6679 3664 3662 19166 9258 20012 20018 4298 2431 890 18098 2429 5054 6183 
6680 1661 16750 16384 19267 19270 19529 1431 8530 
6681 1647 3225 19169 847 10077 142 11004 413 8268 8773 19174 13846 7081 10074 839 3088 9217 17856 11173 20560 10213 7597 1815 78 
6682 15875 15547 21913 5215 22283 7898 3272 948 3453 5817 215 5097 2509 11036 7850 580 22849 13364 2372 23768 1035 8407 418 2364 
6683 16132 13858 1173 5175 18330 10256 13112 1053 
6684 16888 17597 5751 15084 1808 6 16352 7331 14401 11794 7231 146 8383 1176 5497 8082 19405 9470 11217 1181 387 10894 10830 19812 9575 4281 19985 14450 15085 13214 10458 20615 12263 7318 11328 3732 11758 16854 14460 14 
6685 1078 11979 132 1134 12100 14526 9425 4998 13708 19308 313 15731 19540 16971 2291 5995 19818 12694 9740 1706 90 750 284 6536 3220 1386 281 15964 3130 6669 5187 
6686 11548 8155 10821 4281 16690 16401 7315 21257 1808 21428 16622 
6687 9291 4651 14651 11623 5389 6166 9091 6857 3679 899 2763 1130 
6688 386 2830 6371 19485 12063 6031 6321 3954 4471 21883 1999 2157 12567 2365 9148 100 3613 3698 14180 18276 9630 1412 5518 23785 
6689 4202 8793 5549 5199 313 1079 634 16213 989 21430 
6690 613 6891 13963 142 8059 2999 2916 418 5680 3405 136 3755 
6691 3610 9522 16597 15327 20989 4707 6665 17223 11796 22342 21628 11410 22113 22667 20321 3628 3114 3879 22401 10730 641 24351 
6692 2159 12022 19216 11743 21276 9943 18141 14693 1453 16768 
6693 5843 3633 6346 283 11617 21211 21212 12790 13858 10994 
6694 8655 332 261 820 1828 11746 12236 13860 13894 1296 5383 6629 7274 21230 19958 6936 23413 10775 24443 2467 
6695 3859 1679 14811 5083 8310 17036 226 1478 3240 11889 633 1287 5736 18785 527 1882 1493 808 6847 3048 7836 17664 5174 3167 4524 4610 20621 
6696 1754 7170 2906 3887 13774 1619 3214 11141 15709 1965 5020 801 4030 4295 769 
6697 18569 3530 13333 251 15210 15813 5698 16750 
6698 3626 132 1035 2394 969 418 909 264 
6699 1827 2446 16863 12576 19935 13068 836 10502 11857 15961 5010 10696 4910 7775 23056 2601 13335 
6700 2172 5904 6247 3171 16398 18097 19439 5474 19479 3438 1172 6274 3422 557 1325 15412 19780 
6701 4644 21886 8531 17478 10682 17817 3391 3289 18818 13153 3309 975 1350 
6702 13387 2551 17115 3359 1364 5655 12539 8717 2053 332 4452 1483 4739 2346 11273 1296 2955 1178 20007 12540 7554 9422 2256 3034 15910 1003 
6703 10821 19264 14784 16332 19985 7232 277 16557 
6704 1273 10892 1508 12830 7967 2836 17829 358 5910 15280 18770 
6705 13675 6635 14723 1792 8007 2878 1977 12627 769 4464 2172 1754 1172 1619 1951 2862 5666 320 
6706 313 5226 5563 2396 1668 2171 8539 1757 264 1861 330 3964 12854 13603 13376 10555 2407 10113 2962 8059 3295 4177 263 1657 885 12113 550 17620 8050 53 9182 5097 13364 1184 8545 19540 418 1574 6234 17200 973 969 1681 
6707 10894 2734 11217 14460 11625 24682 
6708 1890 1922 3815 9723 1636 16837 3491 19552 2655 12341 10251 
6709 1569 11270 4100 5777 17062 10416 1926 14755 17317 624 12247 915 
6710 17276 4214 13553 21061 11725 42 1310 11120 14595 14380 2179 933 7213 11046 20785 10705 12914 17049 12284 8023 22414 6393 12190 19578 12766 2589 11312 3048 21903 7944 7101 7546 4089 23797 
6711 9111 13366 11916 7548 6307 13876 20715 2079 7901 3396 
6712 11537 1858 1307 3676 10613 14336 9384 13068 5063 13561 9106 7367 17072 485 16606 12157 4410 
6713 5792 13571 19372 2611 9237 5506 5807 3318 4329 1892 20041 
6714 11052 10088 23933 17676 23960 23979 20987 2145 
6715 17749 4006 10429 710 8292 2632 8365 19522 9527 17937 16667 3239 11330 15294 20256 7913 8298 8698 2416 7372 12692 10250 1372 21872 21305 8291 6737 21253 4074 22371 18577 16676 3204 5224 21825 712 
6716 90 457 15899 17491 2729 2335 9909 6141 6711 10286 
6717 17015 13376 644 14271 383 586 5817 3319 4590 18030 8268 8077 8879 1816 12384 1035 5177 17856 
6718 1728 19468 13767 5977 4660 19992 19993 18882 2800 6905 3309 18976 8028 7058 3378 4831 3019 10141 1756 4575 1572 
6719 18286 18599 1773 2004 10331 2809 3825 8068 3130 19358 15417 6107 10386 6086 10605 2891 19366 1572 1571 2020 
6720 19359 3040 19064 3430 200 393 13414 259 870 1873 3184 10128 1676 
6721 3054 19969 20674 6609 3056 7365 6599 22713 22848 3606 
6722 8818 3859 4700 4603 4174 808 3585 13511 22659 22934 
6723 8686 1384 9252 2776 20201 19892 9708 7546 1377 13511 15058 10186 23917 18022 18865 
6724 7299 5635 11445 9785 6385 3331 23835 15543 2150 24492 717 9921 24082 2650 1641 5127 4861 17472 6041 18073 23750 
6725 418 9081 2510 7347 13156 3421 969 142 19422 1668 4506 2275 6321 16039 19609 14131 6280 19622 15168 1517 9230 1122 17883 6725 909 2072 9924 13481 16301 9639 11067 17309 6888 4496 9866 7219 2112 14354 11004 5550 1948 1657 2476 3365 16387 8111 15298 4777 5586 13891 10569 15173 10444 6904 1120 377 8007 20000 11408 19220 9053 1308 
6726 14998 14384 19580 9006 19838 6011 1512 22838 
6727 9281 11572 21447 9479 201 2829 8802 998 7193 3248 
6728 19390 3147 18145 13708 23566 22515 7837 13679 536 2559 17625 
6729 4253 8889 7973 6144 5799 3610 2600 8333 5835 5268 3928 1679 4331 
6730 186 576 22313 9990 8969 4023 1384 435 197 1353 9784 5228 
6731 1288 1384 3425 1493 179 926 3843 1211 186 3783 20705 1413 9784 4896 18360 1717 9113 
6732 9445 418 20228 11390 4704 1517 5376 24969 
6733 7298 2869 3233 2507 1801 22987 14384 1547 2053 9383 2788 13867 5521 11621 14128 11761 2806 1539 4703 1488 1326 5172 1296 1420 14185 15060 4766 
6734 9767 2596 1644 1308 5838 476 3929 5436 1000 13811 877 3780 1092 
6735 1886 8624 14418 6325 8977 20280 4043 5524 20780 3949 620 403 397 1634 4989 2450 6199 1584 2197 10706 2690 8305 348 7923 
6736 11967 18156 16836 9417 5820 24379 24388 10879 
6737 19424 2172 13799 7246 1513 19725 13263 17669 4217 3959 8853 15256 3762 5350 18998 4943 15408 7963 7556 10688 15852 3130 1952 4295 9724 18157 949 
6738 11270 19460 1750 2656 3517 8315 870 2160 633 8575 
6739 1985 19709 20623 421 7414 2910 13478 1517 142 13221 19540 19900 3001 3942 3626 6679 4414 4198 7219 1578 18295 
6740 1879 1717 1871 19448 2656 4408 3867 3240 2260 1382 
6741 5686 13621 2999 973 16052 2998 5516 9975 13162 13552 17287 1080 728 4016 10395 8578 12413 9701 
6742 4920 10412 2800 2264 68 724 18727 2769 7477 10032 12374 3801 9189 781 2008 4377 
6743 12423 11141 9079 10443 4949 14723 103 1525 19332 9246 8186 8484 2172 8309 3622 
6744 17411 5965 10449 5726 2010 21521 1252 1363 6698 21150 5437 9059 1562 904 18671 
6745 9264 7718 4492 74 3541 8957 17530 5863 19710 1884 14847 9254 11572 162 19702 8127 4747 11924 14559 81 9196 4102 10172 5083 1202 518 2661 8722 7975 20186 324 870 22659 1676 7613 4021 6838 23136 
6746 10727 18866 3787 16465 2424 11802 7839 5916 5182 22797 6097 4287 
6747 9870 12289 13397 11150 2173 8387 8386 2579 9819 
6748 2886 6883 5028 19453 580 16738 855 1142 1498 1194 18884 9672 4339 
6749 11936 3897 17592 12439 13331 15264 8255 20155 2663 14718 20664 4693 
6750 12947 6926 884 737 13754 13099 3921 11122 3432 20272 1469 12756 21723 1103 678 
6751 10973 11603 5265 21896 2361 1373 1892 16800 6903 298 5807 21460 
6752 1569 4753 19497 8788 1496 6879 6838 1287 20052 208 9899 11922 5690 15959 10949 2375 13205 7539 18471 1878 5114 17368 18430 8423 2168 7066 8937 9661 4228 5278 861 10051 20124 1025 12000 10780 11115 6118 6908 2888 19702 5872 1420 1788 3489 10774 21898 14095 17814 14925 21117 5227 1492 18453 22624 22664 22877 13209 5646 13238 6290 2309 22448 5663 8406 21689 9406 20424 16943 
6753 8564 19477 8254 2878 4836 11107 17359 14327 19332 18715 
6754 9264 74 5776 1569 11572 19702 162 2303 9277 12537 10172 3863 21123 9717 28 18914 3541 21793 21093 12152 22659 23136 16795 
6755 13851 2397 19478 642 5926 3780 4462 15173 1985 4166 3452 15711 
6756 19150 444 2842 20636 2303 8331 23136 24143 18755 11104 15712 24948 13340 
6757 7752 8376 12618 4510 7927 19350 8379 22327 9033 4334 
6758 1568 2196 284 16219 17081 3265 4469 7359 3773 11812 23643 7242 9676 19630 1779 8915 8855 17874 
6759 2800 4922 13717 6472 5840 3599 4304 571 4425 9080 82 2769 2493 10469 21208 
6760 12556 9162 3530 1649 15117 14382 237 
6761 12745 16500 15014 12705 1709 16979 6739 9760 18995 
6762 16104 9664 4636 20878 1099 12312 10762 
6763 4114 1011 7938 13363 19643 5178 3191 8180 6722 4509 20529 2193 19208 13867 1467 265 8018 
6764 5588 14128 16617 1826 20701 11369 8760 2348 8052 4805 
6765 9610 12644 693 12761 13047 16671 8868 24131 1470 5370 1066 2610 25079 5729 
6766 327 6728 2765 3334 6581 1524 15246 8485 2568 4418 3309 4424 7967 15649 246 3391 7355 7186 13126 2921 4242 8872 369 15318 899 4651 239 17462 7864 24559 3984 2705 15308 
6767 1498 4210 11345 11174 20783 628 
6768 12190 3711 4719 5975 15210 237 6997 2139 6002 2206 
6769 18127 4875 4353 858 594 1615 19393 3358 19532 8443 1414 12111 11916 691 21096 16075 179 8825 13539 525 3612 8315 598 24217 1247 5288 22303 340 1487 7598 633 8410 9009 24612 808 23797 6630 7442 2078 3863 11791 3913 
6770 3969 5099 290 10133 1020 306 19874 20653 7690 19804 4511 8208 225 3761 11322 22842 1634 10770 10480 16582 23675 17437 18041 11938 406 13092 22900 962 2535 3393 8323 
6771 430 6247 20425 11258 21693 14643 22415 8511 24535 397 
6772 19548 19302 10696 16727 1404 1011 836 1802 3488 3566 
6773 14283 13519 11278 2307 4961 4687 20967 22537 
6774 1787 14457 18424 9934 13348 11698 10310 10815 11708 8616 18970 11055 4997 10443 18618 20179 
6775 4244 5896 438 13402 2134 6764 13660 4034 478 4377 19908 11522 3803 
6776 3817 17951 15405 5450 22049 10210 9527 15952 11753 23758 
6777 1363 2010 3560 1020 1634 397 3682 12577 2916 142 5226 550 5865 2962 1574 5334 2401 516 504 6698 10432 9182 11596 1191 675 9671 15462 
6778 1828 3233 11932 1306 11346 2790 265 11579 4509 21011 17387 20065 
6779 3036 3610 124 1593 5379 131 10829 90 19536 15514 8425 11712 3546 23617 3059 15490 3787 854 5162 23648 9676 15483 9356 2846 21875 9097 1526 13496 3080 
6780 81 1608 858 4227 5220 4192 7919 22 19565 1968 
6781 12616 232 5139 645 7174 397 4207 20946 4085 17524 21487 22853 22910 18983 19470 22373 10617 20638 15435 1983 714 6430 
6782 12675 219 16727 4109 20007 1326 21963 5979 2813 569 17824 1296 
6783 17531 3698 17626 16361 19900 20028 19540 21725 7523 19427 595 2170 3388 
6784 19332 3870 6274 1237 12423 6549 10618 20232 561 1946 12978 377 
6785 11333 8847 14387 9673 593 7430 19113 1227 16804 5566 17562 7124 121 12656 19535 
6786 12746 18792 20230 7326 9710 17587 8363 16720 
6787 15378 13649 11917 17918 22961 16231 4939 13468 
6788 17099 5710 6562 14583 2770 13573 1067 10367 3667 
6789 19586 16423 4006 1509 6737 4883 7914 3817 10883 21253 18840 10429 
6790 7189 9889 11590 13137 9182 20870 3253 100 3365 17581 263 1175 8035 14297 9260 7666 19371 10549 4144 2510 9658 13178 14728 3626 
6791 19605 2581 18251 15608 14648 7835 12113 9952 
6792 13067 4068 2285 12355 2293 5632 6744 5318 13908 4345 8148 
6793 8648 19019 4109 7817 20145 20146 1011 10737 1488 10438 20180 16512 2458 4467 738 3488 9862 1606 11508 12540 18317 16880 18420 6898 13068 20247 18805 4703 16068 18023 15398 10911 21680 6966 11856 4813 14371 14287 23124 
6794 18420 4567 539 1830 14383 20247 15102 569 20410 888 10911 17945 6898 8648 73 21680 1256 10965 12332 10910 
6795 19632 18361 4661 882 18013 13708 6371 2887 7911 9180 
6796 921 2922 20203 3500 871 20716 10140 4116 1850 1370 4967 14504 2900 21868 15277 15686 15530 17376 471 7503 4897 22330 335 2928 22424 12276 20531 22692 6351 3628 20994 1173 119 14292 10382 19646 23510 14098 11711 284 13893 21300 3686 18606 3879 12590 
6797 1872 19901 3560 1170 904 2818 1712 10406 1982 23186 
6798 70 1534 15919 931 4703 1885 5833 868 5385 1027 2347 3190 1561 13068 
6799 1441 2248 2058 9254 186 86 6642 1478 6238 846 6970 5785 7249 
6800 7440 6502 4834 14379 12423 4121 2186 6079 12471 11258 7823 6232 54 21737 21930 377 17914 3622 12523 5182 5033 6738 11058 770 5406 19012 24879 
6801 5490 2307 2186 1265 1120 5904 4035 20179 6800 19714 1956 7799 1085 18953 5457 1950 13940 5474 4842 
6802 13194 11290 15433 11748 19266 14443 12965 13529 20301 24819 14311 4905 9576 16463 13628 20422 
6803 17824 19650 5309 1530 5989 637 18027 15060 13867 9641 14148 20661 1467 
6804 19652 11936 3666 412 11853 1400 8502 397 3694 432 4350 16162 21333 7221 
6805 1892 1894 17518 492 8977 3174 4986 7012 8696 11186 19852 16370 20568 2449 331 
6806 16606 792 11443 326 3066 14148 4975 6961 2813 10150 1512 
6807 19254 8325 910 21662 1806 14307 7119 4488 
6808 6718 2241 1571 10380 1771 17351 1413 2004 18457 19727 2891 4028 7399 1020 11695 7935 
6809 2465 2813 539 10393 80 729 332 14067 
6810 8481 
6811 18604 9177 9582 5025 14223 810 3040 1978 12231 8828 11002 2206 274 14282 16298 1158 7640 757 4227 942 2241 643 13292 4575 1765 931 3077 1706 20956 10931 3145 8191 4742 6036 12268 2699 5212 7137 14425 20422 16604 12161 7468 4278 208 9586 4695 18529 4719 12455 22466 3048 9007 4270 2139 4729 17670 22509 15122 4488 4905 
6812 14272 15703 843 6592 14637 
6813 16118 2705 12550 3772 14732 3754 9605 7967 6801 21651 3775 4429 24248 
6814 19689 7 12906 19696 2813 15642 17538 13219 2404 4317 
6815 19693 6797 1465 6512 4123 1948 12115 1172 5460 6580 19294 2386 
6816 13526 4571 383 20073 15897 18030 21104 9351 14893 18450 3225 13376 1816 17015 5067 16893 13913 9599 16579 
6817 10843 12523 11260 15383 3214 9517 2422 3887 769 14723 7127 13174 5666 22131 439 1965 11141 
6818 16427 1679 9547 19160 6618 22709 535 13302 14500 3358 1493 14613 7638 
6819 1686 1689 2039 1680 5184 22411 2011 23297 23568 22811 14027 2853 10215 
6820 1576 19763 1483 2035 7 11792 12460 265 19326 2208 9755 9862 207 8603 2448 19208 1010 
6821 19540 20747 1035 11113 20028 142 264 20114 184 10673 17531 2911 19172 894 106 
6822 2186 6262 2050 19718 2172 12477 19723 4842 18611 1028 20163 1155 10465 17277 8985 18737 9517 4630 2927 16371 257 18998 4224 21747 18411 11474 1505 22644 701 22688 3959 12216 
6823 8236 17387 4596 2277 19763 9386 20901 9439 3941 6360 838 4440 741 5186 16606 17159 22227 2813 17130 7563 
6824 4598 6545 6290 195 20936 208 4700 13136 
6825 19735 7119 2546 9602 458 4695 19541 496 17869 11115 16319 6426 5059 7681 8266 6664 17192 13876 16604 16920 3133 1090 1926 11615 
6826 9771 19744 3391 18572 10960 17375 10609 7380 5907 19468 9779 20441 8533 
6827 8502 7823 3463 4799 7997 4325 6230 7260 9258 3316 5490 4034 22778 
6828 4163 18254 602 8977 9548 301 88 17480 12553 6305 17156 9460 2147 14761 2271 4581 9516 
6829 18508 186 18138 1287 21398 7640 23307 1384 20918 
6830 643 13710 1773 3695 5428 2274 22152 5251 13191 14291 10369 9104 11830 4966 5490 9628 5426 3145 6750 14181 924 864 10071 4133 4988 18742 10553 3787 6095 15508 18482 22740 5566 17172 
6831 16261 15 11400 21092 16267 14763 
6832 18247 8981 545 11548 1980 9610 2436 14784 4246 146 22835 152 23530 
6833 7670 19916 15104 3058 2198 2328 406 4511 2635 21809 8816 12158 14631 890 225 
6834 11621 2678 3161 1540 3961 19318 14658 7253 2044 1777 
6835 13571 492 18065 1530 9237 5465 8696 3010 4710 1110 11186 13872 22734 
6836 1530 4581 20261 10166 13129 3945 4609 838 21840 11654 3083 21262 19484 2330 1174 17298 3101 3536 
6837 18890 7399 9909 19855 2004 4978 8192 16549 2241 3130 360 
6838 1211 5543 1441 633 4027 1835 6010 8185 18127 8093 496 4610 4700 14819 2710 1882 2557 1384 3430 2666 2408 808 870 1569 963 3425 435 3737 3982 3136 2873 15055 10292 
6839 3703 22230 12997 9996 2424 1779 10418 962 8502 24651 
6840 19819 10172 3587 20186 14233 6475 8972 8642 14170 2970 7517 19150 1976 3310 13822 469 
6841 7744 13060 7926 19997 
6842 8092 15685 8755 17776 1870 8212 1460 12675 2354 11356 1307 18393 2193 4263 14336 10177 21963 2813 15575 1488 1467 7028 8756 3175 23259 1539 20901 
6843 8533 20032 672 7058 2008 6857 6828 14452 1970 22763 
6844 8962 3616 2380 12294 19876 13597 16809 8009 1066 
6845 19836 11345 4134 6371 3572 16885 14208 64 8973 709 386 2236 
6846 9664 16147 7669 1679 10742 9710 10621 20878 4024 9096 
6847 4011 6095 5212 11560 14924 1765 3773 9097 1568 1009 279 15483 2274 4868 
6848 17386 6553 22576 6373 1036 6021 12680 23068 10210 17020 4251 17160 22249 14123 6737 9243 5036 2285 23340 2222 8800 8832 52 
6849 9197 19781 7374 11986 14707 3205 5520 12086 10466 3859 2375 11469 18131 11304 
6850 18412 19862 19714 16615 15252 10526 20633 21450 14012 10194 
6851 17343 2337 3709 2107 5259 6654 16389 2241 4978 9846 4036 2325 485 16521 2627 2964 2515 12574 24343 5063 
6852 18828 3924 2313 6490 6014 3360 4509 16389 791 12539 3961 3102 733 18027 12031 19763 6139 21106 6486 1539 1467 14148 1296 4103 21954 
6853 19864 8769 19540 17042 2574 3276 11958 21913 5166 2818 27 567 14821 10306 48 
6854 5833 750 20141 1572 20143 931 5832 4742 4896 2004 3145 1989 14088 5566 
6855 19875 5506 4609 10474 17518 8977 2256 20041 10879 3010 492 
6856 19879 186 522 1569 10578 9136 396 1158 3594 5649 11813 4114 21788 4102 757 2873 5777 1978 4084 17236 
6857 4258 14514 3432 14216 186 1499 8438 10160 20937 
6858 14131 2012 10817 23523 13268 21195 22682 1121 
6859 3532 10612 175 2131 6734 6906 7307 1158 4489 13141 9734 3437 3859 7273 9662 
6860 19888 9008 20694 5408 2210 6474 8733 
6861 19889 6355 2067 18079 535 435 2092 4346 208 2258 17025 14154 15391 4493 1287 2455 4102 324 
6862 19899 2037 1250 23528 8287 2734 15581 22858 4227 19561 13731 
6863 8021 1378 1389 8412 18023 17945 10911 485 7485 539 15313 23580 21963 12675 10092 
6864 17072 2832 12654 12941 13867 1801 5063 16299 9888 17399 
6865 17015 16159 1855 12507 6787 421 3453 4339 78 12842 3927 2112 7347 1815 15547 4750 18078 2238 13880 22547 2811 20035 
6866 19924 1933 12093 9182 1142 10817 15229 9483 39 718 
6867 12501 5228 19937 17025 6391 197 18898 12945 2195 6630 10773 186 8420 9770 9405 4735 3808 5778 11478 1382 1158 14224 12249 1882 11572 9489 7432 3541 1871 15437 18696 16748 324 14234 834 19150 19702 2932 17062 6972 21162 10963 4102 1945 5683 204 560 24599 1287 12565 22577 3358 23855 
6868 397 1657 418 969 142 10673 1035 2911 264 330 1759 19540 2376 3281 18165 1170 19900 1294 14593 15966 3825 143 
6869 1846 19552 3093 18821 9691 4476 3210 10892 22703 4456 24030 23270 983 4388 2000 1728 6178 
6870 19951 497 6391 11945 3087 194 10519 5975 5228 6194 5276 4100 21129 11894 6775 2109 3936 10452 6290 3582 11918 10172 2249 5683 
6871 11948 6096 21197 19484 8199 6636 20456 609 23531 8307 3360 13894 12675 
6872 19956 20957 20711 15853 6467 11454 4380 10418 14937 12741 22093 11338 10108 
6873 16935 12710 6722 3783 21954 23413 3359 14188 9703 1269 9429 10415 791 3580 1378 
6874 9980 8858 16427 4846 19987 2067 3466 3442 4195 19182 
6875 4401 19963 6017 10016 5731 3515 3028 5291 16065 
6876 762 9895 21995 22456 21368 1087 1951 19512 2098 2386 21987 23246 7611 6274 23358 
6877 4613 5106 1384 18318 11760 20715 4114 810 21188 4610 
6878 4414 2112 1729 6080 8317 14428 957 17663 6725 2604 21827 17205 14943 192 9263 9445 4339 879 6283 19422 3613 15229 3927 19540 418 11004 15254 24547 11139 2811 24549 10381 3097 
6879 3076 18959 1287 2463 1878 208 4613 760 
6880 16084 6370 1472 6536 17533 16778 1216 13881 3145 8238 7460 1254 11824 15193 11066 7399 5109 5553 1173 641 17881 11313 
6881 19997 17104 3364 15654 7815 7714 20978 3652 11491 12897 7599 20872 
6882 3817 4090 16676 5401 19999 4145 11387 10913 3497 4475 3469 19444 3803 21065 
6883 10905 20712 981 14228 16616 3109 7451 10906 64 17516 
6884 4097 197 4360 2792 6808 20998 5819 14425 14809 20307 15362 21486 8315 14105 1493 6631 870 3585 
6885 1481 9681 20235 159 6874 4421 20791 4198 3832 2322 
6886 5680 13165 3704 13657 22318 11158 134 23206 1187 4496 15931 8773 161 
6887 6822 19782 2483 17652 6796 1657 10536 543 1993 12842 957 13118 7847 1342 11081 
6888 418 313 22613 264 15731 6888 2818 1170 4779 13475 23633 
6889 2004 3130 20076 2424 1765 4742 4011 1034 10726 13859 
6890 4649 10179 16882 9126 8254 5460 8689 12081 6738 2724 12925 8761 12557 
6891 17414 8265 10129 9 6898 8782 2480 2062 6196 22090 23194 5816 9569 3709 1777 530 11811 2446 5677 
6892 18451 16125 19308 12100 57 6747 5187 388 9490 1078 
6893 19540 9832 20028 5817 8017 969 2396 6679 15337 12525 909 264 12029 421 22595 
6894 19542 2986 5015 19217 19923 499 2475 4498 6782 404 12248 13500 9347 7602 7689 879 13852 
6895 1365 1733 12168 20055 11841 7483 6938 15277 20023 
6896 14311 2151 6028 5773 9955 23117 7598 2058 
6897 2201 11925 6219 2897 19905 19203 841 9976 18800 1455 492 
6898 16276 18475 14252 20128 20129 
6899 3146 1978 4700 496 5777 6879 1563 3040 2496 3859 5799 1847 1528 4610 4379 15644 19517 2710 1287 6840 226 9899 15525 10518 2455 2249 324 11115 9473 21001 19400 5060 4733 9741 5276 18138 
6900 265 20286 73 11654 2813 344 326 856 1827 11930 1282 9039 2148 1780 2286 
6901 10346 173 10446 1679 10014 11642 12861 25062 3522 1822 1528 
6902 19427 24094 134 2911 16514 18967 9097 17581 2997 19701 4963 2295 12024 12254 4518 10427 338 399 1633 23943 14087 374 3934 15381 4696 1408 2070 
6903 3178 397 11156 18487 14643 12577 10418 18978 8445 
6904 3521 8556 1467 2164 7212 1829 1539 3190 1011 11792 
6905 19719 1528 3340 8788 11285 4972 5007 3873 2664 8177 15391 8277 3086 20785 2989 13458 2301 9298 11640 10566 9134 15577 1384 19102 4718 810 4850 13760 1009 4978 2018 15530 2004 188 2302 14468 
6906 20088 3212 20836 12973 4079 18519 22049 5233 
6907 10376 1950 3750 21044 5019 12252 21045 8609 1754 
6908 397 3614 3058 17006 5139 5081 4621 1133 8219 3652 16891 
6909 9730 7990 397 10320 8012 10724 1133 8699 1966 5909 8272 314 9904 2642 8921 13034 3969 
6910 16475 20880 17321 18631 16166 7682 9925 1279 
6911 3665 4910 1407 20166 3233 1306 22958 1894 8717 
6912 13478 2112 909 2911 969 10673 1035 16514 3626 264 19540 14245 10257 4534 422 13324 2476 
6913 20108 2243 8087 3455 11777 895 19430 11326 4612 892 3224 5139 7174 10418 
6914 6711 5212 5566 18496 9138 1988 20115 1992 593 20133 
6915 5597 7323 4192 1945 2297 12333 12379 16421 17190 808 6144 24173 1435 7766 200 4218 1247 2160 19716 22361 2155 633 4154 15211 9254 8277 208 18898 
6916 7458 211 11922 6642 8983 20268 18015 4789 4114 1106 67 12628 13620 16500 1017 11778 884 5688 17111 9760 14678 6739 6656 13033 18648 7659 2785 
6917 1395 210 261 265 1307 14598 219 10309 1606 1116 
6918 20125 16522 3724 1384 1651 1679 8940 12034 5561 1761 12666 2454 1006 4237 1070 4105 10840 1287 7393 7653 9396 3936 7413 9423 1760 655 9181 4365 
6919 4041 239 18849 14651 2419 9560 14774 9091 3333 7444 20671 9381 1043 
6920 12101 20265 10096 10942 2574 8246 14054 10444 2070 
6921 1805 4546 15376 1395 2880 265 332 5786 12967 7990 4511 11750 4325 12966 3533 2467 6139 13257 
6922 264 20131 23015 19695 969 22533 1657 15691 9743 9425 883 20489 
6923 5233 16423 15213 3479 4597 11874 21260 7849 9241 4073 20527 8061 4606 
6924 2006 4892 2004 11519 18496 1334 20485 1325 13698 10557 20649 
6925 8379 12097 11236 7031 3692 4741 17011 
6926 1441 2970 1384 605 10321 598 810 3594 1871 226 1878 
6927 9967 19585 13311 16304 19097 4139 19332 
6928 1248 8693 14843 10203 7927 8380 
6929 2186 8721 4139 5020 5904 9346 10872 8701 19045 2889 19114 14327 23756 
6930 391 2734 5497 19238 20211 4136 20203 13423 20236 20238 1190 
6931 5126 13177 22071 3080 10727 13455 3928 12388 23106 16158 22030 15836 18723 5557 3689 
6932 8744 4010 20218 9262 19826 2833 18955 10559 974 9279 7157 19005 17641 21809 18783 
6933 18842 19983 19763 15685 14148 20007 21262 2169 22419 2333 1306 5125 11349 23634 22958 1832 23113 22284 
6934 8941 418 142 19540 711 22103 1035 19022 9403 13811 22849 
6935 2186 8919 17669 20676 7325 2768 1345 21785 16365 3959 
6936 3707 126 12594 3779 18086 9085 2704 327 3334 3764 10037 2763 7358 2651 10431 
6937 576 870 14636 3556 308 497 3098 2873 17043 9281 2932 16033 9980 435 9309 3310 1882 195 4470 2092 4797 1148 1154 446 179 19036 7079 21517 9717 2487 1384 18546 496 3090 5060 12369 6906 12253 7950 20177 12379 8771 858 22 
6938 5540 4954 6289 13235 7927 11614 10288 9821 
6939 430 20196 3682 19804 4799 20249 11089 2071 4976 14489 3058 15992 20388 225 10320 
6940 858 16298 10473 7640 4227 2970 757 1968 1158 12152 942 21109 10643 6182 10553 1630 11973 15530 2547 999 
6941 13287 2661 10773 2935 22004 20473 22467 
6942 20202 14427 15393 3927 990 8613 16232 
6943 20206 5602 3710 15873 6114 7082 19361 2216 13439 2264 13758 4660 1920 19569 7090 2651 15838 22443 17972 19624 
6944 5566 20586 19347 3618 3322 279 6590 1593 10553 6819 8812 17963 7707 
6945 9712 14348 1262 4557 8717 1161 17910 10382 17666 24277 21548 698 19293 
6946 20209 1205 10973 1892 9018 2971 1894 1373 23286 
6947 3000 2441 4421 6306 20210 2280 907 10788 20302 7697 3269 597 2512 13420 275 10209 16072 718 22950 23394 7837 14173 2057 885 14508 14149 21195 4254 19964 5865 13061 5652 6709 9332 550 19626 12093 
6948 20219 1104 11258 16615 3422 6777 8985 1045 18297 
6949 13084 685 14299 2694 20704 988 6679 1759 14728 7847 189 2376 14017 3793 
6950 225 397 1321 13218 11853 8807 11852 14660 1990 17515 5154 19103 
6951 9110 9068 18003 5180 
6952 1498 9805 18324 18857 4799 19674 19961 137 
6953 6235 18390 11098 9418 53 7397 2134 6855 15349 7050 885 13812 142 14232 9639 
6954 914 174 1591 567 14427 20086 20895 14537 20803 21949 1175 2916 10877 2280 
6955 10911 10157 20247 2522 18504 1777 8505 6898 9858 23381 17595 21507 
6956 13860 1483 8236 7 2446 8603 7043 2217 3436 180 14474 1282 4926 1280 11857 21954 18027 
6957 32 21140 5197 12426 21030 18448 6263 14152 
6958 7645 5023 1045 8477 8253 4899 9121 5350 21785 19512 
6959 3448 15595 9382 15313 3676 16364 9613 4478 9001 7375 
6960 10066 8296 379 22199 
6961 18571 1872 675 21150 18252 16311 1732 4186 5396 16218 388 1759 8785 27 8666 313 613 2112 17620 15731 14950 
6962 20263 5304 3932 20738 232 15885 9670 16109 18773 21848 3058 19166 
6963 16538 12241 15764 20510 9299 13831 11046 11574 19771 10269 
6964 2776 5228 6968 2896 2309 9489 2131 1978 1358 1981 2901 
6965 20271 14171 20272 2149 5161 13506 1154 16429 2829 17412 12861 10712 19178 13209 9735 12013 8313 24288 
6966 19676 19089 14240 6515 459 4238 7515 13320 1796 6663 
6967 1953 10035 2249 1346 9715 10188 8536 17025 
6968 12170 569 3113 13867 7262 7313 6293 3182 20191 1895 10126 2959 22805 10323 
6969 1872 894 8959 10406 538 1696 4772 15572 22283 6748 1610 4338 2444 22593 981 12996 17970 3745 2364 23186 7545 989 6575 21821 21330 10628 4312 19213 5297 2291 5702 18025 3629 1030 12269 6796 1501 1134 59 
6970 18451 20212 2433 1647 15572 2253 8641 4099 5050 11596 23378 5706 
6971 19621 3793 3627 642 8623 3295 628 2312 5865 22512 969 6789 264 1712 21725 8125 
6972 838 12572 1820 4611 3115 11382 11224 20530 3200 1174 15919 868 485 1326 2813 261 9680 15786 6489 5010 2107 10129 14672 5979 10323 542 3676 8199 76 1606 1011 12722 1307 2337 2 6239 6394 7313 10590 7857 3233 2678 1296 14290 5903 2053 
6973 20308 345 9301 20017 15324 16776 14593 20923 6469 3148 10213 20704 15254 5908 1504 1175 15691 215 4704 2397 5334 27 370 7461 10432 1759 22973 
6974 2923 21764 6298 10581 8971 22335 
6975 19601 9039 1943 10911 7048 210 5750 4813 8209 1296 22419 21583 7563 
6976 13449 21117 15141 15610 20970 6757 
6977 4042 333 13717 6546 3333 15649 20593 15318 8531 9467 866 20373 899 3026 8783 4425 1219 21582 13107 14659 13535 5618 2419 123 3264 4749 10708 14798 17817 6857 16470 2836 5250 997 10048 15570 3336 2000 10121 11195 297 2879 3984 3707 2119 18882 1379 12056 17682 19806 6662 4831 19188 10032 22932 6472 68 9189 3193 8158 7706 8034 2360 21325 254 7566 7090 20929 7197 21208 7946 4424 3334 3093 44 7016 11775 2539 19447 10682 7783 1137 17089 3091 8533 730 2662 
6978 1487 397 9421 90 17530 21171 5271 19096 5799 1313 14925 
6979 4882 3205 20482 20345 10156 1382 18859 16254 23462 1629 1250 
6980 15290 18982 12990 2554 6062 6910 379 17025 15083 22701 7249 11681 20389 7601 3185 10475 13374 14311 20147 6072 11615 23 14109 7654 3844 24671 5357 18056 8732 1431 884 12724 2195 4216 7702 24760 14969 7953 12877 13853 21189 17526 5646 11467 2932 18321 
6981 216 19103 7858 12457 12968 13152 23001 8013 19386 21342 24674 23241 23721 
6982 9465 17050 23108 7488 8512 4694 
6983 2018 4011 11566 6453 10071 17174 6036 20333 13529 2987 3928 2004 8192 20811 9258 16153 2328 1932 23877 19136 
6984 20138 12820 9511 3668 12363 2413 2908 8989 6151 4105 19377 14889 22641 
6985 19800 4317 1483 8265 2592 2446 21721 13383 79 17510 21732 1166 10594 7274 12343 21287 2061 21184 
6986 5243 4603 195 1882 1278 5155 324 2249 1478 1549 14210 1750 3585 4470 1154 19111 7448 10518 22352 9164 5380 28 18898 7045 4564 22274 21880 3737 
6987 8627 3107 4315 3499 10742 22594 3325 458 
6988 17626 20477 703 18205 14454 20693 9002 20668 10161 20273 8650 22151 505 1647 21679 15869 21677 20415 22333 1593 16631 12979 
6989 11083 11306 9673 11973 17739 12388 6718 5998 
6990 2186 8761 1465 3899 2172 1951 8394 17669 
6991 6127 13068 13867 14148 1924 4872 1515 4766 1460 20733 1326 2337 
6992 19540 418 10917 10789 8246 628 1035 8723 27 634 19818 10796 13811 13552 17856 13289 2306 22297 17283 5166 
6993 4747 1603 5276 7691 1528 8347 20186 898 4564 24679 
6994 20363 11070 10822 6498 10053 7776 13142 2241 3825 5214 
6995 8972 13365 4122 1528 4564 4629 18914 12650 9473 20432 830 
6996 2540 17767 8010 9845 18177 12828 2214 1722 18604 19274 7548 8175 
6997 16557 2380 7065 15601 1798 6849 10821 24138 987 8338 24235 23886 13826 
6998 11619 5588 7506 1326 11585 22559 21411 3376 961 
6999 13158 397 18852 232 962 3463 2635 5139 3614 3652 17665 17183 15403 
7000 15659 9021 5036 9711 11242 15989 6195 21639 3186 19598 3239 
7001 2600 20317 143 2018 20469 8073 3018 4015 2264 9080 10708 22170 13439 15318 11937 15649 2568 19447 12872 6221 14488 10961 5237 8028 19319 14770 4585 7303 20373 7479 3336 1846 5839 
7002 14213 750 520 8998 
7003 9965 11919 9762 7198 962 3463 11938 290 3299 15724 314 20818 6443 18291 12070 1240 232 12158 
7004 8557 2432 13714 16065 22216 13354 22327 22896 
7005 304 17366 1783 633 11929 20272 8189 4960 15299 10322 4785 
7006 20394 20480 12097 9440 4980 15024 
7007 9015 10161 14271 644 4881 22257 4198 1816 515 17015 122 18006 15897 18030 13526 10077 12189 3901 
7008 553 23062 5232 264 3209 321 3968 430 3761 7670 14696 13478 17516 957 
7009 9087 11736 22748 12746 11765 
7010 19804 16582 22290 23020 2198 8744 3637 7756 11400 510 
7011 20427 20428 530 20429 1391 20769 9149 4595 10191 17510 4467 2107 21052 3580 10126 4317 6239 16684 1768 16951 11932 11210 4872 8105 
7012 9016 4742 2004 1204 5213 1885 8697 6036 1009 6665 3145 225 3058 
7013 14799 1137 3091 4644 13153 21147 2709 3978 6828 16612 
7014 20437 10449 8679 4940 13289 2597 7749 3000 6235 3627 
7015 237 3921 7789 4740 9274 16487 4559 15210 
7016 20449 396 10627 5228 4430 17890 20832 8957 19631 4237 
7017 1571 1572 5836 143 2015 20596 1706 3825 8574 9846 11711 1058 10286 1519 
7018 4350 4454 9023 20758 20413 20620 13264 14450 5497 8260 10830 17754 702 1005 14393 10458 4683 19985 14784 20607 11077 20203 3905 16401 
7019 1034 20317 3968 7132 4515 231 892 22981 18852 22155 
7020 5219 6553 3469 3817 21554 7391 2400 616 21632 7317 
7021 20462 4700 20471 870 1070 6118 9009 5554 5968 1651 8960 1760 1335 1528 2065 105 5228 1679 858 21567 237 5683 3090 13938 21461 1105 14673 7250 5007 1978 2160 
7022 299 18910 241 2705 4179 827 17031 14659 7513 12550 2981 13879 7615 
7023 14613 2067 15222 22554 2523 14628 5822 7635 2524 17194 
7024 1058 3114 4420 6110 6351 1646 10895 7069 20537 5836 7062 4897 4064 8269 284 21868 3896 21277 
7025 17296 86 1926 673 808 8344 7247 1878 1384 2160 17869 4258 6258 4458 616 4095 396 4610 15893 14756 
7026 2172 2015 21048 90 1104 1688 1413 8073 2798 7165 15966 2241 2621 8309 7839 
7027 20488 19100 18487 1242 6122 16035 22446 8012 12158 9143 13422 2336 3058 5669 962 21809 
7028 20490 890 5154 3637 4693 397 2406 21459 16112 2635 7756 832 21690 20653 
7029 20491 5142 8744 20726 645 3178 3058 3652 3660 3614 10277 7824 12158 16815 1990 19448 21809 11777 
7030 11568 10286 2018 3773 1771 15125 4133 5213 7651 3111 931 748 2004 
7031 11481 17172 459 6665 5251 8192 9894 3610 22348 13541 267 3353 
7032 10673 2911 264 2916 3199 25 2520 690 1427 19286 
7033 598 1750 2904 13414 15732 3248 2135 24225 1882 24348 5272 18786 5554 
7034 20521 4392 4453 14978 15721 17326 22240 10480 10417 
7035 13860 1799 7269 5825 954 4263 539 2869 14510 1306 
7036 14653 13645 20526 172 2413 16069 18633 
7037 20534 17163 1261 9664 15433 9578 7679 5600 16344 4081 8210 15912 
7038 1386 1988 14330 21003 10391 28 4636 2487 6475 6889 1105 
7039 2784 3526 230 16033 1286 16904 2051 22274 4639 181 
7040 2032 2018 2004 9668 1568 1204 17511 2029 4742 11568 1885 11278 2307 
7041 14197 11485 14781 7240 8961 18686 19403 
7042 12672 20802 17062 186 1528 808 4610 4492 1949 3248 3996 5558 5155 
7043 17332 17626 3926 14668 1079 1872 7418 2916 21010 136 5218 2986 9936 
7044 1690 11096 15529 14899 11217 153 5734 20413 24137 8260 
7045 8871 834 589 5218 17890 14202 8889 19571 2560 186 21039 933 525 8848 11676 1413 1670 
7046 7640 18898 6164 13736 159 4198 8925 20542 8749 7938 9911 8315 3517 3403 1847 11721 21733 5119 9876 23501 
7047 14877 10952 8488 20417 6641 3177 2793 3227 645 13039 18347 4207 14721 5361 1400 22507 20638 13037 1739 17504 4855 4625 13062 23857 15402 13740 13994 20490 
7048 3608 2455 1493 6630 6144 2557 1760 201 633 2776 4430 8990 
7049 4184 12604 13242 9441 1372 10210 8698 15148 
7050 13218 4625 4207 8692 645 22093 20674 9965 2625 7924 318 18852 23601 
7051 4155 5763 11784 12971 8540 10484 
7052 84 12675 1417 6753 19397 17365 9865 9827 9383 16355 17658 16090 1378 12573 3360 8748 6011 2330 20161 1420 7126 4911 10126 5176 10191 
7053 8028 2264 7358 3285 20032 9691 9223 4520 12058 14852 3155 827 658 6724 13107 4769 12686 4599 19052 20257 4015 20656 19232 5389 3599 
7054 5416 12358 5662 6893 2621 10648 14330 9485 17550 11148 11564 
7055 2076 3245 3413 20973 13674 11474 15252 21264 11982 
7056 10609 9345 827 15280 3679 8784 3551 6857 15231 23410 1920 13087 15246 
7057 12319 19368 15912 6393 10343 18563 1382 23 9406 3396 3164 22037 22134 22135 22141 5600 5597 1261 17075 9195 
7058 20587 15092 21912 
7059 3197 17575 15147 13105 8194 11880 10245 5254 4064 
7060 20595 4896 14530 9104 21612 570 284 4591 1850 5041 8145 3127 20039 18330 1058 8311 10256 13316 13537 4250 
7061 425 1095 2532 969 6891 1723 14077 7844 1732 5097 8051 10817 21035 19801 14579 
7062 9602 8802 6393 496 4639 19368 20258 12862 1493 9578 8774 19909 18530 16038 3042 19716 5194 5190 13529 15433 10230 2795 4869 20443 16560 
7063 223 17196 18999 19831 21722 8565 19408 
7064 10053 19336 10936 9205 11070 1695 10577 10825 11165 9042 14370 7331 
7065 15960 14101 4422 1647 22737 7808 2998 78 14275 
7066 4600 15039 1530 20609 5700 20610 5502 2431 
7067 20614 14704 12173 15666 13568 22870 20594 581 12652 14000 22962 18687 18282 22963 
7068 2070 1429 1985 12842 15632 13655 3869 21006 21520 14678 1317 2294 1570 4788 6739 678 22418 201 4972 8014 10891 18127 
7069 14845 2767 19963 17011 15863 1748 
7070 8380 8386 8708 10758 16054 19432 16065 1392 9821 
7071 4687 3928 10317 18550 13173 4549 1204 11973 15217 11148 14288 24027 15573 8775 17174 
7072 1496 19913 3025 7957 2249 10777 2202 2168 7066 3248 5053 1717 6879 9911 11895 7973 15815 655 2600 7036 3610 8333 5268 3928 2656 1025 2297 4274 4603 6493 2309 2327 9734 9213 3642 200 21096 308 12052 3632 3403 1926 776 509 3425 4237 9764 11414 2838 
7073 14116 22992 8556 9684 3166 4930 
7074 19635 3341 20080 17512 18640 11271 7703 5340 9422 3149 11696 
7075 8410 11374 19368 8780 19157 22354 16038 5064 12319 13064 7766 15548 11290 23042 10620 
7076 981 1408 20993 1114 2498 5583 386 3848 21347 64 1810 13825 
7077 1952 1792 2422 14379 8721 12557 14723 4003 22311 19469 9350 377 9667 9374 9346 460 4721 5406 23057 2334 319 7820 9934 
7078 20257 20032 18878 899 9467 6724 18513 14800 8533 16471 10192 7425 21298 21337 8230 7526 2706 1249 18104 7444 3288 2738 3777 2563 16958 3815 22261 16114 17654 18930 21511 5758 
7079 4511 20674 2097 2642 11465 2071 447 19804 21809 22882 8816 521 5583 2811 16584 13158 
7080 1808 764 8458 151 5370 584 14401 4454 
7081 1170 25 6517 20386 1196 249 19814 16732 2401 4940 
7082 10541 4616 15587 6219 2147 874 6463 1110 620 9548 3072 
7083 17814 16939 3305 681 21377 16129 20540 21609 14049 5205 
7084 14701 22569 890 23764 16891 232 4511 5622 3614 8807 20159 832 21324 2227 11777 2535 1367 2625 
7085 20691 15514 7491 9784 7460 4011 9673 
7086 14701 645 232 3614 18852 2328 5622 8807 892 4111 714 11588 832 10675 2137 3666 5658 15026 8813 22747 5241 962 4525 1020 18228 15018 6443 9057 1019 4325 2833 5013 5976 4165 18477 9219 13218 314 890 3673 3058 1782 1484 3376 14877 11853 20732 2936 
7087 1172 19332 3762 8446 2186 1942 640 7820 12423 
7088 2350 8756 70 23259 2354 8265 5592 3175 485 9750 13257 22768 15268 5170 4666 
7089 15549 9909 17407 10605 4585 10829 1058 15672 9485 20792 
7090 1783 14180 21008 17626 22407 21150 3964 21019 39 16709 20791 23138 6933 
7091 13706 7064 3453 1567 10406 3944 1861 2597 14739 6725 
7092 2962 1170 12758 7040 404 1344 8125 18063 5021 3119 3275 19363 3001 2498 3944 1324 1363 19540 7583 15580 6896 165 13081 1387 3276 15733 6804 21545 166 20028 3287 6235 16822 765 930 3918 9881 5629 1683 981 3927 
7093 20729 12950 7031 
7094 10444 2364 19540 2134 18559 13299 1854 22162 19290 3745 
7095 4391 6413 20849 7504 13753 18745 6034 17874 5162 15101 15125 14125 2274 5249 7359 9092 11480 5566 9522 2603 20066 5132 9907 2657 11908 6772 
7096 860 10775 21197 84 20567 14317 8052 11349 1460 332 954 
7097 16564 3747 4687 18771 19057 3077 18822 9297 3241 4034 4575 
7098 791 4672 1545 18388 1011 210 19548 16863 17353 1561 
7099 1429 10877 264 15337 1175 2916 2396 10942 1035 3944 104 2112 1657 
7100 4761 4380 13780 2793 15894 13062 1400 12755 22861 13994 
7101 20066 124 3140 20902 16960 19948 1141 5627 3044 18482 12168 12300 8794 23513 583 13130 11105 9598 
7102 879 16760 7773 13951 6134 16514 15625 3830 2396 
7103 19845 14819 1245 22123 2660 9368 10985 20868 7427 804 21179 4729 4871 11251 19155 9261 22436 13957 678 4371 13793 5405 
7104 2911 12840 11590 418 1596 969 8749 10673 2999 14825 13648 1430 3927 1517 2598 1737 1657 1762 53 8539 7461 5748 10789 6614 11004 19539 2396 25 909 548 3861 
7105 3360 15486 5781 8052 6722 14801 2627 8412 16956 8753 6486 838 5750 1362 2208 19935 17159 2325 485 1307 6488 7028 9006 8756 9439 9429 
7106 20754 14559 4084 17071 4753 186 10342 19592 
7107 13482 9909 9912 3398 8068 2426 1204 452 999 13738 6720 9996 
7108 6563 15084 2511 20763 5429 11627 20077 18699 20764 14784 16809 16681 19145 4454 15797 21038 20585 3008 11217 2734 584 7230 14401 13597 21828 22874 21982 5734 13214 13516 22003 14725 1808 7234 12707 21090 
7109 5703 6207 8413 8974 13925 2299 3645 18922 3545 6144 
7110 9141 6443 1133 16602 8744 18691 9511 8065 4690 211 13378 13668 19837 21719 22382 
7111 20676 902 19332 13263 1465 4839 18815 3622 1951 1619 4076 16300 15660 2111 12381 4689 6502 8395 5401 4079 6737 4526 3826 16676 5318 3204 11418 8521 3866 4138 16430 15110 952 17768 19370 2889 1948 3245 5002 11264 6860 16666 3286 614 21263 9892 19304 9991 9725 21418 20219 12477 1792 9374 1503 4721 6079 12468 12094 17851 12423 20592 8264 1957 4955 10470 13282 21785 5019 
7112 3227 2793 4380 13904 4612 5335 11542 18783 24517 
7113 6247 5666 755 3413 17108 5897 2003 1571 4798 3787 13142 
7114 3929 14508 3109 7867 2574 6835 17918 553 1625 10270 13004 4091 
7115 19913 12944 5228 6717 8575 19460 3430 6908 1651 21644 4733 2309 4237 17317 7025 2297 5543 24114 1496 3859 3737 3582 24249 23953 
7116 2734 10640 15581 15641 15797 16585 1808 6999 10846 16668 13828 10831 14450 15640 9575 
7117 1605 9442 14826 6933 16616 4824 20409 12937 15692 10559 1312 20006 2535 
7118 1873 2932 2309 1384 6118 259 5228 1496 3859 
7119 5172 17070 1788 4930 6203 863 2586 4924 11057 1969 6411 
7120 17391 20345 12161 18515 16538 21234 20510 21237 20351 6671 11046 17960 2691 
7121 15242 3307 1251 8379 11339 2129 8557 5710 2919 10838 3741 3515 3621 1291 7688 5540 21186 10489 13509 2770 21122 22327 4412 18299 22291 18637 
7122 1512 1895 6871 5383 4311 4447 1576 16606 11579 539 14290 1410 20007 21721 21954 12906 12425 20481 8165 7817 19151 5313 23259 20784 12564 18828 17130 7375 21287 17819 21713 12343 79 
7123 7828 19346 20787 7474 7913 9527 20377 12680 16583 9577 12508 15989 17749 12607 15952 
7124 4920 20789 2231 10141 4129 12050 1507 11195 18976 6844 14773 8319 1920 3415 68 12062 12088 4179 1350 10431 144 16958 1379 7526 1728 6261 575 4922 3811 22170 15258 2115 7136 3801 22703 20602 
7125 11588 18711 447 4855 20819 4915 8471 406 1020 20490 6720 750 1144 1670 11908 5834 
7126 15060 7004 6480 577 22127 19800 11611 210 1434 5955 
7127 20493 13361 23118 8036 4714 15129 24253 4370 4489 
7128 4892 20811 11944 23759 12970 10648 1670 9909 1204 3618 6640 10071 15417 
7129 17025 4355 7452 2807 11267 518 19822 5915 22066 8512 13457 5837 4218 5353 14811 19830 11814 757 2994 22138 4100 1286 194 19036 12565 
7130 1846 2536 20602 4922 4242 12394 8299 3210 10141 2216 9223 3491 3415 3482 14798 
7131 11362 3675 16957 14570 18299 4531 11339 15863 5595 12183 
7132 1879 7973 8913 4185 6165 16489 17634 20153 5054 10320 1331 22538 
7133 1255 2832 17595 1802 12992 17072 22559 1420 
7134 18904 10179 3762 17288 21310 5545 8048 
7135 2064 2241 18550 5213 9784 2621 18994 2004 4420 11560 15444 
7136 20851 10802 14355 20859 
7137 20853 838 4190 265 863 21830 19983 4911 14290 10018 3200 17123 16606 18393 23056 
7138 5717 163 1750 1466 18197 21120 12333 5220 2524 11452 
7139 8009 2732 7331 23041 11794 2436 4350 10691 12405 3670 11707 11625 14460 
7140 15333 12383 10247 5233 13110 7147 17717 7592 19623 21601 20277 10663 21668 15201 3204 9021 14159 9441 23496 8698 10210 17020 15311 15276 
7141 2283 11460 20868 5674 18135 21559 1305 7668 13713 589 6652 12672 175 9602 162 3154 
7142 7534 12158 3316 1325 4511 3058 8816 14980 7198 12141 225 13131 7953 
7143 7847 18095 2520 19975 1430 19709 10180 6917 
7144 20876 19601 21974 13068 13867 15512 3175 16780 16224 2813 12186 1359 18828 11618 261 
7145 13776 13970 23299 20074 23968 
7146 18772 22481 3652 7557 2782 6762 
7147 3004 21275 1530 23501 9389 2279 6199 426 21584 9318 
7148 11105 21277 8873 4827 943 16178 13318 20537 2809 2241 14181 13837 9267 5490 
7149 17065 18256 2832 18420 23381 23779 4226 15736 22559 6966 20766 15102 3359 3865 24865 
7150 11022 9823 14998 17510 20383 2363 17264 17280 5893 8232 1768 3865 19515 1420 17907 10672 15720 21143 21199 6203 1336 15486 15595 21238 3549 9972 3448 73 10613 16414 339 7367 6829 14116 309 4233 
7151 19559 5711 21470 7130 22226 22267 22268 
7152 20899 17151 20811 2606 7620 3821 20540 
7153 15771 10350 16947 8597 10243 2073 15506 15340 1688 23168 4287 3622 11162 
7154 17339 16884 9335 3186 6553 8856 4106 
7155 1490 19093 12544 12455 5398 8432 6328 21663 
7156 20907 1467 13867 16182 13342 21954 1576 12772 6161 
7157 18302 11291 21127 10876 2412 8171 
7158 10414 1223 954 8041 6293 695 1266 14859 820 1325 637 344 73 6411 13068 13867 14138 1512 495 863 17742 
7159 6085 7259 3765 17820 13867 7375 4858 17379 11585 8209 8556 19515 15099 23867 23868 10145 
7160 4268 8713 3661 10013 2290 186 20922 20269 20246 
7161 14384 5669 12654 13201 5825 8391 1799 695 1514 16410 3521 3709 485 2458 1581 219 14148 12462 441 1159 10502 3047 6411 3161 2869 13867 7216 7110 5814 5259 20733 2978 
7162 20945 8756 12541 210 8052 1255 21287 13068 9268 11183 7558 2601 22796 84 
7163 3860 21402 8746 969 7044 13490 10750 3755 17169 3038 
7164 20835 8085 3805 14894 8376 17310 12960 5540 
7165 13867 12539 6040 10502 19800 10868 15268 8265 3536 7200 10722 19484 4992 9357 14148 2946 2446 16606 695 1223 17101 14336 1576 1801 6293 1326 954 15915 7110 1266 18217 17494 12876 2330 13342 5309 
7166 1142 5346 6510 565 1318 418 2604 13478 264 1035 2916 19539 1727 969 12101 5467 703 2112 142 19540 
7167 3586 2515 13411 9738 11455 13561 4114 21713 4263 
7168 17104 3757 11777 18198 16594 19910 1896 5167 14601 4235 19156 13022 5954 4044 700 
7169 8648 206 5884 18336 441 5185 17517 16727 
7170 18127 16774 179 15296 14925 10558 7079 16075 14487 8841 8825 1939 11984 20919 4690 2301 3348 6851 1335 21688 13349 19517 16604 2304 3205 9434 4143 11270 4610 633 21637 1772 4719 21758 
7171 5781 3359 14148 2622 1858 7216 663 4109 10177 811 
7172 13068 14148 14185 15830 17576 10323 1464 24924 9057 1325 
7173 14217 19177 7523 14180 3538 8842 10517 2314 12836 7633 2134 165 
7174 19151 18828 1389 1464 3359 2618 2946 14059 18663 9321 20996 1326 6902 485 5960 14313 22284 21954 
7175 19114 918 19370 5026 4802 7963 8988 1085 8392 4834 8761 5145 3899 2847 3274 900 1961 10619 11655 19779 
7176 7517 2415 12662 409 21295 9505 14500 21736 10147 6341 23261 4407 11894 17324 17771 3323 10864 760 4956 4635 1944 19716 
7177 7544 12878 9620 21560 10434 15513 21629 3206 5155 10509 15801 9274 
7178 727 20340 9660 14520 11344 20954 14492 12356 13736 5092 2926 2112 9750 21245 21546 
7179 15073 6711 90 5635 999 5843 7922 1992 1786 1204 
7180 2147 574 13399 9225 1892 14418 21802 18511 5626 
7181 19537 14705 15150 2150 272 15877 14418 3514 6015 2315 2453 2144 5055 3085 6398 12339 2256 7727 4946 5058 7450 5917 3418 21575 1894 2718 2611 20056 11186 19482 20874 13872 18736 6325 4986 3312 6385 1197 6799 
7182 16857 4199 21036 574 1415 698 1125 2791 1225 11637 
7183 15828 9240 18535 7642 8380 21759 11883 10492 
7184 219 1003 485 7563 1561 2053 15685 1326 2337 1410 569 15919 4810 7298 8412 666 7375 2458 16377 
7185 19311 24952 6789 2483 13380 909 264 10673 13811 11590 9918 184 3421 3148 21913 
7186 1410 13894 2325 1870 485 501 4703 10722 23259 23531 23413 232 9793 398 5154 8816 19136 5178 838 
7187 1078 1552 546 20647 2267 
7188 7942 11304 1593 10245 18866 4011 1058 2922 1670 750 1034 3546 3145 1413 20321 8775 25138 21875 
7189 21065 16993 4184 6195 4475 17160 9948 3991 6553 10387 12884 10252 21464 
7190 8112 19985 17457 6565 11501 19281 20620 221 12807 19582 2497 1911 6924 14400 23486 23747 23916 9042 
7191 1681 597 1686 2387 11039 10817 4496 17918 22651 14045 
7192 9772 15665 957 165 5015 5857 16270 11084 8870 2203 17421 
7193 4748 1336 12157 12539 9823 1828 3113 1411 13201 17507 10782 21606 1645 15313 4233 13096 21100 4478 3941 21583 2162 836 21230 2 22169 6480 21954 1296 20410 11022 17130 2324 17896 2465 3700 
7194 8738 13795 2932 22907 1989 4084 14311 4318 7638 5777 
7195 6810 2674 900 8689 2418 622 20130 1688 6367 11200 9246 18715 22574 2485 21971 23800 11787 16449 
7196 3116 7036 16741 9894 6381 17559 4384 8546 2358 2335 20494 20384 2600 5832 459 3610 9522 3781 14629 21672 10216 12784 5213 14902 
7197 6684 3593 492 6799 9930 4986 2690 1677 10010 1031 1125 2551 12137 2399 10879 
7198 2970 8972 16258 9682 6493 10473 2838 1492 4458 518 3829 5131 6072 6243 7613 7390 616 9131 6258 8344 7637 3434 
7199 11448 6106 2146 4387 20864 8685 1209 591 22367 23750 7709 21670 19537 3451 7142 24653 21802 
7200 13693 4313 20284 19059 3367 9784 2004 14692 2621 7651 
7201 20482 8448 7465 5615 1245 13361 21349 12756 4061 14061 
7202 3998 160 979 15925 4240 13376 2916 4118 17015 7271 2439 15270 8514 
7203 567 404 3276 6284 2597 9098 165 5015 418 15731 543 5995 2818 9805 10444 7396 8746 6804 21913 6013 909 2295 8769 
7204 2029 3130 4584 2891 21196 11278 2307 4961 748 17735 1571 
7205 2809 19628 9563 2547 4742 6182 16549 4513 5550 2364 140 628 11158 
7206 13998 18282 16339 7315 405 16352 12678 11625 11794 10831 23993 1066 1190 1520 
7207 10673 21136 541 19540 14849 7100 7840 4148 7874 16226 22087 
7208 9206 7033 1706 143 9089 21177 1107 16177 11148 2424 
7209 6989 10100 8473 18681 22848 7994 6723 19106 314 23244 12287 9057 
7210 21141 662 21146 20299 21178 15766 1978 3466 10230 11558 19534 1158 12055 13551 14922 6027 6084 13529 
7211 3817 17020 8894 16884 3803 10250 6553 16987 8148 3204 
7212 12299 113 7790 5612 20241 14714 4608 11274 14499 
7213 3901 279 2004 1058 4591 122 1647 515 15270 3013 7154 10803 
7214 313 1712 7418 27 418 17652 2818 
7215 7045 896 4161 5777 10603 81 1154 20544 870 5799 2454 3025 12002 1384 861 444 1612 22653 435 
7216 8492 7890 11040 1872 14333 13 8407 1681 8051 1344 10406 502 
7217 4213 261 1870 1820 10335 12157 6253 5257 3580 12078 1027 7048 
7218 1670 1860 9784 2241 4742 21163 21164 1034 1009 
7219 1262 8733 7535 7447 21127 5987 11291 16335 8589 18302 5989 2237 8152 
7220 515 16858 2866 3901 10161 11294 5850 9156 11006 13472 517 6788 248 5001 418 18450 78 22151 8077 
7221 18013 1578 5485 11321 9176 4786 21661 2375 573 4102 12290 8651 10523 1250 595 981 8679 7583 15337 7002 5311 9659 17323 7837 22593 4795 9631 12063 17788 1533 6138 4553 2998 22552 14505 16169 1000 12979 23230 24318 64 2171 17648 8986 12847 6880 
7222 9206 2018 5778 21642 3825 10094 12195 1287 
7223 4607 13755 812 18865 22728 225 397 1240 6263 23850 1878 167 606 
7224 13620 6250 10582 11178 20162 3648 20833 20459 6779 2874 
7225 21189 21191 15249 4227 13333 1287 3582 3837 15210 4879 808 519 21062 4154 10931 
7226 20376 18771 4329 1572 2861 2020 3784 3322 1571 1885 21214 2400 6258 6072 616 
7227 8371 6141 1779 17398 119 3140 4979 5201 121 7226 2004 
7228 179 2873 2342 20341 8722 19150 2666 13027 594 14925 633 11270 7446 5615 16033 10008 881 
7229 21230 7492 11932 21954 7563 14510 22838 6386 11683 2332 8756 23259 2446 11948 9382 
7230 1765 3825 5490 1706 4056 8816 7257 24233 9636 1395 4924 3676 
7231 12826 5698 12676 11808 7342 18633 1119 16069 
7232 7077 21113 6045 937 20879 21303 6997 6050 15753 19495 1742 11561 10453 13755 12426 5197 15009 13620 14608 10454 4370 
7233 16566 21407 9781 8403 2108 11560 5421 18290 7399 13142 2042 1519 2241 2112 
7234 507 17263 21124 20483 5029 1946 10350 8535 13171 
7235 20661 20907 12539 18027 3115 1576 13342 21954 7500 6965 20901 6161 8056 1639 3359 
7236 350 5556 3729 10380 16916 5212 16005 8812 6042 1464 1515 12397 12480 10244 9938 5655 5172 19079 4583 8232 8603 8930 4317 1434 13247 73 8606 237 4999 5763 2795 
7237 6494 22194 17996 6369 495 8391 14860 24658 20661 303 1848 1391 
7238 17665 1126 10617 1312 3361 22686 18041 12107 21646 588 5466 2625 7848 3376 16578 20664 5164 21465 5660 9354 232 5139 13487 22155 
7239 5909 10556 15028 2136 21092 22175 3299 14295 22281 14736 216 2635 14643 
7240 14397 9995 13609 6313 22437 15984 9141 8471 588 19778 3603 12158 20726 22964 19804 
7241 7005 88 9966 2688 492 12137 6313 3486 1457 14877 19553 14980 7257 6993 3463 4325 3757 1019 
7242 8543 8380 12289 4974 15176 14562 19432 15100 
7243 19528 11545 1249 4015 2739 2738 1357 6745 4040 4245 7477 6197 2265 5040 9115 2737 568 6867 20242 21208 12065 7054 12473 8801 7741 13246 
7244 4311 2918 84 11183 1467 3536 11556 13257 16718 2147 2053 9680 24212 2448 9750 2590 8505 5851 1420 8748 17150 3115 7269 206 
7245 20996 4703 5275 738 11017 21713 19629 9865 6135 1606 3655 2813 21954 2169 4103 
7246 4249 5101 9652 12027 912 11879 49 12128 1935 4016 12237 12921 10788 7523 
7247 4121 5341 614 24135 11982 1959 12081 1082 5452 
7248 18983 1331 9793 13609 8473 397 7931 2611 21485 4298 
7249 5351 6800 12423 1465 320 3899 463 4464 1619 2862 10179 1977 7440 1168 10301 8048 15007 6512 1951 13188 5666 3887 3274 40 4030 4056 6033 6236 7877 949 9502 6548 4003 8007 323 8416 451 6580 9270 6681 17224 622 8446 6427 7127 1659 19469 1616 12273 13263 395 9725 10745 2076 7940 21307 5916 11884 2909 11161 21180 14990 4123 10619 21344 10690 9247 9608 15452 1065 918 16827 15135 2889 
7250 11831 8849 11248 20277 4759 9241 20455 16447 21585 
7251 8236 7375 22958 1858 14928 3941 4221 6591 23531 6831 1296 6870 12385 23381 18420 23779 17213 23047 1326 11420 3709 5498 15736 3296 11508 12620 10766 1255 12569 
7252 17130 740 2984 4435 1312 10320 2328 11415 2015 24402 11568 10286 6826 471 4011 
7253 18361 11061 14180 14992 799 6158 13572 
7254 21333 14569 12647 3245 2878 9349 5033 11264 21014 2854 
7255 3605 12035 3086 8788 2160 7307 616 6258 3939 186 673 14549 6072 17296 14362 3489 1478 8972 7442 86 
7256 1477 21705 9195 24996 5303 16439 14064 14396 4756 18361 7730 14730 24669 11993 
7257 18983 13609 397 9793 20946 348 19906 12669 21485 3393 6430 
7258 15426 19057 3783 924 3769 5843 1173 
7259 9966 12137 21356 2650 4329 7005 2688 2399 88 492 3486 6313 14877 1457 6993 
7260 7596 4777 5396 16232 8950 6437 21865 4272 22632 8664 655 18604 6847 340 19411 
7261 6800 20015 6681 16670 20080 44 7300 3210 20592 9426 3026 1510 
7262 18824 4492 194 6706 22833 2635 225 5347 10559 23877 3463 
7263 21363 6009 15841 8968 15076 8155 2975 8009 2268 
7264 21374 17306 1172 22927 1082 10315 10313 1511 
7265 17218 5816 10323 11719 11811 4451 10333 12236 8204 16830 6831 
7266 21020 7990 17504 2833 21809 15818 225 13487 3058 8875 2642 7482 
7267 10673 2253 969 296 1652 2926 2437 3453 122 21521 
7268 3066 7686 21386 666 20931 7804 792 20421 10538 23047 9888 3488 
7269 7131 12401 7029 7577 21514 1300 12013 3939 6077 9309 
7270 14711 21707 3841 10802 4874 8763 16909 22773 10440 5712 
7271 2321 8950 12039 2819 7607 18285 23317 15322 4204 248 
7272 2112 1712 16175 1727 9182 4852 10214 969 2916 19900 18571 15456 1079 6510 3944 
7273 21391 2842 21392 9395 
7274 18954 10517 5015 2407 21405 1241 4824 15909 9098 9778 7784 6703 7878 
7275 21396 6983 23180 5931 4077 23818 2521 14496 
7276 16389 3359 6741 8654 3961 6901 15536 637 4512 4813 8412 5824 14059 4739 3521 2063 3179 332 3436 5275 17776 11619 
7277 18063 21399 2473 17441 15716 11214 599 8679 10423 310 1533 129 14180 15048 4150 17786 16169 21561 2503 6794 
7278 2426 1204 143 4013 6640 4034 1571 23877 4799 432 14295 6443 
7279 7219 6764 2171 9400 5437 5137 8125 6482 11042 2653 3249 5838 6863 16740 3258 13 10028 11040 8407 1184 
7280 12477 2076 8253 8254 3286 5019 1433 8394 7870 7522 
7281 808 3310 1478 9566 14809 20349 91 23280 3167 
7282 13811 313 1712 53 19679 21384 2648 4786 9650 10993 9474 18514 5487 9034 6400 
7283 21112 5019 5664 12423 4721 1104 12477 5002 13665 15599 21712 7003 13348 3622 20051 
7284 4603 4700 808 16033 28 435 1441 3541 1679 1493 1750 3489 10870 1235 
7285 15868 4947 3900 10157 7420 10211 12540 5242 15377 5275 4109 
7286 17822 21453 21487 20404 939 2018 15672 11699 1204 5927 
7287 17096 17143 21776 4858 19601 15398 
7288 16727 6365 18564 1336 6386 
7289 7118 21919 1926 7546 776 9661 1496 4951 14585 809 
7290 640 7489 900 13139 18832 4217 22391 2111 
7291 9784 21457 1989 17760 2547 8068 2241 1765 21458 17511 10899 2004 9372 3111 
7292 6182 7226 2004 4575 8425 22093 398 8473 3773 18184 
7293 15326 15751 2206 13228 8770 3849 3205 10509 4695 15210 17469 7952 
7294 21469 5490 9563 14663 21542 7790 3220 21587 9168 7036 
7295 17531 988 3704 3295 22333 8925 3629 10442 1517 8492 2999 142 23206 13478 3964 330 2916 22682 3968 22103 
7296 4506 165 940 2414 1275 499 5720 2760 19848 
7297 8890 124 5162 21529 7506 1058 16219 13130 20306 10514 14288 
7298 1114 20235 3070 1246 1810 18063 12422 8116 3319 12840 215 4436 19540 4890 14217 
7299 2468 166 7810 7523 8593 2648 10373 165 2621 2006 5490 2018 9909 22898 19495 13532 
7300 15922 5710 20057 13356 15828 2579 4762 10336 15242 16105 6311 4900 13536 23131 11362 17971 9782 
7301 11908 15964 13482 3114 12017 6590 6640 7299 7165 7032 6026 3928 4742 20494 4892 14663 2018 1204 
7302 9862 4109 1410 2745 14544 80 12941 5898 22425 12573 2458 6966 6386 5367 73 11256 22831 23560 1488 5521 
7303 1718 17412 5599 3310 7373 20494 5566 4011 5426 3640 6095 15899 4133 963 1493 13970 3040 4818 870 
7304 19975 7414 1712 19539 22682 13701 2911 3244 21907 7443 5022 3329 19054 15357 3704 
7305 6245 22442 21525 16205 794 4272 11436 3541 24223 2290 16216 5650 13278 
7306 1765 15309 18463 3769 9784 8070 2421 2020 7412 4793 
7307 15053 12729 7613 1882 1235 3996 7971 14673 1478 4639 
7308 6898 10157 4858 20229 21235 7804 6982 18336 11856 17945 
7309 1465 21500 6810 19434 4949 4314 17152 4899 
7310 21124 17263 14471 14044 10350 4842 6810 7489 1688 1085 4030 463 
7311 521 15513 9304 9195 6031 4774 7622 727 965 21561 
7312 1388 594 2067 12357 8990 2249 896 274 20544 12379 2104 23203 926 
7313 12477 21519 2076 19723 5080 15761 23238 9903 
7314 817 17626 16213 2916 3944 19994 313 11979 21821 1546 18884 16738 16938 15719 2576 5487 1861 19542 14694 15542 9483 628 5522 22283 543 1935 3308 5156 907 5258 15266 22450 1175 22451 399 1681 6234 5431 19390 6904 6888 4414 12331 11047 6883 3875 3258 3005 19428 404 19311 16760 22849 12269 1696 17273 23404 23977 10521 21913 
7315 8012 17641 8829 3058 385 3968 12229 
7316 17347 17518 2147 906 2690 4710 5423 7210 2146 17135 841 5805 19852 18 19905 1002 375 6684 8945 2014 12307 1877 6547 3950 5740 2271 13855 20397 6404 22367 22937 2150 10090 15438 18246 12323 23308 7107 20041 3593 3949 23569 11201 8001 15877 20418 6376 23543 9258 23835 4832 6385 6768 869 8228 
7317 7776 3905 11739 10640 8155 8980 21200 2670 8279 10823 
7318 18460 9120 16014 2358 11560 6023 14764 1158 
7319 492 14705 4215 20142 1892 10879 841 16079 3312 18250 8778 2197 1197 5626 22468 9592 3072 23286 1111 2929 2971 21683 602 11925 2210 4862 11063 15371 
7320 5483 232 2071 8258 14296 18983 3192 15018 397 1133 225 3637 19448 6713 5980 290 18852 22228 22357 5961 20818 8744 16649 6828 
7321 219 9680 1307 11447 21713 20007 13096 3206 7420 6693 1143 2169 1296 22831 7298 9040 22194 2330 9613 1471 
7322 3825 18822 10605 13074 15829 10317 2029 13071 21619 4013 
7323 5233 5632 20377 20677 10237 8698 2293 15405 17499 4759 1036 8235 1039 
7324 418 10077 19540 13748 7762 982 3063 9652 909 2441 
7325 2862 12115 918 54 24016 7841 10004 13282 1237 23057 9517 
7326 3522 6630 4632 16897 2301 435 21637 5085 963 5777 4258 91 3437 624 1384 
7327 16237 15030 3729 21384 7583 2653 16226 7476 16918 1124 10569 
7328 10270 2171 718 22486 100 4144 1899 4020 9316 22923 3041 13659 8950 2581 2275 16855 16439 553 2433 7602 4781 5087 1683 22495 
7329 225 16153 4757 2328 1637 2535 314 11588 5241 197 1148 15927 11895 6137 1286 19913 1090 21593 6123 2092 9661 5228 393 18339 3184 6241 10612 105 4376 4700 
7330 3164 21577 10065 5299 5763 20603 447 3316 21092 3790 
7331 5187 100 8492 5583 14328 3793 14427 275 2520 3453 885 6975 2886 969 16286 4704 21195 13701 22718 22775 
7332 1372 14878 15148 19383 15700 16170 10252 8832 12038 13758 6843 10210 4759 
7333 12591 21583 3676 2330 9621 11356 7268 7543 3825 
7334 1104 1465 4821 12115 5460 3092 8985 7166 1948 22416 3350 19085 8437 54 16021 2111 4721 
7335 13294 20665 8246 16353 8324 728 15352 8767 
7336 225 12158 962 362 3209 2132 12897 12924 5139 4511 5054 18487 212 2136 4961 5490 6665 11066 8311 3640 3044 
7337 326 21262 1830 954 1606 11361 21713 21583 21954 14148 13867 6408 1326 13068 4109 4813 1010 1296 15575 485 4859 
7338 21613 7869 3788 21626 2756 13302 21736 21804 21854 4635 6710 5663 16686 7326 7114 7280 17166 7171 8885 5260 20646 21164 11822 13142 15397 14714 8794 
7339 21617 6904 6235 21430 21790 19087 15220 3894 3365 5018 24632 21937 2483 
7340 6789 15032 17299 969 3094 
7341 21631 6268 17604 17904 14461 19108 8216 11599 
7342 2563 766 3779 4179 20518 4015 11858 2705 10419 575 2763 15280 7864 7335 
7343 8541 15883 13236 8263 23417 14845 
7344 4350 17647 22059 19917 16199 20689 14946 3203 1808 2734 23729 6337 23955 8155 24283 24284 
7345 9312 8155 11548 8968 10821 22157 4281 7776 5035 2670 1148 2160 757 18581 4244 16401 10825 
7346 10558 3184 1926 15391 179 6241 1753 21851 2250 6123 2666 3430 19096 
7347 8565 3072 21929 24177 2147 2450 4989 1225 10879 2954 1262 5119 9318 141 13273 
7348 2241 2004 5213 143 1009 1989 14283 1765 5566 15899 7373 7398 15349 24662 386 
7349 4302 6891 7915 1679 23457 1313 870 3087 881 13811 6243 2407 1596 3746 11171 
7350 179 7029 1926 4346 5045 6005 1479 3647 16743 22729 186 560 1949 6773 14255 11615 5505 4592 16670 5163 
7351 11730 5701 11689 9381 19132 16975 2704 3477 12433 
7352 9649 3388 7847 3070 2503 4349 53 7911 21920 8769 17786 4661 248 13266 2498 1246 4756 12434 8925 8986 5583 4249 17323 5137 386 7219 17648 21615 18967 955 19836 20068 4148 9659 13498 4696 
7353 21677 21678 21679 16858 10401 10161 13790 18632 
7354 21669 2502 3318 21127 11733 17518 2323 17196 17522 2256 
7355 733 16764 11356 1389 1545 6629 12573 1296 4859 3200 5872 747 4546 4672 16196 12157 4813 
7356 2806 1326 326 11346 4440 3655 5149 4109 2337 2813 1306 873 1410 539 2458 4813 10092 2467 15061 17387 13682 5096 6685 8021 23289 12908 210 1467 6408 23413 14148 23259 4672 13863 15377 2678 
7357 17244 21893 5369 499 2760 850 10381 9065 3745 24734 
7358 10418 10278 5285 20664 23022 5038 9360 21646 24256 
7359 10003 8155 21696 3905 16401 21702 2734 3732 14946 
7360 2064 5132 18739 9120 143 12344 13519 124 3928 21875 2552 90 6297 4591 2428 3116 2282 14288 1058 12358 
7361 4350 2734 24423 1706 4011 428 2004 4575 23810 4034 14960 8068 4469 4549 3145 
7362 10317 1204 21682 10071 931 8889 3936 194 3943 1077 3909 9303 2297 4084 21694 831 20613 20293 10985 
7363 5228 808 186 4700 2534 1760 3445 3136 4681 8421 22584 11889 8888 11432 4729 10365 633 226 9719 3167 22577 1287 2160 
7364 3111 1877 3554 337 24074 23441 7732 11925 11186 3318 24403 10090 3578 11733 4986 2755 6768 18623 
7365 20994 3111 6346 12962 3327 21962 22122 15966 12684 121 7182 7918 15958 6036 10553 452 10729 11676 19037 3145 1756 6569 14960 5843 6381 14458 428 22118 18064 16848 22516 8677 19783 17407 
7366 11039 1121 1723 5138 5929 1375 11345 
7367 11088 4819 4309 5166 5719 18126 3276 2010 7898 
7368 15337 13808 19245 12595 19900 
7369 21728 9838 6828 13310 6472 22656 2765 5756 2728 23319 
7370 2249 11768 18082 1747 1127 7718 7636 12192 18221 13083 14691 1760 3529 3545 22577 5114 6852 23200 5272 22418 
7371 8816 2823 225 11239 3967 22389 19925 24344 4915 22093 3463 24915 22247 21894 1634 21137 3682 9514 962 3520 2071 3501 6122 
7372 9888 1420 6253 17303 2313 210 4910 13682 15919 6629 3196 10258 2465 1407 10672 696 4732 1395 441 22902 1488 4784 14138 20160 2522 22284 7563 11678 1296 16153 707 
7373 195 1287 9084 6383 1454 8699 3761 16034 6051 17329 1388 9717 21707 2067 22639 
7374 21735 2589 6618 1426 9961 9578 10005 22818 1882 10566 
7375 16162 2172 12423 18328 15458 4123 463 2186 1172 1120 16222 949 
7376 10077 2112 7423 9182 3975 7443 9557 23157 8111 9671 100 590 2962 8646 909 
7377 20288 14508 6525 14027 6055 3089 7844 3725 13640 5138 24552 12331 3719 
7378 1706 14283 4589 5662 9363 11148 9673 23577 3116 2424 2991 4420 
7379 20747 5714 418 2751 1035 19540 909 13478 142 264 2911 19900 2476 10673 3222 3780 2112 4414 883 
7380 2294 3339 4458 208 10275 12 4492 2109 21744 655 4468 3048 17337 9254 18924 7045 15083 21794 
7381 5490 14715 9104 9089 5302 22600 9740 15718 3879 1365 24195 9619 5111 1527 17833 
7382 19797 13074 4034 13142 5490 3111 19350 1298 12214 10927 6568 14090 13107 7514 
7383 713 15410 2147 4163 16877 337 3045 15775 2457 3539 7257 
7384 17264 1420 15887 5893 11563 7295 4823 10722 10873 6126 1362 
7385 7474 6737 9243 17179 10252 712 6744 4079 9328 10957 
7386 7596 894 264 18151 16893 3097 2916 8827 
7387 12228 1876 21760 11071 17072 10849 4559 1127 15211 3133 14930 12187 4273 21772 2199 3219 5155 22 14204 5561 12190 1806 14755 6344 10639 2260 2303 18600 7029 
7388 1013 4328 5933 8389 5969 7117 22310 7113 9708 5353 18384 3237 15350 24095 11244 
7389 20716 8697 5697 1824 13499 7359 5832 18064 21868 9759 9120 6413 17740 12657 2358 5126 1568 
7390 6209 5808 17880 21311 1393 6265 7738 4666 8971 11280 
7391 2598 9639 2433 418 313 3319 19026 1741 2999 5741 4837 1342 9924 4099 5605 883 1232 3927 6863 5001 1647 5809 644 628 8766 5050 1633 10789 4852 1815 3387 839 1501 3063 
7392 3869 17236 3843 17445 24683 16033 23339 8825 9956 4511 
7393 4859 6965 21262 12755 3389 2406 20490 13904 2793 14043 5159 8488 8493 
7394 18379 16634 11076 9510 7854 17263 12557 
7395 2701 14829 4846 12166 5777 20919 870 6483 5649 673 16033 3517 4100 22659 1926 
7396 265 485 1307 2813 16389 8212 73 1420 18664 3101 569 
7397 14148 21454 21954 22194 23969 7274 3987 5556 1407 
7398 7295 13068 1830 3941 1805 14148 16389 12675 1326 3700 8008 
7399 2467 18828 4477 3360 735 4452 6636 8935 2678 1515 22562 15552 1404 4190 7563 5824 
7400 10136 1114 2134 12982 12083 3698 19717 6434 14750 13216 3613 12113 16237 
7401 20192 817 19159 7040 12912 17626 418 7594 313 1194 13963 909 1170 
7402 11718 5751 19698 6565 387 2734 10831 13183 13003 11717 
7403 13371 1983 11101 20452 645 19999 9335 8856 22517 16884 6021 3201 
7404 18778 1483 19356 2446 2448 2583 18977 13867 
7405 7212 15961 2313 1266 6862 2806 13335 344 
7406 17980 113 17881 1573 9619 19559 3080 17482 16647 1646 1670 4036 1850 
7407 18395 18633 12676 15284 18237 4216 
7408 21842 10458 19238 8009 19985 6743 7094 13827 
7409 6922 1528 527 5228 11615 1384 3354 776 525 8344 2249 509 4288 
7410 4078 13209 11122 17111 
7411 15129 20473 742 8216 22941 6224 
7412 17736 14781 12618 
7413 4998 4496 5586 3119 897 4011 1009 5490 90 3130 
7414 3124 11857 8021 3436 11621 12486 1467 1098 13093 23379 663 6368 5185 21776 14316 5851 14738 20145 20605 10157 9727 5872 5556 13367 3083 4904 6871 11022 1336 16935 13579 
7415 21869 2498 3206 936 14267 10754 14035 9442 12434 9652 9908 9195 1233 991 4824 957 3450 5507 
7416 2852 8842 3789 20611 10436 21031 5484 165 21640 4890 22236 3832 21893 4472 2203 4175 10517 15911 2122 
7417 4693 1482 5038 12255 4207 9311 9828 22910 3604 1634 5139 18228 23601 
7418 2857 1307 2053 1407 8807 7196 12169 1694 17437 2328 11512 
7419 21877 17062 1857 13759 15577 11255 19877 4122 4970 8216 10094 12198 5260 20544 12682 6630 1436 
7420 2157 5369 12568 649 15561 10413 11906 515 4723 8293 19821 4166 5346 5817 2962 
7421 20051 19840 439 12423 21785 15867 8484 19753 5952 1433 
7422 15639 13973 14508 19860 5718 16485 10969 1625 18059 2580 550 9614 3798 4781 18635 16385 4443 18071 2391 4091 
7423 16696 5323 12097 5793 16065 1392 11440 21759 20048 
7424 20299 2103 11250 2795 6027 12890 19368 10941 19534 998 24252 13792 162 963 1245 12862 11691 11868 25386 19266 12086 
7425 1712 142 17626 4437 2916 19900 3405 914 10555 2997 2509 8539 15966 1810 1567 21914 9221 2391 2072 10077 2407 5437 3379 5226 8578 893 14087 21949 14794 1727 1312 12158 225 397 
7426 4237 7640 22068 7907 7978 8789 20892 21688 5790 
7427 21906 2463 23605 1783 8694 7648 20921 11554 304 74 626 13365 8423 1154 7635 3630 16138 
7428 5078 11033 22038 914 10291 6031 10635 2477 18276 6761 5648 5573 9316 
7429 10196 4610 1478 1287 4227 870 13731 8752 4362 12016 3859 
7430 411 16324 10894 2732 21578 14898 1798 22053 22059 22619 1690 
7431 13798 20230 9602 6475 8016 10840 3913 15358 5180 6144 
7432 13176 15025 15195 21916 7869 3788 19823 2067 4681 5223 22434 5514 7679 24694 
7433 386 19617 20775 1412 16053 9896 6371 2236 7219 6788 
7434 3460 19448 4612 21923 15341 9135 2252 12895 282 
7435 352 2651 13337 9233 19588 384 5907 7183 21935 14695 
7436 5054 14818 12158 11938 12924 14519 15026 2431 397 6473 13969 12965 2641 
7437 21941 11292 18242 8189 3763 9644 6164 
7438 1930 4447 2448 11930 1858 4843 17576 326 14148 11769 1307 371 485 11611 70 17819 21721 
7439 21943 3845 24018 24524 
7440 3468 6901 8755 4813 5824 17054 2959 11619 79 8049 10761 7626 23259 2918 
7441 3725 2392 1681 14141 11039 1121 1723 21956 7844 18341 20472 19410 19409 2011 14495 12113 1680 19902 1687 
7442 115 3362 21954 19935 11369 23056 4595 3233 209 11420 2348 17218 
7443 8973 2996 7970 18063 7100 15953 13821 17069 14478 9620 23769 17309 18789 9285 13468 4436 9713 11993 22892 13393 13861 2225 15692 
7444 3348 3474 3646 12290 4695 6142 8825 4143 2342 6470 4871 5523 8012 
7445 6450 3446 111 21360 12964 1785 4208 299 453 2705 3570 4377 14488 12050 23252 3811 
7446 14292 17117 2963 113 8873 9448 854 17520 10834 16177 11078 16960 14764 10499 2721 1365 17364 11783 20066 19971 23171 9665 2385 18766 9522 
7447 21970 1321 7137 5315 9712 9417 21448 13387 
7448 219 11674 445 3865 12984 1494 17824 8281 9750 6733 15679 120 6139 16299 16164 836 
7449 4263 19763 7295 8655 1539 7528 12031 1741 12486 23289 3124 6571 2241 21048 24672 1732 3275 
7450 418 5320 18596 515 17015 1816 
7451 21992 14646 151 18145 21945 132 21471 6342 24210 1341 14520 12204 912 778 16013 
7452 9431 13790 5850 17992 383 9403 883 3894 3832 3060 22682 5995 22257 4563 1732 
7453 219 9860 2208 332 2348 18842 8265 5750 13565 4575 
7454 238 14830 10065 5380 16033 1637 1676 496 19807 9689 5554 22488 1679 10342 15424 23142 5083 22659 
7455 17401 2209 1739 20946 2630 20355 397 9904 14151 19839 22736 24304 23952 21154 
7456 22020 12606 10387 11754 14338 3590 3186 18931 20991 
7457 3063 644 909 5490 1647 2725 17261 883 16013 
7458 6549 9895 720 18953 12467 377 12423 8392 3959 2172 1168 3885 1792 1120 
7459 20747 7509 20803 16215 15462 2818 10113 806 4601 263 16330 11390 1854 3490 17626 675 16852 3295 14579 4419 14413 8334 8796 2558 
7460 4414 16624 2275 3055 19542 13122 690 5016 3704 2986 516 10555 13081 22285 11243 11084 6725 18068 1327 15527 14971 3041 1757 11917 6782 100 5200 7585 19900 597 1741 20817 3510 21384 9316 8679 957 599 1408 23097 23098 9332 19303 21841 1437 5087 7602 9371 595 2567 22583 418 2580 5652 1246 6592 16231 16855 23732 20028 10697 534 2753 22682 1533 
7461 3463 412 15461 7994 10550 19074 22047 11938 1990 16153 959 17753 
7462 969 53 3626 2999 13478 1652 1504 11605 14045 21195 19539 10673 1727 15691 
7463 17681 13479 21518 18062 6371 1114 9908 5573 10281 18063 21098 13821 22552 8793 5137 850 3916 7585 2280 10406 17001 1246 9681 22792 4661 11643 3244 2498 8925 3572 8973 7219 10436 6725 4472 5078 22706 20038 5369 13122 6691 23566 595 22595 23839 2559 18967 8842 1657 1878 2503 24254 23762 2171 4471 
7464 595 2473 1114 64 1246 7219 4186 8925 17648 2171 981 5078 7837 16169 
7465 9362 21713 13068 15575 13240 4579 4051 4441 3712 2063 19958 1307 7561 1660 21100 
7466 22044 2580 2887 3564 2581 6354 10925 547 12086 4114 
7467 1384 1871 13378 22652 10792 6245 12914 12624 
7468 418 2112 17626 2962 15089 2916 5374 6074 10877 969 1567 2057 1246 22168 5421 2928 18550 9260 14427 1596 7177 100 3944 8623 448 18571 843 1035 9221 21053 8950 18473 9555 9316 2861 
7469 15152 6954 21195 418 969 1596 12595 22512 7704 
7470 19855 7226 10380 5833 5835 9909 212 436 2823 4887 18291 
7471 11248 15952 9021 7474 3073 16889 3479 7765 9948 14184 
7472 12423 463 3822 1085 3887 7091 23123 2094 1388 6375 13757 15972 24356 
7473 3171 10194 20633 22057 22058 6247 18411 
7474 7881 21601 20969 5293 20256 19750 
7475 1326 1296 485 16389 1307 2813 1410 2313 7048 
7476 485 84 2330 3512 21713 13663 21954 16224 3865 7563 11361 14336 9028 788 14148 
7477 10159 4812 22250 11209 18324 23235 2968 13701 22411 23080 6501 21223 
7478 6123 179 22782 4237 3430 22664 14925 13804 13414 915 11895 1528 393 
7479 3192 7731 19839 13521 3605 6657 23952 23212 22597 
7480 3635 15322 4824 20254 7590 21544 19419 6031 1477 12760 64 4265 12429 
7481 10252 3817 22147 9979 4006 2241 7226 18128 9846 24418 6720 13588 
7482 11394 2886 21595 12024 22177 8539 53 1741 
7483 21954 1326 1307 17387 2053 17130 8138 326 485 636 1296 4859 2813 2337 6126 4932 1266 7817 3200 8756 735 2346 2788 2164 5385 16965 4467 261 1467 501 4486 13912 4926 22958 
7484 22087 21705 22306 16439 9271 14654 5575 16226 23324 13821 2491 6675 22595 1114 6340 1810 22552 10753 18251 8793 10851 
7485 14906 20377 8576 9251 10544 14726 8142 15989 4079 14227 
7486 19940 4897 3689 13496 7790 8855 2018 2928 1918 3610 
7487 843 8179 5576 2653 1712 13951 817 2916 2244 13420 22408 13148 19084 10135 125 
7488 21229 19540 10213 19621 1403 1035 3284 9969 6948 
7489 5212 10369 2426 3111 7651 7398 5213 5843 3327 1009 10831 5596 20077 
7490 21262 2813 1844 4932 485 21963 1547 11563 6982 326 9862 1828 
7491 1187 5067 2433 22105 7204 1668 3453 3964 12101 8766 
7492 6014 326 22284 5973 209 2330 22127 2869 485 219 13917 7563 2313 
7493 2892 8758 11212 21144 
7494 4802 1172 11200 16322 8437 9967 12014 12813 13263 
7495 3423 10549 7822 20304 8768 6504 1387 613 19015 21150 893 18316 11139 14455 2911 
7496 8421 1493 1949 4492 4603 5155 5819 3425 2087 1637 12666 18785 469 19984 3136 3489 3859 624 6176 870 7045 3348 3403 2155 5228 
7497 2498 106 1715 5550 6677 17556 817 3884 15547 5215 9681 22555 8411 25237 14454 29 1134 
7498 12398 957 5857 4506 5015 13576 
7499 1868 6369 666 1391 6408 332 21262 15679 18689 6127 
7500 8266 22303 22414 23128 8972 10391 9323 8889 3871 
7501 4472 20060 18052 23225 12033 1000 19390 6080 4786 
7502 17181 9460 498 700 5954 23848 24053 23750 20126 24193 24367 24403 10882 9064 24082 3010 8649 16335 10839 11967 24572 874 3502 23835 24625 24613 
7503 4890 14180 7970 64 7840 6371 16439 17788 159 18013 16514 21008 2207 215 7396 4756 15049 2968 4795 5648 
7504 142 22120 18884 9034 2397 20339 13811 628 625 4563 3510 20747 719 9918 296 
7505 22132 22178 21381 20646 23258 
7506 5857 2414 2471 1921 22498 16231 22598 5116 22798 10296 17918 2516 19128 10328 2478 19665 907 12039 14253 12817 
7507 8767 8838 1715 20556 6080 22189 12933 15832 5015 14428 18251 20565 4498 6853 2746 
7508 2734 10825 13653 10640 10053 8009 17828 9312 2434 6337 
7509 944 5303 1114 9631 3450 2225 6933 12982 
7510 1307 3676 17130 2813 2507 16249 9824 18537 2943 9823 
7511 3107 2103 22023 18232 11250 8897 5676 20670 3164 12965 
7512 16631 16226 19104 22288 9647 22515 4048 13811 
7513 27 21699 11933 14149 21326 17783 21402 9443 4099 765 12100 23374 
7514 19982 2172 12435 8435 6387 24247 11087 22336 
7515 9625 1924 22885 16684 4567 6756 17280 15868 21713 23947 3057 954 3488 23471 21795 5172 24292 9746 
7516 6340 7418 1246 4786 14849 5575 8343 8139 22544 11321 5485 
7517 14799 7566 9338 6193 11775 2575 23273 10708 1912 1130 23294 8108 17265 15017 5403 
7518 811 265 9001 9755 4546 4486 14780 1467 9322 7817 326 
7519 22191 18055 6213 9117 5913 
7520 14743 1593 22118 16564 19366 12340 13482 1204 6453 2018 8192 1034 1885 3077 4923 11560 13738 15217 7036 1571 3828 4716 10605 4742 15125 3686 5635 6772 
7521 13292 18600 2461 11467 16406 16629 22176 18645 14443 13007 
7522 5139 15435 895 12577 9514 11156 11465 12117 16308 2637 7724 6725 
7523 18655 5454 11261 7143 2718 8977 9455 348 22128 3045 23308 7787 5826 12092 20553 12323 9876 
7524 1373 15760 4862 24082 8696 24152 14418 3514 4043 5168 2147 3949 4989 21460 4063 15992 
7525 22118 2600 17805 1593 7281 9372 1765 5490 
7526 6381 9206 6826 11676 19738 3130 3145 12520 8068 2310 
7527 16051 20036 4513 100 23206 10442 13478 19975 142 6891 2911 24637 21725 3629 
7528 7162 2335 12219 6413 5426 6453 3059 14597 222 21868 8371 20989 20494 15892 16601 18064 1034 4608 18866 22113 6665 
7529 4813 1307 636 4396 3360 1467 1326 4595 
7530 2813 3924 210 5955 7528 7492 2946 5786 11241 5781 
7531 15351 6466 10000 20960 1457 3604 3757 14980 6993 7858 6309 
7532 22235 22389 10366 9993 3614 4515 318 1966 6230 3501 
7533 4774 17652 7760 10673 893 1985 5995 2084 19022 2266 2831 25 3780 6747 13823 3915 100 10555 
7534 553 21508 10788 1308 2887 166 20665 19542 18285 5258 12113 21055 13148 17981 1437 9850 
7535 18299 13236 11475 22245 4654 23003 13596 13936 9056 13714 15059 
7536 18260 1545 3448 5242 9750 23074 1325 19056 
7537 4710 2611 2440 4058 3174 5700 841 2256 
7538 20119 2600 10948 20663 2846 10374 854 12300 21015 7777 
7539 8192 2241 5490 3784 1818 1204 8495 2621 2004 1765 
7540 4065 10581 10067 5656 7738 16718 10010 2237 
7541 12029 1000 6080 2576 9347 22491 16301 14131 23431 1194 2207 6412 5374 10409 1644 
7542 14044 1619 12583 20561 23150 13983 8714 23659 11527 11399 3274 10240 8535 
7543 608 843 122 2916 1232 4196 8164 2653 1696 4506 10159 11340 2012 553 743 4016 990 5560 4004 1647 3225 8773 9347 
7544 2066 4206 12069 1530 1894 3347 1373 6385 7737 15119 4862 1031 2608 21802 24403 906 6768 14004 3418 
7545 12927 21668 7853 13429 14159 5009 15652 12084 23496 8522 16884 6195 7900 22487 3172 21253 14338 12508 5318 5036 9328 10250 
7546 1706 3130 1989 22317 9016 1670 1765 4742 4034 6720 1885 2241 3783 
7547 1154 784 14930 12446 9309 2160 950 1871 22138 6344 5243 4489 1478 1570 1441 2970 14847 2249 
7548 1679 5380 3445 6032 2932 1307 569 21732 175 3262 1287 13365 194 11129 870 3087 2838 12018 5238 1384 8421 5554 10777 496 5442 3339 1528 435 2395 
7549 3602 20032 6200 9080 2115 4769 6857 2709 3309 
7550 7911 2170 16445 7833 158 5484 2831 21841 22345 22222 7969 5181 
7551 11937 8224 2744 1023 130 2981 7459 
7552 4314 3899 9346 9053 11557 6548 12216 14472 16806 
7553 10295 1520 9537 8975 6348 20666 1059 13902 11835 1774 
7554 20766 22365 4888 17761 20456 696 6965 
7555 17992 982 2999 418 1732 7632 1647 2433 15493 313 
7556 918 12925 103 21785 3095 5020 2235 5019 1688 1104 1790 8985 6860 20592 
7557 3375 2433 13495 3374 215 14312 11596 586 15547 1647 12222 161 
7558 6565 22403 4244 21038 20585 22430 19336 11451 11217 
7559 290 13218 12158 430 20805 10143 9007 21878 8906 12858 3248 20432 
7560 2172 12423 5019 19526 10619 10301 3822 12627 24364 8761 
7561 6565 8009 11794 5429 22410 6690 4244 20585 17647 
7562 15642 13383 12460 8755 11619 3516 20701 7274 10152 
7563 1020 1325 16448 19780 15012 14896 618 22947 15688 
7564 9500 18852 15967 13797 3614 21192 9311 10559 4757 314 23321 23377 3058 232 10235 10418 3664 19416 15724 13158 
7565 4238 21469 19031 22589 3688 5633 11078 3825 
7566 1152 6880 11047 21047 22785 9316 551 879 5629 5258 8767 24240 925 13769 611 20986 12112 17000 
7567 19749 12628 1635 6496 21099 13025 3668 9479 23636 6316 
7568 19054 6592 16175 5022 5652 14434 5300 3329 2280 8179 13533 2572 
7569 215 6888 3421 421 4518 425 3942 2134 8723 23768 10905 3284 4198 1035 7633 20043 8925 313 13268 
7570 21870 20569 15555 24827 5713 21382 4310 2533 1807 4752 5245 
7571 6258 13984 616 6072 518 7735 11298 15427 2675 15349 7455 
7572 20549 8924 15519 3895 12023 
7573 2256 2147 1258 3318 18 3072 9906 8398 9339 8757 
7574 9323 13232 3048 519 12190 3435 5114 13027 21461 2785 17275 3081 5228 4227 18924 8787 1761 2754 20148 24348 11363 
7575 4976 397 225 5168 725 574 3418 7737 7792 1422 8345 430 13901 5421 13899 2004 7226 3825 1756 
7576 7146 2270 958 10351 2831 959 9202 23193 
7577 6383 757 1608 20007 14148 14317 9028 3166 9439 10756 11683 4595 12540 6538 21583 
7578 19124 4421 22708 965 14654 330 3222 5376 17660 595 7911 12366 11543 21154 23806 2270 17598 4349 5504 3916 192 12940 17069 3850 
7579 22479 10216 20925 5421 17511 818 18536 6826 19783 3077 9168 5557 14387 13859 
7580 3204 14066 6327 19586 10082 13110 13857 11827 710 8291 8235 8698 
7581 8796 2387 1145 8958 1142 2039 10673 703 7581 15199 19087 
7582 10328 22607 6038 6013 8125 7040 9443 10125 18403 14626 7435 21699 4521 17560 9352 21402 
7583 14066 6115 16884 8710 5632 712 6553 7372 8602 24458 11330 13421 
7584 10213 2433 17842 15547 5001 2438 22526 16159 3160 604 15931 15960 12354 11878 9882 
7585 5015 503 925 22502 19558 1341 7220 5101 
7586 15146 3115 17298 10408 2055 7195 20146 2790 3533 22805 339 666 1389 1174 8134 13257 4452 3508 
7587 19740 23191 1682 7140 962 318 22334 10040 10202 7993 
7588 13632 16257 2279 1031 3456 5626 
7589 8344 12424 12800 884 13704 6435 1431 20168 20354 3937 
7590 22519 2014 12042 7525 21339 1373 9612 4157 18372 2897 15150 6219 
7591 11748 8802 1436 10491 20423 8016 11868 13150 24076 946 24306 15233 11691 6374 18530 
7592 1493 11559 1926 3430 1871 6976 5593 942 397 4610 1753 1876 9254 11889 525 10809 7247 2299 
7593 17489 5269 9430 22551 1107 13320 11083 9427 17238 11279 3633 18047 19615 
7594 20493 3297 937 19451 8684 2027 1384 13804 5205 13230 3663 1557 9587 18615 13262 20358 15582 
7595 16213 16215 3944 10218 10789 7643 15742 15547 10628 5560 13552 142 5156 20895 16193 13727 1647 15337 
7596 7010 4158 21533 21683 4593 18200 16488 6143 8475 8874 9709 1455 16537 12517 1522 1373 4989 6155 3888 18413 3153 23899 15941 
7597 19900 100 8679 1408 599 418 13137 10673 9148 2675 981 
7598 41 3861 8773 17856 5215 161 5001 
7599 12271 773 12094 5452 16813 20478 8761 16292 16398 2802 
7600 10274 20902 15718 55 999 17284 22113 10514 12656 3500 5557 284 4064 3140 7460 2263 8159 3145 18064 2335 23521 23744 3610 1779 
7601 9782 15328 1851 3675 12289 16744 15863 3208 3741 11150 22291 3805 22327 23131 15843 3515 7243 21156 7688 4046 2173 18299 
7602 5583 2477 2312 3070 14802 4890 7755 16053 17692 11643 
7603 776 8577 179 3358 3431 1384 1314 805 16056 3146 
7604 4414 15931 22815 2866 247 6057 15572 5215 5105 20188 17282 
7605 9911 3914 4713 7973 17655 8963 15117 14110 1608 
7606 21039 22603 7247 324 1264 6906 6144 8506 768 7024 
7607 3005 7215 15547 5001 3094 4099 17004 4565 20860 22257 12320 13643 8879 7547 688 
7608 13619 4902 1382 8490 13553 2226 11374 4610 
7609 1593 22589 7226 18870 19628 143 1572 8110 1885 4034 1571 4340 4013 11207 2508 
7610 14005 12206 14713 18645 5510 10491 
7611 21913 12024 2818 1079 948 14836 1195 580 885 16052 2694 336 15456 5187 
7612 15921 886 14031 10637 2027 6717 650 18112 18865 18178 5873 16688 7985 17637 7899 20811 937 7458 1384 23823 
7613 6406 3307 11485 4791 
7614 749 5214 3130 17172 25189 5490 7036 12290 6256 6000 
7615 2830 1142 10077 7813 100 1657 4169 15869 3623 22591 15337 3944 17626 2396 7887 1647 9559 2376 20895 13727 4358 10673 
7616 3187 4656 19399 2568 18821 11774 21474 20032 15017 780 16440 8319 13497 9605 24257 15308 3212 3611 23862 15838 2008 
7617 39 176 22415 10316 9512 1983 7756 15018 18641 24099 1226 3637 5335 15918 
7618 7970 14069 7362 3624 9195 22087 4020 64 2270 10171 17648 
7619 20474 8870 5208 6771 2648 957 20722 5016 18409 7722 
7620 9916 18504 4233 18275 19944 11527 20862 15336 20707 14198 1237 20981 10049 16376 22101 13983 11258 8916 481 
7621 22608 7903 23020 15654 9904 1226 3462 20440 9834 
7622 21384 6235 13268 1647 22491 12567 22738 13373 778 12530 2997 5845 5577 5226 15802 1567 16874 10281 20870 2270 15904 8074 4422 6904 3832 10464 22849 21000 19309 2471 11555 4202 8905 14054 11605 9182 13122 3253 23393 16852 
7623 22327 22291 18299 12571 21353 3621 8083 1251 
7624 15744 3605 22612 2399 2876 13734 6670 15831 17532 23748 2450 88 23646 8920 11564 6522 1571 1593 11528 3825 15741 16730 6182 5555 5428 23397 
7625 5260 18146 1884 784 2528 12825 22138 6600 16033 22039 5060 4619 18920 11814 4113 23680 12002 3262 496 1478 4639 1105 21567 5790 4227 11945 
7626 13164 4742 8546 5925 11066 750 2018 7165 9740 22113 
7627 5251 3140 862 4420 18993 1386 7467 14530 7584 23048 10723 6946 16678 5268 20494 643 
7628 1741 6031 2171 8984 2433 5484 2423 18052 6080 7531 
7629 2000 12025 4041 12315 23862 658 3073 7497 3779 21870 14774 24257 10653 13909 21360 3446 9091 6472 
7630 11168 1636 17817 1023 658 2000 7357 3852 2769 2377 730 3856 3309 8319 1298 288 5701 144 82 9080 241 7058 22703 24257 
7631 6857 10927 6396 4042 10892 1502 7183 3446 5934 13758 3907 10037 13444 8158 9129 2879 384 2726 1636 10032 71 9467 10189 68 3026 3334 2836 297 575 5539 4242 2377 4769 2728 5839 2921 18899 7612 
7632 1670 2410 1593 4716 6086 18890 6107 18765 7036 1568 5070 6720 4340 22646 1706 2424 9957 
7633 232 3463 2635 397 8258 1133 5139 1743 18991 890 8219 13331 5361 6443 3299 15018 3192 1242 13840 892 
7634 1287 2250 4023 22653 7613 186 808 13056 4587 3722 13363 861 167 12002 16152 12969 17943 1873 1882 10365 2297 10325 7800 496 23 917 15239 6958 5218 4218 4100 
7635 6182 2310 13173 4549 11564 12418 18418 7304 2420 22714 1906 
7636 15927 8857 1626 22119 17875 
7637 22658 4167 1742 416 11284 7573 6493 2327 626 186 5778 16298 
7638 3354 324 3129 2815 226 16138 1637 2260 3262 870 1879 17296 655 7981 10874 9770 3727 3647 8062 6290 2873 208 2666 6851 4592 4100 
7639 22662 6581 2769 3026 6583 12546 1846 7479 3446 7061 
7640 9182 2185 4196 13156 13762 16738 242 6767 22560 2962 
7641 5162 8311 474 2358 3640 4941 12640 21980 22548 22330 1032 13319 13859 10757 
7642 16033 2838 4895 1717 17062 20919 480 6630 1286 21096 22274 1154 22659 13349 10558 3086 22938 22934 21637 21567 4430 21068 7193 3437 3485 22138 18786 933 1235 7079 23203 7045 1879 6251 5479 23457 2660 
7643 1636 5756 1725 22695 3346 22755 13310 5000 1807 21870 8221 21474 12514 
7644 8771 7957 6254 9853 3489 435 4492 1929 22649 8220 7406 2951 9491 13887 22917 13984 19256 17718 17258 7178 
7645 209 8265 210 1471 9386 20701 2625 6901 10672 1378 22805 11369 5960 6133 22796 501 4396 8935 
7646 6423 3546 8775 1786 3686 23690 5304 280 16425 1079 3860 7414 23699 751 3918 7666 
7647 22170 16837 24175 23862 20656 24190 676 24257 17817 9091 19552 15318 20032 13107 8299 6857 1253 8531 4424 1102 24559 8319 16440 24887 3309 
7648 1204 14398 10071 7018 8403 22762 5835 452 18076 2018 9781 3773 
7649 6045 4370 11389 6147 11971 5260 16241 20544 2089 23287 6734 6630 
7650 545 983 11354 14462 391 22699 20033 22166 5497 14521 22783 15084 2242 9538 16386 14604 7232 2975 10458 10894 12644 6527 19774 18829 23144 704 21475 1005 2732 22295 8112 7315 20236 11451 8155 18195 14460 24290 10327 693 23674 6849 19238 22326 17457 
7651 17963 11405 5919 17005 21997 3735 24008 17012 23014 8998 17831 16703 3688 7939 10448 13859 1216 11304 18654 13837 16178 19620 
7652 22634 510 6025 1325 13608 8323 2833 1321 3486 1331 
7653 232 2749 5241 8744 19386 252 398 4165 6042 3969 18228 6912 332 1359 9703 2984 4546 15376 
7654 22659 15644 5003 13804 8937 393 259 14095 13172 16543 19314 14753 1615 
7655 7773 4227 3490 2391 5961 6713 10468 7924 2625 8502 
7656 1326 3676 485 20901 1645 2035 219 12138 2813 3175 6965 2286 666 4467 261 6636 16128 11346 523 2063 16299 18537 7048 14720 9703 12407 12032 5655 1930 
7657 7263 326 20421 2063 9158 1326 10502 17065 4263 6394 22232 2788 3175 873 485 729 2813 4467 23531 3251 13917 24611 20876 18842 13912 
7658 1287 2258 16723 603 1878 1478 296 21195 427 1657 2407 1861 
7659 1848 219 9774 733 4478 84 6488 636 5955 3359 
7660 9182 15266 14173 2830 14427 969 8367 1591 17078 402 
7661 2310 1413 1568 6182 2022 9919 2809 18759 3077 7226 
7662 10118 132 1030 2486 1035 2814 2998 29 14950 3745 14054 14365 16218 7455 5334 
7663 14715 20494 14107 9846 1593 11652 13050 8920 871 12703 1885 1571 4013 
7664 1669 16252 20179 11200 12504 22340 4003 20635 
7665 22277 13131 13158 16489 1331 10417 5359 4378 5961 398 432 4799 1019 314 4501 18487 11938 
7666 12163 22659 10734 776 23216 5243 1431 10584 23887 522 808 8482 1384 81 3090 25116 3651 179 
7667 22744 13145 23005 5680 2476 1732 19900 9486 2911 4772 3745 9969 543 19560 9276 3365 2291 5431 215 264 100 23404 
7668 8007 21985 5019 11258 5594 23057 23559 72 4121 18651 22490 4123 17241 
7669 9798 6298 2452 2450 2399 20418 8147 10010 21808 11532 1892 21764 
7670 605 3727 5228 1478 2970 11889 1148 1864 1679 6291 
7671 1741 17626 8539 100 7762 909 5232 1429 1035 1861 3944 1430 174 1030 2509 
7672 20876 5588 2465 1467 1003 7338 8236 9755 1326 1411 
7673 7448 5084 12261 22142 5243 4603 5238 7636 4619 810 22659 23447 9261 3594 2454 2710 23271 2873 
7674 574 3318 2066 800 5058 3945 1263 10918 21272 
7675 3224 15487 15 16102 1825 17438 15559 8272 15604 228 3462 314 3361 
7676 1340 22072 8590 7427 667 4670 5153 10771 5822 23318 5364 11384 6358 15170 8618 
7677 1345 4834 8046 16300 17851 4839 13263 918 6588 17772 3952 7940 8015 439 4444 12925 3622 2111 19332 22826 5352 
7678 165 22806 5015 10929 2339 969 296 5018 1035 543 909 4498 5857 6725 12356 
7679 2793 314 13324 2916 6904 2396 9133 1504 1342 10861 624 5763 
7680 22813 15472 4841 7270 23017 7205 11838 304 
7681 12539 954 70 13850 1801 210 16521 4684 1777 1098 12751 13687 7274 9750 3580 6090 2325 4410 1159 1539 6386 12617 4768 11857 8052 3508 15495 13093 2332 14446 23451 8754 19017 1467 
7682 4541 13072 17701 20901 11256 326 8527 21308 7138 3435 23486 
7683 2097 4347 2543 19956 
7684 11394 3329 4343 3453 553 551 2483 2441 10406 2715 2811 11605 6283 23537 1712 9182 10209 10542 18171 11303 883 19539 597 
7685 2109 2087 3996 7458 21770 21807 9704 1487 1165 3869 13808 
7686 2274 11712 9995 428 11423 2956 9152 15109 2600 1568 284 14515 5212 1779 9430 15958 23679 5390 10187 16782 10139 23691 9784 17090 9522 1058 18550 643 5162 116 6078 14530 24091 18836 750 12640 8775 6524 1824 20494 452 
7687 3013 5137 22593 1192 7578 2112 6756 219 1905 1114 7219 10910 70 10463 11585 13867 17595 2983 5974 868 10766 6982 18805 21680 
7688 846 1536 2058 16620 22855 10508 11016 15225 6570 2226 
7689 8804 22552 13468 8986 1673 16374 22707 5184 6764 6340 
7690 1189 14209 18908 682 3535 17977 
7691 1571 4798 3322 19057 15172 750 23130 1572 
7692 2407 2484 20986 907 14275 4324 20011 8076 19542 550 
7693 7932 14856 7335 1785 7479 3771 15669 18988 17462 3289 
7694 7007 11836 3537 5989 23981 2688 24222 13244 6106 10879 11347 1225 
7695 909 22848 22470 11101 11750 76 615 8236 3190 11792 
7696 163 2415 21694 7290 21626 17798 6710 5958 35 3859 10634 18050 5106 20612 4333 7635 
7697 22194 4477 2790 11576 1391 20567 19056 1645 8209 4684 4703 5859 1223 2781 7563 21262 14148 2813 
7698 16129 6220 20811 4936 673 8787 1878 8427 
7699 12426 22890 22846 13755 4370 15790 11181 11452 8771 20064 4214 9480 5924 
7700 2507 2286 2330 5955 21100 3676 5313 6556 3233 23388 
7701 8536 2524 20303 21188 304 5077 5364 5106 1944 870 17021 5061 5615 16545 21218 5394 6894 5867 8562 328 8369 13746 
7702 20472 1681 3725 11039 10215 9463 2853 21553 12598 15353 10130 5929 6835 1625 2574 17787 263 
7703 7573 1882 5558 1615 673 1878 808 1235 2666 2656 
7704 4740 3473 3435 12624 1287 230 917 1761 3472 21039 1384 5161 
7705 1493 808 1118 22921 6198 3681 1876 2970 
7706 4655 4404 17180 9706 9419 3301 22370 1922 8356 
7707 1154 2160 2864 11996 179 444 19913 4937 3240 7452 22782 21644 2970 13186 1528 1384 12052 4610 6210 10014 1478 1158 6000 3129 3146 6921 1878 20919 4524 2375 3489 2395 11599 177 
7708 22908 21530 18045 18852 20696 2085 8130 307 23025 23675 
7709 13265 100 7666 9182 914 11473 16286 13049 4824 6279 
7710 11350 800 302 9422 1197 2256 11347 10879 367 3174 2690 15414 1892 
7711 6920 12700 9978 9236 5023 15372 12423 4123 
7712 5851 2955 3101 3676 21732 10177 12688 616 3434 11298 757 16522 18696 24043 748 21604 7506 7018 
7713 11908 131 12268 17833 2060 
7714 22585 19172 19540 22610 27 19026 1732 8746 5067 3832 
7715 6636 485 5788 695 4703 3359 265 4467 21954 9738 2590 2063 12157 209 6486 2403 6042 3961 
7716 148 4350 8009 11794 14784 2734 
7717 1846 2765 3778 827 7183 4242 9452 9467 
7718 12423 6492 1085 9248 9350 11408 7655 36 20316 6247 22336 23092 103 7170 9245 10872 17216 19862 1952 3351 
7719 22959 2112 5575 2877 12567 7455 2134 6874 9230 7219 386 2498 21157 4795 1672 22256 23785 1769 20359 20038 9400 8679 4186 6371 1925 23936 22668 23251 599 12422 9681 22038 23344 7808 13122 8666 2675 5018 2259 5369 6904 5747 24550 3572 909 24553 15051 14506 13861 6761 5647 6764 24828 4436 19540 15049 14505 12237 8793 2503 1935 8959 3041 907 
7720 12293 3489 28 14018 7029 208 901 9520 5288 1528 17600 5505 13731 6881 11980 21096 
7721 6806 2637 11037 1667 1226 4437 7370 10556 17504 5909 4933 290 
7722 79 2337 4703 5963 7563 3653 209 2788 326 888 
7723 18225 11686 9789 23957 23864 23261 1493 2294 11117 19511 20285 7332 16390 
7724 743 22985 16024 20809 8514 285 17015 15270 22752 18033 18140 21667 7547 21104 22543 
7725 13995 15591 9790 
7726 515 23029 15164 18205 19101 8704 8077 22151 9156 
7727 1204 15511 19347 1058 1756 1786 9485 1658 12750 
7728 4786 2311 21362 2559 521 15513 6371 22544 22345 
7729 13201 6480 2943 3233 1576 1467 9823 2813 4766 210 
7730 22629 1248 1423 3028 15430 
7731 114 12399 22854 9358 3761 22473 430 17068 22982 
7732 1765 1058 9178 1334 2006 22548 13321 23521 2274 10948 23744 19967 4011 5882 9206 
7733 4668 11603 2399 4494 5737 5823 1900 4946 10522 8673 10504 301 
7734 186 1384 1287 808 4610 1478 3522 6717 1487 3863 9308 4214 22965 208 435 12804 7118 870 16518 21091 20293 6734 6194 
7735 13608 17709 618 895 23007 707 19386 1020 225 9141 3058 4380 
7736 8967 4241 14896 8846 3571 23134 
7737 13068 20661 6802 17388 8391 577 1784 11674 6912 12157 9062 8655 8289 6168 10782 8199 12541 22153 11769 2480 15060 18894 15961 4317 76 8600 8056 
7738 8109 1246 248 64 388 752 23031 4148 6031 1114 386 1810 16439 10291 23251 21384 16721 21008 244 11069 
7739 2112 5015 1179 17421 2084 20722 14492 21250 2468 19859 18217 1183 18409 22806 4110 2339 11047 18470 
7740 14812 20736 12755 1739 4342 232 13612 
7741 11837 22370 4594 11701 23054 20257 20671 13153 17180 3289 10405 19773 21147 4037 11024 22115 4644 3301 7052 8797 6724 14798 8466 2573 15669 20032 5753 18988 2539 
7742 21039 23403 2089 11251 1822 5228 24631 24600 435 8499 4632 3614 5378 
7743 11452 21082 7517 23403 12588 21188 5514 22596 2415 24112 208 757 
7744 144 5701 14798 1785 4507 96 4028 9140 7946 8500 11732 6339 20903 8028 24827 
7745 265 788 558 23047 7298 22002 3941 1296 3709 9039 
7746 22373 10617 18983 21693 6313 15435 1983 20638 714 17524 15026 5217 15752 17879 4207 
7747 1647 628 7585 17200 4533 2441 2394 2916 330 9486 6400 5487 9650 9469 174 2986 5749 20024 2510 12356 1356 969 3745 22682 
7748 21987 18729 5565 2235 10998 4834 5019 770 14667 7470 1104 1950 23638 1790 
7749 21646 10108 17617 22093 6641 23444 8012 16368 14509 13625 5139 18694 10418 
7750 5191 9406 4929 5052 633 7167 7735 22004 14234 3737 3310 19543 6717 19572 1671 4751 17869 4100 5763 6072 5442 808 
7751 23094 3318 3174 11925 4593 4387 11927 2892 16870 19025 25080 
7752 917 650 4167 23823 626 
7753 12342 3742 287 7082 144 6472 4920 82 3346 997 3264 15997 20032 20252 11738 7136 
7754 20472 1184 2045 7064 23105 2574 
7755 330 2407 264 5487 7585 628 20028 14517 313 5018 12892 6621 
7756 20091 11785 1105 3711 12835 11541 9197 8014 6448 20544 8731 13712 
7757 469 16572 14219 42 20757 13620 4885 25005 5561 5899 4719 13155 
7758 4704 2962 13811 10683 4472 142 19938 8644 215 628 
7759 13324 2653 3640 10729 10553 18866 10138 8585 6497 18550 3018 931 1342 2396 6122 23025 588 15316 2833 4757 
7760 12423 2718 5826 14970 544 7623 20318 17088 
7761 2402 7511 7280 7114 7171 17166 270 8885 4355 12858 4635 20646 6972 281 6182 7038 1593 23622 13142 11822 15397 6026 19089 11913 7290 18415 8794 14714 1572 9784 4469 21164 
7762 9921 23360 9709 8479 
7763 8697 7359 6453 10293 8884 23300 23303 5113 15277 4897 4988 11066 17807 
7764 20303 2524 304 13835 7570 5717 10035 3666 6383 7257 225 11426 23556 7635 677 
7765 1894 8673 11665 1413 4494 5797 4191 9904 15471 3652 11672 5213 1706 1902 9206 4197 11445 570 1658 
7766 2990 16242 2608 3218 17534 
7767 1246 6340 23465 4661 11903 24254 13688 17648 17786 22552 
7768 7756 16489 21615 957 20977 521 
7769 9826 9784 9909 11424 1756 8414 15530 1796 8073 6590 
7770 21156 22896 18299 10246 18377 21933 9640 13284 12463 4654 
7771 23176 22617 15701 17003 1113 18046 14040 4489 10471 24147 12856 2524 14134 20612 6967 4070 13125 
7772 22838 6133 1823 4894 4583 16956 11706 9487 21389 1003 15115 3700 16779 3580 7485 19763 4263 
7773 3680 22916 16810 1493 3859 3936 17296 10403 828 21701 
7774 3425 1679 1384 4700 1287 186 861 15014 6081 870 
7775 20998 18628 17025 15346 14096 3430 9899 1127 5084 3086 23203 
7776 1885 7484 23196 1670 15325 2621 2420 23214 6130 334 
7777 23198 12510 22432 9514 1457 1739 3652 2953 17524 23444 
7778 11422 19540 53 5726 2911 7396 5467 2407 13042 6622 215 23768 21195 
7779 8493 18852 12648 18983 9928 4511 15026 15984 23765 22373 20603 5038 2328 419 14721 9279 4124 5335 3463 23857 9109 14079 18347 20726 
7780 21913 19406 17573 10752 6284 21699 19363 10100 2241 13851 
7781 22966 1266 2813 1407 261 326 1410 1326 15919 873 9 1003 18842 8468 6556 485 
7782 9188 2630 20978 20709 13212 15783 3652 14295 6774 1666 12911 3644 14891 110 19648 16260 15 3461 24666 17438 3968 212 
7783 6724 8801 68 1789 6166 9838 17817 24257 12180 6867 
7784 20245 15883 2591 4412 11030 22234 3805 
7785 15504 23233 3772 23252 2704 3447 2712 3394 12713 4660 241 299 
7786 3949 124 7430 17649 5692 750 15966 13173 360 15829 
7787 2328 397 225 6473 10604 3757 1020 14793 23348 1321 232 2635 
7788 8307 485 868 11051 13917 4932 1410 10166 10191 10871 888 1326 12782 441 
7789 12178 7619 1922 10251 6740 15504 2377 7612 5935 5282 2124 8801 10253 9278 2506 6918 1524 12623 2231 13243 7016 7459 14879 443 10863 9292 18169 1339 
7790 1034 10726 5557 121 23264 2428 18064 1821 22113 4146 8697 11110 284 471 20494 10514 12656 750 
7791 2181 8152 16370 2450 24514 5423 4861 7450 15993 
7792 17567 8396 20420 20128 15464 3770 14360 6143 21838 3949 8280 12870 1522 16488 
7793 6863 2814 22610 2911 21751 1000 19975 189 19417 19695 
7794 3077 5490 5843 8269 11405 2733 5332 19131 428 570 14764 520 1334 
7795 3489 3430 186 6198 3846 2160 870 784 1105 4753 200 
7796 21815 3240 11615 4610 12944 3430 259 444 16604 24237 24249 3608 3859 915 
7797 12936 418 6782 20948 422 885 11596 3944 2433 1647 2725 15547 
7798 18440 2768 3214 7003 2186 5182 8761 20000 
7799 18864 22554 3466 18332 4284 17057 23994 15222 
7800 5429 14393 5370 17754 11127 18850 19211 20607 15159 9784 9785 2426 3130 4683 
7801 6368 5750 219 1098 3436 3360 2918 2063 1828 1832 7228 
7802 22853 2132 15967 412 12806 12577 23293 10604 23212 4306 
7803 5047 19763 7623 4190 3716 16727 6365 22127 14928 14860 
7804 10179 19462 5457 323 16952 4540 13995 3885 12557 1157 19304 8979 14591 319 
7805 6520 2408 6773 17810 1106 4846 4113 13254 5228 14110 
7806 11909 19166 15316 2635 6443 7257 14980 2833 7858 398 13487 17104 3299 
7807 2498 8572 6080 3698 6891 1994 3319 634 5680 418 1729 142 17581 2550 9658 969 2911 264 628 2476 1727 1342 15337 53 5504 
7808 19540 64 1363 2291 12422 1035 4704 1762 24322 
7809 18653 22076 21055 17158 2648 20011 5586 22974 613 1574 7882 17287 313 1252 
7810 15217 10380 5214 437 3018 1593 5298 7507 23420 
7811 16694 14447 9619 12419 21819 11810 10751 1386 15419 11802 14872 19669 17142 9356 2074 262 12790 13105 18215 116 8915 3033 6957 14213 17429 4064 17081 
7812 418 9301 27 18324 10118 855 2818 249 8545 26 3560 4772 2998 
7813 10672 1734 17131 1307 1056 1471 12675 5063 7375 3050 20421 11346 4992 
7814 10150 6365 8105 11288 14371 1828 8755 19784 13335 18586 20330 2707 21245 
7815 20806 4695 3921 7178 18127 8627 18705 20715 7639 1563 15391 14110 13194 24753 4455 
7816 21954 12490 14290 2053 6365 9001 747 5986 1296 1326 
7817 9500 11286 3011 23328 3666 225 20826 397 232 8816 3614 
7818 10489 8424 11240 7927 23131 8376 8377 16689 12183 9821 
7819 4862 11967 375 1002 1892 10474 337 3740 4987 3554 14395 11273 2271 22367 
7820 11998 22346 10480 1489 2535 13592 15320 15853 4298 24586 24097 19804 12967 23942 6183 14247 15012 974 
7821 18447 22277 430 1240 11695 19136 962 400 9057 1486 397 
7822 9868 7442 20347 18701 10484 14461 13979 1742 626 18982 5357 12835 12745 16859 1106 
7823 870 2528 3678 12013 7167 5084 9029 8062 5554 22274 429 6475 3430 2932 3074 7800 4700 12061 8421 
7824 3241 11810 10514 2335 3111 4011 14098 17805 3674 9498 90 9372 6351 
7825 3950 1093 906 2399 2440 2969 2271 
7826 22218 1652 1294 13576 14149 19540 1759 909 1035 264 455 23404 3405 17471 1732 10673 13778 53 215 15802 3942 2913 
7827 10279 3388 22491 13416 6812 19419 1128 9409 
7828 4979 21457 1765 14135 15800 1413 14283 12684 6571 5566 19423 10571 1312 
7829 15078 15534 19590 13013 1892 1373 18437 19454 3949 20808 23546 
7830 13534 1783 4346 2250 14811 5663 5778 4167 3532 2901 23 12701 808 
7831 19868 13068 13867 1467 2193 10137 11256 22831 1307 12675 1003 19208 9750 70 20629 1354 17226 10057 348 15575 12539 8654 7420 6756 
7832 1670 6182 1765 9206 9909 3130 2241 1572 5836 4340 17351 
7833 8661 2532 14637 2387 550 718 21405 10478 8611 4498 2887 8109 
7834 1456 21713 339 332 1364 1336 9736 18027 2813 3359 2313 21954 4975 1803 9865 699 22284 17576 4784 9869 
7835 11189 1436 3871 12799 15069 18914 2778 13984 13204 1608 3081 6268 23143 
7836 13289 14828 2398 23290 23251 19363 7455 948 4240 139 4819 20188 634 7916 11751 1180 22552 5166 46 12024 19172 12181 2364 
7837 7643 5215 161 3780 3063 5964 418 19540 932 1342 6057 2999 909 11073 8773 
7838 4549 5998 8241 13113 643 2241 10725 9178 3145 21965 452 16049 3111 
7839 4378 432 4799 10571 22964 6025 398 16489 1331 15984 8956 3652 
7840 19542 23431 2321 597 4016 2582 4705 16175 
7841 11623 20032 7946 2836 2769 24175 24297 3132 24257 24559 13820 24845 24359 
7842 23024 1342 7018 15609 5390 15426 23575 1593 10161 24581 418 
7843 12423 971 24399 16106 1961 10313 6635 17612 
7844 17991 8384 4791 20057 8377 3208 7243 8376 18380 13509 16957 13356 9821 14845 4401 7520 8516 13106 7936 19945 8708 5710 21547 17228 7930 12786 8297 8380 8385 11030 18089 
7845 13703 2930 9461 22053 4285 2501 1980 1520 7776 8968 2732 17597 1005 2434 18656 9312 8081 15366 2242 21456 
7846 19506 13492 14046 1203 2770 18446 11234 20729 
7847 8959 5857 537 17408 7106 8750 23667 850 957 20407 4506 12082 14249 
7848 225 16005 23594 5212 10648 3618 5817 5680 
7849 19114 21105 19332 5666 320 1172 5460 8936 4444 20592 5019 9517 2768 7003 12435 9346 9247 11982 6798 4294 
7850 19345 14411 20156 5663 23737 24013 21340 10585 16427 16496 
7851 20072 20028 20121 9697 10517 1599 24014 16765 849 23292 23206 
7852 2286 14148 4684 2943 2788 12675 1827 3521 6936 18219 8814 8603 371 738 1326 485 
7853 8521 8046 557 2375 4114 6256 7640 6072 7391 7820 
7854 16315 23305 5052 20768 14907 
7855 20726 397 15018 2936 12577 3614 8817 4758 4325 12967 
7856 23488 5500 23630 15210 12452 13228 24211 5763 20156 4735 8889 616 1764 22965 
7857 11377 6884 18071 21121 14196 24065 879 
7858 1591 1696 7347 4757 9182 20803 11605 12511 3258 17626 
7859 13766 1696 9182 263 675 2968 4144 20803 3379 2830 17626 9418 24059 11605 
7860 12022 7439 9436 14429 14883 20416 4380 3967 2793 9360 12755 2132 5435 4758 2635 24103 2642 8996 16921 16308 7744 15992 15745 492 223 5159 
7861 5646 14176 11647 15326 3048 16384 23847 16466 1528 4695 12190 15210 2065 2206 1384 758 10558 24040 841 3072 2399 5569 24022 810 179 3189 14425 1091 589 3592 10561 13795 11154 5239 
7862 19552 9691 3026 3446 20252 5756 21474 4749 294 1922 2651 22660 21325 1379 7514 12025 6472 368 2704 1298 12214 254 3019 10048 13087 21961 12769 23016 
7863 11500 22216 7934 20835 3805 10489 
7864 7256 1990 1240 15035 7157 12968 6993 18339 16359 14980 1126 2635 212 2192 
7865 7514 14659 1379 2419 13347 20252 866 15627 10545 7779 8839 18944 7946 18821 18263 5572 6844 3779 17938 7444 13310 13758 17603 2800 6166 1728 6505 19461 
7866 21262 1296 11898 4859 4440 5063 24736 18228 4431 
7867 11618 280 695 23202 1420 12236 7259 1514 
7868 10146 10589 9281 14304 808 805 3592 1257 1091 1871 4603 6634 3489 7307 2116 17910 1519 
7869 10275 6290 896 3397 435 10712 1528 5276 3517 
7870 23588 1821 5109 6930 3145 5834 3686 2721 10515 5812 1658 
7871 3057 1467 22768 73 15575 9492 2 6582 7775 23388 22127 6317 2035 11579 15662 22578 8814 6488 11621 4766 4311 2217 2330 326 17150 
7872 1414 8836 17062 18070 496 4237 5558 14041 963 9181 1295 194 23518 10759 5220 2351 14819 8421 3437 7024 9072 7573 17602 4895 10558 5114 11266 10342 1603 6144 11768 6241 
7873 5226 13951 64 16046 3329 8109 22320 18712 7177 2057 24273 2280 6434 
7874 7719 808 525 3310 3592 1257 805 3430 1384 6019 179 1926 776 7247 4610 6879 10622 8931 4613 633 4100 2932 3238 1857 200 11115 9708 4237 6002 18138 10977 6241 20516 5276 527 1679 1528 4084 1313 2454 7576 21039 4753 17330 2656 7640 2776 
7875 17856 21913 22103 10714 19308 3780 14245 8453 22610 14637 8637 1194 5187 7154 13268 1035 2911 2910 23352 161 21521 17488 2444 
7876 17143 9040 5884 14998 5498 7686 6729 23381 12348 14928 12332 
7877 3445 3727 5505 1949 5380 2932 4023 12061 3678 22729 3184 3608 208 5163 5084 1070 
7878 5215 8796 8116 7418 22879 1699 17421 1114 883 11321 502 
7879 23644 17652 2498 752 2503 21474 2800 1357 4890 11730 17089 397 2635 2132 
7880 5233 21425 22381 21668 8862 10544 15201 18325 10902 10913 7282 20677 17951 19623 2417 
7881 23656 18424 21976 15538 4943 9078 11557 11055 14084 2389 
7882 345 10432 5166 7387 23783 719 22843 2911 132 3423 1668 137 22682 100 4790 4773 
7883 22622 21113 13361 16865 13755 18865 8341 22890 1287 16405 
7884 10675 15992 13487 10571 11938 13218 24726 398 962 6993 
7885 15337 3365 7347 623 969 142 4704 16514 1657 13165 8827 13478 
7886 6787 15547 23705 5563 22588 9351 78 7700 
7887 11794 10053 13564 3008 20364 3035 6281 18100 11989 764 3032 12118 4132 24779 8290 
7888 21105 1688 22391 557 7245 12272 508 40 17629 24149 2186 
7889 1182 23792 11038 14275 9313 932 7008 2372 1610 13830 
7890 7817 1326 16727 6365 11022 1178 699 23711 9031 4947 
7891 6815 6470 14785 10326 23715 12455 4624 9022 4216 23984 
7892 10545 2836 3334 10032 16837 22930 3029 327 4769 24469 16471 24540 2504 7832 6905 16020 15687 8058 15318 1785 13107 3394 3679 575 24712 254 
7893 23720 78 5001 16514 2725 22849 4563 313 3944 4661 1630 2596 15920 617 1647 3421 3902 23910 13376 161 12398 2433 3063 264 623 296 2960 
7894 8012 5099 23725 3058 225 7999 4378 2136 
7895 23726 20520 12587 23790 1384 4227 15296 19414 2699 23864 14171 21576 4292 2656 496 1783 5615 1651 
7896 8323 188 21799 20921 22484 20500 7323 2607 11478 20186 6291 5114 22418 4371 19777 4161 1478 274 9447 2163 754 3357 898 10473 8315 8957 6072 6656 5174 9136 757 1300 4084 4449 15052 21788 4192 5238 6468 2304 4569 
7897 10063 9904 13922 23728 19048 6313 15402 18041 15081 12169 
7898 7769 766 6724 9278 14770 5760 8028 20723 10410 11195 3984 10835 18878 
7899 23735 7211 6002 9154 2051 19757 20029 16001 7721 13524 11198 
7900 22123 23695 4218 13610 1300 7719 8825 21948 9231 1615 16075 1314 21078 3646 5062 4640 589 1384 9662 15548 7079 963 4227 1871 942 4258 4528 795 13770 3737 1679 12319 3431 260 21060 1480 
7901 4661 20031 909 23749 3901 16237 7396 2396 2648 9418 
7902 5213 5835 9097 1034 8855 19589 11586 5998 
7903 1005 4350 8009 4246 9312 13703 7094 15047 8112 1690 21756 15581 7331 19576 6281 405 4248 7234 23101 14367 2268 7095 
7904 1394 23504 18916 1413 21176 15443 5332 
7905 22934 8219 18648 525 808 2748 1618 3846 933 6773 8093 4639 527 18898 20471 
7906 1287 616 4114 397 1331 225 15772 3614 14811 12158 
7907 16324 11217 15545 10033 9014 10327 2670 7499 20615 1066 
7908 16103 6365 798 5992 18392 24180 18058 23802 6802 12138 1471 24536 1886 
7909 20926 1039 8142 21285 449 13705 12973 11330 
7910 5271 6142 1478 1878 3078 1760 4718 6164 5924 
7911 6306 9431 8125 9599 174 12331 815 13812 19923 20519 17968 7180 
7912 12248 19542 728 13771 2447 22598 879 
7913 15060 206 8391 20481 2 21954 10664 13860 6408 22275 21451 20853 14290 
7914 8640 9731 423 21530 17634 890 24265 1463 14928 1576 22284 5361 22373 9135 10157 24099 24419 13487 
7915 17571 17894 23854 24320 7260 8846 397 24924 7848 
7916 9833 3520 3342 8233 11998 6641 225 3614 3967 8813 1489 16109 
7917 10619 22456 4101 10660 11557 24016 10836 8761 5080 
7918 23289 22987 21840 22780 2164 1015 17213 
7919 13448 12477 17964 21647 4003 14164 18328 21785 1946 6549 3438 9517 19512 2843 5027 1957 103 5956 12605 5460 15761 14256 3171 5350 6247 2189 
7920 22973 19975 2233 20188 2407 3623 7585 264 6888 11039 22849 10442 421 1681 263 2509 
7921 3580 210 1011 2467 8199 8366 1969 1296 2403 11556 
7922 7823 8502 2793 5159 1684 13904 14883 8656 397 1020 
7923 2346 371 1606 2788 12632 9 1296 4975 12322 1395 12540 4467 7588 12490 18187 5384 1805 2984 7048 2193 326 5872 24611 1359 2507 73 4932 
7924 6164 3492 1247 6493 20544 18127 19450 218 274 17600 6204 3135 624 14172 1413 5778 2327 15814 1382 5283 21788 4449 3871 3240 2764 11572 23855 
7925 22443 3779 13312 3815 2727 16114 780 1704 3091 22170 2000 899 1524 
7926 1384 2970 784 17333 2109 3310 17921 785 9071 12991 4458 2030 18138 
7927 14692 23407 2809 1706 24418 1989 9909 6381 9619 3142 19031 14283 24897 
7928 12100 6495 2648 19308 1712 3786 313 2596 1134 13830 3745 15780 
7929 18279 5369 521 17979 5374 4786 17681 9442 5747 2491 
7930 4632 22938 805 11922 5218 808 9564 6678 4639 7446 
7931 11857 2918 2943 76 2337 2465 1805 1296 485 2813 1266 1326 
7932 18820 4769 9426 4651 9080 15907 9784 2241 2018 6182 1989 7275 8068 
7933 23342 13779 15689 22161 20403 22677 23022 178 24241 12577 15442 18041 3652 20726 24370 2406 10060 15435 7140 17104 
7934 23870 2112 2974 2084 2203 165 18891 12818 1114 2675 15513 3147 13874 20255 4472 2134 7219 2278 24391 15449 
7935 23844 9619 22548 3303 5379 10138 21868 116 5252 8697 643 4897 7651 17559 10751 7852 2274 1058 21962 8855 1779 1913 13656 5812 8153 24401 11973 11152 6941 2254 24650 4473 23592 11066 24801 3862 
7936 943 22570 3 18064 3689 14855 12520 1386 11880 10994 7651 3546 9995 
7937 13874 16227 16775 6158 2581 4852 8661 16175 17918 21773 16169 550 12208 
7938 10094 8972 5238 23311 6968 10890 1401 858 5690 1384 4084 9662 
7939 1412 12412 23939 2070 5720 550 17486 13065 6342 17668 16099 19900 2171 18409 979 264 25168 20817 
7940 17174 23853 6453 21278 1593 9912 12017 1572 6191 19426 11423 3769 862 2004 2991 5252 19381 116 437 
7941 4530 8864 4645 1384 9683 4905 3320 17664 17182 67 9215 5505 6144 4192 4430 10453 12667 12041 1165 8528 10864 
7942 23114 5401 8705 16170 710 11387 6553 15148 16788 8042 
7943 4192 4640 6238 10076 6630 23372 4070 6958 175 5218 3090 4154 496 1760 208 14224 1103 9602 5222 1926 6652 15500 15375 1496 
7944 13158 707 790 2535 15918 4610 3178 21646 11849 15035 
7945 1036 3497 10083 15923 4106 6834 4251 16517 23852 24075 2222 4006 8373 14914 11247 15700 
7946 9561 4756 129 16306 4148 8925 13874 16418 23762 2986 
7947 23577 1519 1989 748 1756 11973 1786 452 2018 2241 3111 90 
7948 2147 22344 3072 8717 492 8470 5524 20660 4581 874 620 1455 1263 11836 11201 8565 15414 2453 11664 
7949 1389 11346 13561 6965 10319 16414 16832 23314 
7950 2811 10555 2394 9403 4615 138 6525 11596 247 1430 
7951 8283 1885 931 9140 15089 9846 4742 5213 15297 3116 6381 11445 9297 1773 2241 
7952 2379 9957 2891 1519 1796 23983 3783 12057 
7953 5991 22212 841 4329 13244 1590 4710 16060 7012 2399 2686 601 
7954 11026 15093 1118 21188 4284 21218 6894 831 
7955 17201 3817 9449 3469 9527 14916 5585 2416 9577 16997 
7956 23946 13632 4946 1530 17269 13454 19905 1262 16488 1554 14727 3770 21288 21142 183 8645 2210 
7957 6486 8265 1359 22275 76 22284 3961 5955 888 17776 11356 2330 11746 3436 13383 
7958 3632 4818 8329 9051 1478 8731 2823 5763 11461 23929 
7959 12067 4152 19930 18521 9069 10980 6919 12793 16206 24448 13028 14678 24607 24608 24676 3499 1247 16518 19892 1358 7705 22748 9387 10947 4084 
7960 645 2136 432 3969 419 22247 225 2635 3652 6124 
7961 15880 21080 3770 22051 7830 9709 4962 5854 4351 
7962 3879 11973 11304 943 15713 23980 14872 11000 16912 9267 2241 9784 9740 116 6587 1144 12543 18536 15858 5249 8370 15287 3965 1234 
7963 7727 10785 498 906 2374 9064 4305 13855 2453 4387 2271 1898 5792 11530 24741 12561 23308 
7964 3682 225 14980 7257 12887 3393 1240 1321 11943 1634 8004 
7965 15689 22161 4612 22677 18041 15442 178 24241 7174 20491 15967 10060 11512 7140 22277 
7966 1246 2498 595 8941 8925 6747 248 5078 15293 12979 22892 4890 22552 2331 2473 
7967 24007 19421 3137 10343 5597 9683 11675 15816 17664 2654 4631 2785 2300 10491 8528 6847 7836 22229 
7968 24017 4609 919 14010 1883 15744 24349 21007 8624 18589 6211 4058 6173 
7969 1712 3721 18634 17626 9310 15802 22682 17301 13478 9431 1363 4358 14087 2520 4819 1246 18967 1861 
7970 4380 15559 22247 22661 7439 11542 8488 7756 5159 20490 3454 18273 892 2642 12022 15903 19190 1400 9436 22507 15894 
7971 9514 3520 232 4511 3377 9355 890 1932 3382 24170 
7972 5801 5823 2755 2150 1877 9927 24121 1894 
7973 24029 5486 2932 5364 12861 10041 1388 3585 7290 870 1615 8441 11615 1340 164 17454 23439 22899 2792 12111 16819 6238 2299 1978 4602 15279 14024 
7974 23178 105 16714 4885 15289 12835 4376 
7975 24049 15012 12314 11909 5139 9258 19430 18983 9135 14881 
7976 88 21220 23421 17233 5801 5619 8758 4206 
7977 5001 969 15802 2999 13963 979 1574 2962 5865 9975 18539 1647 11085 7715 11194 6179 6863 7204 
7978 11084 6709 1327 7810 2084 24104 1538 2468 143 14573 4575 11423 
7979 4610 4937 3859 1926 10622 13804 3086 1235 1882 4489 1750 1528 197 
7980 4575 1571 2020 10071 15966 1593 15335 14960 1885 3322 18418 8943 7165 2241 
7981 3655 2813 5172 12675 5377 1581 16727 8138 14989 485 7216 24390 
7982 3145 2426 127 11665 16127 3130 15829 6957 22341 7852 8585 15396 14398 
7983 12858 6958 20230 9087 
7984 8693 10758 17168 11843 19350 4833 9348 18535 1523 22291 
7985 5566 7226 5836 931 116 9784 3145 2282 1850 2603 999 9427 1058 
7986 14667 5019 11982 3170 14805 21985 15660 4802 24247 15452 11703 13799 
7987 11156 18273 8657 2828 24303 24156 13062 14429 892 12283 
7988 5853 7627 13444 24088 7967 8028 2836 368 8839 327 4242 14325 12374 821 358 1846 
7989 16500 9364 19275 20520 10855 18889 7818 3432 884 
7990 3157 18861 225 9541 1486 15992 232 19844 3652 1240 4437 11324 
7991 1286 6123 3090 6207 626 274 8625 1492 18701 4771 1679 35 7971 
7992 15525 12152 3090 1968 16148 2785 7332 429 
7993 11908 10274 1034 7572 23744 750 17874 7359 9919 12791 5835 5207 1058 6073 9907 7506 12411 22548 15073 854 1786 16236 3080 
7994 13053 7277 24179 4487 21954 6636 636 115 15777 18483 21262 2790 7128 8391 10850 17229 863 19763 1003 4233 18842 8270 309 12460 15288 13867 17132 3102 3200 4486 9938 5096 1784 3050 788 5994 1417 569 2880 2959 9736 1326 
7995 2769 3210 1259 3346 8531 1379 2115 2378 3570 2741 575 5870 10708 6472 6221 
7996 3206 1560 6031 24189 2278 1304 16209 14476 4249 17320 1444 2852 953 13736 2498 4824 9630 6412 6854 5842 9642 7833 541 4916 21893 10975 
7997 2089 810 5673 13340 4633 15013 4999 13505 4214 11115 17062 3437 5043 6493 15369 
7998 16189 12061 15815 5480 19271 12 6077 4346 12013 1090 208 3133 8889 1882 200 5442 3181 21461 626 7446 15157 680 18082 3086 5091 1287 1493 16859 6377 21190 5218 
7999 19818 8793 15731 397 3463 1810 9301 19900 22659 606 6970 8578 20024 8796 21521 1035 19308 16514 4790 23768 
8000 23531 7 15685 21287 209 17576 14989 22275 1606 12539 24390 1306 14780 
8001 20863 432 11624 3652 5359 406 15992 962 5360 24036 8471 397 11089 
8002 4937 9941 5218 12261 23261 3592 179 10810 12312 9049 3837 4252 2030 
8003 1392 4412 2531 2591 
8004 1372 17825 449 22599 397 1486 11089 22214 5401 13446 
8005 5442 1528 509 2776 4639 6600 11178 1127 5276 17546 2109 4102 
8006 19460 24237 259 1753 13804 7066 22782 1873 16575 3146 19497 12944 10734 24249 2030 13458 6908 
8007 11231 9541 23491 18852 1484 15824 4627 24534 212 11536 13592 
8008 9538 13828 2501 11717 6566 13703 19985 9205 21885 15787 1181 13183 24628 14393 1005 23674 
8009 7638 19532 682 15057 
8010 11028 236 1603 21788 4449 6392 10149 8837 24010 2342 
8011 4298 579 7370 212 15050 24431 10418 20826 2839 24477 12213 23455 22947 1486 23923 14247 24265 1240 1242 
8012 16033 1105 5163 24253 23439 1493 754 1528 10487 23484 24348 8341 12945 5228 4485 7613 1154 20487 5205 469 1529 8889 20900 4318 23670 5924 950 8836 
8013 2014 11201 5626 2456 1641 2555 10570 4063 15181 8717 348 2688 1373 4581 
8014 6234 2916 2112 1737 2072 1079 4202 6510 5374 11605 11314 
8015 3874 12322 1326 4932 2330 1255 2678 20996 16326 23634 2077 11932 5827 4509 13140 1788 1003 2458 
8016 24258 2608 24718 
8017 3072 9927 2147 2452 11332 88 10779 9905 12174 4581 9319 24281 9976 
8018 8022 840 4278 11844 23715 19351 22632 20805 
8019 4506 16270 33 1322 1069 8593 24104 679 
8020 10405 8117 2981 9342 19289 899 6728 19588 71 13838 5040 14090 13386 2568 8783 24088 3410 10032 6270 1339 
8021 1857 7024 9196 86 10453 2089 10985 14362 6072 6243 10759 1245 594 17190 201 12379 16509 15106 
8022 86 10453 11747 6630 8731 1245 2970 14907 2297 2802 274 2463 6243 16735 
8023 24276 19660 13606 1523 21046 9201 9440 12447 9900 8516 24282 19432 23353 17846 4510 
8024 6019 4702 1878 810 5218 21039 3348 1478 10949 22466 5228 11768 1882 732 3167 5007 4937 2970 3445 525 2989 7919 17869 4592 179 1105 3040 
8025 24096 1871 14811 5554 22934 24215 1679 17062 1384 435 7954 3982 11569 23143 4122 17240 3608 2408 3727 10566 20341 8722 4331 2873 6207 8499 1478 2481 11233 16033 4747 5599 5243 881 1154 8651 497 8261 2089 6251 4610 3425 1245 805 3354 5155 8972 5123 4953 7030 3167 8889 5083 7027 4096 
8026 1883 5805 24300 21275 2147 8075 4668 14207 11186 4667 8470 24531 7012 9050 15877 15438 1002 2450 354 9339 9145 22960 
8027 21521 1727 2112 19900 8173 3927 418 264 909 9671 
8028 21929 4653 544 14444 5641 21266 23782 5917 12066 11300 
8029 5114 1528 435 393 3430 6118 1873 13642 11270 7066 4237 19785 19913 
8030 5924 19450 24192 2463 245 760 5123 201 1478 1113 2620 23143 17063 
8031 3376 5361 890 4511 16520 212 2635 8219 5959 18677 18339 1242 1240 14296 645 15018 13422 15028 3673 16489 1691 3058 11491 4501 2136 12127 16145 12287 13131 9834 12130 20063 6313 8473 22848 6432 7255 19874 
8032 15391 2195 9406 2375 4927 19517 4214 22303 3492 23956 
8033 519 4227 5228 1287 1478 576 14621 4023 525 3472 3185 16572 2248 
8034 19095 10255 21023 5505 23770 5007 
8035 1992 16283 23375 4013 10370 11676 9846 18771 10046 9372 12685 6409 2241 2809 1593 
8036 14667 20730 19332 918 10470 2176 4138 12423 1619 2889 3750 
8037 5730 22938 1441 757 8577 14811 19543 6214 
8038 20003 22839 21913 1170 5166 2401 3276 1610 2999 2398 27 9119 10752 404 9301 7916 4409 48 3558 24783 
8039 18342 704 12405 20221 16556 1808 24592 13564 10458 23916 
8040 23633 10671 53 7346 4840 376 2962 2986 2597 
8041 11802 1765 14902 6146 1058 13537 11841 4146 10071 23539 23008 452 6515 750 1034 
8042 1765 8697 1906 1885 4005 4024 24376 1413 8073 20586 13901 11148 
8043 24172 186 870 598 6630 4192 4430 5220 22274 1158 12333 
8044 24314 177 469 1286 24348 1287 24215 4149 17062 24113 4907 1949 6634 19517 4331 24356 21657 8000 3430 2089 1257 3348 11615 1105 3727 15391 1926 6630 5228 
8045 1170 5166 8450 6038 580 9573 404 19406 7346 24409 5433 6172 
8046 3310 4603 3859 186 7066 4895 28 5505 5228 7250 525 2202 
8047 20377 22704 5806 2382 24410 9117 
8048 24384 14235 19052 6044 2265 4697 6058 17265 9292 12830 19724 9706 3019 14635 11701 17180 
8049 22004 4924 1326 22885 12654 22399 10766 12480 10145 6730 888 17823 11112 3166 344 19548 
8050 19540 6500 174 1985 17802 313 21913 1647 6874 10080 2509 3572 1732 
8051 219 747 11589 1326 1307 8412 17896 9618 22559 3665 22958 20410 8648 
8052 3276 8842 21913 17230 948 19363 5166 22815 2401 23633 404 3275 1610 10752 6284 2597 21816 3249 23015 16822 9573 1016 3039 982 5726 13811 1342 1035 386 20200 19540 19619 20735 14821 21699 4176 2398 19172 
8053 22111 22942 15600 3874 12322 873 10672 5779 16326 23634 8459 5986 1788 5827 5367 1410 24398 22232 6499 1003 
8054 23439 16522 3340 3087 1882 24417 24348 11895 5799 7957 5283 5228 1978 18138 164 870 16821 175 
8055 6263 23604 8036 4867 6421 4227 6256 4114 186 942 1158 1303 
8056 1706 4896 13142 12943 1670 3317 24407 748 11207 3111 1204 24425 5490 1885 6453 
8057 19727 11566 5527 6156 7495 8070 5201 4011 1204 643 2196 8325 
8058 167 7855 6475 7975 616 22274 4818 1493 4346 4729 
8059 21788 7613 942 18786 8097 6066 2294 16644 12053 7910 1384 
8060 10361 1321 14736 17709 21233 24902 7994 11750 16559 
8061 8997 22743 3087 6324 24913 13119 
8062 11676 9846 15325 4965 1365 999 1706 2018 7165 1032 9120 
8063 8621 14770 730 8028 18899 12005 19052 5273 2737 25249 15280 
8064 3090 9406 805 4023 3458 24456 
8065 4748 23413 209 1391 9865 23531 24573 3113 1832 
8066 23942 8096 10559 3463 5154 22687 2833 22848 12158 2635 
8067 10003 24495 8868 16621 5497 20236 4132 10512 
8068 21593 4331 786 24274 3356 3184 1873 4610 3040 1106 2970 2932 10321 21001 24108 21461 7575 2249 13427 17810 
8069 19144 17665 23601 24620 225 962 2071 895 16757 231 2085 24092 3614 21009 10418 4612 14147 13371 22828 318 12255 14842 10480 7382 11518 15487 
8070 962 23423 3715 19778 15984 12141 19136 22687 14509 3058 
8071 871 8073 1593 6130 6590 2621 1765 1885 2241 1571 1572 
8072 11038 1195 12269 1184 174 3272 3249 580 
8073 1848 18027 22926 8271 7588 6332 20390 2759 210 6127 10137 3332 4011 4028 6098 2621 
8074 7412 2729 520 6024 1568 3014 3640 2956 
8075 8743 20539 23782 3072 8489 10973 9966 10261 4239 
8076 45 623 2910 2498 2397 350 3572 2052 6888 1591 
8077 4431 19780 20912 17079 1325 10394 24501 432 8471 5359 
8078 12570 14316 6538 11349 24390 209 24111 3436 1969 4512 20681 7115 8755 19763 6490 4859 23259 12613 695 7216 22838 2063 
8079 2241 5836 7373 5490 4896 8873 8068 1773 1779 14132 5213 
8080 6478 11599 23280 4113 6630 5123 9770 8651 2496 8408 
8081 14537 5187 19192 9811 11605 2341 18531 23031 
8082 18446 7051 8382 25011 4974 
8083 15525 1106 1478 16733 218 5222 5736 2294 17904 18534 
8084 17375 4040 23502 17817 8982 22170 3809 3069 6662 240 4769 5756 4920 6844 20656 3212 7434 19806 11495 24559 7864 20032 
8085 1966 397 232 962 9258 4757 12158 2071 1133 3342 890 
8086 3072 24403 1877 7005 17916 11106 5954 1886 6106 18268 2779 1373 23835 6903 15468 14345 6799 9460 24660 3525 10862 13168 8398 15449 1415 2210 3883 4043 8565 1125 11987 6083 7920 1892 11925 24732 15410 21929 8001 4593 23430 17696 10785 18623 4862 19119 9548 19327 3945 19537 16902 700 6887 15748 2969 15438 11413 1584 22999 2271 
8087 4757 23025 7676 3192 6443 1020 871 5302 3689 4868 
8088 24257 4377 3026 3707 2800 144 8299 7183 22443 10032 
8089 2147 4038 492 11915 88 9548 19203 6956 23818 17518 2782 2521 8717 
8090 18457 15622 14132 1204 1034 10286 14135 3928 5005 11560 7373 4391 3828 3610 2499 1009 2274 5379 457 7018 
8091 19462 8048 15524 13774 9895 12627 11141 24696 6798 3885 3822 14554 
8092 20520 16320 2214 17908 454 692 4227 24412 4155 
8093 23003 5793 9935 13195 14562 14948 12571 
8094 3777 19577 6724 4052 19886 3415 3410 15318 7514 19793 14887 453 
8095 16729 16567 17211 5819 2534 6243 5288 6840 10964 11425 4160 
8096 690 19540 2999 22781 24551 16036 23237 16053 8679 1481 12320 22292 8925 
8097 197 24348 5007 4122 1287 7169 22659 6344 4845 6250 11790 1478 2065 15434 200 6237 8836 15751 10931 3472 3087 5045 12177 6600 14863 6005 950 9857 1528 6081 5519 208 1760 2089 8057 2395 3582 20816 16467 7950 9302 3306 
8098 237 12190 4719 2151 12556 13795 4541 2816 22142 624 1158 5398 5551 
8099 1027 2955 210 3200 23413 23531 12235 4213 8547 5176 10438 23259 24343 7563 21100 6139 10833 10965 
8100 8785 3574 2100 3295 21914 18634 17411 
8101 9659 313 1035 1114 64 5485 2147 4329 6325 189 11643 
8102 2440 272 2320 15877 1002 24544 3950 298 8673 3072 2399 10503 8102 14705 5626 2969 8629 24300 
8103 23251 23762 1905 16514 1246 6812 981 22552 23785 1715 
8104 963 3489 8315 24096 6176 20205 5155 23457 5558 22274 16033 1871 17062 1384 1493 12665 3859 5288 1879 6004 24545 2932 3737 1154 22138 8000 15391 469 3585 3310 3040 164 10446 18138 15055 5243 5599 4100 633 407 3146 17670 67 
8105 6385 20808 11277 23848 22271 1262 13726 19805 7328 11448 
8106 22548 24418 3695 1034 6073 19123 1568 16279 10331 20317 4687 7942 5426 5836 7359 
8107 1466 21179 7025 6207 1857 21113 7719 4882 13506 23439 17240 23528 24853 23997 594 8413 2838 6144 5593 24600 5378 16519 
8108 16347 22664 3086 6908 692 2367 6123 2864 4227 
8109 21262 22284 21583 20007 1307 12675 326 1296 1326 3874 1328 1395 1178 
8110 1349 1965 13799 1951 3887 23153 24700 13675 12115 6033 949 2172 22131 6274 8535 
8111 9701 1692 24552 3385 18733 20369 15542 9073 
8112 24616 
8113 1009 3145 4868 2241 452 5490 1756 1630 1204 6665 
8114 14447 11880 13189 17831 1009 3955 15287 1913 15871 11337 
8115 24561 1404 4221 1924 1589 12749 5521 15976 1645 6636 4109 20248 
8116 8769 2295 13927 23058 9559 12244 988 
8117 9541 974 6466 5961 21255 22564 3377 2021 890 19553 9512 5139 1020 
8118 13936 15113 1392 9240 17737 5323 
8119 23818 23406 5774 5783 21833 21396 18999 4077 2279 6983 17187 24675 16693 11743 8589 1892 11666 7020 17861 
8120 4227 24709 7534 8325 13172 4095 86 1492 4753 3133 200 186 
8121 4793 1204 232 962 6890 2020 1885 23810 7998 8471 24720 1019 22687 430 12127 
8122 21298 15726 3611 18820 1201 4242 3615 781 14325 8158 
8123 24264 2719 254 19521 2965 3978 2717 10229 3491 19476 4015 4749 327 
8124 1009 3111 3145 22778 15992 8258 3757 212 1634 5466 5054 3761 1331 3058 
8125 1593 17128 10887 20596 11568 6750 13482 3111 4742 24729 
8126 1926 3430 21657 7029 2089 1480 21190 1637 67 260 16604 1879 5378 870 1211 5493 3867 3727 1154 11615 2666 22782 15391 3859 1797 3348 
8127 9699 16210 3921 4845 3648 2206 11068 389 
8128 24447 1005 21885 1808 18656 1066 24290 5429 13003 12406 15787 21975 2736 2511 
8129 19864 9216 5288 1377 22075 3547 4359 23954 25293 24308 7117 
8130 12893 5374 2498 4795 5485 914 3574 6043 2574 16775 
8131 2800 1636 21382 1137 1785 10141 20656 1130 21325 8531 7948 5870 24559 
8132 16363 3175 21928 7277 5986 13068 6862 14185 22578 13459 9886 25066 23531 22926 
8133 17504 15835 11588 17080 12314 3864 20388 22167 
8134 14698 1926 10558 21039 808 3863 4489 5218 7973 24197 
8135 21046 7927 16054 10758 4954 3037 10062 23730 14013 
8136 12679 18725 11256 11961 6845 6966 
8137 19770 18815 8985 9376 6781 6797 13563 13263 9504 15361 17241 481 24452 5019 8046 8416 14932 19816 17917 8672 16402 18008 12939 10657 18441 7728 23133 2903 21281 1942 4540 3822 
8138 8007 2172 7127 9053 19469 5182 3822 20000 11128 9502 1951 
8139 1242 20153 3299 5959 9141 5038 4325 15992 4511 5466 
8140 15016 24796 10004 12115 7221 24842 12477 24843 5771 6534 3130 5998 
8141 1892 21460 2650 6547 11275 88 23750 9020 20418 17657 
8142 4163 12308 24817 15267 14705 9976 2150 2690 14760 3720 
8143 1066 10640 11217 2734 6566 8009 21885 4350 1808 10223 23270 12338 6498 1005 5429 2930 7331 7234 3616 9610 22700 23674 12807 2511 16964 5751 18656 21659 23041 24290 13003 16352 12406 7231 15047 25028 25054 24030 10894 3344 16379 7472 21975 
8144 2402 11705 16323 15535 15360 
8145 8046 14256 8564 1730 14569 5448 12423 7037 557 4688 
8146 1989 1200 21204 2004 5213 7018 11519 15401 1885 3111 1771 23291 15103 
8147 1706 2018 7018 18890 18771 17948 1413 6772 7165 14955 13660 17351 24840 
8148 10873 5960 17123 5242 3911 12573 11563 2678 6875 16010 
8149 11465 24534 11326 12616 10451 3224 2637 24701 
8150 19709 19621 24550 64 20038 5583 13290 16218 24254 21347 7219 1381 
8151 11973 9619 17719 9626 8585 113 14968 4011 24980 1630 440 1796 10751 3695 1058 
8152 17097 6409 9543 2006 3879 1571 21557 3825 2020 16283 7777 19699 24920 1593 11652 
8153 22966 10613 1336 11022 699 15313 6591 209 811 24390 11948 8505 569 12675 24363 3436 16999 1751 6349 
8154 3504 739 20750 16609 5076 2456 4616 20940 12325 
8155 13376 1247 7101 9602 25093 13798 6634 25164 24434 4089 
8156 5900 1926 9741 1615 12745 8441 754 3722 10457 998 6256 21039 186 6243 805 7957 525 
8157 3422 16963 21856 3441 16486 15591 11200 24993 439 2565 10179 
8158 4716 8414 10369 24729 8403 11445 5835 2241 2621 4868 
8159 12268 11568 5213 4868 10369 2241 11823 9784 4420 19627 222 
8160 9118 23827 20032 6857 1846 6472 2763 4017 4052 2714 14325 
8161 707 20957 19925 1331 19437 400 6124 397 398 959 12968 9045 
8162 11548 8155 9575 3905 18829 17314 10003 14921 15529 
8163 2337 9031 12675 3166 7298 2448 2446 18911 10034 7518 15685 
8164 10830 11794 5370 10640 14725 2242 7331 24872 18590 8257 
8165 8632 22075 16787 10459 10738 14711 7296 1013 
8166 6205 23047 4109 7686 485 21776 17776 
8167 9698 24998 482 10908 20291 14661 11967 6385 18788 2315 15653 2279 8690 8282 426 3223 8481 
8168 4614 7971 6045 13585 519 15492 10772 24895 1557 25298 
8169 16624 7666 13771 1657 12840 4175 6669 2291 17516 2986 
8170 11129 18521 12357 21161 5613 21109 13023 10603 942 11686 4227 17165 23078 10610 11359 6147 2970 19268 25046 10874 3473 19497 23126 1158 25050 757 25051 13539 7024 14282 10149 24676 18924 5981 13028 12990 13030 6145 16206 308 22500 11867 25058 24831 25060 11784 15134 7638 8325 16840 4524 21023 1496 10473 11215 10236 11393 18469 25061 4172 21189 24416 16866 20650 4482 14641 14551 2367 9287 12971 6225 2684 21313 11540 7217 15306 10014 7640 25099 4155 19930 2764 
8171 11579 2592 1969 3521 21287 25119 79 20643 
8172 12097 7051 4401 2591 875 8708 11881 
8173 18898 1245 7640 4114 6256 6000 1441 1478 7973 5271 7025 4192 6951 8651 12379 4154 21788 2297 15814 
8174 9032 3834 6981 520 15109 5843 1824 3121 11304 17005 8998 17833 15899 3928 14515 9104 19131 
8175 24032 11799 576 8329 226 9564 2873 1908 14465 21001 17530 
8176 24459 776 1384 8344 16321 2932 11889 
8177 23667 7106 1445 15513 6874 19713 4916 1444 14913 
8178 25092 10118 25 6575 982 10628 2010 3423 
8179 24164 19859 14476 3840 22375 6725 13336 15516 1289 12450 14408 14944 9098 
8180 17597 19225 15212 20620 16352 19576 23270 10053 24779 5932 
8181 5699 17633 998 25106 19897 3581 6374 25110 7644 12808 946 
8182 4684 15961 76 2813 1848 12775 209 12762 20847 479 1003 7212 7404 
8183 2511 6999 7776 21982 16401 3893 21975 25183 
8184 23204 8779 12721 17644 20661 20530 6668 25190 6369 12454 
8185 23702 5919 7062 10726 6981 15011 13318 7726 10198 6704 12948 3734 10245 9267 5041 14855 3121 1765 90 1706 6110 5662 8884 13918 
8186 3859 12086 6913 10811 1649 17633 8114 18530 25177 1722 10276 15834 4272 24154 22753 
8187 805 3522 6118 8788 4331 18016 5114 1286 21898 8969 5519 5271 3184 12745 3040 
8188 2932 1528 1154 12565 10065 10292 4603 1882 5276 16917 1148 17602 
8189 5710 11972 12482 21526 7930 
8190 24249 4084 1569 2160 1676 20177 3310 1529 2932 1382 3358 11924 20822 
8191 4036 7740 7504 14366 2421 12559 18417 25202 4024 
8192 3463 11954 22687 1020 24924 10676 5074 9057 959 
8193 5750 6756 23381 23047 9 1326 5385 5384 7224 
8194 10342 24353 1493 11768 12544 14753 2454 870 2299 23855 1154 24012 
8195 10830 11217 6922 25238 15485 24779 8019 10831 18659 25242 8009 1005 14784 148 9153 25252 23454 7872 4350 25057 5 7095 1808 
8196 1410 2918 15061 14059 8583 1010 5592 791 
8197 18716 2358 11304 8194 12543 2274 8775 1058 22693 12640 23217 5206 9995 
8198 3317 2188 8073 2621 2721 18994 19727 10071 12340 4742 13142 999 4034 1204 8192 
8199 2760 4506 4498 9217 6725 2948 2414 7689 22076 16244 
8200 2172 11136 4003 7712 1172 3441 7122 323 18307 
8201 24866 1034 5268 5843 5421 3145 15613 9297 4575 8003 
8202 4015 15033 4179 7967 358 5935 2216 11167 4040 20032 1725 6724 1846 4377 68 98 8801 453 2008 8117 
8203 2382 21639 24368 25365 7853 4550 
8204 7391 86 5763 10404 673 24784 7855 186 11492 14255 
8205 6681 5019 9934 5666 6798 12423 4802 8721 15973 5023 9346 4444 8046 9667 6427 8844 
